year,iso3,country,efw_summary,efw_area1,efw_area2,efw_area3,efw_area4,efw_area5,wb_region,wb_income_class,d_efw_summary,d_efw_area1,d_efw_area2,d_efw_area3,d_efw_area4,d_efw_area5
1970,AGO,Angola,,,5.150240347300665,,,,,,,,,,,
1975,AGO,Angola,,,4.369443489737936,,,,,,,,-0.7807968575627289,,,
1980,AGO,Angola,,,4.569569235338205,,,,,,,,0.2001257456002694,,,
1985,AGO,Angola,,,4.5682603044172865,,,,,,,,-0.0013089309209188826,,,
1990,AGO,Angola,,,4.181101653130989,,,,,,,,-0.38715865128629723,,,
1995,AGO,Angola,,7.849440549737803,3.743333816389662,,,3.307323398342904,,,,,-0.43776783674132735,,,
2000,AGO,Angola,4.476614040915782,6.834943809142131,3.151127884906111,1.9782379096753098,,3.237899821395527,Sub-Saharan Africa,Low Income,,-1.0144967405956722,-0.592205931483551,,,-0.069423576947377
2005,AGO,Angola,3.872970742708392,6.906903605416542,3.3742003990754874,0.03425691623878947,5.844477526258143,3.24078642287841,Sub-Saharan Africa,Lower-Middle Income,-0.6036432982073903,0.07195979627441051,0.22307251416937657,-1.9439809934365202,,0.002886601482883222
2010,AGO,Angola,4.840618955512573,6.0989935578205525,3.3157626252551338,4.389352937663178,5.967690596735941,4.431386167822709,Sub-Saharan Africa,Lower-Middle Income,0.967648212804181,-0.8079100475959891,-0.058437773820353645,4.355096021424388,0.12321307047779761,1.1905997449442993
2015,AGO,Angola,5.249825918762089,7.48254283385235,3.1191706797483425,6.209771213826447,5.124737481357615,4.320114188367036,Sub-Saharan Africa,Upper-Middle Income,0.4092069632495159,1.3835492760317978,-0.19659194550679127,1.8204182761632692,-0.8429531153783261,-0.11127197945567335
2020,AGO,Angola,5.02027079303675,7.7421972420577205,3.428836533820419,3.5975654249544644,5.4993574731061265,4.8133454763409596,Sub-Saharan Africa,Lower-Middle Income,-0.22955512572533898,0.2596544082053702,0.3096658540720765,-2.6122057888719827,0.3746199917485118,0.49323128797392357
1970,ALB,Albania,,,6.578335488727501,,,,,,,,,,,
1975,ALB,Albania,,,6.570634322461952,,,,,,,,-0.007701166265548842,,,
1980,ALB,Albania,,6.003446288622889,6.649877197826825,,,,,,,,0.07924287536487284,,,
1985,ALB,Albania,5.442728681176703,6.096601573424458,6.652720025127611,6.757824239503794,,1.9335919279421836,Europe & Central Asia,,,0.09315528480156843,0.0028428273007854443,,,
1990,ALB,Albania,4.9551716329542925,4.532461370385328,6.255868482394332,6.776377563860056,,1.7118466366154672,Europe & Central Asia,Lower-Middle Income,-0.48755704822241075,-1.5641402030391296,-0.3968515427332786,0.01855332435626167,,-0.2217452913267164
1995,ALB,Albania,5.514626494739454,6.65147507336063,5.657877848446971,4.505216159669196,6.67665285977287,4.05263092990299,Europe & Central Asia,Lower-Middle Income,0.5594548617851611,2.119013702975302,-0.5979906339473606,-2.2711614041908597,,2.3407842932875225
2000,ALB,Albania,6.309618270440945,7.269331840440449,4.756714890804347,6.910169451073839,6.2919682748547245,6.300818106603254,Europe & Central Asia,Low Income,0.794991775701491,0.617856767079819,-0.9011629576426241,2.4049532914046434,-0.38468458491814506,2.248187176700264
2005,ALB,Albania,7.123475851554313,8.035330135380816,5.255908427590746,9.469628540926093,6.575851133615529,6.279932587243745,Europe & Central Asia,Lower-Middle Income,0.8138575811133686,0.765998294940367,0.49919353678639844,2.559459089852254,0.2838828587608049,-0.020885519359508997
2010,ALB,Albania,7.429642435432005,7.951179381483202,5.607284430369786,9.278541073235118,7.5715910865078095,6.769393640689469,Europe & Central Asia,Upper-Middle Income,0.30616658387769213,-0.08415075389761384,0.35137600277904024,-0.1910874676909753,0.9957399528922801,0.48946105344572377
2015,ALB,Albania,7.669854689564069,7.683894668271669,5.487701309900806,9.620492133247001,8.35691417918962,7.217211613812394,Europe & Central Asia,Upper-Middle Income,0.24021225413206349,-0.26728471321153346,-0.11958312046898012,0.34195106001188336,0.7853230926818098,0.44781797312292504
2020,ALB,Albania,7.609933949801849,7.518879245491596,5.509294366555136,9.682075681598254,8.444842933347722,6.904324829141098,Europe & Central Asia,Upper-Middle Income,-0.05992073976222034,-0.16501542278007264,0.02159305665433031,0.061583548351253015,0.08792875415810286,-0.3128867846712957
1970,ARE,United Arab Emirates,,,3.843415071536671,,,,,,,,,,,
1975,ARE,United Arab Emirates,6.216854847697824,5.526681264620288,3.605585112169289,7.07605561396641,,5.867040496575427,Middle East & North Africa,,,,-0.23782995936738205,,,
1980,ARE,United Arab Emirates,6.333057742047315,5.038313984658269,3.649606208018717,7.939840454635553,,5.867040496575427,Middle East & North Africa,,0.11620289434949171,-0.4883672799620191,0.044021095849427816,0.8637848406691431,,0.0
1985,ARE,United Arab Emirates,6.401576141111197,4.895305805678147,3.91864143971999,8.221270868559655,,6.62191211593973,Middle East & North Africa,,0.06851839906388157,-0.1430081789801223,0.26903523170127297,0.2814304139241015,,0.7548716193643026
1990,ARE,United Arab Emirates,6.676490453919654,6.013135570384728,4.050705554656943,8.70652462944774,,6.399282504093289,Middle East & North Africa,High Income,0.27491431280845724,1.1178297647065811,0.13206411493695347,0.48525376088808514,,-0.2226296118464406
1995,ARE,United Arab Emirates,7.093771107289633,6.255286450663368,4.730998578718456,8.92460593110156,,6.919069872437833,Middle East & North Africa,High Income,0.41728065336997844,0.24215088027863985,0.6802930240615126,0.2180813016538199,,0.5197873683445433
2000,ARE,United Arab Emirates,7.0005682752230545,6.400372384674252,4.606176542273885,8.52810382856337,8.497225263117878,6.994206772454545,Middle East & North Africa,High Income,-0.09320283206657809,0.14508593401088454,-0.1248220364445709,-0.3965021025381894,,0.07513690001671236
2005,ARE,United Arab Emirates,6.940426997245182,6.981702196992066,4.594233480890249,7.995423960543724,8.478577526830328,6.649425274642984,Middle East & North Africa,High Income,-0.0601412779778725,0.5813298123178132,-0.011943061383635545,-0.5326798680196463,-0.018647736287549677,-0.3447814978115611
2010,ARE,United Arab Emirates,6.940426997245181,6.575636282644393,4.526409483139451,8.02916759090025,8.419060500660349,7.133909125356912,Middle East & North Africa,High Income,-8.881784197001252e-16,-0.40606591434767303,-0.06782399775079817,0.03374363035652639,-0.05951702616997956,0.48448385071392774
2015,ARE,United Arab Emirates,6.84056473829201,5.628708851857252,4.74609807797601,8.401451564807392,8.45231215421773,6.950906647840284,Middle East & North Africa,High Income,-0.0998622589531708,-0.9469274307871407,0.21968859483655834,0.3722839739071411,0.03325165355738058,-0.18300247751662724
2020,ARE,United Arab Emirates,7.200068870523416,5.403404803863388,6.866762456247186,8.962149686928369,8.139206472628407,6.6180628650792865,Middle East & North Africa,High Income,0.35950413223140565,-0.2253040479938635,2.1206643782711767,0.5606981221209768,-0.31310568158932206,-0.3328437827609978
1970,ARG,Argentina,4.470101540853483,6.6940798316631245,4.697652791325075,7.702037674776997,,3.3623400480041505,Latin America & the Caribbean,,,,,,,
1975,ARG,Argentina,3.3146633396635687,6.0248142378434215,4.568389964510002,2.490079365079365,0.5175810828010925,3.1590146027293393,Latin America & the Caribbean,,-1.1554382011899147,-0.669265593819703,-0.12926282681507306,-5.211958309697632,,-0.20332544527481122
1980,ARG,Argentina,4.159049122667296,6.506565391557342,4.421934746910959,2.490079365079365,4.776568203620657,2.8679272200332204,Latin America & the Caribbean,,0.8443857830037276,0.48175115371392074,-0.14645521759904323,0.0,4.258987120819565,-0.2910873826961189
1985,ARG,Argentina,3.8093109009884554,5.624681764100377,4.381100117290901,2.490079365079365,1.7727288895621072,4.876175551112826,Latin America & the Caribbean,,-0.34973822167884094,-0.8818836274569657,-0.04083462962005768,0.0,-3.00383931405855,2.008248331079606
1990,ARG,Argentina,4.716739800479503,7.5815273383977555,4.670656371731109,2.490079365079365,4.639868799105733,4.338795376765972,Latin America & the Caribbean,Upper-Middle Income,0.9074288994910473,1.956845574297379,0.2895562544402077,0.0,2.867139909543625,-0.537380174346854
1995,ARG,Argentina,6.743850196911993,8.178059530120924,5.917507037507794,6.2680893618292455,7.4275227898972025,5.931544113260034,Latin America & the Caribbean,Lower-Middle Income,2.02711039643249,0.5965321917231687,1.2468506657766847,3.7780099967498804,2.78765399079147,1.5927487364940616
2000,ARG,Argentina,7.292768236195526,7.865290987879984,5.271418484478551,9.488509122083961,7.666541496818942,6.116320186021488,Latin America & the Caribbean,Upper-Middle Income,0.5489180392835333,-0.3127685422409403,-0.6460885530292426,3.2204197602547158,0.23901870692173954,0.18477607276145402
2005,ARG,Argentina,6.142476290466398,7.334993334512931,5.3711595378678325,5.777934830811955,6.342806578770643,5.852175525393008,Latin America & the Caribbean,Upper-Middle Income,-1.150291945729128,-0.5302976533670529,0.0997410533892813,-3.710574291272006,-1.3237349180482987,-0.26414466062847985
2010,ARG,Argentina,5.70726057906459,6.500686829020202,5.2449659004191815,5.203322196502945,6.19441903273033,5.353631253548695,Latin America & the Caribbean,Upper-Middle Income,-0.43521571140180804,-0.8343065054927292,-0.12619363744865097,-0.5746126343090108,-0.148387546040313,-0.49854427184431316
2015,ARG,Argentina,5.048730512249444,5.970817816775241,5.326053887634481,5.129463630905657,3.407095177511507,5.401106423081132,Latin America & the Caribbean,Upper-Middle Income,-0.6585300668151461,-0.5298690122449612,0.08108798721529986,-0.07385856559728765,-2.7873238552188235,0.047475169532437356
2020,ARG,Argentina,4.609710467706014,6.026847317586984,5.432385496086341,3.254208857942819,3.102984100929293,5.236647002592277,Latin America & the Caribbean,Upper-Middle Income,-0.4390200445434296,0.05602950081174374,0.10633160845185952,-1.8752547729628377,-0.3041110765822137,-0.1644594204888552
1970,ARM,Armenia,,,,,,,,,,,,,,
1975,ARM,Armenia,,,,,,,,,,,,,,
1980,ARM,Armenia,,,,,,,,,,,,,,
1985,ARM,Armenia,,,5.384948073447258,,,,,,,,,,,
1990,ARM,Armenia,,,5.359703740139799,,,,,,,,-0.02524433330745879,,,
1995,ARM,Armenia,,3.9889079267242367,5.028564824316401,,,3.499151859162227,,,,,-0.3311389158233977,,,
2000,ARM,Armenia,5.399541242640202,7.710160842901602,4.774503368586375,5.816876098498294,,2.8762471241341356,Europe & Central Asia,Low Income,,3.7212529161773653,-0.25406145573002625,,,-0.6229047350280914
2005,ARM,Armenia,7.140289290868207,8.749115670442153,5.2614873496617305,9.324640765759378,7.040949906433851,5.40507704670499,Europe & Central Asia,Lower-Middle Income,1.7407480482280047,1.0389548275405511,0.48698398107535557,3.5077646672610845,,2.528829922570854
2010,ARM,Armenia,7.120455153949129,8.60883415625986,5.255752738413666,8.30606991874021,7.660374604202581,5.7958466440903855,Europe & Central Asia,Lower-Middle Income,-0.019834136919078205,-0.14028151418229307,-0.00573461124806407,-1.0185708470191681,0.6194246977687303,0.39076959738539596
2015,ARM,Armenia,7.260267737617133,7.8323239439341785,5.343057608783433,8.851601436215692,8.099400582089928,6.152502769680491,Europe & Central Asia,Lower-Middle Income,0.13981258366800464,-0.7765102123256815,0.08730487036976697,0.5455315174754816,0.4390259778873462,0.3566561255901055
2020,ARM,Armenia,7.380107095046852,7.963568486299139,5.835686983498768,9.336789511178251,7.485669835861555,6.255803857947633,Europe & Central Asia,Upper-Middle Income,0.11983935742971852,0.13124454236496064,0.4926293747153343,0.48518807496255967,-0.6137307462283728,0.10330108826714213
1970,AUS,Australia,7.7178918709978035,6.7528178596390696,8.312660123220361,9.580334658735326,6.713575329921692,7.266922943138434,East Asia & Pacific,,,,,,,
1975,AUS,Australia,7.323066708291461,6.155450789152336,8.463777111789026,8.346228722219264,6.4967868006074365,7.136884641624575,East Asia & Pacific,,-0.3948251627063426,-0.597367070486734,0.15111698856866518,-1.2341059365160625,-0.21678852931425574,-0.1300383015138591
1980,AUS,Australia,7.728295696102055,6.237781471434656,8.469131137556735,9.084947739897776,6.666783300265126,8.122240636106616,East Asia & Pacific,,0.40522898781059435,0.08233068228232021,0.005354025767708492,0.7387190176785126,0.1699964996576897,0.9853559944820409
1985,AUS,Australia,7.949654103337855,6.156086516587903,8.477036233222956,9.08899716011138,7.9727960506870925,8.028083132246664,East Asia & Pacific,,0.22135840723580014,-0.08169495484675249,0.007905095666220774,0.004049420213602772,1.3060127504219663,-0.09415750385995203
1990,AUS,Australia,8.257631017752882,6.596799334655825,8.584558279397482,9.01758504087094,8.744400592069372,8.334068398288311,East Asia & Pacific,High Income,0.3079769144150264,0.4407128180679214,0.10752204617452676,-0.07141211924043844,0.7716045413822794,0.3059852660416471
1995,AUS,Australia,8.179266785081442,6.727686746739194,8.46896225588793,9.626079206257307,8.171830334986513,7.928577431751035,East Asia & Pacific,High Income,-0.07836423267143999,0.13088741208336963,-0.11559602350955167,0.6084941653863662,-0.5725702570828588,-0.40549096653727634
2000,AUS,Australia,8.20904566900771,6.630795278870029,8.901816313100873,9.248140128679623,8.062023207182673,8.198326600617369,East Asia & Pacific,High Income,0.029778883926267596,-0.09689146786916503,0.4328540572129427,-0.3779390775776843,-0.10980712780384039,0.26974916886633427
2005,AUS,Australia,8.199666459876655,6.795075338015123,8.858414516458394,9.412478571137184,7.7382760195946645,8.182064257206598,East Asia & Pacific,High Income,-0.009379209131054722,0.16428005914509392,-0.04340179664247934,0.16433844245756113,-0.32374718758800825,-0.016262343410771152
2010,AUS,Australia,8.149850746268656,6.988713105932344,8.523449546736641,9.060647830363106,7.93754010669671,8.21846214696451,East Asia & Pacific,High Income,-0.04981571360799819,0.1936377679172212,-0.33496496972175294,-0.35183074077407817,0.1992640871020459,0.036397889757912694
2015,AUS,Australia,8.269701492537312,6.733227834784118,8.75356251528671,9.355558988814176,8.103212868854854,8.38291584198224,East Asia & Pacific,High Income,0.11985074626865533,-0.2554852711482267,0.23011296855006869,0.29491115845106997,0.16567276215814353,0.16445369501772866
2020,AUS,Australia,8.08992537313433,6.066771808216412,8.687060059039748,9.454963079449834,8.111290580533229,8.107886657826821,East Asia & Pacific,High Income,-0.1797761194029821,-0.6664560265677055,-0.06650245624696183,0.0994040906356588,0.00807771167837501,-0.275029184155418
1970,AUT,Austria,6.897609494226139,5.232986405084836,7.8751808504027805,8.375621661023311,6.679137499447815,6.205281160702683,Europe & Central Asia,,,,,,,
1975,AUT,Austria,6.9357705426036,4.703350733453726,8.198827983841625,8.03732588784805,7.253894105961854,6.4270128108896545,Europe & Central Asia,,0.038161048377460816,-0.5296356716311106,0.3236471334388442,-0.33829577317526116,0.5747566065140388,0.22173165018697105
1980,AUT,Austria,7.003673191272447,4.3828978521407675,8.224370353917243,8.40144420286779,7.484686379675512,6.485611437746545,Europe & Central Asia,,0.06790264866884677,-0.3204528813129581,0.025542370075617882,0.36411831501973957,0.23079227371365807,0.05859862685689077
1985,AUT,Austria,7.04210212510659,4.386462949919964,8.242350504418516,8.311907062087057,7.547237556663327,6.650338402401374,Europe & Central Asia,,0.03842893383414303,0.0035650977791963356,0.01798015050127333,-0.08953714078073283,0.06255117698781465,0.16472696465482883
1990,AUT,Austria,7.570499965326047,5.177838495825749,8.372731964603927,9.628593441620922,8.063824001097172,6.5859441271850665,Europe & Central Asia,High Income,0.5283978402194576,0.791375545905785,0.1303814601854114,1.3166863795338646,0.5165864444338455,-0.06439427521630758
1995,AUT,Austria,7.570499965326047,5.067845432289505,8.170132382951447,9.544816562213919,8.83988542894466,6.260236220890683,Europe & Central Asia,High Income,0.0,-0.10999306353624405,-0.20259958165248015,-0.08377687940700262,0.7760614278474876,-0.32570790629438306
2000,AUT,Austria,7.9694722955145085,5.257258014111604,8.408508099325886,9.509048404488334,9.318999364616747,7.320261972264697,Europe & Central Asia,High Income,0.3989723301884611,0.18941258182209886,0.23837571637443844,-0.035768157725584615,0.47911393567208727,1.0600257513740132
2005,AUT,Austria,7.869604221635881,5.583550917290498,8.663450728528439,9.438649904334397,8.483351647993521,7.136761714985997,Europe & Central Asia,High Income,-0.0998680738786275,0.3262929031788939,0.25494262920255295,-0.0703985001539369,-0.8356477166232263,-0.18350025727869923
2010,AUT,Austria,7.779722955145117,5.341362392266836,8.792542554284505,9.384695489514506,8.359915242631898,6.999327584838228,Europe & Central Asia,High Income,-0.08988126649076378,-0.2421885250236615,0.12909182575606692,-0.05395441481989138,-0.12343640536162326,-0.13743413014776973
2015,AUT,Austria,7.919538258575197,5.548024347897453,8.78930128579837,9.552660857941918,8.579640984566248,7.151708293291808,Europe & Central Asia,High Income,0.13981530343007975,0.20666195563061684,-0.0032412684861355956,0.16796536842741183,0.2197257419343508,0.1523807084535802
2020,AUT,Austria,7.480118733509235,4.884395585727803,8.553453035437407,8.799328787910234,8.382103763763855,6.800584141832373,Europe & Central Asia,High Income,-0.43941952506596227,-0.6636287621696502,-0.2358482503609629,-0.7533320700316839,-0.19753722080239378,-0.35112415145943476
1970,AZE,Azerbaijan,,,,,,,,,,,,,,
1975,AZE,Azerbaijan,,,,,,,,,,,,,,
1980,AZE,Azerbaijan,,,,,,,,,,,,,,
1985,AZE,Azerbaijan,,,5.349487377893697,,,,,,,,,,,
1990,AZE,Azerbaijan,,,5.254163022186279,,,2.0773280905512754,,,,,-0.09532435570741793,,,
1995,AZE,Azerbaijan,,6.836969141710257,4.725208323781703,,,4.130201343633629,,,,,-0.5289546984045757,,,2.0528732530823532
2000,AZE,Azerbaijan,5.690443767000837,6.799871897702324,4.564635221821659,6.575596945487786,,4.832851032327325,Europe & Central Asia,Low Income,,-0.03709724400793313,-0.16057310196004426,,,0.7026496886936959
2005,AZE,Azerbaijan,5.670787657270265,6.57366280291026,4.678606719966822,6.449608269049468,5.781291107612682,4.782901792979996,Europe & Central Asia,Lower-Middle Income,-0.019656109730572524,-0.22620909479206386,0.11397149814516361,-0.12598867643831824,,-0.04994923934732842
2010,AZE,Azerbaijan,5.21495652173913,4.57313005842435,4.353097018934589,5.377180186314528,6.492674637306285,5.2848041881189705,Europe & Central Asia,Upper-Middle Income,-0.45583113553113463,-2.00053274448591,-0.3255097010322334,-1.0724280827349393,0.7113835296936033,0.5019023951389743
2015,AZE,Azerbaijan,5.850434782608695,5.334176953262,4.534904955366163,6.874769443539515,7.037561074052052,5.428497714927056,Europe & Central Asia,Upper-Middle Income,0.635478260869565,0.7610468948376505,0.1818079364315741,1.4975892572249867,0.5448864367457666,0.1436935268080859
2020,AZE,Azerbaijan,6.021913043478261,4.45369106997916,4.630432967049793,8.404444364960096,7.00092243201301,5.565465303814184,Europe & Central Asia,Upper-Middle Income,0.17147826086956552,-0.8804858832828399,0.0955280116836299,1.5296749214205807,-0.036638642039041436,0.1369675888871278
1970,BDI,Burundi,4.731163908607528,6.636860921102054,4.510954312966436,6.63426152737321,,3.496873975148169,Sub-Saharan Africa,,,,,,,
1975,BDI,Burundi,4.380707322784748,6.499960075744103,4.472602581247898,5.636633192864473,1.4246739839723086,3.310868339890401,Sub-Saharan Africa,,-0.35045658582277994,-0.13690084535795055,-0.038351731718537785,-0.9976283345087378,,-0.18600563525776792
1980,BDI,Burundi,4.672035149669449,6.763328986674839,4.89307203622481,5.542402354029088,0.7511257704342059,5.259344480877193,Sub-Saharan Africa,,0.29132782688470105,0.263368910930736,0.4204694549769119,-0.09423083883538474,-0.6735482135381027,1.948476140986792
1985,BDI,Burundi,5.32419566255237,7.077535951968978,4.8856017096877595,6.246866194926646,2.3676414829256522,6.285295751662522,Sub-Saharan Africa,,0.6521605128829204,0.3142069652941384,-0.007470326537050376,0.7044638408975583,1.6165157124914464,1.0259512707853293
1990,BDI,Burundi,5.376806291628974,6.556605143153304,4.827587411712976,6.21871154415244,3.6705992825703975,5.782318891618308,Sub-Saharan Africa,Low Income,0.05261062907660374,-0.5209308088156739,-0.058014297974783524,-0.02815465077420587,1.3029577996447452,-0.5029768600442139
1995,BDI,Burundi,4.471903471511378,6.029583979045515,4.547127415553633,5.945441806631651,1.3962847685375395,4.342607042058936,Sub-Saharan Africa,Low Income,-0.9049028201175959,-0.5270211641077891,-0.28045999615934303,-0.2732697375207893,-2.274314514032858,-1.4397118495593721
2000,BDI,Burundi,4.74677224280995,6.340638617529597,3.5263369652747496,4.804450563099116,5.0156688971179575,3.874889705847343,Sub-Saharan Africa,Low Income,0.27486877129857223,0.311054638484082,-1.0207904502788834,-1.1409912435325351,3.619384128580418,-0.46771733621159317
2005,BDI,Burundi,5.077805845614305,6.449988623929024,3.33813322380285,6.0239594692346,3.614309220690319,5.525789860942015,Sub-Saharan Africa,Low Income,0.33103360280435545,0.10935000639942771,-0.18820374147189955,1.2195089061354842,-1.4013596764276386,1.6509001550946723
2010,BDI,Burundi,4.745612939826454,4.2803992978552525,3.097103619997934,6.458538962077742,4.985191212578069,4.951883744370286,Sub-Saharan Africa,Low Income,-0.332192905787851,-2.1695893260737718,-0.241029603804916,0.4345794928431417,1.3708819918877504,-0.5739061165717292
2015,BDI,Burundi,5.638745019920318,6.873975687002615,3.0382547894513485,7.481355387565437,5.298314662098313,5.5128991095961295,Sub-Saharan Africa,Low Income,0.8931320800938636,2.593576389147363,-0.05884883054658552,1.0228164254876955,0.3131234495202433,0.5610153652258436
2020,BDI,Burundi,5.419183266932271,6.6174679866509605,3.485278807917052,7.706452574741151,3.1408954339822706,6.130640589279058,Sub-Saharan Africa,Low Income,-0.2195617529880467,-0.25650770035165493,0.4470240184657035,0.22509718717571392,-2.157419228116042,0.6177414796829286
1970,BEL,Belgium,7.7590150539623,5.419460628085647,7.324930656996479,9.640121396765629,9.222666237444034,7.083214341821385,Europe & Central Asia,,,,,,,
1975,BEL,Belgium,7.461307042299478,4.739249920961562,7.564869442431902,9.014014850903656,9.307663741521546,6.712348524965646,Europe & Central Asia,,-0.2977080116628219,-0.6802107071240853,0.2399387854354229,-0.6261065458619726,0.08499750407751172,-0.3708658168557397
1980,BEL,Belgium,7.432572868837478,4.285778466641907,7.582684401260923,9.579734780000214,8.828532901315889,6.975358290673999,Europe & Central Asia,,-0.028734173462000356,-0.4534714543196552,0.017814958829021066,0.5657199290965575,-0.47913084020565755,0.263009765708353
1985,BEL,Belgium,7.47991409730141,4.5002067995752,7.592278913240012,9.58249575480194,8.871347394620708,6.9138100989000275,Europe & Central Asia,,0.047341228463932516,0.21442833293329322,0.009594511979089226,0.0027609748017258795,0.04281449330481912,-0.061548191773971084
1990,BEL,Belgium,7.782897959470583,5.248482369828624,7.626188080066203,9.738950652060261,9.602522383006566,6.775314232283908,Europe & Central Asia,High Income,0.3029838621691727,0.7482755702534236,0.033909166826191495,0.15645489725832107,0.7311749883858578,-0.13849586661611912
1995,BEL,Belgium,7.821427157289744,5.139534433554329,7.336410681321848,9.733496692236965,9.397368717247653,7.523965313413696,Europe & Central Asia,High Income,0.03852919781916064,-0.10894793627429511,-0.2897773987443557,-0.005453959823295662,-0.20515366575891214,0.748651081129788
2000,BEL,Belgium,7.910194930827711,5.078412131518339,7.658631859561987,9.49327209851504,9.282838232153258,8.055619599748821,Europe & Central Asia,High Income,0.08876777353796683,-0.06112230203599012,0.32222117824013896,-0.2402245937219245,-0.11453048509439512,0.531654286335125
2005,BEL,Belgium,7.6300667510021425,4.9437438411314965,7.565462395720162,9.390309940442947,8.59167708707699,7.655289622299796,Europe & Central Asia,High Income,-0.28012817982556815,-0.13466829038684214,-0.093169463841825,-0.10296215807209386,-0.6911611450762685,-0.400329977449025
2010,BEL,Belgium,7.530065876152836,4.705867159331533,7.414046415913163,9.420909916276472,8.52029329891141,7.5754172232407475,Europe & Central Asia,High Income,-0.10000087484930642,-0.23787668179996313,-0.15141597980699828,0.030599975833524695,-0.07138378816557989,-0.07987239905904886
2015,BEL,Belgium,7.699841897233204,4.625586465838502,8.048136550225012,9.645176845499844,8.815059252557862,7.356118102328476,Europe & Central Asia,High Income,0.16977602108036827,-0.08028069349303113,0.6340901343118484,0.2242669292233721,0.2947659536464524,-0.21929912091227166
2020,BEL,Belgium,7.380263504611332,4.283347737123056,8.043325321733015,8.876957305795555,8.552886169443925,7.150397357401699,Europe & Central Asia,High Income,-0.3195783926218727,-0.34223872871544625,-0.004811228491996999,-0.7682195397042886,-0.2621730831139377,-0.2057207449267766
1970,BEN,Benin,4.822367172261151,4.949157783388556,2.440723906067961,6.744540925081086,,4.880643676290022,Sub-Saharan Africa,,,,,,,
1975,BEN,Benin,4.313339526300252,4.918874915915358,2.2214679791786374,5.281270537763019,,4.366174639913041,Sub-Saharan Africa,,-0.5090276459608987,-0.03028286747319786,-0.2192559268893235,-1.463270387318067,,-0.5144690363769815
1980,BEN,Benin,4.449264091204673,5.042032377968087,2.2078718460097755,6.085982509000057,,4.425170422679328,Sub-Saharan Africa,,0.1359245649044203,0.12315746205272848,-0.01359613316886188,0.8047119712370376,,0.05899578276628681
1985,BEN,Benin,4.4394423161689005,4.288686971677338,2.247332498136588,6.370013909424995,,4.731433884826902,Sub-Saharan Africa,,-0.009821775035772085,-0.753345406290749,0.0394606521268126,0.28403140042493824,,0.3062634621475748
1990,BEN,Benin,5.588589995354213,7.4338312612801785,2.795804293311525,6.654244375596951,,5.450910048699787,Sub-Saharan Africa,Low Income,1.1491476791853126,3.1451442896028405,0.5484717951749367,0.28423046617195613,,0.7194761638728844
1995,BEN,Benin,5.333223844424144,6.997645872973357,3.322853806750701,5.055660522416687,,5.804582715514168,Sub-Saharan Africa,Low Income,-0.25536615093006887,-0.4361853883068214,0.5270495134391764,-1.5985838531802639,,0.35367266681438103
2000,BEN,Benin,5.792819436044178,8.05999289731429,2.743413340038495,6.542843912500681,5.667445785591139,5.804582715514168,Sub-Saharan Africa,Low Income,0.45959559162003405,1.0623470243409328,-0.5794404667122062,1.4871833900839935,,0.0
2005,BEN,Benin,5.7813410838444055,7.050900841743008,3.888177356816869,6.580040090372733,5.642448620696142,5.739582492208191,Sub-Saharan Africa,Low Income,-0.011478352199772779,-1.0090920555712817,1.1447640167783741,0.03719617787205198,-0.02499716489499626,-0.06500022330597677
2010,BEN,Benin,5.850017525411846,7.7117593757734255,3.884451505996141,6.328563582952354,5.814477430185328,5.5023460591023605,Sub-Saharan Africa,Low Income,0.06867644156744035,0.6608585340304174,-0.0037258508207282937,-0.25147650742037886,0.17202880948918597,-0.23723643310583054
2015,BEN,Benin,5.8507570977917975,7.373625729123137,3.946992589983396,6.810770056296696,5.752273699935774,5.361386321231652,Sub-Saharan Africa,Low Income,0.0007395723799517029,-0.3381336466502889,0.06254108398725533,0.4822064733443421,-0.06220373024955439,-0.14095973787070815
2020,BEN,Benin,6.220173501577286,7.702892564557249,4.192510763947926,7.030027112191034,5.746604676020137,6.419367806212541,Sub-Saharan Africa,Lower-Middle Income,0.3694164037854888,0.3292668354341126,0.24551817396452957,0.21925705589433786,-0.005669023915636728,1.057981484980889
1970,BFA,Burkina Faso,,,4.081441573170082,,,6.5350959153273145,,,,,,,,
1975,BFA,Burkina Faso,,3.0125554042235976,4.098326593682092,,,4.905006186265636,,,,,0.01688502051201013,,,-1.6300897290616785
1980,BFA,Burkina Faso,,3.3378548140693374,3.7777731749706787,,,4.540026424514138,,,,0.3252994098457398,-0.3205534187114134,,,-0.36497976175149827
1985,BFA,Burkina Faso,,3.902843551299552,4.274297505123545,,,6.081657358479422,,,,0.5649887372302147,0.4965243301528659,,,1.5416309339652843
1990,BFA,Burkina Faso,,4.4976991198447,3.7589117026666155,,,5.159947273578624,,,,0.5948555685451482,-0.5153858024569291,,,-0.9217100849007984
1995,BFA,Burkina Faso,,4.934085928729579,4.214025653010631,,,5.6013618596804,,,,0.4363868088848788,0.45511395034401536,,,0.441414586101776
2000,BFA,Burkina Faso,5.273299375527553,5.263397755608333,4.102728378952881,5.405285863399817,,5.982465915730796,Sub-Saharan Africa,Low Income,,0.3293118268787536,-0.11129727405775025,,,0.381104056050396
2005,BFA,Burkina Faso,5.561483127452692,5.559839924310623,4.0616054382588,6.383080113692767,6.342999934284851,5.476819783404064,Sub-Saharan Africa,Low Income,0.2881837519251391,0.29644216870229023,-0.04112294069408051,0.9777942502929502,,-0.5056461323267314
2010,BFA,Burkina Faso,5.743669643696832,5.3716151001440045,4.270526523826064,6.6334363518087,6.226212947071067,6.275934245676942,Sub-Saharan Africa,Low Income,0.1821865162441405,-0.18822482416661845,0.20892108556726363,0.2503562381159332,-0.11678698721378389,0.7991144622728781
2015,BFA,Burkina Faso,6.020398089171975,6.205774292584699,4.322054256004676,6.730284464698883,6.638229261865368,6.191371046934946,Sub-Saharan Africa,Low Income,0.2767284454751424,0.8341591924406941,0.05152773217861206,0.09684811289018302,0.41201631479430123,-0.08456319874199636
2020,BFA,Burkina Faso,6.240047770700637,7.157318705015812,4.532062538079107,6.58423618248082,6.18694882361847,6.747188757479535,Sub-Saharan Africa,Low Income,0.21964968152866238,0.9515444124311134,0.21000828207443156,-0.14604828221806265,-0.451280438246898,0.5558177105445887
1970,BGD,Bangladesh,,,2.994151925305392,10.0,,3.9149425184861344,,,,,,,,
1975,BGD,Bangladesh,2.9312470233140258,5.24954875166529,2.7319085622428685,0.011857074783221035,0.6337146751884576,3.9149425184861344,South Asia,,,,-0.2622433630625234,-9.98814292521678,,0.0
1980,BGD,Bangladesh,3.401694076438499,5.282174228157433,2.7249576570296274,4.576830866323319,0.14590071948005776,3.818101697098536,South Asia,,0.4704470531244733,0.03262547649214298,-0.006950905213241043,4.564973791540098,-0.4878139557083998,-0.0968408213875982
1985,BGD,Bangladesh,3.796533567453682,5.931831062845424,2.7435832200491608,5.877733807947776,0.007769860800713136,3.98627983241454,South Asia,,0.3948394910151829,0.649656834687991,0.01862556301953333,1.3009029416244573,-0.13813085867934463,0.1681781353160039
1990,BGD,Bangladesh,4.363482580193431,6.905603933431177,2.731172486133185,6.628742415791806,0.25813204215702534,4.768101786177061,South Asia,Low Income,0.5669490127397494,0.9737728705857531,-0.01241073391597558,0.7510086078440299,0.2503621813563122,0.7818219537625208
1995,BGD,Bangladesh,5.075472744793759,7.656912264468155,3.5588437817799785,6.583750124570182,2.23983767057834,4.947758502799275,South Asia,Low Income,0.7119901646003273,0.7513083310369781,0.8276712956467933,-0.04499229122162429,1.9817056284213148,0.1796567166222145
2000,BGD,Bangladesh,5.880120862870818,8.224496771107901,3.124414104742301,6.815409040785078,5.8256191853527,5.402629133507399,South Asia,Low Income,0.8046481180770595,0.5675845066397462,-0.43442967703767765,0.23165891621489632,3.58578151477436,0.4548706307081236
2005,BGD,Bangladesh,5.760519814006543,8.638923972888172,3.0576802137972243,6.3205537152049684,5.549002500951666,5.246325171177088,South Asia,Low Income,-0.11960104886427558,0.4144272017802706,-0.06673389094507653,-0.4948553255801098,-0.27661668440103426,-0.15630396233031085
2010,BGD,Bangladesh,5.919845890410959,8.835662498899728,3.2392558585497895,5.9331424300158595,5.907991524936606,5.6740210708248675,South Asia,Low Income,0.1593260764044162,0.19673852601155595,0.18157564475256516,-0.38741128518910894,0.3589890239849405,0.4276958996477793
2015,BGD,Bangladesh,5.83,8.484451804278937,3.231922302847639,6.284088829093599,5.686214642451902,5.465703474388155,South Asia,Lower-Middle Income,-0.0898458904109587,-0.35121069462079113,-0.0073335557021505515,0.3509463990777393,-0.22177688248470417,-0.20831759643671255
2020,BGD,Bangladesh,5.7900684931506845,8.237022558473301,3.378401860387601,6.475739510230305,5.485484160590934,5.37192667679722,South Asia,Lower-Middle Income,-0.03993150684931557,-0.24742924580563574,0.146479557539962,0.19165068113670625,-0.2007304818609681,-0.09377679759093471
1970,BGR,Bulgaria,,,4.801936716382515,,,3.9833864483711823,,,,,,,,
1975,BGR,Bulgaria,,,4.801126279116357,,,3.9833864483711823,,,,,-0.0008104372661579262,,,0.0
1980,BGR,Bulgaria,,5.427934048208893,5.380565531383823,,,3.9833864483711823,,,,,0.5794392522674663,,,0.0
1985,BGR,Bulgaria,4.418588362855,4.427587519683508,5.397967688991736,6.171958902458569,1.9655675092305382,3.998744481547283,Europe & Central Asia,,,-1.0003465285253856,0.017402157607913082,,,0.015358033176100516
1990,BGR,Bulgaria,4.218139581108127,4.768694298409484,5.411657509722314,3.3140763470479606,2.801112018079186,4.473466087597751,Europe & Central Asia,Lower-Middle Income,-0.2004487817468732,0.34110677872597606,0.013689820730578006,-2.8578825554106086,0.8355445088486477,0.47472160605046865
1995,BGR,Bulgaria,4.577895622140803,4.090758718360098,5.041519261174059,1.5979490055263845,7.036455219242669,5.1887583911749715,Europe & Central Asia,Lower-Middle Income,0.3597560410326759,-0.677935580049386,-0.3701382485482547,-1.716127341521576,4.235343201163483,0.7152923035772201
2000,BGR,Bulgaria,5.351890345884197,5.671273449435569,4.752340520358049,2.7250473598923097,7.228284385966692,6.488340343021135,Europe & Central Asia,Lower-Middle Income,0.7739947237433942,1.5805147310754712,-0.28917874081601,1.1270983543659252,0.19182916672402328,1.2995819518461635
2005,BGR,Bulgaria,6.801514800094794,6.855400940292551,4.861899973654906,8.706218682575235,7.235262436663207,6.368519621600888,Europe & Central Asia,Lower-Middle Income,1.4496244542105972,1.1841274908569819,0.1095594532968569,5.9811713226829255,0.006978050696514693,-0.11982072142024691
2010,BGR,Bulgaria,7.179929971988795,6.989569354789213,5.02064048116645,8.852061824353996,8.398658890696735,6.649955439614015,Europe & Central Asia,Upper-Middle Income,0.37841517189400076,0.13416841449666173,0.15874050751154378,0.14584314177876045,1.1633964540335286,0.28143581801312667
2015,BGR,Bulgaria,7.339705882352941,6.614462409462043,5.240542265760703,9.486786293748398,8.597008996545433,6.7628171780120825,Europe & Central Asia,Upper-Middle Income,0.1597759103641465,-0.37510694532717004,0.2199017845942528,0.6347244693944027,0.19835010584869828,0.11286173839806768
2020,BGR,Bulgaria,7.3496918767507,7.0139608956164174,5.438992511056252,9.36609942626663,8.230051041319323,6.6802518752749265,Europe & Central Asia,Upper-Middle Income,0.009985994397758269,0.3994984861543749,0.19845024529554944,-0.12068686748176916,-0.36695795522611085,-0.08256530273715601
1970,BHR,Bahrain,,,2.1118648808209377,10.0,,7.769711455001932,,,,,,,,
1975,BHR,Bahrain,5.4839864570773456,5.501397112263552,1.998110610798949,8.268743292779346,,5.432812500743852,Middle East & North Africa,,,,-0.11375427002198868,-1.7312567072206537,,-2.3368989542580803
1980,BHR,Bahrain,6.331701920862202,5.501397112263552,2.9441916623946156,8.998033605748109,6.661567503047252,7.671423549291434,Middle East & North Africa,,0.8477154637848567,0.0,0.9460810515956666,0.7292903129687627,,2.2386110485475825
1985,BHR,Bahrain,6.2003777328739496,4.880981821210323,2.947071297594881,8.977315130947861,6.698251105397847,7.671423549291434,Middle East & North Africa,,-0.13132418798825274,-0.620415291053229,0.0028796352002653514,-0.020718474800247577,0.0366836023505952,0.0
1990,BHR,Bahrain,6.10657474145377,4.80887601262551,2.938854738490126,8.83228580734612,6.628377577110999,7.516833175017472,Middle East & North Africa,Upper-Middle Income,-0.0938029914201799,-0.07210580858481297,-0.008216559104754939,-0.14502932360174192,-0.06987352828684745,-0.15459037427396272
1995,BHR,Bahrain,6.704281893961479,6.742817076006598,3.7599476397125877,9.583419608460497,6.566129548526454,6.990466802076316,Middle East & North Africa,Upper-Middle Income,0.5977071525077093,1.9339410633810878,0.8210929012224617,0.7511338011143778,-0.0622480285845457,-0.5263663729411556
2000,BHR,Bahrain,7.078427339024186,6.945073094609851,3.343838788815265,8.994741855970345,8.13781246512137,7.979916980496342,Middle East & North Africa,Upper-Middle Income,0.3741454450627071,0.20225601860325337,-0.41610885089732275,-0.5886777524901525,1.5716829165949155,0.989450178420026
2005,BHR,Bahrain,7.069780680965715,7.090734541290393,3.5696737537731225,8.870945756725016,7.909245082298333,7.925732602843406,Middle East & North Africa,High Income,-0.008646658058471424,0.14566144668054193,0.2258349649578575,-0.12379609924532886,-0.22856738282303635,-0.05418437765293582
2010,BHR,Bahrain,6.990566037735849,6.6713515632525535,4.140253422714388,8.038346900134735,8.11257408525315,8.008388841241393,Middle East & North Africa,High Income,-0.07921464322986527,-0.41938297803783975,0.5705796689412659,-0.8325988565902804,0.20332900295481782,0.08265623839798675
2015,BHR,Bahrain,7.070458221024259,7.2180602402564755,3.9797218501284397,9.085289784131913,7.7238688182694055,7.357648964410501,Middle East & North Africa,High Income,0.07989218328840941,0.546708677003922,-0.16053157258594863,1.0469428839971773,-0.3887052669837452,-0.6507398768308921
2020,BHR,Bahrain,7.310134770889487,7.176988584520451,4.302311293951728,9.312391529674716,8.198008964588407,7.539615677323603,Middle East & North Africa,High Income,0.23967654986522824,-0.041071655736024226,0.3225894438232886,0.2271017455428037,0.4741401463190016,0.18196671291310196
1970,BHS,"Bahamas, The",,,,6.983938491832522,4.069377819020974,,,,,,,,,
1975,BHS,"Bahamas, The",,9.463594454906957,,6.402394127755348,3.8652853120764834,,,,,,,-0.5815443640771738,-0.20409250694449055,
1980,BHS,"Bahamas, The",6.62423956900812,9.541668420795684,6.029880083314151,6.325212402890033,3.6158389146998844,,Latin America & the Caribbean,,,0.07807396588872706,,-0.07718172486531483,-0.24944639737659902,
1985,BHS,"Bahamas, The",6.765826368956385,9.57425424485139,6.027544595800563,6.478429431883295,3.974195088991165,,Latin America & the Caribbean,,0.14158679994826517,0.032585824055706425,-0.0023354875135872533,0.15321702899326173,0.35835617429128064,
1990,BHS,"Bahamas, The",6.755728120644509,9.624292644501441,5.787864625126231,6.895506739960409,3.7891132295746615,,Latin America & the Caribbean,High Income,-0.010098248311876112,0.050038399650050636,-0.23967997067433267,0.41707730807711396,-0.18508185941650357,
1995,BHS,"Bahamas, The",6.954734065283649,9.343429843701518,6.287621702776107,6.861514164869771,4.384561666981377,,Latin America & the Caribbean,High Income,0.1990059446391399,-0.2808628007999232,0.49975707764987654,-0.0339925750906378,0.5954484374067159,
2000,BHS,"Bahamas, The",6.996630053628731,8.8016173382044,6.137706447871256,6.8498171423097975,5.233692278904564,7.904409611107787,Latin America & the Caribbean,High Income,0.04189598834508246,-0.5418125054971181,-0.14991525490485103,-0.011697022559973291,0.8491306119231865,
2005,BHS,"Bahamas, The",7.1672425230985475,8.907519504254621,6.592822648684671,6.945727405709885,5.4990944219736395,7.875106877231896,Latin America & the Caribbean,High Income,0.17061246946981612,0.10590216605022107,0.4551162008134151,0.09591026340008746,0.2654021430690756,-0.029302733875891107
2010,BHS,"Bahamas, The",7.080033716910631,8.877066330298948,6.4680555370351644,7.014228099537173,5.303863320024857,7.700812218796937,Latin America & the Caribbean,High Income,-0.08720880618791682,-0.030453173955672597,-0.12476711164950682,0.0685006938272883,-0.19523110194878246,-0.17429465843495873
2015,BHS,"Bahamas, The",7.050033574042366,8.97993270757977,6.405622583564843,7.00844864216399,5.4879197184521145,7.296371147274209,Latin America & the Caribbean,High Income,-0.030000142868265023,0.10286637728082226,-0.06243295347032163,-0.0057794573731833054,0.1840563984272574,-0.40444107152272757
2020,BHS,"Bahamas, The",6.670332850940666,8.365642246951483,6.303841851541991,6.556801719733482,5.0220111139063235,7.0830280153918,Latin America & the Caribbean,High Income,-0.3797007231017,-0.614290460628288,-0.10178073202285187,-0.4516469224305082,-0.46590860454579097,-0.21334313188240905
1970,BIH,Bosnia and Herzegovina,,,,,,,,,,,,,,
1975,BIH,Bosnia and Herzegovina,,,,,,,,,,,,,,
1980,BIH,Bosnia and Herzegovina,,,,,,,,,,,,,,
1985,BIH,Bosnia and Herzegovina,,,,,,,,,,,,,,
1990,BIH,Bosnia and Herzegovina,,,4.155145233444449,,,,,,,,,,,
1995,BIH,Bosnia and Herzegovina,,3.891914004100388,4.167103624808646,,,4.972044843621315,,,,,0.011958391364196963,,,
2000,BIH,Bosnia and Herzegovina,5.16205333927643,3.895369389805258,4.369432525272384,5.7077233536763705,,6.276420541070727,Europe & Central Asia,Low Income,,0.0034553857048700287,0.20232890046373786,,,1.3043756974494114
2005,BIH,Bosnia and Herzegovina,6.330109204368178,5.9627549413363266,4.515280363497011,8.055559352450448,6.754780186210629,6.365838450606178,Europe & Central Asia,Lower-Middle Income,1.1680558650917474,2.0673855515310686,0.14584783822462732,2.3478359987740776,,0.08941790953545148
2010,BIH,Bosnia and Herzegovina,6.3101404056162265,4.990423429772214,4.640588044177088,7.83335138502473,7.509338969603542,6.601032110526511,Europe & Central Asia,Upper-Middle Income,-0.019968798751951233,-0.9723315115641125,0.12530768068007703,-0.22220796742571824,0.7545587833929126,0.23519365992033237
2015,BIH,Bosnia and Herzegovina,6.7893915756630285,6.3877911322118655,4.605580242604734,8.373176635180284,7.625056746308548,6.934542342836332,Europe & Central Asia,Upper-Middle Income,0.47925117004680207,1.3973677024396514,-0.035007801572353614,0.5398252501555545,0.11571777670500616,0.3335102323098216
2020,BIH,Bosnia and Herzegovina,6.419968798751951,6.72212336155774,4.466444152679196,6.942064926662162,7.332422631601075,6.655599093452617,Europe & Central Asia,Upper-Middle Income,-0.36942277691107783,0.3343322293458746,-0.13913608992553872,-1.431111708518122,-0.29263411470747336,-0.2789432493837154
1970,BLR,Belarus,,,,,,,,,,,,,,
1975,BLR,Belarus,,,,,,,,,,,,,,
1980,BLR,Belarus,,,,,,,,,,,,,,
1985,BLR,Belarus,,,4.772597921061542,,,,,,,,,,,
1990,BLR,Belarus,,4.929872986831821,5.124839403606295,,,4.103570921575385,,,,,0.35224148254475285,,,
1995,BLR,Belarus,,5.99947935808194,4.567370039974155,,,4.217368941931672,,,,1.069606371250119,-0.5574693636321397,,,0.1137980203562865
2000,BLR,Belarus,3.8136634557814255,5.972717108089047,3.933858888974884,0.010940458999279675,,4.210627857999467,Europe & Central Asia,Lower-Middle Income,,-0.026762249992892784,-0.6335111509992712,,,-0.006741083932205072
2005,BLR,Belarus,4.5443653777552955,5.74234543969279,3.696746212709653,3.610421984246774,,4.2843911272840725,Europe & Central Asia,Lower-Middle Income,0.73070192197387,-0.23037166839625733,-0.2371126762652307,3.5994815252474943,,0.07376326928460575
2010,BLR,Belarus,5.675451914509367,6.336160891056811,3.823806041585764,7.200596978989683,,4.684306137834933,Europe & Central Asia,Upper-Middle Income,1.1310865367540712,0.593815451364021,0.1270598288761109,3.590174994742909,,0.39991501055086065
2015,BLR,Belarus,4.693831596859663,6.259732572209747,3.9175551959755475,2.3231646235567665,,5.189247088090488,Europe & Central Asia,Upper-Middle Income,-0.9816203176497034,-0.07642831884706425,0.09374915438978348,-4.877432355432917,,0.5049409502555546
2020,BLR,Belarus,6.1695784148397985,6.174855069680179,3.8647815844812548,8.872740275095195,6.639195763176501,5.277778232063894,Europe & Central Asia,Upper-Middle Income,1.4757468179801352,-0.08487750252956783,-0.052773611494292716,6.5495756515384285,,0.08853114397340622
1970,BLZ,Belize,,,,6.969164036437136,,,,,,,,,,
1975,BLZ,Belize,,8.34472519759645,,5.301949460112651,,,,,,,,-1.6672145763244854,,
1980,BLZ,Belize,,7.210534665535932,,6.4665303060688855,5.713044701001388,,,,,-1.1341905320605177,,1.1645808459562348,,
1985,BLZ,Belize,,6.707772547219615,,6.6037206080289845,3.5681633436932776,,,,,-0.5027621183163173,,0.13719030196009907,-2.14488135730811,
1990,BLZ,Belize,,7.323712355493231,,6.893896803018979,5.005218913422658,,,,,0.615939808273616,,0.2901761949899946,1.43705556972938,
1995,BLZ,Belize,6.8642882363832,8.831980394271072,3.819197560150711,7.108030361193989,6.695731926529818,,Latin America & the Caribbean,Lower-Middle Income,,1.5082680387778415,,0.21413355817500968,1.69051301310716,
2000,BLZ,Belize,5.957065428071409,6.09430523696566,3.7990317689665067,6.767052554572084,6.088147545369291,7.100281096150128,Latin America & the Caribbean,Lower-Middle Income,-0.9072228083117917,-2.7376751573054126,-0.020165791184204362,-0.3409778066219049,-0.6075843811605264,
2005,BLZ,Belize,6.747132530501915,8.967287878149167,3.536508224814197,8.119293370148336,6.151309609409179,7.205285666709953,Latin America & the Caribbean,Upper-Middle Income,0.7900671024305064,2.8729826411835067,-0.2625235441523097,1.352240815576252,0.06316206403988733,0.10500457055982526
2010,BLZ,Belize,6.162179336527161,6.516522485731158,3.674813381513655,6.924291103619283,6.409220806011375,7.2947455126274265,Latin America & the Caribbean,Lower-Middle Income,-0.5849531939747541,-2.450765392418009,0.1383051566994582,-1.1950022665290527,0.25791119660219675,0.08945984591747358
2015,BLZ,Belize,6.1602842809364535,7.2084912132116665,3.5762130979831173,7.098685619495253,6.286260855863348,6.639058525807649,Latin America & the Caribbean,Upper-Middle Income,-0.0018950555907073507,0.6919687274805089,-0.09860028353053796,0.17439451587596988,-0.12295995014802763,-0.6556869868197772
2020,BLZ,Belize,5.989999999999999,6.046382217337925,3.9626041940109724,7.049449153967173,5.941271198178552,6.990374678152048,Latin America & the Caribbean,Upper-Middle Income,-0.1702842809364542,-1.1621089958737416,0.38639109602785515,-0.0492364655280797,-0.3449896576847955,0.35131615234439906
1970,BOL,Bolivia,4.498703222425325,6.376821709821619,2.395898104540913,9.339711550171645,2.945821232193422,2.1534587720486633,Latin America & the Caribbean,,,,,,,
1975,BOL,Bolivia,4.342978880110602,6.336620705583811,2.2467326382242914,6.27125722239804,5.532293179306034,1.9150278230023807,Latin America & the Caribbean,,-0.15572434231472343,-0.040201004237808036,-0.14916546631662175,-3.0684543277736047,2.5864719471126123,-0.2384309490462826
1980,BOL,Bolivia,4.3343618585230805,6.150383988933133,2.2131372629665242,5.350810738111717,4.6979473899148685,3.203865606325163,Latin America & the Caribbean,,-0.0086170215875212,-0.18623671665067754,-0.033595375257767124,-0.9204464842863231,-0.8343457893911657,1.2888377833227822
1985,BOL,Bolivia,3.9289204374585593,7.696565166589711,2.66473483186172,0.009989248356595218,4.556570942312501,4.502621744504609,Latin America & the Caribbean,,-0.4054414210645212,1.5461811776565773,0.45159756889519587,-5.340821489755122,-0.14137644760236778,1.2987561381794457
1990,BOL,Bolivia,5.442992215796249,6.900140923479188,3.313044187054202,4.903370322920982,6.338437564004278,5.5720862417646995,Latin America & the Caribbean,Lower-Middle Income,1.5140717783376894,-0.7964242431105228,0.6483093551924819,4.893381074564387,1.7818666216917771,1.0694644972600909
1995,BOL,Bolivia,6.337469957552975,6.709286373527056,3.8608480939107763,8.246739724155578,7.406140130905334,5.317220767714398,Latin America & the Caribbean,Lower-Middle Income,0.8944777417567265,-0.1908545499521317,0.5478039068565743,3.343369401234596,1.0677025669010565,-0.2548654740503018
2000,BOL,Bolivia,6.711390272748991,7.783282898781498,3.7496607466213145,9.006444906544937,7.519602499387677,5.407945723231206,Latin America & the Caribbean,Lower-Middle Income,0.373920315196016,1.073996525254442,-0.11118734728946178,0.759705182389359,0.11346236848234259,0.09072495551680859
2005,BOL,Bolivia,6.348724481568676,6.265754572343751,3.6870453421758005,9.088522808960056,7.225211575334136,5.4385613222237685,Latin America & the Caribbean,Lower-Middle Income,-0.36266579118031483,-1.5175283264377466,-0.06261540444551406,0.08207790241511859,-0.29439092405354117,0.030615598992562276
2010,BOL,Bolivia,6.1099009900990096,6.1699551403889545,3.8791770867274953,8.538451477236954,6.937036950281157,5.019426941104339,Latin America & the Caribbean,Lower-Middle Income,-0.23882349146966675,-0.09579943195479679,0.1921317445516948,-0.5500713317231014,-0.28817462505297886,-0.4191343811194299
2015,BOL,Bolivia,5.93019801980198,6.037175917200596,4.281753434520473,8.260875276796485,6.633919072912777,4.422119414662141,Latin America & the Caribbean,Lower-Middle Income,-0.1797029702970292,-0.13277922318835866,0.4025763477929778,-0.2775762004404694,-0.30311787736838003,-0.5973075264421972
2020,BOL,Bolivia,6.0400165016501655,5.930439742765228,4.058120229839373,9.503626048695033,6.138944526607451,4.558284253706972,Latin America & the Caribbean,Lower-Middle Income,0.1098184818481851,-0.10673617443536809,-0.22363320468110004,1.2427507718985478,-0.49497454630532545,0.1361648390448309
1970,BRA,Brazil,4.383179267803927,6.2067365057956705,3.279068473900567,5.8923439808483105,1.5697473563976567,4.380007084079774,Latin America & the Caribbean,,,,,,,
1975,BRA,Brazil,3.6497037048448018,5.477469562246211,3.7711791399117818,4.160617629891693,0.7867089245235332,4.370615560957261,Latin America & the Caribbean,,-0.733475562959125,-0.7292669435494599,0.4921106660112149,-1.7317263509566176,-0.7830384318741235,-0.009391523122513235
1980,BRA,Brazil,3.450313716219076,5.872008587897138,3.9103395300760546,1.5883878402464648,1.1945414411246393,4.128347731686009,Latin America & the Caribbean,,-0.19938998862572577,0.3945390256509276,0.13916039016427284,-2.572229789645228,0.4078325166011061,-0.24226782927125168
1985,BRA,Brazil,2.994142431622804,5.408856020860539,4.0202333854469305,0.009988390546399162,0.9906251828240862,3.9542711971528126,Latin America & the Caribbean,,-0.4561712845962722,-0.463152567036599,0.10989385537087593,-1.5783994497000657,-0.20391625830055315,-0.17407653453319671
1990,BRA,Brazil,4.031989348105554,6.0537898740764575,5.037959796675288,0.009988390546399162,4.471513047675375,4.295193899291797,Latin America & the Caribbean,Upper-Middle Income,1.0378469164827506,0.6449338532159183,1.0177264112283577,0.0,3.4808878648512884,0.34092270213898423
1995,BRA,Brazil,4.215701092983265,5.680632939831805,4.651335193370878,0.009988390546399162,5.9341034033057944,4.616885284955629,Latin America & the Caribbean,Upper-Middle Income,0.18371174487771036,-0.3731569342446521,-0.3866246033044103,0.0,1.4625903556304198,0.32169138566383193
2000,BRA,Brazil,5.640317324405196,5.681154423359212,4.567579033770499,5.7387667468426695,6.6463906838066915,5.629902866319383,Latin America & the Caribbean,Upper-Middle Income,1.4246162314219308,0.0005214835274065521,-0.0837561596003793,5.72877835629627,0.7122872805008971,1.013017581363754
2005,BRA,Brazil,6.390086633252565,6.580578120142481,5.302665147341515,7.353257964955933,7.423797510483556,5.281368821246801,Latin America & the Caribbean,Lower-Middle Income,0.7497693088473696,0.8994236967832689,0.7350861135710165,1.6144912181132636,0.7774068266768648,-0.348534045072582
2010,BRA,Brazil,6.430212765957448,6.678173869505366,5.462647762636579,7.370897468203377,7.260992117978741,5.375163872439907,Latin America & the Caribbean,Upper-Middle Income,0.04012613270488252,0.09759574936288473,0.15998261529506408,0.017639503247443677,-0.16280539250481496,0.09379505119310583
2015,BRA,Brazil,6.100714285714285,6.280999025692665,5.1650886218030205,7.2230459372948035,6.975367300392686,4.862280831049572,Latin America & the Caribbean,Upper-Middle Income,-0.32949848024316264,-0.3971748438127003,-0.2975591408335587,-0.14785153090857328,-0.2856248175860552,-0.5128830413903342
2020,BRA,Brazil,6.320379939209727,6.045587128341918,5.020877572271829,8.981646031130198,6.71591537118269,4.855219900042916,Latin America & the Caribbean,Upper-Middle Income,0.21966565349544176,-0.23541189735074752,-0.1442110495311919,1.758600093835395,-0.2594519292099964,-0.007060931006656723
1970,BRB,Barbados,6.086563903938896,6.115430122387914,5.5816276303148395,6.471598740439054,,6.751866795080696,Latin America & the Caribbean,,,,,,,
1975,BRB,Barbados,5.891673926719178,6.130041137243228,5.597014250206152,5.663706302966796,4.79602994025623,6.751866795080696,Latin America & the Caribbean,,-0.19488997721971835,0.014611014855313798,0.015386619891312847,-0.8078924374722583,,0.0
1980,BRB,Barbados,5.864142740145724,6.055392859074953,5.60169124039338,5.166584665264474,5.576695673326672,6.4540806815098755,Latin America & the Caribbean,,-0.027531186573454214,-0.0746482781682749,0.004676990187227226,-0.497121637702322,0.7806657330704416,-0.29778611357082063
1985,BRB,Barbados,6.188897480501896,5.659088856299587,5.576597338153917,6.671299996266637,5.645577943891709,6.951594804533254,Latin America & the Caribbean,,0.32475474035617236,-0.3963040027753655,-0.02509390223946273,1.5047153310021626,0.06888227056503737,0.49751412302337883
1990,BRB,Barbados,6.13322523929798,6.456234146731943,5.12356362342371,6.5219550518758975,5.668538700746724,6.675204311506371,Latin America & the Caribbean,Upper-Middle Income,-0.055672241203915895,0.7971452904323559,-0.45303371473020704,-0.1493449443907391,0.02296075685501453,-0.27639049302688345
1995,BRB,Barbados,6.583909522057896,6.692864002658478,5.190248457650103,7.176021333505806,6.7252764784333054,7.01592143115468,Latin America & the Caribbean,Upper-Middle Income,0.4506842827599158,0.23662985592653474,0.06668483422639326,0.6540662816299081,1.0567377776865818,0.34071711964830875
2000,BRB,Barbados,6.670539910506026,6.891277677518372,5.725269772660141,6.909756661333442,6.623865176021942,7.02736447393741,Latin America & the Caribbean,High Income,0.08663038844813009,0.1984136748598937,0.535021315010038,-0.2662646721723636,-0.1014113024113632,0.011443042782730117
2005,BRB,Barbados,6.45445337660857,6.396181216578962,6.242036579136581,6.235366034876756,6.808239392321817,6.55599945481943,Latin America & the Caribbean,Upper-Middle Income,-0.2160865338974558,-0.4950964609394095,0.5167668064764399,-0.6743906264566863,0.18437421629987494,-0.4713650191179797
2010,BRB,Barbados,6.640639531703049,7.004272468862809,6.651244262908764,6.147091062257725,7.073195594077579,6.318069756288883,Latin America & the Caribbean,High Income,0.18618615509447878,0.6080912522838471,0.4092076837721832,-0.08827497261903083,0.26495620175576207,-0.23792969853054746
2015,BRB,Barbados,6.750014771048746,7.192369189628401,6.320370304453063,7.103904632019572,6.951950380199713,6.166477869696978,Latin America & the Caribbean,High Income,0.10937523934569704,0.18809672076559192,-0.330873958455701,0.956813569761847,-0.12124521387786658,-0.1515918865919046
2020,BRB,Barbados,6.809926144756278,7.346864910667515,6.061031190444299,7.894850795984343,6.51862725571847,6.206410107119709,Latin America & the Caribbean,High Income,0.05991137370753208,0.15449572103911358,-0.25933911400876397,0.7909461639647715,-0.43332312448124277,0.039932237422730665
1970,BRN,Brunei Darussalam,,,,,,,,,,,,,,
1975,BRN,Brunei Darussalam,,,,,,,,,,,,,,
1980,BRN,Brunei Darussalam,,,5.810465251225973,,,,,,,,,,,
1985,BRN,Brunei Darussalam,,,5.810465251225973,,,,,,,,0.0,,,
1990,BRN,Brunei Darussalam,,,5.832799156586104,,,,,,,,0.02233390536013058,,,
1995,BRN,Brunei Darussalam,,,6.595780925634616,,,,,,,,0.7629817690485119,,,
2000,BRN,Brunei Darussalam,,,6.026892235782864,,,6.954549713356252,,,,,-0.568888689851752,,,
2005,BRN,Brunei Darussalam,,,5.508874266036181,,,6.954549713356252,,,,,-0.5180179697466825,,,0.0
2010,BRN,Brunei Darussalam,7.050056338028166,5.2953902479613895,6.080640904109527,8.481326540250864,8.160223802172489,7.240859731267921,East Asia & Pacific,High Income,,,0.5717666380733455,,,0.2863100179116689
2015,BRN,Brunei Darussalam,7.129943661971829,6.327175902812448,5.815580046012287,8.437090802286226,7.533180818758028,7.535041558634567,East Asia & Pacific,High Income,0.07988732394366327,1.0317856548510589,-0.26506085809723956,-0.04423573796463742,-0.6270429834144604,0.29418182736664544
2020,BRN,Brunei Darussalam,7.289718309859155,6.666666666666667,5.66163794013791,8.874220984398738,7.394050132145138,7.8725517437775805,East Asia & Pacific,High Income,0.15977464788732565,0.3394907638542186,-0.15394210587437662,0.43713018211251153,-0.13913068661288985,0.3375101851430138
1970,BTN,Bhutan,,,6.778544310782605,,,,,,,,,,,
1975,BTN,Bhutan,,,6.768290797435271,,,,,,,,-0.010253513347334042,,,
1980,BTN,Bhutan,,,6.82554564303322,,,,,,,,0.057254845597949355,,,
1985,BTN,Bhutan,,,6.811368227432746,,,,,,,,-0.014177415600474141,,,
1990,BTN,Bhutan,,5.102384291652269,6.777957115143516,,,,,,,,-0.03341111228923044,,,
1995,BTN,Bhutan,,6.5684571167817625,6.612793836056584,,,,,,,1.4660728251294932,-0.16516327908693196,,,
2000,BTN,Bhutan,5.932336830480807,4.910443447912276,6.467690999814183,5.995865575379097,,6.432485053559586,South Asia,Low Income,,-1.6580136688694864,-0.14510283624240117,,,
2005,BTN,Bhutan,6.2555731321416195,5.915905646882338,6.393130013272226,6.455505839116362,,6.498560791631893,South Asia,Low Income,0.3232363016608124,1.0054621989700623,-0.07456098654195653,0.4596402637372652,,0.06607573807230693
2010,BTN,Bhutan,6.39817738287433,6.618797587722126,6.389900623930966,6.133452449672881,,7.007348384244478,South Asia,Lower-Middle Income,0.14260425073271055,0.7028919408397876,-0.003229389341259825,-0.3220533894434805,,0.5087875926125855
2015,BTN,Bhutan,6.839999999999999,7.363937366380532,6.577416949834797,6.774163509877463,6.380515448638058,7.112829655892708,South Asia,Lower-Middle Income,0.44182261712566895,0.7451397786584062,0.1875163259038306,0.6407110602045814,,0.1054812716482294
2020,BTN,Bhutan,6.550423357664233,6.585021095060432,6.643413315495509,6.077104923146209,6.379257591983987,7.077436769719224,South Asia,Lower-Middle Income,-0.2895766423357662,-0.7789162713201003,0.06599636566071165,-0.697058586731254,-0.0012578566540710767,-0.035392886173483795
1970,BWA,Botswana,5.736436601408832,6.123914604318081,4.782133701922676,7.872196936815509,,5.385298882434422,Sub-Saharan Africa,,,,,,,
1975,BWA,Botswana,5.073960983398363,5.730196911018871,4.788095241160487,5.389289051375045,3.6935795458994862,5.3783403271063985,Sub-Saharan Africa,,-0.6624756180104692,-0.3937176932992097,0.005961539237810953,-2.482907885440464,,-0.006958555328023586
1980,BWA,Botswana,5.270553567625975,5.606622449871079,4.9390619897447054,5.158552470204223,4.869104182969796,5.560080990379847,Sub-Saharan Africa,,0.19659258422761194,-0.12357446114779247,0.1509667485842181,-0.23073658117082196,1.1755246370703096,0.18174066327344818
1985,BWA,Botswana,4.941699466441892,3.995064145703537,5.020376673940995,4.996384908378483,4.820871240728639,5.515083940089627,Sub-Saharan Africa,,-0.3288541011840831,-1.6115583041675419,0.08131468419628973,-0.16216756182574077,-0.04823294224115671,-0.0449970502902195
1990,BWA,Botswana,5.448312541238993,5.0648608893306655,5.269000980871048,5.771761317663497,6.051256746217744,5.050761420304084,Sub-Saharan Africa,Lower-Middle Income,0.5066130747971007,1.0697967436271285,0.24862430693005244,0.7753764092850144,1.2303855054891049,-0.4643225197855436
1995,BWA,Botswana,5.665160801586814,4.645705472722655,5.31220065390802,7.749657642061386,5.499602334934412,5.207767268970992,Sub-Saharan Africa,Lower-Middle Income,0.21684826034782123,-0.41915541660801026,0.043199673036972364,1.9778963243978893,-0.5516544112833319,0.15700584866690814
2000,BWA,Botswana,6.359774466749529,5.128837791292639,5.007730924492897,8.49915444533311,7.079677470363021,6.0903264166045545,Sub-Saharan Africa,Lower-Middle Income,0.6946136651627146,0.48313231856998406,-0.30446972941512307,0.7494968032717235,1.5800751354286087,0.8825591476335628
2005,BWA,Botswana,6.657493847967132,5.834135417399288,6.543934059241251,8.595856733757088,6.464448308603825,5.856203360792868,Sub-Saharan Africa,Upper-Middle Income,0.2977193812176031,0.705297626106649,1.5362031347483542,0.09670228842397854,-0.6152291617591956,-0.23412305581168624
2010,BWA,Botswana,6.450678210678212,5.3438105475475295,6.666861473026853,7.858972520449685,6.496287861296036,5.871458907614123,Sub-Saharan Africa,Upper-Middle Income,-0.20681563728892005,-0.4903248698517588,0.12292741378560201,-0.7368842133074036,0.03183955269221084,0.01525554682125474
2015,BWA,Botswana,6.870072150072151,5.772272426384816,6.3105506320030775,9.115733850401995,7.096877165102932,6.0648153520128725,Sub-Saharan Africa,Upper-Middle Income,0.419393939393939,0.4284618788372869,-0.35631084102377564,1.25676132995231,0.6005893038068963,0.19335644439874944
2020,BWA,Botswana,6.8201443001443,6.392025361615534,6.178589035324237,9.184727631081591,6.4934661165983725,5.85817973118712,Sub-Saharan Africa,Upper-Middle Income,-0.04992784992785104,0.6197529352307178,-0.1319615966788401,0.06899378067959638,-0.6034110485045598,-0.20663562082575204
1970,CAF,Central African Republic,3.7501659557652958,3.5687932501308772,1.7186687055408854,6.252335949551151,,3.179887436818183,Sub-Saharan Africa,,,,,,,
1975,CAF,Central African Republic,3.658698493429557,4.066194856095848,1.6838121649924722,5.572894623579169,,2.2035207735991236,Sub-Saharan Africa,,-0.09146746233573877,0.49740160596497063,-0.03485654054841314,-0.6794413259719816,,-0.9763666632190593
1980,CAF,Central African Republic,4.033715089006087,4.347438053244147,1.972941767073432,5.329621235183386,,4.146514781700891,Sub-Saharan Africa,,0.3750165955765299,0.2812431971482994,0.2891296020809597,-0.24327338839578339,,1.9429940081017678
1985,CAF,Central African Republic,3.7867529406995915,4.191960799403702,1.9814088997913506,4.505020752136382,3.795236265893123,4.146514781700891,Sub-Saharan Africa,,-0.24696214830649543,-0.15547725384044497,0.008467132717918657,-0.8246004830470044,,0.0
1990,CAF,Central African Republic,4.335673009834617,4.267381412030346,2.3195689216449633,7.093460733960484,3.635533551859296,4.51468560285198,Sub-Saharan Africa,Low Income,0.5489200691350251,0.0754206126266439,0.3381600218536127,2.588439981824102,-0.15970271403382696,0.36817082115108857
1995,CAF,Central African Republic,4.126724912975118,4.341101536102794,2.459723539886569,5.083478828665046,4.565129973680473,3.955774270840264,Sub-Saharan Africa,Low Income,-0.20894809685949856,0.0737201240724481,0.1401546182416058,-2.0099819052954375,0.9295964218211767,-0.558911332011716
2000,CAF,Central African Republic,4.565357278996335,4.980113603243344,2.262734051126352,6.87959333796851,4.456474012351267,4.255709766686365,Sub-Saharan Africa,Low Income,0.438632366021217,0.6390120671405501,-0.19698948876021705,1.7961145093034636,-0.10865596132920619,0.2999354958461007
2005,CAF,Central African Republic,4.625874425104115,5.122357030682975,2.1082235869774517,6.8735252947307215,4.627609434993981,4.426935897391399,Sub-Saharan Africa,Low Income,0.06051714610778003,0.14224342743963092,-0.15451046414890035,-0.006068043237788423,0.1711354226427142,0.17122613070503423
2010,CAF,Central African Republic,4.948777791530874,6.380219463872939,2.115608068155364,6.921930392519808,4.861213294922529,4.503537718444803,Sub-Saharan Africa,Low Income,0.3229033664267593,1.2578624331899633,0.007384481177912239,0.04840509778908686,0.23360385992854837,0.07660182105340407
2015,CAF,Central African Republic,4.277087392680376,5.424181410225771,2.1467076921342607,4.092717535669793,5.169265392340443,4.595628867721854,Sub-Saharan Africa,Low Income,-0.6716903988504983,-0.956038053647168,0.031099623978896762,-2.829212856850015,0.30805209741791373,0.09209114927705109
2020,CAF,Central African Republic,4.91,6.164460693197565,2.3180532348618117,6.416913897029696,5.053342559506757,4.641184163724463,Sub-Saharan Africa,Low Income,0.6329126073196241,0.7402792829717946,0.17134554272755098,2.3241963613599026,-0.11592283283368587,0.045555296002609325
1970,CAN,Canada,7.820099684593554,5.242153835343017,7.719249665569991,9.488694171068026,8.68418660635862,7.920596337386363,North America,,,,,,,
1975,CAN,Canada,7.70565920140438,5.719291820414855,8.087588503341598,8.602021776901529,8.40980472306135,7.640231490458228,North America,,-0.1144404831891741,0.47713798507183824,0.36833883777160725,-0.8866723941664976,-0.27438188329727,-0.28036484692813524
1980,CAN,Canada,7.848709805390848,5.61845975136967,8.079649293402408,8.856333706377601,8.604471230677815,8.033956660530137,North America,,0.14305060398646763,-0.10083206904518516,-0.00793920993918995,0.2543119294760725,0.1946665076164642,0.3937251700719093
1985,CAN,Canada,7.934125026973094,5.38176969049462,8.094995636206951,9.463729834965745,8.70074651433596,7.983878710509153,North America,,0.08541522158224613,-0.23669006087505018,0.015346342804543056,0.6073961285881442,0.09627528365814442,-0.050077950020984474
1990,CAN,Canada,8.057502569258562,5.865316927886026,8.1740886592598,9.461777509898212,8.788558036793386,7.935017085297551,North America,High Income,0.12337754228546771,0.4835472373914058,0.07909302305284882,-0.0019523250675330672,0.08781152245742696,-0.04886162521160209
1995,CAN,Canada,7.902922184236814,5.753722546009797,7.792434820288448,9.7218095645437,8.14029006440866,8.044900328172602,North America,High Income,-0.15458038502174798,-0.11159438187622861,-0.38165383897135197,0.26003205464548707,-0.6482679723847262,0.10988324287505158
2000,CAN,Canada,8.249976483419108,6.093683246525574,8.009595713639445,9.530428132596654,9.138990460623022,8.383308495708967,North America,High Income,0.347054299182294,0.33996070051577654,0.21716089335099742,-0.19138143194704504,0.9987003962143621,0.3384081675363646
2005,CAN,Canada,8.209634300126105,6.855694251552527,7.976028486026448,9.641098736832339,8.2814274105027,8.279189395025995,North America,High Income,-0.040342183293002876,0.7620110050269533,-0.03356722761299746,0.11067060423568442,-0.8575630501203229,-0.10411910068297203
2010,CAN,Canada,7.920000000000001,6.44647341622421,8.004282423387341,8.734708767527739,8.388426502321323,8.040599073247257,North America,High Income,-0.2896343001261039,-0.4092208353283171,0.02825393736089321,-0.9063899693046,0.10699909181862388,-0.2385903217787373
2015,CAN,Canada,8.099773013871376,6.484868303468191,8.030450712384868,9.415987283865503,8.43838755103149,8.145257154844705,North America,High Income,0.17977301387137512,0.03839488724398077,0.026168288997526545,0.6812785163377644,0.04996104871016627,0.1046580815974476
2020,CAN,Canada,7.760201765447667,5.833821777244544,7.8732032036459145,9.391849785174205,8.164594377229493,7.525185528172062,North America,High Income,-0.33957124842370856,-0.6510465262236469,-0.1572475087389531,-0.024137498691297665,-0.2737931738019963,-0.6200716266726429
1970,CHE,Switzerland,7.949386002899647,7.66277179090596,8.591991998042579,9.589131652433514,6.762085737232303,6.96156282344104,Europe & Central Asia,,,,,,,
1975,CHE,Switzerland,7.920514140903645,7.39198827894231,8.778232472426561,9.456924116507428,6.85019108885748,6.96156282344104,Europe & Central Asia,,-0.028871861996002224,-0.2707835119636499,0.1862404743839825,-0.13220753592608503,0.08810535162517752,0.0
1980,CHE,Switzerland,8.529029477627345,7.578060138358958,8.778139574290957,9.51843694859694,9.716351567449287,6.975331284974289,Europe & Central Asia,,0.6085153367237002,0.18607185941664817,-9.289813560364735e-05,0.06151283208951064,2.866160478591807,0.01376846153324962
1985,CHE,Switzerland,8.59757506470357,7.525072271767116,8.778461352454602,9.398006984557322,9.76813608513005,7.445044997962119,Europe & Central Asia,,0.06854558707622438,-0.05298786659184174,0.00032177816364509226,-0.12042996403961759,0.05178451768076364,0.46971371298783016
1990,CHE,Switzerland,8.646536198329445,7.508395446638275,8.709473871673508,9.598467990158076,9.779393588973694,7.5535199081009585,Europe & Central Asia,High Income,0.048961133625875064,-0.016676825128841166,-0.06898748078109485,0.2004610056007543,0.01125750384364288,0.10847491013883914
1995,CHE,Switzerland,8.440432611309104,7.355292803440669,8.419838619807706,9.62993353988091,9.251559132289522,7.456043932436438,Europe & Central Asia,High Income,-0.20610358702034048,-0.15310264319760591,-0.28963525186580164,0.03146554972283333,-0.5278344566841717,-0.09747597566452093
2000,CHE,Switzerland,8.77044952620626,7.856095821336342,8.595121485930541,9.796624755173715,9.47646300566121,8.071535275671621,Europe & Central Asia,High Income,0.3300169148971559,0.5008030178956728,0.17528286612283495,0.16669121529280595,0.22490387337168727,0.6154913432351838
2005,CHE,Switzerland,8.339868100774806,8.076329030222263,8.495496285944565,9.648272230340826,7.688307637489296,7.771199657597766,Europe & Central Asia,High Income,-0.4305814254314537,0.22023320888592135,-0.09962519998597585,-0.1483525248328892,-1.7881553681719131,-0.30033561807385567
2010,CHE,Switzerland,8.389867310012066,7.9130051533978625,8.464478808786932,9.722876301448501,7.828099494578618,7.997410854066419,Europe & Central Asia,High Income,0.04999920923726009,-0.16332387682440075,-0.03101747715763281,0.0746040711076752,0.13979185708932196,0.22621119646865306
2015,CHE,Switzerland,8.319951749095297,7.724735796340882,8.446536014178148,9.616394933889268,7.967250912045477,7.838251631242918,Europe & Central Asia,High Income,-0.06991556091676898,-0.18826935705698045,-0.017942794608783785,-0.10648136755923332,0.13915141746685933,-0.1591592228235008
2020,CHE,Switzerland,8.210084439083234,7.530340372625482,8.31573297171718,9.822071829319986,7.890378964919129,7.5023809748846855,Europe & Central Asia,High Income,-0.10986731001206351,-0.19439542371539975,-0.1308030424609683,0.20567689543071843,-0.0768719471263486,-0.33587065635823254
1970,CHL,Chile,4.812415179603734,5.752985754442209,6.263256749693026,5.943695461240475,2.3921009058065392,3.9689744143345895,Latin America & the Caribbean,,,,,,,
1975,CHL,Chile,4.408172304517021,6.71998458871045,5.269352272567812,0.009988364097837509,5.401032862795896,4.962617424618918,Latin America & the Caribbean,,-0.4042428750867133,0.9669988342682414,-0.9939044771252137,-5.933707097142638,3.0089319569893567,0.9936430102843281
1980,CHL,Chile,5.515591200529834,6.764617855172105,5.30885551642592,2.319298143517869,8.197510803366248,5.475177216820419,Latin America & the Caribbean,,1.1074188960128133,0.044633266461654664,0.03950324385810777,2.3093097794200315,2.7964779405703517,0.5125597922015013
1985,CHL,Chile,5.749392754309519,6.432865542913764,4.923487985507712,6.517185970322155,5.3117570624066115,5.487730584044642,Latin America & the Caribbean,,0.23380155377968492,-0.3317523122583408,-0.3853675309182085,4.197887826804285,-2.885753740959636,0.012553367224223067
1990,CHL,Chile,7.189293959207641,7.266998628315772,6.404308034294164,7.554100081627295,7.634850281684802,7.10932120248303,Latin America & the Caribbean,Lower-Middle Income,1.4399012048981215,0.8341330854020077,1.4808200487864527,1.0369141113051406,2.3230932192781903,1.621590618438388
1995,CHL,Chile,7.663086970845966,7.843115909602791,6.479994462074509,8.646342934109484,8.196632520263101,7.203567879121972,Latin America & the Caribbean,Lower-Middle Income,0.47379301163832555,0.5761172812870194,0.07568642778034462,1.0922428524821886,0.5617822385782993,0.09424667663894226
2000,CHL,Chile,7.6320204020452405,7.248330827374982,6.7259629742492235,8.914029452998829,7.858223271456785,7.464985824229249,Latin America & the Caribbean,Upper-Middle Income,-0.03106656880072567,-0.5947850822278093,0.2459685121747146,0.26768651888934514,-0.3384092488063164,0.2614179451072767
2005,CHL,Chile,7.969582245430811,7.530415431956165,6.995675099014679,9.41930298563953,8.698849283542684,7.2267290526500565,Latin America & the Caribbean,Upper-Middle Income,0.33756184338557027,0.2820846045811827,0.2697121247654559,0.5052735326407003,0.8406260120858988,-0.23825677157919234
2010,CHL,Chile,8.009530026109662,7.8781915304607,7.197876344740897,9.069142503096701,8.626604182561938,7.267015284957045,Latin America & the Caribbean,Upper-Middle Income,0.039947780678851075,0.3477760985045357,0.20220124572621767,-0.3501604825428277,-0.0722451009807461,0.0402862323069888
2015,CHL,Chile,7.949608355091384,7.91252933668208,7.030400860798293,8.960305323438421,8.611572852944118,7.238221361139438,Latin America & the Caribbean,High Income,-0.0599216710182775,0.034337806221379275,-0.1674754839426038,-0.10883717965828055,-0.015031329617819722,-0.028793923817607592
2020,CHL,Chile,7.590078328981723,7.289714914016244,6.894408447916812,9.148837554509083,8.012642628986157,6.581741686947352,Latin America & the Caribbean,High Income,-0.35953002610966145,-0.6228144226658356,-0.1359924128814809,0.18853223107066164,-0.5989302239579608,-0.6564796741920853
1970,CHN,China,,,5.954714447916931,6.387889294866373,,1.4616666101060063,,,,,,,,
1975,CHN,China,,,6.001256589510272,7.1965106155544305,,1.4616666101060063,,,,,0.046542141593341135,0.8086213206880579,,0.0
1980,CHN,China,4.846765081101733,4.201807913958732,5.945978651866587,6.848080290379901,3.2512693825494017,4.149247151268663,East Asia & Pacific,,,,-0.055277937643685604,-0.34843032517452954,,2.687580541162657
1985,CHN,China,5.138738881168103,4.834631849784709,5.8137822071165175,6.0781734502667915,4.986869582687834,4.149247151268663,East Asia & Pacific,,0.2919738000663701,0.6328239358259768,-0.1321964447500692,-0.7699068401131095,1.7356002001384327,0.0
1990,CHN,China,4.530204013661354,4.592934156750724,4.614271522221274,6.450751791373931,2.9282467072539737,4.089459319570745,East Asia & Pacific,Low Income,-0.6085348675067488,-0.24169769303398514,-1.1995106848952437,0.3725783411071397,-2.0586228754338607,-0.05978783169791857
1995,CHN,China,5.163798980606998,5.126437577353045,5.265308243925151,5.478846183368897,6.2693646763938045,3.9050919060686855,East Asia & Pacific,Low Income,0.633594966945644,0.5335034206023206,0.6510367217038775,-0.9719056080050343,3.3411179691398307,-0.1843674135020592
2000,CHN,China,5.760413205458006,4.696816185265777,4.776584833717011,8.223588165785644,6.403799251782417,4.733763087010428,East Asia & Pacific,Low Income,0.5966142248510078,-0.4296213920872676,-0.4887234102081406,2.7447419824167474,0.13443457538861292,0.8286711809417424
2005,CHN,China,5.7007003257329005,4.42179842317278,4.968805263507339,8.081789198285705,6.524008176215077,4.517928790251923,East Asia & Pacific,Lower-Middle Income,-0.05971287972510542,-0.2750177620929968,0.1922204297903285,-0.14179896749993937,0.12020892443265918,-0.21583429675850496
2010,CHN,China,5.830488599348535,4.5495120481897775,5.148435791585559,7.531011024123687,6.734414628647097,5.171204874388383,East Asia & Pacific,Upper-Middle Income,0.1297882736156346,0.12771362501699723,0.17963052807821978,-0.5507781741620175,0.2104064524320206,0.6532760841364604
2015,CHN,China,6.020179153094463,5.068829928353771,5.0278301421527,8.052223576299433,6.718224924258084,5.2398063829916754,East Asia & Pacific,Upper-Middle Income,0.18969055374592791,0.5193178801639933,-0.1206056494328589,0.5212125521757454,-0.01618970438901357,0.06860150860329206
2020,CHN,China,6.1499674267100986,4.899584325881178,5.0733016442532595,8.24961749258104,6.924606075983252,5.592466926472752,East Asia & Pacific,Upper-Middle Income,0.1297882736156355,-0.1692456024725928,0.04547150210055939,0.19739391628160696,0.2063811517251688,0.35266054348107634
1970,CIV,Côte d'Ivoire,6.133127680026232,6.370310586585799,5.2553732107298545,6.8082162716586545,,5.463741015281917,Sub-Saharan Africa,,,,,,,
1975,CIV,Côte d'Ivoire,5.798593442933892,5.170522810054667,5.15718243040222,5.846647289404768,,6.164756666239975,Sub-Saharan Africa,,-0.3345342370923401,-1.1997877765311324,-0.09819078032763429,-0.9615689822538869,,0.7010156509580581
1980,CIV,Côte d'Ivoire,5.4216294332594135,4.653997122130662,5.187158248937736,5.02134437480734,5.909484740765402,5.997250308461269,Sub-Saharan Africa,,-0.3769640096744782,-0.5165256879240046,0.02997581853551612,-0.8253029145974278,,-0.1675063577787057
1985,CIV,Côte d'Ivoire,6.071372842746298,6.074641204560618,5.242402188478808,6.526452391160956,6.292846472734086,5.946552443524666,Sub-Saharan Africa,,0.6497434094868844,1.4206440824299555,0.05524393954107154,1.5051080163536161,0.3833617319686837,-0.05069786493660278
1990,CIV,Côte d'Ivoire,5.837039154078895,5.7783298060461386,4.9722651182517,6.960707062402019,5.278044863267497,5.781244924718667,Sub-Saharan Africa,Lower-Middle Income,-0.23433368866740256,-0.2963113985144794,-0.27013707022710776,0.4342546712410629,-1.0148016094665886,-0.16530751880599936
1995,CIV,Côte d'Ivoire,5.187295744592012,5.593600161055841,4.287750103519551,4.972393396825466,6.318290909793145,4.812031090245412,Sub-Saharan Africa,Lower-Middle Income,-0.6497434094868835,-0.18472964499029754,-0.684515014732149,-1.9883136655765528,1.040246046525648,-0.9692138344732548
2000,CIV,Côte d'Ivoire,5.8369570613520905,8.418620482581549,3.4632949850582477,6.600892689891982,6.036364210945304,4.604054105182025,Sub-Saharan Africa,Lower-Middle Income,0.6496613167600787,2.8250203215257077,-0.8244551184613034,1.6284992930665156,-0.2819266988478413,-0.2079769850633868
2005,CIV,Côte d'Ivoire,5.7849334583361145,8.105078789876849,3.17641678428078,6.875405568204024,6.290574603013035,4.428482632473469,Sub-Saharan Africa,Upper-Middle Income,-0.05202360301597597,-0.31354169270469967,-0.28687820077746773,0.2745128783120423,0.25421039206773166,-0.17557147270855644
2010,CIV,Côte d'Ivoire,5.475024875621892,6.7706805057158155,3.5683863409140177,6.149467739133693,6.2833230980932235,4.562061641604126,Sub-Saharan Africa,Upper-Middle Income,-0.3099085827142227,-1.3343982841610336,0.39196955663323774,-0.7259378290703307,-0.0072515049198118575,0.13357900913065723
2015,CIV,Côte d'Ivoire,6.049751243781096,7.039742579759201,4.866030101302883,6.830660724724716,5.743689650921446,5.767214086963858,Sub-Saharan Africa,Upper-Middle Income,0.5747263681592045,0.26906207404338556,1.297643760388865,0.6811929855910224,-0.5396334471717772,1.2051524453597322
2020,CIV,Côte d'Ivoire,6.009419568822556,6.568415906696464,5.115012858018699,6.803614957807691,5.630219666042847,5.918698814795962,Sub-Saharan Africa,Upper-Middle Income,-0.04033167495854073,-0.47132667306273746,0.24898275671581604,-0.027045766917024316,-0.11346998487859938,0.15148472783210387
1970,CMR,Cameroon,4.613761301025114,6.0959072586109375,3.076054160286515,5.837921000805712,,4.1296270368314705,Sub-Saharan Africa,,,,,,,
1975,CMR,Cameroon,4.883396701734374,6.756028274826859,3.330923229794798,6.370817208647152,4.135256507551551,3.7507142990541458,Sub-Saharan Africa,,0.2696354007092596,0.6601210162159212,0.25486906950828336,0.5328962078414401,,-0.3789127377773247
1980,CMR,Cameroon,4.509226816925651,5.523881735074095,3.3894172310612647,5.565260276313519,4.653018029041652,3.4818608414548793,Sub-Saharan Africa,,-0.3741698848087234,-1.2321465397527636,0.05849400126646653,-0.8055569323336327,0.517761521490101,-0.2688534575992665
1985,CMR,Cameroon,5.161387720200022,6.3214148985916045,3.338339466520347,6.379923310918024,5.774834658936871,3.9734052131072324,Sub-Saharan Africa,,0.6521609032743712,0.7975331635175094,-0.0510777645409175,0.8146630346045045,1.1218166298952186,0.4915443716523531
1990,CMR,Cameroon,5.239002573135361,5.9899250417239225,3.6305172126031198,7.013640756006365,5.326028015352936,4.225403203707291,Sub-Saharan Africa,Lower-Middle Income,0.07761485293533887,-0.33148985686768206,0.2921777460827726,0.6337174450883412,-0.44880664358393485,0.2519979906000587
1995,CMR,Cameroon,5.06371995916429,5.5773969014849945,3.5509127530654605,5.953390928228943,6.10920327653617,4.101840304023243,Sub-Saharan Africa,Lower-Middle Income,-0.1752826139710706,-0.41252814023892803,-0.07960445953765927,-1.0602498277774215,0.7831752611832341,-0.12356289968404788
2000,CMR,Cameroon,5.356584359787599,6.757341753948401,3.5155819408967806,6.7135688629234815,5.355034403321914,4.4725533349167685,Sub-Saharan Africa,Low Income,0.29286440062330854,1.1799448524634064,-0.03533081216867995,0.7601779346945383,-0.7541688732142555,0.37071303089352536
2005,CMR,Cameroon,5.582062186079886,6.8903754969077795,3.453488997300751,6.968475881495875,5.773332735430341,4.835655465890606,Sub-Saharan Africa,Lower-Middle Income,0.22547782629228763,0.13303374295937864,-0.06209294359602957,0.2549070185723936,0.41829833210842704,0.3631021309738376
2010,CMR,Cameroon,5.869592920353983,7.654496062158345,3.4763577488747295,6.674548653639184,6.074827672129067,5.484094415150882,Sub-Saharan Africa,Lower-Middle Income,0.2875307342740969,0.7641205652505656,0.022868751573978496,-0.2939272278566909,0.3014949366987256,0.6484389492602762
2015,CMR,Cameroon,5.70987610619469,7.208176620921421,3.4280626794020552,6.901032080387257,5.3705564819246865,5.621166962162605,Sub-Saharan Africa,Lower-Middle Income,-0.15971681415929329,-0.44631944123692424,-0.04829506947267426,0.22648342674807243,-0.7042711902043806,0.1370725470117229
2020,CMR,Cameroon,5.729840707964602,7.160221991378774,3.2942917843667017,6.912761862623914,5.453920129422272,5.8188903760104145,Sub-Saharan Africa,Lower-Middle Income,0.019964601769911994,-0.047954629542647176,-0.13377089503535355,0.011729782236657549,0.08336364749758562,0.19772341384780923
1970,COD,"Congo, Dem. Rep.",3.4083010361624577,4.720622125293575,1.660786437045727,6.517022876338871,2.786425829324171,2.437173399940797,Sub-Saharan Africa,,,,,,,
1975,COD,"Congo, Dem. Rep.",2.9715589435888763,5.256616599375267,1.4938012803932994,5.6201877272066145,0.6426567080757315,2.3936492923722534,Sub-Saharan Africa,,-0.43674209257358143,0.5359944740816918,-0.16698515665242764,-0.8968351491322561,-2.1437691212484395,-0.043524107568543524
1980,COD,"Congo, Dem. Rep.",2.2799029825811203,5.327293094578153,1.4570080324876478,0.8387226808296881,1.7260669091367713,2.1686942195466643,Sub-Saharan Africa,,-0.691655961007756,0.07067649520288644,-0.03679324790565164,-4.781465046376926,1.0834102010610398,-0.22495507282558913
1985,COD,"Congo, Dem. Rep.",3.0921761099784426,5.358813902813038,1.510615825341018,1.8208765145264747,4.444762464545005,2.2776466654234935,Sub-Saharan Africa,,0.8122731273973223,0.03152080823488479,0.05360779285337025,0.9821538336967865,2.7186955554082335,0.10895244587682917
1990,COD,"Congo, Dem. Rep.",2.5475838995643287,4.961927893067146,1.5748676673948871,0.0099806599919206,3.629912680143165,2.374626315050122,Sub-Saharan Africa,Low Income,-0.5445922104141139,-0.3968860097458924,0.06425184205386913,-1.8108958545345542,-0.8148497844018401,0.09697964962662864
1995,COD,"Congo, Dem. Rep.",2.9840580641750005,5.288395379879369,1.274001564116113,0.0099806599919206,5.797031639005511,2.3877881882997958,Sub-Saharan Africa,Low Income,0.4364741646106718,0.3264674868122235,-0.30086610327877406,0.0,2.1671189588623463,0.013161873249673661
2000,COD,"Congo, Dem. Rep.",3.388835656476341,7.024795815428589,1.2146318636834288,1.4381011050608548,3.829727429413633,3.3960905492550983,Sub-Saharan Africa,Low Income,0.4047775923013406,1.7364004355492195,-0.0593697004326843,1.4281204450689342,-1.967304209591878,1.0083023609553026
2005,COD,"Congo, Dem. Rep.",4.120094553417845,7.104079269937467,1.3614012623345857,3.75696029099971,5.289470649499885,3.1203106681454846,Sub-Saharan Africa,Low Income,0.7312588969415037,0.07928345450887786,0.1467693986511569,2.318859185938855,1.4597432200862515,-0.2757798811096137
2010,COD,"Congo, Dem. Rep.",4.968679601648351,6.869368777423523,1.7975649307782509,6.344853038982955,5.636425897043524,4.238696420356516,Sub-Saharan Africa,Low Income,0.8485850482305066,-0.23471049251394405,0.43616366844366516,2.587892747983245,0.34695524754363927,1.1183857522110312
2015,COD,"Congo, Dem. Rep.",5.219623015873017,7.212603174834812,1.9271873761255034,7.605030413179602,5.377086534860371,3.9845844515139275,Sub-Saharan Africa,Low Income,0.2509434142246656,0.34323439741128947,0.12962244534725254,1.2601773741966467,-0.25933936218315257,-0.25411196884258835
2020,COD,"Congo, Dem. Rep.",4.960138888888889,7.690764713454362,2.426095135424258,4.9471417591131575,5.516657517396205,4.2044955953378595,Sub-Saharan Africa,Low Income,-0.2594841269841277,0.4781615386195499,0.49890775929875475,-2.6578886540664444,0.139570982535834,0.21991114382393206
1970,COG,"Congo, Rep.",3.4674724983007135,2.8376793330471077,3.186538066040594,6.573502620694352,,3.1946270850279768,Sub-Saharan Africa,,,,,,,
1975,COG,"Congo, Rep.",3.5292340949625585,2.555973546952944,3.0697188967894538,6.66639709719073,,3.1946270850279768,Sub-Saharan Africa,,0.061761596661845,-0.28170578609416363,-0.11681916925114022,0.09289447649637772,,0.0
1980,COG,"Congo, Rep.",3.1057260035670513,1.9180325791943793,3.258828037500918,5.397894607747701,,2.5323771417170926,Sub-Saharan Africa,,-0.42350809139550716,-0.6379409677585648,0.18910914071146445,-1.268502489443029,,-0.6622499433108842
1985,COG,"Congo, Rep.",3.549401146933773,2.2325117806180814,3.2519579822003046,6.3421136720031415,,3.0926375713005205,Sub-Saharan Africa,,0.44367514336672187,0.3144792014237021,-0.006870055300613576,0.9442190642554404,,0.5602604295834279
1990,COG,"Congo, Rep.",4.5927690664994705,5.862662168007548,3.3622824167696788,5.9486413709088195,4.187887487428908,3.7151262435849155,Sub-Saharan Africa,Lower-Middle Income,1.0433679195656973,3.6301503873894663,0.11032443456937413,-0.39347230109432196,,0.622488672284395
1995,COG,"Congo, Rep.",5.099763054359801,6.420360616632139,4.027978613920181,5.824597283769004,6.206505462065963,2.9804250809571933,Sub-Saharan Africa,Lower-Middle Income,0.5069939878603309,0.5576984486245911,0.6656961971505027,-0.12404408713981585,2.0186179746370554,-0.7347011626277222
2000,COG,"Congo, Rep.",4.235396434976785,4.302304440698226,3.0388734486885123,4.373864691846476,5.730983869634194,3.6787272328364677,Sub-Saharan Africa,Low Income,-0.8643666193830164,-2.118056175933913,-0.9891051652316691,-1.4507325919225273,-0.47552159243176906,0.6983021518792745
2005,COG,"Congo, Rep.",4.502345254275681,4.687109955854502,3.1904894675425304,4.992108963446647,5.660650186009959,3.9757349306319116,Sub-Saharan Africa,Lower-Middle Income,0.26694881929889647,0.3848055151562759,0.1516160188540181,0.6182442716001706,-0.0703336836242352,0.2970076977954439
2010,COG,"Congo, Rep.",4.354469293442186,4.241773689757938,3.1877278432889784,3.9894270630891357,5.840546444515274,4.462153545802477,Sub-Saharan Africa,Lower-Middle Income,-0.1478759608334954,-0.4453362660965636,-0.0027616242535519753,-1.0026819003575111,0.1798962585053152,0.48641861517056517
2015,COG,"Congo, Rep.",4.9099369026284325,6.156037712141013,3.22739666111174,5.257091033943019,5.694652850335062,4.194708748364573,Sub-Saharan Africa,Lower-Middle Income,0.5554676091862465,1.9142640223830751,0.03966881782276177,1.2676639708538833,-0.14589359418021175,-0.2674447974379035
2020,COG,"Congo, Rep.",5.039609053497942,6.025279592360221,3.3461387995839886,5.791776145276922,5.717675330526894,4.315652800588759,Sub-Saharan Africa,Lower-Middle Income,0.12967215086950912,-0.13075811978079255,0.11874213847224846,0.5346851113339026,0.023022480191831285,0.12094405222418558
1970,COL,Colombia,6.23725890703852,7.479107642657316,5.814851219396539,6.167931760083931,4.491404210382698,6.817738152948383,Latin America & the Caribbean,,,,,,,
1975,COL,Colombia,5.5218743728979005,7.046683085708835,5.681717878048725,4.643064390950245,3.3592186491706477,6.68311491733179,Latin America & the Caribbean,,-0.7153845341406191,-0.43242455694848037,-0.13313334134781396,-1.5248673691336858,-1.1321855612120504,-0.13462323561659328
1980,COL,Colombia,5.384881306394708,5.727640826122827,5.662052621603553,4.578954095734122,4.202335556456218,6.68311491733179,Latin America & the Caribbean,,-0.13699306650319265,-1.3190422595860083,-0.019665256445172474,-0.06411029521612299,0.84311690728557,0.0
1985,COL,Colombia,5.86679675404871,5.723928172601124,5.606625965597836,6.407603863162976,4.7778392310076665,6.652878904125606,Latin America & the Caribbean,,0.48191544765400174,-0.0037126535217026913,-0.055426656005717057,1.8286497674288533,0.5755036745514488,-0.030236013206184076
1990,COL,Colombia,5.55137757372351,7.3073959653098965,4.750742302055986,4.434863402453393,4.7953344377508005,6.322864071191184,Latin America & the Caribbean,Lower-Middle Income,-0.31541918032519956,1.5834677927087721,-0.8558836635418494,-1.9727404607095824,0.017495206743133984,-0.33001483293442213
1995,COL,Colombia,6.137938223022598,7.460668570338118,4.9461083571405675,5.034026277881782,6.990721030262423,6.230825624966294,Latin America & the Caribbean,Lower-Middle Income,0.5865606492990878,0.1532726050282216,0.19536605508458127,0.5991628754283891,2.195386592511623,-0.09203844622488955
2000,COL,Colombia,5.941606865720528,5.8600545900137515,4.49991196877884,5.911414024390274,7.029614803322279,6.388819093708624,Latin America & the Caribbean,Lower-Middle Income,-0.19633135730206952,-1.6006139803243666,-0.44619638836172726,0.877387746508492,0.038893773059855974,0.15799346874232967
2005,COL,Colombia,6.480117472766398,6.983368278521631,4.734615201772096,7.719276877912016,6.513340844158275,6.39907471770419,Latin America & the Caribbean,Lower-Middle Income,0.5385106070458701,1.1233136885078796,0.23470323299325546,1.8078628535217414,-0.5162739591640042,0.010255623995566232
2010,COL,Colombia,6.580242554416315,6.574135507326084,4.765207688554343,7.808107881086515,7.0461664801432935,6.682886004235356,Latin America & the Caribbean,Upper-Middle Income,0.1001250816499164,-0.4092327711955468,0.030592486782246908,0.08883100317449966,0.5328256359850183,0.28381128653116594
2015,COL,Colombia,6.519780907668232,6.368899105595741,4.591945572112824,7.567726714832297,6.95454715227447,7.098018545171523,Latin America & the Caribbean,Upper-Middle Income,-0.06046164674808274,-0.2052364017303434,-0.1732621164415189,-0.24038116625421857,-0.09161932786882332,0.4151325409361668
2020,COL,Colombia,6.449890453834117,6.78790232955809,4.865154831208936,8.036721728924698,6.207681602081718,6.36170042418315,Latin America & the Caribbean,Upper-Middle Income,-0.06989045383411518,0.4190032239623491,0.27320925909611216,0.4689950140924015,-0.7468655501927524,-0.7363181209883729
1970,COM,Comoros,,2.049279208126808,,,,,,,,,,,,
1975,COM,Comoros,,3.3782753318919916,,,,,,,,1.3289961237651835,,,,
1980,COM,Comoros,,3.3782753318919916,,,,,,,,0.0,,,,
1985,COM,Comoros,,3.3782753318919916,,,,,,,,0.0,,,,
1990,COM,Comoros,,3.509534208313244,,,,,,,,0.13125887642125234,,,,
1995,COM,Comoros,,3.0468466689283282,,,,,,,,-0.4626875393849157,,,,
2000,COM,Comoros,,3.4488269779684146,,4.2643156325895175,,5.294635697832486,,,,0.4019803090400864,,,,
2005,COM,Comoros,,3.4488269779684146,,4.6303116777644435,,5.294635697832486,,,,0.0,,0.365996045174926,,0.0
2010,COM,Comoros,,5.667798459817534,,6.523088356666352,,5.847633593912564,,,,2.218971481849119,,1.8927766789019085,,0.5529978960800772
2015,COM,Comoros,,3.9558554230662004,,6.7827026165596065,,6.043093419853877,,,,-1.7119430367513333,,0.2596142598932545,,0.19545982594131317
2020,COM,Comoros,5.629782608695653,6.530163667024706,2.948127564084578,6.997583979566229,5.557740336278267,6.134509505716744,Sub-Saharan Africa,Lower-Middle Income,,2.574308243958505,,0.2148813630066222,,0.09141608586286676
1970,CPV,Cabo Verde,,,4.031650786667717,,,,,,,,,,,
1975,CPV,Cabo Verde,,,5.592136710283826,,,,,,,,1.5604859236161097,,,
1980,CPV,Cabo Verde,,,6.1177140164384864,,,,,,,,0.52557730615466,,,
1985,CPV,Cabo Verde,,7.6555263300747285,6.118297098306411,,,,,,,,0.0005830818679246619,,,
1990,CPV,Cabo Verde,,6.317259394324224,6.193564837282644,,,,,,,-1.3382669357505046,0.07526773897623329,,,
1995,CPV,Cabo Verde,,8.233911170162445,6.402106265207055,,,,,,,1.916651775838221,0.20854142792441088,,,
2000,CPV,Cabo Verde,5.909530780402873,6.070543273028159,6.443067759327705,5.037987137904177,,6.560895156725451,Sub-Saharan Africa,Lower-Middle Income,,-2.163367897134286,0.04096149412064953,,,
2005,CPV,Cabo Verde,6.62217981792741,6.456849279341537,6.318906966852048,7.15647012547552,,6.560895156725451,Sub-Saharan Africa,Lower-Middle Income,0.7126490375245371,0.38630600631337764,-0.12416079247565648,2.118482987571343,,0.0
2010,CPV,Cabo Verde,6.460862153947259,5.785925098818382,6.331821976550221,7.061676287009128,6.52383111752555,6.560201849246395,Sub-Saharan Africa,Lower-Middle Income,-0.16131766398015124,-0.670924180523155,0.012915009698172497,-0.09479383846639244,,-0.0006933074790556049
2015,CPV,Cabo Verde,7.090405405405405,7.35116960015517,6.342272351439294,8.404592211083425,6.859862625128137,6.506909868321704,Sub-Saharan Africa,Lower-Middle Income,0.6295432514581458,1.565244501336788,0.010450374889073188,1.3429159240742976,0.3360315076025877,-0.05329198092469145
2020,CPV,Cabo Verde,7.320094594594595,7.1968891429589075,6.284545524015477,9.622587233916727,7.02881662780788,6.454241346993968,Sub-Saharan Africa,Lower-Middle Income,0.22968918918919012,-0.15428045719626216,-0.057726827423817184,1.2179950228333016,0.16895400267974292,-0.05266852132773536
1970,CRI,Costa Rica,6.926016478111752,7.373253022598168,5.645771722656878,9.236730958248055,4.382942137063772,6.66077165170943,Latin America & the Caribbean,,,,,,,
1975,CRI,Costa Rica,6.180537858440149,6.84858944447973,5.469478691469188,7.079168137971084,3.464210943773653,6.8755781566574194,Latin America & the Caribbean,,-0.7454786196716023,-0.5246635781184379,-0.17629303118769002,-2.157562820276971,-0.9187311932901188,0.21480650494798947
1980,CRI,Costa Rica,5.520567004869339,6.396260070209479,5.5270982657613565,7.792649423471178,1.6965856997600568,6.1527977725390794,Latin America & the Caribbean,,-0.65997085357081,-0.452329374270251,0.05761957429216835,0.7134812855000945,-1.7676252440135962,-0.72278038411834
1985,CRI,Costa Rica,5.56581755408958,6.030888781979157,5.649489486898174,5.708672546371699,3.129410365179227,6.902534778047723,Latin America & the Caribbean,,0.04525054922024019,-0.36537128823032194,0.12239122113681766,-2.083976877099479,1.43282466541917,0.7497370055086439
1990,CRI,Costa Rica,6.880869288999264,7.68850870974371,5.704547063867156,7.9119810199483505,5.7812944170049505,7.2880374965053765,Latin America & the Caribbean,Lower-Middle Income,1.3150517349096846,1.6576199277645527,0.055057576968981614,2.2033084735766515,2.6518840518257236,0.38550271845765316
1995,CRI,Costa Rica,7.230432167317409,7.7571590322869275,5.60945596536775,7.919216263182416,7.730769336785351,7.224561036313469,Latin America & the Caribbean,Lower-Middle Income,0.34956287831814503,0.06865032254321779,-0.095091098499406,0.007235243234065436,1.9494749197804007,-0.06347646019190734
2000,CRI,Costa Rica,7.554325044377741,7.788143936859433,5.799406796059342,8.346588548011821,8.599846138104072,7.338301251534444,Latin America & the Caribbean,Upper-Middle Income,0.32389287706033176,0.03098490457250591,0.18995083069159246,0.4273722848294055,0.8690768013187204,0.11374021522097522
2005,CRI,Costa Rica,7.317939173997359,8.24629607786583,6.3571521647089,7.773183739669401,7.7852717625760395,6.456246983737563,Latin America & the Caribbean,Upper-Middle Income,-0.23638587038038228,0.4581521410063969,0.5577453686495577,-0.5734048083424206,-0.8145743755280321,-0.8820542677968817
2010,CRI,Costa Rica,7.297890025575447,7.7478721890751485,6.280003578793672,7.491389683939454,8.358696875324716,6.633160388871904,Latin America & the Caribbean,Upper-Middle Income,-0.02004914842191141,-0.4984238887906818,-0.07714858591522766,-0.28179405572994654,0.5734251127486765,0.17691340513434106
2015,CRI,Costa Rica,7.739578005115089,7.5940268198051255,6.575435132601748,9.643114291339625,8.302544079186234,6.57771489400624,Latin America & the Caribbean,Upper-Middle Income,0.44168797953964134,-0.153845369270023,0.2954315538080756,2.151724607400171,-0.05615279613848223,-0.05544549486566375
2020,CRI,Costa Rica,7.659271099744245,7.209435776932099,6.733456386498837,9.700684810815039,7.970710336907275,6.673491217200227,Latin America & the Caribbean,Upper-Middle Income,-0.0803069053708434,-0.38459104287302637,0.15802125389708888,0.05757051947541392,-0.3318337422789588,0.09577632319398699
1970,CYP,Cyprus,6.070451115011699,6.54798614499198,4.852679894833377,8.056228309538248,6.256270734706772,5.295182540531933,Europe & Central Asia,,,,,,,
1975,CYP,Cyprus,5.956110426201547,6.008543633417884,5.428188102370891,6.063282941560233,6.429451661748075,5.6843192747583045,Europe & Central Asia,,-0.11434068881015236,-0.5394425115740962,0.5755082075375135,-1.992945367978015,0.1731809270413036,0.38913673422637185
1980,CYP,Cyprus,5.834969197194057,5.806195339665981,5.013767934993846,6.303321550590407,6.454191794182546,5.574802557572833,Europe & Central Asia,,-0.12114122900749003,-0.20234829375190255,-0.41442016737704446,0.24003860903017404,0.02474013243447093,-0.10951671718547118
1985,CYP,Cyprus,6.044107878097068,5.615174057935626,5.025072954618134,6.842639066392173,6.612240565350542,6.093104853021943,Europe & Central Asia,,0.20913868090301158,-0.1910212817303556,0.011305019624287205,0.5393175158017653,0.1580487711679961,0.5183022954491099
1990,CYP,Cyprus,6.328059254920421,5.583916194407089,6.132189696430287,7.029529539375463,6.375799603683219,6.367137503470275,Europe & Central Asia,High Income,0.28395137682335303,-0.03125786352853677,1.1071167418121535,0.18689047298328987,-0.23644096166732353,0.2740326504483317
1995,CYP,Cyprus,6.808541944712442,6.749976175411899,6.868579618713332,7.2548030097074045,6.641181500873667,6.447344853872095,Europe & Central Asia,High Income,0.48048268979202025,1.1660599810048105,0.7363899222830446,0.2252734703319419,0.2653818971904487,0.08020735040182014
2000,CYP,Cyprus,6.768254714270356,6.754021859164386,6.668308273879508,6.675539629105819,7.119120984885687,6.586497482641356,Europe & Central Asia,High Income,-0.040287230442085153,0.004045683752486262,-0.20027134483382358,-0.5792633806015859,0.4779394840120199,0.13915262876926082
2005,CYP,Cyprus,7.7600381983811,7.5585695137823965,6.932594427058886,9.218411207861795,8.507610004200467,6.579220252948567,Europe & Central Asia,High Income,0.9917834841107434,0.8045476546180108,0.26428615317937787,2.5428715787559764,1.3884890193147799,-0.007277229692788545
2010,CYP,Cyprus,7.7699742268041225,7.239522822398692,7.176583567682007,9.164479173071518,8.559701281418945,6.706802064611518,Europe & Central Asia,High Income,0.009936028423022769,-0.31904669138370423,0.24398914062312116,-0.05393203479027697,0.05209127721847828,0.12758181166295035
2015,CYP,Cyprus,7.849871134020617,7.272735653483374,6.739679144778667,9.559517908750845,8.722825697167153,6.9419457070898325,Europe & Central Asia,High Income,0.07989690721649456,0.03321283108468176,-0.4369044229033401,0.3950387356793268,0.16312441574820724,0.23514364247831487
2020,CYP,Cyprus,7.4104381443298974,6.637373484560504,6.800383086034008,8.750028285835636,8.51164747759016,6.366848470335069,Europe & Central Asia,High Income,-0.43943298969071964,-0.6353621689228701,0.0607039412553414,-0.8094896229152084,-0.21117821957699334,-0.5750972367547638
1970,CZE,Czechia,,,4.6621055349793386,,,2.7483114472297925,,,,,,,,
1975,CZE,Czechia,,,5.016680620554747,,,2.7483114472297925,,,,,0.3545750855754086,,,0.0
1980,CZE,Czechia,,,5.050034707074562,,,2.7483114472297925,,,,,0.03335408651981453,,,0.0
1985,CZE,Czechia,,,5.098148096081286,,,2.7483114472297925,,,,,0.04811338900672446,,,0.0
1990,CZE,Czechia,,1.824882281282672,7.3305824955120364,,,4.528863652336379,,,,,2.2324343994307503,,,1.7805522051065865
1995,CZE,Czechia,6.528125139406129,5.87240415348057,7.004715955562414,6.3576027331257166,8.02607668817965,5.383235051365326,Europe & Central Asia,Upper-Middle Income,,4.047521872197898,-0.32586653994962234,,,0.8543713990289472
2000,CZE,Czechia,7.14076457556578,6.163006912397482,7.276352892174861,7.80636265246632,8.342266179810537,6.124964567033022,Europe & Central Asia,Upper-Middle Income,0.6126394361596512,0.29060275891691223,0.27163693661244714,1.4487599193406036,0.3161894916308867,0.7417295156676955
2005,CZE,Czechia,7.500352416885388,5.8454740828355725,7.234069192190784,9.568739430160672,8.288405668912405,6.578845293396474,Europe & Central Asia,Upper-Middle Income,0.3595878413196081,-0.31753282956190976,-0.042283699984077217,1.7623767776943522,-0.05386051089813115,0.4538807263634519
2010,CZE,Czechia,7.659934383202098,6.444146868854042,7.2193997433964165,9.397146576602248,8.200224167589505,7.056068665031417,Europe & Central Asia,High Income,0.1595819663167104,0.5986727860184695,-0.01466944879436749,-0.17159285355842435,-0.08818150132290015,0.47722337163494366
2015,CZE,Czechia,7.929580052493439,6.41089300802976,7.588040631514472,9.66961286020073,8.772047684033476,7.191972063886399,Europe & Central Asia,High Income,0.26964566929134026,-0.03325386082428228,0.3686408881180556,0.27246628359848124,0.5718235164439704,0.13590339885498182
2020,CZE,Czechia,7.68989501312336,6.165128706817543,7.7137907847267995,9.210463744021238,8.564009895240961,6.788461626450436,Europe & Central Asia,High Income,-0.23968503937007846,-0.24576430121221637,0.1257501532123273,-0.45914911617949095,-0.2080377887925149,-0.4035104374359628
1970,DEU,Germany,7.845645090404013,5.7328352026002545,8.063327816035628,9.270956194782489,9.081679746585158,7.005773605852323,Europe & Central Asia,,,,,,,
1975,DEU,Germany,7.701246714507007,5.22986357600952,8.264505848406909,9.282666054547143,9.081679746585158,6.566895886792618,Europe & Central Asia,,-0.14439837589700666,-0.5029716265907345,0.2011780323712813,0.011709859764653885,0.0,-0.43887771905970485
1980,DEU,Germany,7.875614564646787,5.559877813383152,8.281576501165201,9.294375914311793,9.101193920566121,7.034329660730603,Europe & Central Asia,,0.17436785013978007,0.3300142373736321,0.017070652758292226,0.011709859764650332,0.01951417398096389,0.46743377393798546
1985,DEU,Germany,7.904675873003418,5.463198992221732,8.086580420946573,9.470023810781605,9.468710863874271,6.934367048564703,Europe & Central Asia,,0.029061308356631343,-0.09667882116142046,-0.1949960802186279,0.17564789646981183,0.36751694330815,-0.09996261216589986
1990,DEU,Germany,8.175914750998633,6.238300633056897,8.416338824117078,9.664515408187503,9.471963226204432,6.997936350706535,Europe & Central Asia,High Income,0.2712388779952146,0.7751016408351656,0.329758403170505,0.19449159740589828,0.003252362330160352,0.06356930214183176
1995,DEU,Germany,8.029042030920813,5.960848555716549,8.132891205189459,9.754181721581734,9.545168609661573,6.691616567687381,Europe & Central Asia,High Income,-0.1468727200778197,-0.2774520773403486,-0.28344761892761916,0.08966631339423081,0.07320538345714134,-0.30631978301915375
2000,DEU,Germany,8.139303531969663,5.746127764722375,8.44785176410736,9.473914467942333,9.591826746398613,7.431949474357501,Europe & Central Asia,High Income,0.11026150104884991,-0.21472079099417396,0.3149605589179014,-0.2802672536394013,0.04665813673704022,0.7403329066701199
2005,DEU,Germany,7.98970879427869,6.38068074122313,8.452899948762472,9.432755224435816,8.650917357956098,7.058551083564846,Europe & Central Asia,High Income,-0.14959473769097276,0.6345529765007552,0.005048184655111143,-0.041159243506516674,-0.940909388442515,-0.373398390792655
2010,DEU,Germany,7.949859872611464,6.126359549203315,8.805145305728136,9.36674045604894,8.375794865932114,7.077557495417167,Europe & Central Asia,High Income,-0.0398489216672262,-0.2543211920198152,0.35224535696566406,-0.06601476838687681,-0.27512249202398387,0.019006411852321214
2015,DEU,Germany,8.129630573248408,6.189640336418991,8.640197520680283,9.595750500883781,8.591629341852569,7.644179386353679,Europe & Central Asia,High Income,0.17977070063694356,0.06328078721567643,-0.16494778504785224,0.22901004483484222,0.21583447592045424,0.5666218909365117
2020,DEU,Germany,7.6901910828025475,5.631978889665251,8.296443114442425,8.89794808491092,8.433276650936266,7.1774683181014876,Europe & Central Asia,High Income,-0.43943949044586006,-0.5576614467537402,-0.34375440623785813,-0.6978024159728609,-0.15835269091630266,-0.46671106825219155
1970,DJI,Djibouti,,,,,,,,,,,,,,
1975,DJI,Djibouti,,,,,,,,,,,,,,
1980,DJI,Djibouti,,,,,,,,,,,,,,
1985,DJI,Djibouti,,,,,,,,,,,,,,
1990,DJI,Djibouti,,2.470821248294946,,,,,,,,,,,,
1995,DJI,Djibouti,,2.470821248294946,,,,,,,,0.0,,,,
2000,DJI,Djibouti,,2.3941974977514477,,9.530453275424565,,5.619784481430592,,,,-0.07662375054349813,,,,
2005,DJI,Djibouti,,2.3941974977514477,,9.387849799812765,,5.689596843049006,,,,0.0,,-0.14260347561179998,,0.0698123616184132
2010,DJI,Djibouti,,2.394197497751448,,8.618355197085089,,6.176074640798428,,,,4.440892098500626e-16,,-0.7694946027276757,,0.4864777977494228
2015,DJI,Djibouti,,4.233167510795396,,9.597634147408655,,6.60561478317808,,,,1.838970013043948,,0.9792789503235664,,0.42954014237965144
2020,DJI,Djibouti,6.451151315789472,5.805178572358651,3.6717752353800392,9.753429766355842,6.345868781371596,6.655063669244487,Middle East & North Africa,Lower-Middle Income,,1.5720110615632548,,0.1557956189471863,,0.04944888606640685
1970,DNK,Denmark,6.985397761136484,3.6604893469872697,8.882885977451561,6.836622545911573,7.265890817133098,8.345138814925201,Europe & Central Asia,,,,,,,
1975,DNK,Denmark,6.783340801103611,3.2894136848850795,8.947040570962677,6.190333100340435,7.411132633078534,8.095912878531657,Europe & Central Asia,,-0.20205696003287343,-0.37107566210219023,0.06415459351111608,-0.6462894455711377,0.14524181594543606,-0.24922593639354496
1980,DNK,Denmark,6.890241587367422,3.2596795717922435,8.947040570962677,6.71976430215954,7.396233023676308,8.160437297394786,Europe & Central Asia,,0.10690078626381094,-0.029734113092835912,0.0,0.5294312018191043,-0.014899609402226233,0.06452441886312954
1985,DNK,Denmark,7.045514637223589,4.099426734855946,8.946985711693653,6.393019375470146,7.576092594317453,8.27930042967471,Europe & Central Asia,,0.1552730498561674,0.8397471630637026,-5.4859269024376545e-05,-0.32674492668939337,0.17985957064114544,0.11886313227992318
1990,DNK,Denmark,7.889811845816498,4.266094053518919,9.031722442173743,9.650361618576131,8.329565392944271,8.275281376664664,Europe & Central Asia,High Income,0.8442972085929084,0.1666673186629728,0.08473673048009012,3.2573422431059846,0.7534727986268184,-0.004019053010045681
1995,DNK,Denmark,7.761441940940885,4.119382879500827,8.747791372872092,9.76353558372364,8.133987270264225,8.128935944743834,Europe & Central Asia,High Income,-0.12836990487561284,-0.1467111740180922,-0.28393106930165146,0.11317396514750833,-0.19557812268004682,-0.14634543192082994
2000,DNK,Denmark,8.18822199651692,4.6771365249068495,9.243033909734734,9.557487091872199,9.323636668751572,8.198227110268808,Europe & Central Asia,High Income,0.4267800555760344,0.5577536454060228,0.4952425368626425,-0.20604849185144047,1.1896493984873473,0.06929116552497483
2005,DNK,Denmark,8.029661896555577,4.405147503233704,9.187169501735006,9.67476547114179,8.78464953171734,8.082038311620716,Europe & Central Asia,High Income,-0.1585600999613419,-0.27198902167314554,-0.055864407999727916,0.11727837926959062,-0.5389871370342316,-0.11618879864809273
2010,DNK,Denmark,7.860720990316166,4.536362133421665,9.041069377630448,9.176934859677589,8.691279158540274,7.840974343928601,Europe & Central Asia,High Income,-0.1689409062394116,0.1312146301879613,-0.1461001241045583,-0.4978306114642006,-0.09337037317706631,-0.24106396769211447
2015,DNK,Denmark,8.029987546699875,4.8997745534849955,8.839153084720994,9.803933006319122,8.802903911966666,7.813328637979434,Europe & Central Asia,High Income,0.16926655638370924,0.3634124200633302,-0.2019162929094538,0.6269981466415331,0.11162475342639233,-0.027645705949167265
2020,DNK,Denmark,7.970062266500623,5.07842410870438,8.795072113369198,9.756859490159336,8.642665473549556,7.589970632929125,Europe & Central Asia,High Income,-0.05992528019925203,0.1786495552193843,-0.04408097135179645,-0.047073516159786166,-0.16023843841711027,-0.22335800505030878
1970,DOM,Dominican Republic,4.866837679659297,6.775135264303667,3.3761143387815338,6.891998134445881,2.3262888078024684,5.041753972730092,Latin America & the Caribbean,,,,,,,
1975,DOM,Dominican Republic,4.347590983276118,5.710289058848385,3.6461543043689675,5.223587119594214,1.9520180743586302,5.135798707687743,Latin America & the Caribbean,,-0.5192466963831794,-1.0648462054552814,0.2700399655874337,-1.6684110148516673,-0.3742707334438382,0.09404473495765142
1980,DOM,Dominican Republic,5.142311915702935,7.104959669508164,4.101020665725547,7.434870478028621,2.2133955319498093,5.02981798626494,Latin America & the Caribbean,,0.7947209324268174,1.3946706106597784,0.4548663613565793,2.2112833584344074,0.26137745759117914,-0.10598072142280301
1985,DOM,Dominican Republic,4.897887583329487,6.941784222512795,3.943458487918668,3.926081513762225,4.334263021464893,5.24968723954129,Latin America & the Caribbean,,-0.2444243323734483,-0.16317544699536857,-0.15756217780687898,-3.508788964266396,2.1208674895150836,0.21986925327634932
1990,DOM,Dominican Republic,4.221020201372244,7.00868235068681,3.9885597107701525,2.2437632557942644,2.138541385261042,5.521387592795232,Latin America & the Caribbean,Lower-Middle Income,-0.6768673819572424,0.06689812817401464,0.04510122285148466,-1.6823182579679608,-2.1957216362038507,0.2717003532539426
1995,DOM,Dominican Republic,5.82140700757973,8.510247428641074,4.706911517491434,4.303106555386631,5.7305351922082215,5.772855936134289,Latin America & the Caribbean,Lower-Middle Income,1.600386806207486,1.5015650779542646,0.718351806721282,2.059343299592366,3.5919938069471793,0.25146834333905677
2000,DOM,Dominican Republic,6.671612498377458,9.145624023597172,4.564692908880333,6.08469178282763,6.474130640795737,7.000931360352625,Latin America & the Caribbean,Lower-Middle Income,0.8502054907977277,0.6353765949560977,-0.1422186086111017,1.7815852274409991,0.7435954485875156,1.2280754242183356
2005,DOM,Dominican Republic,6.603097406955125,8.801559358359032,5.082526360828857,5.559834964566198,7.369838474932337,6.162483179998031,Latin America & the Caribbean,Lower-Middle Income,-0.06851509142233336,-0.3440646652381396,0.5178334519485244,-0.5248568182614317,0.8957078341365996,-0.838448180354594
2010,DOM,Dominican Republic,7.360013550135501,8.789033515616952,4.958319549288764,8.825124413494096,8.047332842751938,6.162031232745807,Latin America & the Caribbean,Upper-Middle Income,0.7569161431803764,-0.012525842742080684,-0.12420681154009294,3.2652894489278985,0.6774943678196017,-0.0004519472522233059
2015,DOM,Dominican Republic,7.489837398373984,8.739561911868293,4.922529319480286,9.423264298864488,8.188334420803793,6.165282878304433,Latin America & the Caribbean,Upper-Middle Income,0.12982384823848303,-0.049471603748658666,-0.03579022980847846,0.5981398853703919,0.14100157805185454,0.003251645558625782
2020,DOM,Dominican Republic,7.280121951219512,8.445453835636332,5.281118831622887,9.092423507578074,7.531703535052889,6.067354590194634,Latin America & the Caribbean,Upper-Middle Income,-0.20971544715447177,-0.2941080762319608,0.3585895121426015,-0.3308407912864144,-0.6566308857509036,-0.0979282881097987
1970,DZA,Algeria,4.659745961504475,6.484081941665311,3.711204033893959,6.437537026677179,,3.978164050872739,Middle East & North Africa,,,,,,,
1975,DZA,Algeria,4.136294322657055,6.336517980072763,3.5162397711438245,4.745944694377102,,3.925540948676361,Middle East & North Africa,,-0.52345163884742,-0.1475639615925477,-0.19496426275013468,-1.6915923323000772,,-0.05262310219637811
1980,DZA,Algeria,3.8605413678132514,4.791293914398127,3.3617505019366867,5.182496249260457,1.989277511647224,3.771463547474199,Middle East & North Africa,,-0.2757529548438038,-1.5452240656746365,-0.1544892692071378,0.43655155488335495,,-0.15407740120216173
1985,DZA,Algeria,3.562728176581943,2.8781051595653793,3.4370604947166536,6.311135745615992,1.471910148409975,3.2394783722873477,Middle East & North Africa,,-0.2978131912313082,-1.9131887548327473,0.07530999277996697,1.128639496355535,-0.5173673632372491,-0.5319851751868514
1990,DZA,Algeria,3.623456497773681,5.271454911300523,3.598897356394006,4.3581139265452995,1.5362264294167967,3.364147181728991,Middle East & North Africa,Lower-Middle Income,0.060728321191737766,2.393349751735144,0.16183686167735223,-1.9530218190706927,0.06431628100682163,0.12466880944164327
1995,DZA,Algeria,4.008069198654686,5.973516988850333,3.784055595324205,5.255513899945568,1.6685097464401297,3.4312894084163816,Middle East & North Africa,Lower-Middle Income,0.3846127008810054,0.7020620775498099,0.18515823893019911,0.8973999734002689,0.13228331702333307,0.06714222668739067
2000,DZA,Algeria,4.748020435329398,4.9294033866370635,2.7947305324543747,6.942470405740221,5.138483266778333,3.9967660907552163,Middle East & North Africa,Lower-Middle Income,0.7399512366747114,-1.0441136022132698,-0.9893250628698302,1.6869565057946527,3.469973520338203,0.5654766823388346
2005,DZA,Algeria,5.228902899836107,4.2355257516691,3.7543134139917815,7.58466837997616,5.872735677431805,4.697067265493827,Middle East & North Africa,Lower-Middle Income,0.4808824645067089,-0.6938776349679632,0.9595828815374068,0.6421979742359385,0.7342524106534727,0.7003011747386103
2010,DZA,Algeria,4.887669313282503,4.060626623843319,3.671917527503356,6.819301463500214,5.687467287427921,4.225043251793639,Middle East & North Africa,Upper-Middle Income,-0.3412335865536038,-0.174899127825781,-0.08239588648842533,-0.765366916475946,-0.18526839000388406,-0.47202401370018787
2015,DZA,Algeria,4.589176470588235,3.6701877776512246,3.8387413675999196,6.981507849002833,3.979324309449591,4.450624531617563,Middle East & North Africa,Upper-Middle Income,-0.2984928426942677,-0.3904388461920947,0.16682384009656337,0.16220638550261945,-1.7081429779783304,0.22558127982392406
2020,DZA,Algeria,4.818635294117648,4.347383974919801,3.7979646763027226,7.852495677599565,3.753452043910397,4.324690310380448,Middle East & North Africa,Lower-Middle Income,0.22945882352941283,0.677196197268576,-0.040776691297196965,0.8709878285967321,-0.22587226553919404,-0.12593422123711484
1970,ECU,Ecuador,5.022067063513797,7.859268189250668,4.531270086873843,6.690280406725868,2.382835489911553,3.898831874177463,Latin America & the Caribbean,,,,,,,
1975,ECU,Ecuador,5.423832428594901,6.558183745839841,5.167581526789285,7.426468918932364,3.8933640315597797,3.8377906458446396,Latin America & the Caribbean,,0.40176536508110416,-1.3010844434108266,0.6363114399154419,0.7361885122064962,1.5105285416482266,-0.061041228332823216
1980,ECU,Ecuador,5.758047455004798,6.49514631179031,5.432768134781591,8.233011571597673,3.785556591063917,4.695359988880719,Latin America & the Caribbean,,0.33421502640989686,-0.063037434049531,0.2651866079923053,0.8065426526653097,-0.10780744049586266,0.8575693430360798
1985,ECU,Ecuador,4.792181430294316,6.076392435583593,4.915127126144225,7.014120097640056,2.0328585417360285,4.279311097492983,Latin America & the Caribbean,,-0.9658660247104818,-0.41875387620671667,-0.5176410086373657,-1.2188914739576173,-1.7526980493278885,-0.41604889138773604
1990,ECU,Ecuador,5.598786225492368,8.059326738768432,4.640635389434462,5.784821651780471,4.83798275562279,4.7481681657758275,Latin America & the Caribbean,Lower-Middle Income,0.8066047951980524,1.9829343031848383,-0.2744917367097628,-1.2292984458595848,2.805124213886762,0.4688570682828441
1995,ECU,Ecuador,6.387484806822597,8.262421470924323,4.506240352849099,7.012962847651022,6.52276753536697,5.742588645076391,Latin America & the Caribbean,Lower-Middle Income,0.7886985813302285,0.20309473215589158,-0.13439503658536278,1.2281411958705508,1.68478477974418,0.9944204793005635
2000,ECU,Ecuador,5.9537667026556305,8.4004181800996,4.0402385347123,5.411213745682496,7.091612954375869,4.8559161906395785,Latin America & the Caribbean,Lower-Middle Income,-0.43371810416696643,0.13799670917527607,-0.46600181813679953,-1.601749101968526,0.5688454190088983,-0.8866724544368125
2005,ECU,Ecuador,5.891861644632909,8.371745999642235,3.8331603675775305,4.19682230010474,7.4497063437274385,5.628456131342065,Latin America & the Caribbean,Lower-Middle Income,-0.06190505802272117,-0.02867218045736486,-0.20707816713476923,-1.214391445577756,0.35809338935156987,0.7725399407024867
2010,ECU,Ecuador,6.0104897314376,6.893785101790115,4.065628826728481,6.289975777400982,7.052394592065938,5.7750580827941675,Latin America & the Caribbean,Upper-Middle Income,0.11862808680469072,-1.4779608978521193,0.23246845915095005,2.0931534772962417,-0.39731175166150035,0.14660195145210242
2015,ECU,Ecuador,6.230142180094789,6.519291801394265,4.38104775306492,7.690800709976009,6.595337605741291,5.970486358137389,Latin America & the Caribbean,Upper-Middle Income,0.2196524486571887,-0.3744933003958506,0.31541892633643975,1.400824932575027,-0.4570569863246474,0.1954282753432217
2020,ECU,Ecuador,6.31001579778831,6.287102290300091,4.708645422054357,8.487527909748124,6.051546422798568,6.004887212975189,Latin America & the Caribbean,Upper-Middle Income,0.0798736176935213,-0.23218951109417407,0.3275976689894371,0.796727199772115,-0.5437911829427229,0.03440085483779942
1970,EGY,"Egypt, Arab Rep.",3.9519734143914738,2.2435553074468877,3.467205654987736,7.208505337245009,,5.350957461722231,Middle East & North Africa,,,,,,,
1975,EGY,"Egypt, Arab Rep.",3.4828256649969123,2.1747933600353857,2.979260562351551,5.849230510519259,1.8861385492624005,4.924689097121279,Middle East & North Africa,,-0.4691477493945615,-0.06876194741150199,-0.4879450926361848,-1.3592748267257502,,-0.4262683646009524
1980,EGY,"Egypt, Arab Rep.",4.099928270688112,3.07128026111953,3.0071451976877737,7.555403202747925,1.8221799684125393,5.345683754953068,Middle East & North Africa,,0.6171026056911999,0.8964869010841441,0.02788463533622254,1.706172692228666,-0.06395858084986128,0.42099465783178935
1985,EGY,"Egypt, Arab Rep.",3.9990351812528337,3.4981725638930876,3.356324177863306,8.65464539499818,0.3428654306658597,5.1987697845737335,Middle East & North Africa,,-0.10089308943527842,0.42689230277355783,0.3491789801755325,1.099242192250255,-1.4793145377466796,-0.14691397037933474
1990,EGY,"Egypt, Arab Rep.",4.239361814741586,4.142924011162212,3.4708621736176113,7.806291198668454,0.9413819785660691,5.48907186513794,Middle East & North Africa,Low Income,0.24032663348875216,0.6447514472691247,0.11453799575430512,-0.8483541963297263,0.5985165479002094,0.2903020805642065
1995,EGY,"Egypt, Arab Rep.",5.079328607872203,4.413039746832044,3.883980052389231,7.4739271458980285,4.475961053534616,5.444288469297833,Middle East & North Africa,Lower-Middle Income,0.8399667931306167,0.2701157356698314,0.41311787877161965,-0.33236405277042547,3.534579074968547,-0.044783395840107154
2000,EGY,"Egypt, Arab Rep.",5.911371008399839,5.47324243174621,3.6811753687160933,9.353079097554975,6.163084357749097,4.941146056572785,Middle East & North Africa,Lower-Middle Income,0.8320424005276363,1.0602026849141666,-0.20280468367313764,1.8791519516569464,1.6871233042144809,-0.5031424127250474
2005,EGY,"Egypt, Arab Rep.",5.777430224947373,5.519872786906587,3.8706828800815876,8.706756270580142,6.5771891055425655,4.2054467232085,Middle East & North Africa,Lower-Middle Income,-0.1339407834524664,0.04663035516037706,0.18950751136549426,-0.6463228269748331,0.41410474779346895,-0.735699333364285
2010,EGY,"Egypt, Arab Rep.",5.8285265225933225,5.699575700254074,3.701992127650486,8.250270320251591,6.6079732593016365,4.866638227230494,Middle East & North Africa,Lower-Middle Income,0.05109629764594992,0.17970291334748634,-0.16869075243110165,-0.45648595032855077,0.030784153759070954,0.6611915040219936
2015,EGY,"Egypt, Arab Rep.",5.050058939096268,5.252857144715484,3.248472948207371,7.084710991511517,5.453521733282278,4.198173225671474,Middle East & North Africa,Lower-Middle Income,-0.7784675834970542,-0.44671855553858997,-0.45351917944311504,-1.1655593287400743,-1.1544515260193586,-0.6684650015590199
2020,EGY,"Egypt, Arab Rep.",5.329508840864441,5.313077579100148,3.5212358308653946,7.825389364028885,5.49835115355739,4.511228208422825,Middle East & North Africa,Lower-Middle Income,0.27944990176817264,0.0602204343846644,0.27276288265802373,0.740678372517368,0.0448294202751125,0.3130549827513507
1970,ESP,Spain,5.9332216687568815,7.550924768834957,4.567726104948912,6.923407849910239,5.563077840032019,5.586411729693649,Europe & Central Asia,,,,,,,
1975,ESP,Spain,5.840078471445157,7.16218248501819,5.111670003134392,5.730392763600389,5.975362234302579,5.639079341372144,Europe & Central Asia,,-0.09314319731172471,-0.3887422838167671,0.5439438981854794,-1.1930150863098499,0.41228439427055985,0.052667611678494985
1980,ESP,Spain,6.514298912864029,6.260692458349372,6.9372756102741215,6.076611072775458,7.38049987936895,6.043226943946247,Europe & Central Asia,,0.6742204414188722,-0.9014900266688173,1.82560560713973,0.346218309175069,1.4051376450663708,0.40414760257410354
1985,ESP,Spain,6.5337156011288995,5.822273402524717,6.817838697174468,6.610219641353857,7.260897571718897,6.248504995385022,Europe & Central Asia,,0.01941668826487053,-0.4384190558246557,-0.1194369130996531,0.5336085685783987,-0.11960230765005253,0.20527805143877487
1990,ESP,Spain,6.951174398823614,6.344011690810302,7.655159260629429,6.36774847137211,7.9106290267908115,6.57038402108615,Europe & Central Asia,High Income,0.4174587976947146,0.5217382882855857,0.837320563454961,-0.242471169981747,0.6497314550719144,0.32187902570112836
1995,ESP,Spain,7.465343771140582,5.709280410444235,7.632948765639326,9.610393076698163,7.796661804601775,6.588993625328046,Europe & Central Asia,High Income,0.5141693723169682,-0.6347312803660676,-0.022210494990103413,3.2426446053260527,-0.11396722218903665,0.018609604241895283
2000,ESP,Spain,7.988707818588269,6.583542448028928,7.63593511250521,9.265385479294961,9.148972976846059,7.28258725668277,Europe & Central Asia,High Income,0.5233640474476866,0.8742620375846935,0.002986346865884393,-0.3450075974032014,1.352311172244284,0.693593631354724
2005,ESP,Spain,7.879234769138756,6.9139300265419505,7.542988330909908,9.406842699336682,8.23742531369262,7.2723333034715205,Europe & Central Asia,High Income,-0.1094730494495133,0.33038757851302236,-0.09294678159530267,0.1414572200417208,-0.9115476631534385,-0.010253953211249112
2010,ESP,Spain,7.660090439276488,6.254649943724577,7.318162294502426,9.426714325589089,8.319247779133612,6.999154522365346,Europe & Central Asia,High Income,-0.21914432986226728,-0.6592800828173733,-0.22482603640748167,0.01987162625240657,0.08182246544099137,-0.2731787811061741
2015,ESP,Spain,7.779935400516798,6.092031373772392,7.407049530245105,9.763613339181362,8.529543570641906,7.121718025577576,Europe & Central Asia,High Income,0.11984496124031008,-0.16261856995218515,0.08888723574267932,0.3368990135922729,0.21029579150829392,0.12256350321222964
2020,ESP,Spain,7.480322997416021,5.791362735980402,7.431598370280354,8.887465965500132,8.374546798836432,6.89479827186355,Europe & Central Asia,High Income,-0.2996124031007774,-0.3006686377919898,0.02454884003524871,-0.8761473736812295,-0.15499677180547344,-0.22691975371402595
1970,EST,Estonia,,,,,,,,,,,,,,
1975,EST,Estonia,,,,,,,,,,,,,,
1980,EST,Estonia,,,,,,,,,,,,,,
1985,EST,Estonia,,,6.3865627591453045,6.982825183978603,,,,,,,,,,
1990,EST,Estonia,4.818930090672322,5.5406542949445745,6.4405666248875715,3.3684671229380543,3.3815459231551444,4.736225057911162,Europe & Central Asia,,,,0.05400386574226701,-3.614358061040549,,
1995,EST,Estonia,6.189018057628179,6.320988133546629,6.463989919047817,2.3071350211278006,9.647926501596332,6.248809949421838,Europe & Central Asia,Lower-Middle Income,1.3700879669558566,0.7803338386020542,0.02342329416024569,-1.0613321018102537,6.266380578441188,1.5125848915106754
2000,EST,Estonia,7.731199606414217,6.59522366674726,6.878299058033545,8.464206492438745,9.0269346236131,7.6653629250082504,Europe & Central Asia,Lower-Middle Income,1.5421815487860382,0.2742355332006312,0.4143091389857281,6.157071471310944,-0.6209918779832329,1.4165529755864128
2005,EST,Estonia,8.009678249678247,7.160444760552271,7.155791470976091,9.225200788539537,8.894134680404845,7.606807105636232,Europe & Central Asia,Upper-Middle Income,0.27847864326403027,0.5652210938050111,0.27749241294254556,0.7609942961007921,-0.13279994320825494,-0.05855581937201837
2010,EST,Estonia,8.009678249678247,6.445766132412285,7.693832303282162,9.154055922149059,8.852467321095203,7.913862037559812,Europe & Central Asia,High Income,0.0,-0.7146786281399864,0.5380408323060708,-0.0711448663904779,-0.04166735930964194,0.30705493192358
2015,EST,Estonia,8.04962676962677,6.44198071687144,7.743688644749579,9.023940750829503,9.04848874491015,7.973731606145324,Europe & Central Asia,High Income,0.03994851994852233,-0.003785415540844994,0.04985634146741713,-0.13011517131955586,0.19602142381494758,0.059869568585511956
2020,EST,Estonia,7.8598712998712985,6.325126751479183,7.664757289408337,8.89231008522243,8.72855757304419,7.682091078668383,Europe & Central Asia,High Income,-0.18975546975547086,-0.11685396539225668,-0.07893135534124163,-0.13163066560707293,-0.3199311718659601,-0.29164052747694136
1970,ETH,Ethiopia,,,3.3300617498485177,,,,,,,,,,,
1975,ETH,Ethiopia,,,3.4327931321589182,,,,,,,,0.10273138231040058,,,
1980,ETH,Ethiopia,,,3.7876209365738522,,,,,,,,0.354827804414934,,,
1985,ETH,Ethiopia,,,3.7958229836469375,,,,,,,,0.00820204707308525,,,
1990,ETH,Ethiopia,,2.810094672304785,3.376870723968003,,,,,,,,-0.41895225967893435,,,
1995,ETH,Ethiopia,,7.533035486735151,4.075531929925343,,,4.914824430276298,,,,4.722940814430366,0.6986612059573396,,,
2000,ETH,Ethiopia,4.639551181742731,6.144121903072311,3.661198329367094,4.45540889466369,,4.879786506268338,Sub-Saharan Africa,Low Income,,-1.3889135836628395,-0.4143336005582485,,,-0.03503792400795991
2005,ETH,Ethiopia,5.047549183790601,5.548635705938691,4.351060534034427,5.1023966442426305,4.78382528021213,5.514164523274604,Sub-Saharan Africa,Low Income,0.4079980020478695,-0.5954861971336207,0.6898622046673326,0.6469877495789405,,0.6343780170062665
2010,ETH,Ethiopia,5.067075486242401,5.336663385414226,4.51889506645125,4.960783709751227,5.150112179914897,5.405290776143178,Sub-Saharan Africa,Low Income,0.019526302451800426,-0.21197232052446502,0.16783453241682356,-0.14161293449140366,0.36628689970276707,-0.10887374713142606
2015,ETH,Ethiopia,5.0399402390438235,5.662116074658818,4.516031193853828,4.610869036255561,5.116569392430662,5.275035207737481,Sub-Saharan Africa,Low Income,-0.027135247198577517,0.32545268924459236,-0.002863872597422379,-0.3499146734956655,-0.03354278748423489,-0.13025556840569674
2020,ETH,Ethiopia,5.219581673306772,6.446523142619032,4.588587285076455,4.342175665200099,4.824322670627797,5.886754284468096,Sub-Saharan Africa,Low Income,0.17964143426294843,0.7844070679602142,0.0725560912226273,-0.26869337105546265,-0.29224672180286504,0.6117190767306147
1970,FIN,Finland,7.354554053424476,6.1265651223199455,8.136053634910631,7.994224650106507,6.533320836281628,7.98799337168451,Europe & Central Asia,,,,,,,
1975,FIN,Finland,7.150260885273797,5.776237415481236,8.280410283476883,6.801723067393438,6.8424410981458905,7.98799337168451,Europe & Central Asia,,-0.204293168150679,-0.3503277068387094,0.14435664856625152,-1.192501582713069,0.3091202618642628,0.0
1980,FIN,Finland,7.335349382304044,5.363518127845947,8.278066763601016,7.785927220232763,7.47976359063247,7.735451776001577,Europe & Central Asia,,0.18508849703024755,-0.412719287635289,-0.002343519875866562,0.9842041528393244,0.6373224924865797,-0.2525415956829331
1985,FIN,Finland,7.403269283992045,5.173148931150776,8.294453366915969,7.9428325802811734,7.698542770358554,7.873550988425445,Europe & Central Asia,,0.06791990168800055,-0.19036919669517083,0.016386603314952453,0.1569053600484107,0.2187791797260834,0.13809921242386825
1990,FIN,Finland,7.723463106235476,5.348554650830149,8.541240206123392,9.271229431068447,7.654137095265637,7.768536844529397,Europe & Central Asia,High Income,0.3201938222434313,0.17540571967937257,0.24678683920742372,1.3283968507872732,-0.04440567509291693,-0.10501414389604857
1995,FIN,Finland,7.703633932663626,4.691777272453596,8.456838413163169,9.55235480908329,8.435643198703865,7.410779277387641,Europe & Central Asia,High Income,-0.01982917357184988,-0.6567773783765531,-0.08440179296022343,0.2811253780148437,0.781506103438228,-0.3577575671417561
2000,FIN,Finland,8.108555558559218,5.238932174654153,8.748284952224878,9.379840168262191,9.268826391526511,7.937142029456536,Europe & Central Asia,High Income,0.4049216258955912,0.5471549022005568,0.2914465390617096,-0.1725146408210989,0.8331831928226467,0.5263627520688949
2005,FIN,Finland,7.989458047295188,5.207882602746145,8.671765856373641,9.534428121002012,8.570051761472838,7.973351587344824,Europe & Central Asia,High Income,-0.11909751126402934,-0.0310495719080075,-0.0765190958512374,0.15458795273982062,-0.6987746300536735,0.036209557888288835
2010,FIN,Finland,7.919898089171973,5.218241327225917,8.941513518106868,9.388991044089888,8.46412577561012,7.610514588414627,Europe & Central Asia,High Income,-0.06955995812321536,0.010358724479772263,0.26974766173322706,-0.14543707691212404,-0.10592598586271862,-0.36283699893019783
2015,FIN,Finland,7.8899363057324825,4.809727312234501,8.864356539356276,9.559494267525833,8.550791878100265,7.6520532299411865,Europe & Central Asia,High Income,-0.029961783439490297,-0.4085140149914164,-0.07715697875059213,0.17050322343594537,0.08666610249014539,0.04153864152655995
2020,FIN,Finland,7.65024203821656,4.708900913056136,8.899938974735752,8.880897283567435,8.16457452800002,7.572011955360486,Europe & Central Asia,High Income,-0.23969426751592238,-0.10082639917836467,0.03558243537947625,-0.6785969839583981,-0.38621735010024416,-0.08004127458070087
1970,FJI,Fiji,6.0050008668577295,6.129868117372993,4.97913424616514,6.524895788057385,4.591483899177231,7.623308931408921,East Asia & Pacific,,,,,,,
1975,FJI,Fiji,5.673875632768704,5.634730818362787,4.929663345051586,4.731231327681871,5.598815823271314,7.623308931408921,East Asia & Pacific,,-0.3311252340890256,-0.49513729901020653,-0.0494709011135539,-1.7936644603755134,1.0073319240940837,0.0
1980,FJI,Fiji,6.035396912024763,4.889190322338195,4.945700615192793,5.700115216649418,5.709822763282503,9.461573387058754,East Asia & Pacific,,0.3615212792560589,-0.7455404960245913,0.01603727014120704,0.9688838889675466,0.1110069400111886,1.838264455649833
1985,FJI,Fiji,6.457171737823498,5.612351820529936,4.952020386900982,6.4860583854384615,5.909635255302645,9.882578932953798,East Asia & Pacific,,0.42177482579873526,0.7231614981917405,0.006319771708188426,0.7859431687890437,0.1998124920201425,0.4210055458950439
1990,FJI,Fiji,5.724086921554267,5.022086012595662,4.672241088488952,6.417779594130145,5.59207308672678,7.00500602676117,East Asia & Pacific,Lower-Middle Income,-0.7330848162692307,-0.5902658079342737,-0.27977929841202975,-0.06827879130831604,-0.31756216857586583,-2.8775729061926283
1995,FJI,Fiji,6.478579925274074,6.223220484874044,4.406568157629089,7.01795072431018,7.469656993352934,7.484910953145055,East Asia & Pacific,Lower-Middle Income,0.7544930037198068,1.2011344722783814,-0.26567293085986243,0.6001711301800343,1.8775839066261542,0.4799049263838846
2000,FJI,Fiji,6.078049481671349,6.65524652462063,4.093577247065414,6.88793782374916,6.242802030710821,6.599333659260863,East Asia & Pacific,Lower-Middle Income,-0.40053044360272505,0.43202603974658604,-0.31299091056367523,-0.13001290056101933,-1.226854962642113,-0.8855772938841913
2005,FJI,Fiji,6.363285142530422,7.684743429891267,4.156276359976184,6.546733461195081,6.0664398660982615,7.402309182551369,East Asia & Pacific,Lower-Middle Income,0.28523566085907337,1.029496905270637,0.0626991129107699,-0.3412043625540795,-0.17636216461255927,0.802975523290506
2010,FJI,Fiji,6.178701298701298,7.185744760793507,4.1485572440771055,6.314439934604822,6.111301934955779,7.142041704887312,East Asia & Pacific,Lower-Middle Income,-0.18458384382912474,-0.4989986690977597,-0.007719115899078588,-0.23229352659025881,0.0448620688575172,-0.26026747766405744
2015,FJI,Fiji,6.1194805194805175,6.139607478533251,4.602360732820861,6.496053914197408,6.055773949181772,7.281951403606294,East Asia & Pacific,Upper-Middle Income,-0.05922077922078017,-1.046137282260256,0.4538034887437554,0.18161397959258618,-0.05552798577400697,0.13990969871898162
2020,FJI,Fiji,5.760525451559934,5.068142485918418,4.657109977268609,6.789916459490282,5.448640094445262,6.8293347710158026,East Asia & Pacific,Upper-Middle Income,-0.35895506792058374,-1.0714649926148327,0.054749244447748424,0.2938625452928738,-0.6071338547365093,-0.452616632590491
1970,FRA,France,6.69952393128485,5.710507220856828,7.092606798317451,7.039282699249082,6.489383515829995,7.0246699218122775,Europe & Central Asia,,,,,,,
1975,FRA,France,6.69952393128485,5.289160319701035,7.6319298201286685,6.2677164018368465,7.133544165241604,6.969791268457448,Europe & Central Asia,,0.0,-0.42134690115579243,0.5393230218112173,-0.7715662974122353,0.6441606494116092,-0.05487865335482933
1980,FRA,France,6.622184549682715,4.891994511140433,7.679957247184124,6.404097357221071,6.966934828051448,6.958539420520601,Europe & Central Asia,,-0.07733938160213505,-0.3971658085606027,0.04802742705545526,0.13638095538422412,-0.16660933719015603,-0.011251847936847525
1985,FRA,France,6.411042433605876,4.0797954622390655,7.553538339361477,6.69290738727942,6.955034161109295,6.615523883679871,Europe & Central Asia,,-0.21114211607683941,-0.8121990489013671,-0.12641890782264653,0.2888100300583494,-0.01190066694215286,-0.3430155368407295
1990,FRA,France,7.294000373563572,5.131098945120204,7.136567167907203,9.686581449477933,7.8023386821404195,6.679238892045967,Europe & Central Asia,High Income,0.8829579399576959,1.0513034828811385,-0.4169711714542741,2.9936740621985125,0.8473045210311243,0.06371500836609556
1995,FRA,France,7.352665255924673,4.9852671368069075,7.420260633538689,9.82723838445145,7.782850453207187,6.708016970255658,Europe & Central Asia,High Income,0.0586648823611009,-0.14583180831329656,0.2836934656314858,0.14065693497351717,-0.01948822893323232,0.028778078209691138
2000,FRA,France,7.699489088751308,4.711755693852595,7.4351945252829506,9.501380495696466,9.2383555564543,7.557138643919333,Europe & Central Asia,High Income,0.34682383282663576,-0.2735114429543124,0.01493389174426163,-0.32585788875498345,1.4555051032471127,0.8491216736636753
2005,FRA,France,7.6196891891891925,5.006762810817648,7.674206720367149,9.486924338927848,8.802287840789367,7.12740225165958,Europe & Central Asia,High Income,-0.07979989956211586,0.2950071169650528,0.23901219508419835,-0.014456156768618555,-0.4360677156649331,-0.4297363922597528
2010,FRA,France,7.629675675675677,5.4483675621323036,7.826338585066863,9.431976489350342,8.456545068907408,6.970388686603109,Europe & Central Asia,High Income,0.00998648648648448,0.4416047513146557,0.1521318646997143,-0.054947849577505536,-0.3457427718819588,-0.15701356505647102
2015,FRA,France,7.639662162162163,5.241702574259787,7.585816729923451,9.712630243268858,8.661424911659438,6.995967432596656,Europe & Central Asia,High Income,0.009986486486486257,-0.2066649878725162,-0.2405218551434123,0.2806537539185161,0.20487984275202997,0.02557874599354637
2020,FRA,France,7.270162162162161,4.671126751425291,7.394685462481197,8.796094901268928,8.65085935169068,6.821744333758498,Europe & Central Asia,High Income,-0.36950000000000216,-0.5705758228344964,-0.19113126744225362,-0.9165353419999303,-0.010565559968757299,-0.17422309883815768
1970,GAB,Gabon,4.4241289183793,4.200506636090333,3.6279353707728372,7.056729051859565,,3.661518995174451,Sub-Saharan Africa,,,,,,,
1975,GAB,Gabon,3.4732414811710792,2.4703905736596954,3.607233077428725,3.562099690735953,,3.661518995174451,Sub-Saharan Africa,,-0.950887437208221,-1.7301160624306378,-0.02070229334411211,-3.4946293611236126,,0.0
1980,GAB,Gabon,4.134811287108428,4.979272645902841,3.53366091311629,4.330886473698829,,3.519426038102329,Sub-Saharan Africa,,0.6615698059373485,2.508882072243146,-0.07357216431243518,0.7687867829628763,,-0.14209295707212188
1985,GAB,Gabon,4.5890842760508335,4.495805027670079,3.8017098461224834,6.07216625839509,,3.7818360794783463,Sub-Saharan Africa,,0.45427298894240575,-0.48346761823276196,0.2680489330061935,1.7412797846962613,,0.2624100413760173
1990,GAB,Gabon,5.057535222944492,5.830058920754605,4.117278071510919,5.415829162827548,,4.664680681145319,Sub-Saharan Africa,Upper-Middle Income,0.4684509468936584,1.3342538930845258,0.3155682253884353,-0.656337095567542,,0.8828446016669731
1995,GAB,Gabon,4.884705781872649,5.285794488353359,3.764982502677258,5.32213266908587,,4.657368065816554,Sub-Saharan Africa,Upper-Middle Income,-0.17282944107184317,-0.5442644324012464,-0.35229556883366087,-0.09369649374167821,,-0.007312615328765482
2000,GAB,Gabon,5.138823423704174,6.749284183747337,2.936741727775162,5.706478108024865,5.677493204793915,4.562513955787597,Sub-Saharan Africa,Upper-Middle Income,0.25411764183152563,1.463489695393978,-0.8282407749020959,0.3843454389389951,,-0.09485411002895727
2005,GAB,Gabon,5.231882703266226,5.982405857331909,2.9157814835172395,6.271541129151154,5.724242267636226,5.188007563437008,Sub-Saharan Africa,Upper-Middle Income,0.09305927956205196,-0.7668783264154273,-0.020960244257922422,0.5650630211262886,0.04674906284231106,0.6254936076494113
2010,GAB,Gabon,4.916590336967697,5.033506170203775,3.1370635074836692,5.443775432382541,5.821045703163571,5.115940163178789,Sub-Saharan Africa,Upper-Middle Income,-0.31529236629852964,-0.9488996871281348,0.2212820239664297,-0.8277656967686129,0.09680343552734438,-0.07206740025821912
2015,GAB,Gabon,5.1388416988416985,6.185460878993997,3.1608256963018606,6.2766927645346335,5.355167657754039,4.654260867659013,Sub-Saharan Africa,Upper-Middle Income,0.22225136187400185,1.151954708790222,0.023762188818191365,0.8329173321520926,-0.46587804540953215,-0.46167929551977593
2020,GAB,Gabon,5.351274131274131,6.502633483519012,2.9545356090280275,6.62515317601125,5.465589688301365,5.087698847872007,Sub-Saharan Africa,Upper-Middle Income,0.2124324324324327,0.31717260452501517,-0.20629008727383313,0.34846041147661655,0.11042203054732624,0.43343798021299396
1970,GBR,United Kingdom,6.390889290425977,4.621890164916721,8.405806112827374,7.3123331910696185,4.15076987892268,7.930036978865926,Europe & Central Asia,,,,,,,
1975,GBR,United Kingdom,6.467887956575687,4.541470364854839,8.698273149266104,4.8672997310956,6.91450668406402,7.286829480397157,Europe & Central Asia,,0.07699866614971018,-0.08041980006188165,0.2924670364387296,-2.4450334599740184,2.76373680514134,-0.6432074984687697
1980,GBR,United Kingdom,7.355637283948821,5.300782035490115,8.71245046976507,5.867040542630325,9.17606820314984,7.700581850282817,Europe & Central Asia,,0.8877493273731334,0.7593116706352756,0.01417732049896614,0.9997408115347248,2.261561519085821,0.41375236988566044
1985,GBR,United Kingdom,8.25337254301344,5.709892121817938,8.521089430076303,9.078233194982797,9.524940747134595,8.474829070201313,Europe & Central Asia,,0.8977352590646186,0.4091100863278232,-0.1913610396887666,3.211192652352472,0.3488725439847542,0.7742472199184958
1990,GBR,United Kingdom,8.349903216031143,6.519599065901906,8.7783912621898,8.482058610290235,9.528216173801422,8.475178485022237,Europe & Central Asia,High Income,0.09653067301770335,0.8097069440839677,0.25730183211349633,-0.5961745846925623,0.003275426666826675,0.00034941482092420983
1995,GBR,United Kingdom,8.212375398355336,6.3988969414511185,8.537939685059621,9.569090905014788,8.346902930072414,8.267846641818158,Europe & Central Asia,High Income,-0.13752781767580657,-0.1207021244507871,-0.2404515771301785,1.087032294724553,-1.181313243729008,-0.20733184320407894
2000,GBR,United Kingdom,8.587009570189073,7.002534451479339,8.795953256767053,9.154840224797034,9.527062693692372,8.50626008638301,Europe & Central Asia,High Income,0.37463417183373693,0.6036375100282205,0.25801357170743167,-0.41425068021775324,1.1801597636199581,0.23841344456485203
2005,GBR,United Kingdom,8.31859469925498,6.740202933619589,8.74257809035828,9.40975088902258,8.817074964282673,7.9060757319965385,Europe & Central Asia,High Income,-0.2684148709340928,-0.2623315178597503,-0.053375166408772046,0.2549106642255463,-0.7099877294096988,-0.6001843543864718
2010,GBR,United Kingdom,8.089733840304184,5.872646481810316,8.646348210557138,9.172157373437656,8.943289706382187,7.799448642135105,Europe & Central Asia,High Income,-0.2288608589507959,-0.8675564518092731,-0.09622987980114317,-0.23759351558492448,0.12621474209951344,-0.10662708986143343
2015,GBR,United Kingdom,8.259518377693283,6.403194509769563,8.566803250401252,9.834855171592144,8.73189692088543,7.749382461035415,Europe & Central Asia,High Income,0.1697845373890985,0.5305480279592469,-0.07954496015588575,0.6626977981544879,-0.21139278549675744,-0.05006618109969008
2020,GBR,United Kingdom,7.730190114068442,5.804613717567112,8.109092400944384,9.488389753954454,8.123960618693701,7.120264054198791,Europe & Central Asia,High Income,-0.5293282636248406,-0.5985807922024504,-0.457710849456868,-0.34646541763769,-0.6079363021917281,-0.629118406836624
1970,GEO,Georgia,,,,,,,,,,,,,,
1975,GEO,Georgia,,,,,,,,,,,,,,
1980,GEO,Georgia,,,,,,,,,,,,,,
1985,GEO,Georgia,,,4.116040578703924,,,,,,,,,,,
1990,GEO,Georgia,,,4.052175735510929,,,3.161782966271364,,,,,-0.06386484319299512,,,
1995,GEO,Georgia,,4.7870650847504175,4.570422949180799,,,2.4064681465509823,,,,,0.5182472136698699,,,-0.7553148197203816
2000,GEO,Georgia,6.399104292621909,8.307383534635987,4.3744554529771476,5.934570742556203,,6.027379257703492,Europe & Central Asia,Low Income,,3.5203184498855693,-0.19596749620365106,,,3.62091111115251
2005,GEO,Georgia,7.130518047594864,7.812263167870358,5.001097877586254,8.188393041095415,7.9755985475859195,6.715584540446659,Europe & Central Asia,Lower-Middle Income,0.7314137549729551,-0.49512036676562854,0.6266424246091065,2.2538222985392116,,0.6882052827431666
2010,GEO,Georgia,7.100766233766234,6.743760252494511,5.220693614938997,7.8037383473482675,8.331539172716292,7.4252846651489,Europe & Central Asia,Lower-Middle Income,-0.029751813828630347,-1.0685029153758476,0.2195957373527433,-0.3846546937471471,0.3559406251303727,0.7097001247022412
2015,GEO,Georgia,7.799857142857143,7.992338900998847,5.951058062366599,8.62873092287428,8.687832013347753,7.714255200479986,Europe & Central Asia,Upper-Middle Income,0.6990909090909092,1.2485786485043366,0.7303644474276014,0.8249925755260117,0.35629284063146116,0.2889705353310861
2020,GEO,Georgia,7.410363636363636,7.250346811606181,5.897123285018346,8.619154010792766,8.193268904638622,7.1150057729827205,Europe & Central Asia,Upper-Middle Income,-0.38949350649350745,-0.7419920893926664,-0.05393477734825236,-0.009576912081513456,-0.4945631087091318,-0.5992494274972655
1970,GHA,Ghana,4.285251475613553,4.638060780576607,4.48877645143915,6.557640686380908,10.0,4.967482786437704,Sub-Saharan Africa,,,,,,,
1975,GHA,Ghana,3.5371795585344628,4.51641866678243,3.285583179487053,4.080787667121829,10.0,4.91777278056362,Sub-Saharan Africa,,-0.7480719170790899,-0.12164211379417722,-1.2031932719520966,-2.476853019259079,0.0,-0.049710005874083585
1980,GHA,Ghana,3.2052726294494596,5.037199198190558,3.7289558701766112,1.6315579973295533,0.7254170662170569,4.754378919553687,Sub-Saharan Africa,,-0.3319069290850032,0.5207805314081284,0.4433726906895581,-2.4492296697922757,-9.274582933782943,-0.1633938610099328
1985,GHA,Ghana,3.235416259193498,5.250271062845985,3.005669706359838,2.4407509716166493,0.7254170662170569,4.592719051715568,Sub-Saharan Africa,,0.030143629744038503,0.2130718646554266,-0.7232861638167734,0.809192974287096,0.0,-0.1616598678381198
1990,GHA,Ghana,4.6191162945718505,5.099038550616363,3.768294705052759,4.512994228696335,4.650292654370099,5.078394817288605,Sub-Saharan Africa,Low Income,1.3837000353783524,-0.15123251222962164,0.762624998692921,2.0722432570796854,3.924875588153042,0.4856757655730375
1995,GHA,Ghana,5.404264097401945,5.936428012357569,5.208197041748922,3.962600042010035,5.809993593380557,6.1441897149183315,Sub-Saharan Africa,Low Income,0.7851478028300942,0.8373894617412052,1.439902336696163,-0.5503941866862996,1.1597009390104578,1.0657948976297265
2000,GHA,Ghana,5.565886948913031,6.508725949176879,4.820781496921561,4.05792777843666,6.37641843350292,6.100945254330282,Sub-Saharan Africa,Low Income,0.16162285151108602,0.5722979368193108,-0.38741554482736085,0.09532773642662518,0.5664248401223633,-0.04324446058804998
2005,GHA,Ghana,6.348630758949274,7.0138666567530095,5.334128510473217,6.744069119780154,6.2241685097608,6.51622443645634,Sub-Saharan Africa,Low Income,0.7827438100362434,0.50514070757613,0.5133470135516562,2.686141341343494,-0.15224992374211954,0.4152791821260582
2010,GHA,Ghana,6.5270680469414915,8.799772704595336,5.087424545281637,6.07942765441132,6.758082539751346,5.974562202974991,Sub-Saharan Africa,Lower-Middle Income,0.17843728799221736,1.7859060478423263,-0.2467039651915801,-0.6646414653688346,0.5339140299905454,-0.5416622334813486
2015,GHA,Ghana,6.228769671897914,8.085230122543619,5.55117258844752,4.460631917841568,6.313791281558092,6.779729881513518,Sub-Saharan Africa,Lower-Middle Income,-0.2982983750435775,-0.7145425820517168,0.46374804316588314,-1.6187957365697514,-0.4442912581932541,0.8051676785385267
2020,GHA,Ghana,6.389003436426116,8.301385572025147,5.377907841347559,5.430209651912751,6.356436466898419,6.457905682667548,Sub-Saharan Africa,Lower-Middle Income,0.16023376452820237,0.2161554494815281,-0.1732647470999611,0.9695777340711826,0.04264518534032735,-0.32182419884597024
1970,GIN,Guinea,,,2.1393320053004845,,,,,,,,,,,
1975,GIN,Guinea,,,2.114855652651513,,,,,,,,-0.0244763526489713,,,
1980,GIN,Guinea,,,2.342549266439501,,,5.557966770768934,,,,,0.22769361378798791,,,
1985,GIN,Guinea,,9.183970102952598,2.1523774681317223,,,5.557966770768934,,,,,-0.19017179830777886,,,0.0
1990,GIN,Guinea,,4.508080867851859,2.3979647730762244,,,6.536394628234625,,,,-4.675889235100739,0.2455873049445021,,,0.9784278574656904
1995,GIN,Guinea,,7.144729158977503,2.559819931417911,,,7.131454660050922,,,,2.6366482911256437,0.1618551583416865,,,0.5950600318162973
2000,GIN,Guinea,6.663963388832781,7.625003811024691,2.1541169804573532,7.893542010046107,,7.0724070205415845,Sub-Saharan Africa,Low Income,,0.48027465204718833,-0.40570295096055764,,,-0.05904763950933756
2005,GIN,Guinea,5.812762489833357,9.9853685178971,2.0558341723098903,3.5970675558740086,,6.721229691349024,Sub-Saharan Africa,Low Income,-0.8512008989994237,2.360364706872409,-0.09828280814746293,-4.296474454172099,,-0.3511773291925602
2010,GIN,Guinea,3.874377422527282,4.842034483836928,2.06810340175941,3.752929587700125,,4.520762759718126,Sub-Saharan Africa,Low Income,-1.9383850673060752,-5.143334034060173,0.012269229449519692,0.15586203182611635,,-2.2004669316308982
2015,GIN,Guinea,4.771524517321377,4.34606866588987,2.8497349593856147,7.007186786755715,5.141994766742877,4.620018475736165,Sub-Saharan Africa,Low Income,0.8971470947940952,-0.49596581794705763,0.7816315576262047,3.2542571990555897,,0.09925571601803895
2020,GIN,Guinea,5.550544217687073,6.187353643150382,3.377541322518423,6.490906882210674,5.861474986275168,5.843890719510016,Sub-Saharan Africa,Low Income,0.779019700365696,1.8412849772605115,0.5278063631328083,-0.5162799045450406,0.7194802195322909,1.223872243773851
1970,GMB,"Gambia, The",,,6.075424878237599,,,,,,,,,,,
1975,GMB,"Gambia, The",,,6.1222724602350675,,,,,,,,0.046847581997468524,,,
1980,GMB,"Gambia, The",,,6.161704762434522,,,7.513697820021103,,,,,0.03943230219945448,,,
1985,GMB,"Gambia, The",,9.241840277519945,6.146031722730497,,,7.513697820021103,,,,,-0.01567303970402545,,,0.0
1990,GMB,"Gambia, The",,7.568160562745414,6.9633468977322535,,,7.513697820021103,,,,-1.673679714774531,0.8173151750017569,,,0.0
1995,GMB,"Gambia, The",,7.563138883535272,4.695588591864828,,,5.820345272972099,,,,-0.0050216792101416274,-2.2677583058674253,,,-1.6933525470490043
2000,GMB,"Gambia, The",6.806329315948181,7.563138883535272,4.6627947880183545,9.126144246947009,,5.820345272972099,Sub-Saharan Africa,Low Income,,0.0,-0.03279380384647368,,,0.0
2005,GMB,"Gambia, The",6.6725408987397925,7.629773022497814,5.045987695621266,7.545952624182181,,5.99472554362728,Sub-Saharan Africa,Low Income,-0.13378841720838874,0.06663413896254244,0.38319290760291125,-1.5801916227648274,,0.17438027065518114
2010,GMB,"Gambia, The",6.630538830217192,7.054546829084533,4.921422143298219,7.868901846826455,7.276174597614192,6.078075757353509,Sub-Saharan Africa,Low Income,-0.04200206852260013,-0.5752261934132816,-0.12456555232304645,0.32294922264427406,,0.08335021372622897
2015,GMB,"Gambia, The",6.959956772334293,8.032128928548019,4.737613135598364,8.875666712954951,7.114822932601558,6.048276089416148,Sub-Saharan Africa,Low Income,0.32941794211710107,0.9775820994634863,-0.1838090076998551,1.0067648661284956,-0.1613516650126341,-0.029799667937361107
2020,GMB,"Gambia, The",7.169654178674351,8.750782929357097,5.1687289907830625,8.741226564722016,6.349262046454613,6.842036379017663,Sub-Saharan Africa,Low Income,0.20969740634005785,0.718654000809078,0.4311158551846983,-0.13444014823293493,-0.765560886146945,0.793760289601515
1970,GNB,Guinea-Bissau,,,5.1161124787233,,,,,,,,,,,
1975,GNB,Guinea-Bissau,,,3.873789768855925,4.356601896730626,,,,,,,-1.2423227098673753,,,
1980,GNB,Guinea-Bissau,,1.7112595895649765,3.382076314537398,4.082781232877743,,,,,,,-0.4917134543185271,-0.2738206638528835,,
1985,GNB,Guinea-Bissau,2.8811352018687124,3.8386451448984853,3.372284997892367,1.4757281847135342,,2.327667767206294,Sub-Saharan Africa,,,2.127385555333509,-0.009791316645030967,-2.6070530481642082,,
1990,GNB,Guinea-Bissau,3.1453813298507542,5.95535225027672,3.772427614410584,0.8930458214141603,,2.327667767206294,Sub-Saharan Africa,Low Income,0.26424612798204183,2.1167071053782345,0.40014261651821714,-0.5826823632993738,,0.0
1995,GNB,Guinea-Bissau,3.546066849576965,6.700976412828579,3.696382601888281,1.6186828906246158,,2.5100151615001303,Sub-Saharan Africa,Low Income,0.4006855197262107,0.7456241625518594,-0.07604501252230333,0.7256370692104555,,0.18234739429383628
2000,GNB,Guinea-Bissau,4.437592130967784,6.382767345346188,2.6700217338502914,3.432400051866107,5.84614553199269,4.101013076964739,Sub-Saharan Africa,Low Income,0.8915252813908188,-0.31820906748239075,-1.0263608680379894,1.813717161241491,,1.5909979154646083
2005,GNB,Guinea-Bissau,5.292126122841573,6.08815708729601,3.0356800351703703,6.6069784060222805,6.1954193247826135,4.43971246528906,Sub-Saharan Africa,Low Income,0.8545339918737893,-0.29461025805017815,0.3656583013200789,3.1745783541561736,0.34927379278992365,0.3386993883243212
2010,GNB,Guinea-Bissau,4.975232343030701,6.414979604564277,2.4474081034938133,6.013672875799232,6.026872949632666,3.9834795556876026,Sub-Saharan Africa,Low Income,-0.3168937798108722,0.3268225172682664,-0.588271931676557,-0.5933055302230485,-0.16854637514994764,-0.45623290960145724
2015,GNB,Guinea-Bissau,5.420236644712939,8.048500529397948,2.7050512995023066,5.810950363622213,5.969418339314678,4.552876260779958,Sub-Saharan Africa,Low Income,0.44500430168223826,1.6335209248336717,0.2576431960084933,-0.20272251217701864,-0.05745461031798804,0.5693967050923554
2020,GNB,Guinea-Bissau,5.4009125475285185,6.5300608102891715,2.867971954081598,6.760555468004715,5.695248897111157,5.118172113684111,Sub-Saharan Africa,Low Income,-0.01932409718442063,-1.5184397191087768,0.1629206545792914,0.9496051043825018,-0.2741694422035206,0.5652958529041534
1970,GRC,Greece,5.755213054367216,7.125535772987121,3.4259920778219737,8.354880958229588,6.023782268191774,4.332809112825254,Europe & Central Asia,,,,,,,
1975,GRC,Greece,5.71678091377044,7.1644217892092446,4.51595978261993,6.9088508103244095,6.221010701201129,4.195119083848574,Europe & Central Asia,,-0.03843214059677624,0.03888601622212384,1.0899677047979566,-1.4460301479051783,0.19722843300935455,-0.1376900289766798
1980,GRC,Greece,5.981537491252089,6.661450396179257,5.482736742560747,7.117493622187101,6.013123552789318,4.862087730136781,Europe & Central Asia,,0.2647565774816494,-0.5029713930299877,0.9667769599408169,0.20864281186269107,-0.20788714841181122,0.6669686462882067
1985,GRC,Greece,5.535893141738275,4.767080166153203,5.491297534847194,6.964765433356591,5.156671811155238,5.241689587971716,Europe & Central Asia,,-0.44564434951381404,-1.8943702300260536,0.008560792286447239,-0.1527281888305092,-0.8564517416340793,0.3796018578349347
1990,GRC,Greece,6.328149763096168,5.972337240554599,6.499357372909229,6.895034952323483,6.599971648826827,5.690536394171341,Europe & Central Asia,Upper-Middle Income,0.7922566213578932,1.2052570744013957,1.0080598380620343,-0.0697304810331083,1.4432998376715886,0.4488468061996249
1995,GRC,Greece,6.613113028825654,6.090795147763686,6.752234569610223,7.342733073444761,7.3470003546374265,5.584417149336613,Europe & Central Asia,Upper-Middle Income,0.2849632657294858,0.11845790720908678,0.25287719670099396,0.44769812112127827,0.7470287058105995,-0.10611924483472812
2000,GRC,Greece,7.299285658884256,5.77475512963363,6.348675316590491,9.161782289233011,8.783344905859794,6.477533979030632,Europe & Central Asia,Upper-Middle Income,0.6861726300586017,-0.3160400181300558,-0.40355925301973183,1.81904921578825,1.4363445512223674,0.8931168296940193
2005,GRC,Greece,7.229470442486153,6.03108482168163,6.61283103810511,9.381646718463628,7.888112014891246,6.258580772696595,Europe & Central Asia,High Income,-0.06981521639810317,0.25632969204800027,0.2641557215146193,0.21986442923061666,-0.8952328909685479,-0.21895320633403692
2010,GRC,Greece,7.130027932960896,5.964240121094232,6.396838335997616,9.292319649798204,8.090523366782165,5.912130512576925,Europe & Central Asia,High Income,-0.09944250952525646,-0.06684470058739844,-0.21599270210749388,-0.08932706866542439,0.20241135189091874,-0.34645026011966973
2015,GRC,Greece,6.700628491620113,4.154761424782243,6.464705539684518,8.425234004170177,7.885285711054661,6.584280139792021,Europe & Central Asia,High Income,-0.42939944134078356,-1.8094786963119889,0.06786720368690169,-0.8670856456280269,-0.20523765572750374,0.672149627215096
2020,GRC,Greece,6.780516759776537,4.72340610183653,6.385740213536935,8.632343494627426,8.061035358092143,6.08145972899735,Europe & Central Asia,High Income,0.07988826815642458,0.5686446770542872,-0.07896532614758289,0.20710949045724902,0.17574964703748197,-0.502820410794671
1970,GTM,Guatemala,5.397971701587252,8.965067596269014,2.572314306957638,6.87877705956836,3.7301480434874996,5.172521155850016,Latin America & the Caribbean,,,,,,,
1975,GTM,Guatemala,5.824127362238877,8.925011736595094,2.494660148362623,6.762177906986027,4.943874746730765,6.057935010141414,Latin America & the Caribbean,,0.4261556606516246,-0.040055859673920224,-0.07765415859501479,-0.11659915258233333,1.2137267032432657,0.8854138542913974
1980,GTM,Guatemala,5.806289299873675,7.7852492904790696,2.4104975422129415,8.898133715488498,4.515983815982223,5.753664888934251,Latin America & the Caribbean,,-0.017838062365202134,-1.1397624461160243,-0.08416260614968163,2.1359558085024712,-0.4278909307485419,-0.30427012120716235
1985,GTM,Guatemala,4.913736737595359,7.926125605756028,2.567153850273304,8.057743675307975,1.4231802911752331,5.154519417405314,Latin America & the Caribbean,,-0.8925525622783157,0.14087631527695876,0.15665630806036246,-0.8403900401805231,-3.0928035248069903,-0.5991454715289368
1990,GTM,Guatemala,6.0975432938802845,8.56028061001703,3.4391480681055113,6.938181263057591,5.9091046703831385,5.6322750072447425,Latin America & the Caribbean,Lower-Middle Income,1.1838065562849254,0.6341550042610011,0.8719942178322073,-1.1195624122503842,4.485924379207905,0.4777555898394281
1995,GTM,Guatemala,7.200908270868146,9.380116165780679,4.206184691861443,8.389459785517923,8.139846317695458,5.843850834014493,Latin America & the Caribbean,Lower-Middle Income,1.1033649769878613,0.8198355557636496,0.7670366237559318,1.4512785224603322,2.2307416473123194,0.21157582676975029
2000,GTM,Guatemala,6.858007877017282,8.593128121323206,3.8117586195991584,7.431389704306227,7.875350441779056,6.521650811758755,Latin America & the Caribbean,Lower-Middle Income,-0.3429003938508641,-0.7869880444574733,-0.39442607226228477,-0.9580700812116962,-0.2644958759164018,0.6777999777442618
2005,GTM,Guatemala,7.2799402398326025,8.610601085841713,4.829593234872096,8.503437927675096,7.885781754569785,6.526041603373331,Latin America & the Caribbean,Lower-Middle Income,0.42193236281532087,0.01747296451850744,1.0178346152729376,1.0720482233688688,0.010431312790728953,0.00439079161457645
2010,GTM,Guatemala,7.400288335517692,8.091604967809369,4.326156871520628,9.018455371009932,8.576594065084405,6.982607560558104,Latin America & the Caribbean,Lower-Middle Income,0.12034809568508908,-0.5189961180323444,-0.5034363633514678,0.5150174433348358,0.6908123105146204,0.45656595718477266
2015,GTM,Guatemala,7.789777195281782,9.177811798920358,4.679711313654616,9.404761518872826,8.54052083073848,7.135741893742627,Latin America & the Caribbean,Lower-Middle Income,0.3894888597640902,1.0862068311109887,0.353554442133988,0.38630614786289463,-0.0360732343459258,0.15313433318452319
2020,GTM,Guatemala,7.639973787680209,9.19847716054922,4.783710741607145,9.287402527881795,7.846241882961696,7.058984387040762,Latin America & the Caribbean,Upper-Middle Income,-0.1498034076015724,0.02066536162886301,0.10399942795252848,-0.11735899099103086,-0.6942789477767839,-0.0767575067018651
1970,GUY,Guyana,5.540298962079869,3.2463619379615434,5.36883974749806,6.850692529232546,,6.155357935018037,Latin America & the Caribbean,,,,,,,
1975,GUY,Guyana,4.5205627763057485,2.391048763771366,4.588781500978592,4.7709953579540265,,6.155357935018037,Latin America & the Caribbean,,-1.0197361857741205,-0.8553131741901772,-0.7800582465194683,-2.0796971712785197,,0.0
1980,GUY,Guyana,4.070272343509667,2.1360338844732683,4.564795716920052,5.6587770332012735,,3.912192973113219,Latin America & the Caribbean,,-0.4502904327960815,-0.25501487929809796,-0.023985784058539572,0.8877816752472469,,-2.2431649619048177
1985,GUY,Guyana,4.079277370818317,2.807530546785976,4.715758435064499,5.194930216993341,,3.6305612393987126,Latin America & the Caribbean,,0.009005027308649716,0.6714966623127077,0.15096271814444684,-0.46384681620793256,,-0.28163173371450645
1990,GUY,Guyana,4.062861767716433,4.360765700354506,4.797254163114894,2.3275488229628043,,3.831072813296976,Latin America & the Caribbean,Low Income,-0.01641560310188339,1.5532351535685298,0.08149572805039451,-2.8673813940305366,,0.20051157389826324
1995,GUY,Guyana,5.090360451431262,4.6100755294670686,5.125435896870592,4.668978852300448,,5.042571903296889,Latin America & the Caribbean,Low Income,1.0274986837148283,0.24930982911256283,0.3281817337556987,2.3414300293376438,,1.2114990899999136
2000,GUY,Guyana,5.992697949565512,4.633443037718288,4.501661220741403,7.580278374869497,6.810711807785904,6.397342113350925,Latin America & the Caribbean,Low Income,0.9023374981342505,0.02336750825121925,-0.6237746761291891,2.911299522569049,,1.3547702100540358
2005,GUY,Guyana,6.19878186732713,5.8624702115223295,4.0200153345707825,7.454257350349501,7.102221434342792,6.562938467108955,Latin America & the Caribbean,Lower-Middle Income,0.20608391776161827,1.2290271738040417,-0.48164588617062076,-0.12602102451999642,0.2915096265568877,0.16559635375802984
2010,GUY,Guyana,6.128795620437955,4.796991420831133,4.152161382311751,7.676036063779459,7.184616035490282,6.815107527140441,Latin America & the Caribbean,Lower-Middle Income,-0.06998624688917587,-1.0654787906911967,0.13214604774096816,0.22177871342995825,0.08239460114748987,0.25216906003148587
2015,GUY,Guyana,6.258558394160582,5.435825444657052,4.176640840947569,8.079204425010897,6.517742480006727,7.0984047436433935,Latin America & the Caribbean,Upper-Middle Income,0.12976277372262768,0.6388340238259191,0.024479458635818574,0.4031683612314376,-0.666873555483555,0.2832972165029526
2020,GUY,Guyana,5.679616788321167,3.9897266598545307,4.251269941497525,7.274395687366775,6.048666597032431,6.835168957154239,Latin America & the Caribbean,Upper-Middle Income,-0.5789416058394155,-1.4460987848025213,0.07462910054995575,-0.8048087376441213,-0.4690758829742956,-0.2632357864891546
1970,HKG,"Hong Kong SAR, China",8.911470543854914,9.508570023401152,8.055785268676265,8.799445070391085,8.99503513412201,9.194911763337345,East Asia & Pacific,,,,,,,
1975,HKG,"Hong Kong SAR, China",9.199257454513926,9.446543199086465,8.22894542725506,9.200112208765933,9.959159790047112,9.130955172967006,East Asia & Pacific,,0.28778691065901185,-0.06202682431468709,0.17316015857879385,0.4006671383748479,0.9641246559251027,-0.06395659037033852
1980,HKG,"Hong Kong SAR, China",9.139971155129302,9.553432498903968,8.26149152688687,8.28685603716442,9.981442282026185,9.599629223369444,East Asia & Pacific,,-0.05928629938462393,0.10688929981750306,0.03254609963181032,-0.913256171601514,0.02228249197907317,0.4686740504024378
1985,HKG,"Hong Kong SAR, China",9.169454933049074,9.2440464498507,7.861336667581929,9.22527807861427,9.970301036036648,9.599629223369444,East Asia & Pacific,,0.02948377791977208,-0.30938604905326805,-0.40015485930494066,0.9384220414498508,-0.011141245989536586,0.0
1990,HKG,"Hong Kong SAR, China",9.100659451236274,9.205618849075861,7.679163271253279,9.188191533574615,9.992583528015723,9.518941955644447,East Asia & Pacific,High Income,-0.06879548181280093,-0.03842760077483831,-0.1821733963286496,-0.037086545039654695,0.022282491979074948,-0.08068726772499701
1995,HKG,"Hong Kong SAR, China",9.169978946512284,9.248588603882384,7.950424720823029,9.431240855530929,10.0,9.294227749167847,East Asia & Pacific,High Income,0.06931949527601056,0.04296975480652243,0.2712614495697494,0.24304932195631324,0.00741647198427664,-0.2247142064765999
2000,HKG,"Hong Kong SAR, China",8.789564972748673,9.0335924006192,7.465824564938715,8.877580545214354,9.8763498178685,8.758453635092568,East Asia & Pacific,High Income,-0.38041397376361097,-0.21499620326318336,-0.4846001558843138,-0.5536603103165749,-0.12365018213150059,-0.535774114075279
2005,HKG,"Hong Kong SAR, China",9.009299052667025,8.990069971820333,8.101691779678642,9.650787147467387,9.535451007160834,8.749284207165607,East Asia & Pacific,High Income,0.2197340799183518,-0.04352242879886781,0.6358672147399274,0.7732066022530333,-0.3408988107076656,-0.009169427926961404
2010,HKG,"Hong Kong SAR, China",9.159287383177574,9.078754175398382,8.480529151711547,9.393140729510106,9.633312475117222,9.193567338543073,East Asia & Pacific,High Income,0.14998833051054916,0.08868420357804929,0.3788373720329048,-0.2576464179572806,0.09786146795638828,0.4442831313774658
2015,HKG,"Hong Kong SAR, China",9.03942757009346,8.651220212089026,8.479627050537768,9.31451254486004,9.517607019687926,9.210620300628712,East Asia & Pacific,High Income,-0.11985981308411375,-0.4275339633093562,-0.0009021011737786466,-0.07862818465006605,-0.11570545542929622,0.017052962085639223
2020,HKG,"Hong Kong SAR, China",8.639894859813086,7.903525950544243,7.914871415628045,9.5979457285064,9.043803751942585,8.7544763036584,East Asia & Pacific,High Income,-0.39953271028037385,-0.7476942615447832,-0.5647556349097238,0.28343318364635905,-0.47380326774534076,-0.4561439969703116
1970,HND,Honduras,6.254058624929348,8.082802299932919,3.0885245812739637,9.426926629116545,,5.796087888819746,Latin America & the Caribbean,,,,,,,
1975,HND,Honduras,6.343544360421183,8.156089629803185,2.8344283912340456,8.794817521179496,,4.932847315569442,Latin America & the Caribbean,,0.08948573549183525,0.07328732987026676,-0.2540961900399181,-0.6321091079370493,,-0.8632405732503035
1980,HND,Honduras,5.615433136662149,6.349788101098155,2.9004323586900895,8.703271741665281,,5.299703982764359,Latin America & the Caribbean,,-0.7281112237590346,-1.8063015287050304,0.06600396745604398,-0.09154577951421494,,0.3668566671949165
1985,HND,Honduras,5.625514704232458,5.484379118478924,3.0183134264956557,9.319849580425293,,5.3099296751139855,Latin America & the Caribbean,,0.010081567570309424,-0.8654089826192308,0.11788106780556618,0.616577838760012,,0.01022569234962667
1990,HND,Honduras,5.72200723775274,6.321980004303709,3.3060378810163042,8.495041703921965,5.162839350657836,5.385523509921996,Latin America & the Caribbean,Low Income,0.09649253352028175,0.8376008858247852,0.28772445452064854,-0.8248078765033284,,0.07559383480801074
1995,HND,Honduras,6.25382890873148,6.701523073671531,3.7309182119648057,7.162075561803865,8.151682093895811,5.487781217033423,Latin America & the Caribbean,Low Income,0.53182167097874,0.3795430693678217,0.4248803309485014,-1.3329661421180994,2.988842743237975,0.10225770711142701
2000,HND,Honduras,6.59798615999815,8.13821785347196,3.7350284699451737,7.309556685795719,7.501410950312864,6.310506884006376,Latin America & the Caribbean,Low Income,0.3441572512666706,1.4366947798004297,0.004110257980368015,0.1474811239918532,-0.6502711435829474,0.8227256669729526
2005,HND,Honduras,6.921159936153235,8.56667907983008,3.883677126119393,8.51715179844248,7.541265119576885,6.1114067667308785,Latin America & the Caribbean,Lower-Middle Income,0.3231737761550848,0.42846122635811845,0.14864865617421952,1.2075951126467617,0.03985416926402152,-0.19910011727549737
2010,HND,Honduras,7.109828571428574,8.578956792816358,3.9718734961915816,8.965913749925754,7.504822843300409,6.518489200569036,Latin America & the Caribbean,Lower-Middle Income,0.18866863527533884,0.012277712986278999,0.08819637007218839,0.4487619514832737,-0.03644227627647645,0.40708243383815734
2015,HND,Honduras,7.159757142857145,8.891335461069502,3.9778982280364454,9.072589871155131,7.261187975494736,6.606108060770895,Latin America & the Caribbean,Lower-Middle Income,0.049928571428570656,0.3123786682531442,0.006024731844863851,0.10667612122937697,-0.24363486780567278,0.08761886020185905
2020,HND,Honduras,6.930085714285713,8.717916551713714,3.999989256440966,8.992071481660101,6.581344402881258,6.378833909247812,Latin America & the Caribbean,Lower-Middle Income,-0.2296714285714314,-0.17341890935578874,0.022091028404520596,-0.08051838949502965,-0.6798435726134784,-0.2272741515230825
1970,HRV,Croatia,,,,,,,,,,,,,,
1975,HRV,Croatia,,,,,,,,,,,,,,
1980,HRV,Croatia,,,,,,,,,,,,,,
1985,HRV,Croatia,,,,,,,,,,,,,,
1990,HRV,Croatia,,,4.50678960291688,1.6627912052622833,,,,,,,,,,
1995,HRV,Croatia,4.657856475348968,3.283244372359748,4.918290997388421,4.445150990960128,6.948191312220877,3.8516193937149357,Europe & Central Asia,Upper-Middle Income,,,0.4115013944715402,2.782359785697845,,
2000,HRV,Croatia,5.913796544073636,4.345440484905044,5.05750142582478,7.391805353309377,7.3156373367797904,5.390421543929429,Europe & Central Asia,Upper-Middle Income,1.2559400687246685,1.062196112545296,0.13921042843635956,2.946654362349249,0.3674460245589133,1.5388021502144937
2005,HRV,Croatia,6.460003015551631,4.891902320651988,5.506201017635821,8.156963647281296,7.753567494633506,5.972299796231383,Europe & Central Asia,Upper-Middle Income,0.5462064714779942,0.5464618357469435,0.4486995918110406,0.7651582939719193,0.4379301578537156,0.5818782523019532
2010,HRV,Croatia,6.690359712230215,5.304752311782899,6.09362989344787,8.076647304345087,7.97345295692625,5.993116844345045,Europe & Central Asia,High Income,0.2303566966785846,0.41284999113091114,0.5874288758120496,-0.08031634293620904,0.2198854622927442,0.020817048113662473
2015,HRV,Croatia,7.1596834532374105,5.322005966228764,6.035601043860156,9.776838487181513,8.37463643439684,6.310629528721884,Europe & Central Asia,High Income,0.4693237410071953,0.017253654445865685,-0.05802884958771415,1.7001911828364253,0.4011834774705889,0.31751268437683855
2020,HRV,Croatia,6.94,4.785634666477446,6.070852235598476,9.578645062504526,8.10100373595308,6.159378661014197,Europe & Central Asia,High Income,-0.21968345323741012,-0.5363712997513188,0.03525119173832003,-0.19819342467698675,-0.2736326984437589,-0.15125086770768625
1970,HTI,Haiti,6.1407876147422655,8.866367852326801,2.9011752051483324,9.167537650615758,,2.240211617278769,Latin America & the Caribbean,,,,,,,
1975,HTI,Haiti,5.4766425316170615,8.58352692503573,2.781820641560412,6.920898346865292,,2.240211617278769,Latin America & the Caribbean,,-0.664145083125204,-0.2828409272910708,-0.11935456358792029,-2.2466393037504657,,0.0
1980,HTI,Haiti,5.269193950873992,8.365817357892533,2.7834796196275917,7.5749869806032955,,2.244940423420314,Latin America & the Caribbean,,-0.20744858074306993,-0.21770956714319745,0.0016589780671796284,0.6540886337380032,,0.004728806141545139
1985,HTI,Haiti,5.402461502160688,8.205275234039089,3.1587377242583576,8.899217302647045,,2.422270653728262,Latin America & the Caribbean,,0.13326755128669632,-0.16054212385344435,0.3752581046307659,1.32423032204375,,0.1773302303079478
1990,HTI,Haiti,5.605944044614952,8.928001013882128,3.35173337110451,8.347627116943356,,2.745801383514365,Latin America & the Caribbean,Low Income,0.2034825424542639,0.7227257798430387,0.19299564684615245,-0.5515901857036898,,0.323530729786103
1995,HTI,Haiti,5.998654660700062,9.05510060632544,4.1597981753941875,6.299798198106438,,4.99587167082112,Latin America & the Caribbean,Low Income,0.39271061608511015,0.1270995924433116,0.8080648042896774,-2.0478289188369176,,2.250070287306755
2000,HTI,Haiti,6.328251070628636,7.87406046288809,3.4038379079699883,7.449483901622577,6.318730597489786,6.749147620898068,Latin America & the Caribbean,Low Income,0.3295964099285742,-1.1810401434373494,-0.7559602674241992,1.1496857035161394,,1.7532759500769481
2005,HTI,Haiti,6.297806366788046,8.63568430217028,2.908014013279085,7.139566667241443,7.356322720140687,5.43414958936245,Latin America & the Caribbean,Low Income,-0.030444703840590392,0.7616238392821897,-0.49582389469090327,-0.3099172343811345,1.037592122650901,-1.3149980315356178
2010,HTI,Haiti,6.2199354998107586,7.155904956238258,2.8730652144883235,7.967669921369194,7.317610695254672,5.825760407581537,Latin America & the Caribbean,Low Income,-0.07787086697728718,-1.4797793459320214,-0.034948798790761515,0.8281032541277513,-0.03871202488601533,0.39161081821908716
2015,HTI,Haiti,6.36914924933765,7.355993507145047,3.019103825643459,7.278227221782518,8.030601508993831,6.202316790606866,Latin America & the Caribbean,Low Income,0.1492137495268917,0.20008855090678868,0.14603861115513528,-0.6894426995866763,0.7129908137391592,0.3765563830253287
2020,HTI,Haiti,6.189700996677741,8.481396279251294,2.88238290011489,5.555798442961954,7.929049819039772,6.085899431877222,Latin America & the Caribbean,Low Income,-0.17944825265990882,1.1254027721062476,-0.13672092552856885,-1.7224287788205643,-0.10155168995405894,-0.11641735872964354
1970,HUN,Hungary,4.26824783938858,2.7535944008550626,6.028248375842305,6.9017371206058264,,3.1511037614236725,Europe & Central Asia,,,,,,,
1975,HUN,Hungary,4.259299730710616,2.7623402520940803,6.013152139644909,6.830228229073755,,3.1511037614236725,Europe & Central Asia,,-0.008948108677963695,0.008745851239017721,-0.015096236197396529,-0.07150889153207185,,0.0
1980,HUN,Hungary,4.377379327205563,2.978196811100853,6.231581831209006,6.660112339744829,2.8195224719784364,3.2714938966905236,Europe & Central Asia,,0.11807959649494748,0.21585655900677292,0.21842969156409708,-0.17011588932892518,,0.12039013526685105
1985,HUN,Hungary,4.710541390164127,3.028164622974077,6.23468813370462,7.018409522579204,3.1844183618312965,4.100608056406231,Europe & Central Asia,,0.33316206295856343,0.049967811873223855,0.003106302495614166,0.3582971828343746,0.36489588985286003,0.8291141597157075
1990,HUN,Hungary,5.778911602366301,4.611036157080716,7.040155181948369,5.914914417463254,5.138014818274294,5.828411310538035,Europe & Central Asia,Upper-Middle Income,1.0683702122021739,1.5828715341066388,0.8054670482437487,-1.1034951051159503,1.9535964564429973,1.7278032541318042
1995,HUN,Hungary,6.855273076224763,5.972297661533425,7.501780878774501,5.867511425232305,9.268891027788708,6.06594234936929,Europe & Central Asia,Upper-Middle Income,1.0763614738584621,1.3612615044527088,0.4616256968261325,-0.047402992230948904,4.1308762095144145,0.23753103883125437
2000,HUN,Hungary,6.938367295330518,6.224897163899264,7.1068286076146086,6.7407861598557135,7.734385984981078,6.889150123708353,Europe & Central Asia,Upper-Middle Income,0.08309421910575487,0.2525995023658396,-0.39495227115989273,0.8732747346234087,-1.5345050428076306,0.8232077743390631
2005,HUN,Hungary,7.36957627118644,5.594368076026052,7.103323405786001,9.070135928692762,8.330510123198774,6.726205651923869,Europe & Central Asia,Upper-Middle Income,0.4312089758559221,-0.6305290878732119,-0.003505201828607696,2.329349768837049,0.5961241382176965,-0.1629444717844839
2010,HUN,Hungary,7.369576271186441,5.6996220214925275,6.550369432043813,9.088107491446799,8.29944351174116,7.213785191644826,Europe & Central Asia,High Income,8.881784197001252e-16,0.10525394546647515,-0.5529539737421878,0.01797156275403644,-0.031066611457614357,0.487579539720957
2015,HUN,Hungary,7.429491525423729,5.401178467195028,6.597268110105042,9.78423843392015,8.496975003471682,6.8824910891209825,Europe & Central Asia,High Income,0.059915254237288273,-0.29844355429749925,0.04689867806122905,0.696130942473351,0.19753149173052265,-0.3312941025238434
2020,HUN,Hungary,7.199816384180792,5.816503436027885,6.605765223982811,9.019226919134212,8.037490039209835,6.529189555047638,Europe & Central Asia,High Income,-0.22967514124293675,0.41532496883285663,0.008497113877768747,-0.7650115147859378,-0.45948496426184704,-0.35330153407334475
1970,IDN,Indonesia,4.330267372834505,7.353621479640701,2.7970321956981246,5.233987982349521,3.6251558954667753,3.31584135070381,East Asia & Pacific,,,,,,,
1975,IDN,Indonesia,4.778226066576006,7.192248192544767,2.573559097070601,6.457046308977365,4.81645535080094,3.053125621469093,East Asia & Pacific,,0.44795869374150143,-0.1613732870959339,-0.22347309862752374,1.2230583266278439,1.1912994553341645,-0.26271572923471664
1980,IDN,Indonesia,4.807302492944623,6.448002672652056,2.5748858891808126,6.613581468624052,5.4715878149891,3.0002636046018716,East Asia & Pacific,,0.029076426368616737,-0.7442455198927114,0.0013267921102118052,0.15653515964668774,0.65513246418816,-0.052862016867221584
1985,IDN,Indonesia,5.6964580353388525,7.5869632597535475,2.951076728847176,8.791802933898714,6.01967757741811,3.3181575438739674,East Asia & Pacific,,0.8891555423942297,1.1389605871014918,0.37619083966636335,2.178221465274661,0.5480897624290106,0.31789393927209586
1990,IDN,Indonesia,5.882105895838746,7.879544985986277,3.130700260997347,8.280314749943335,6.277017379897776,3.9824190064223535,East Asia & Pacific,Low Income,0.1856478604998939,0.29258172623272927,0.1796235321501709,-0.5114881839553789,0.2573398024796658,0.664261462548386
1995,IDN,Indonesia,6.12966927529324,8.004014983430412,3.721556357067341,8.840684799930568,6.015795710559065,4.305984264220035,East Asia & Pacific,Low Income,0.24756337945449314,0.12446999744413567,0.5908560960699942,0.5603700499872328,-0.2612216693387115,0.3235652577976813
2000,IDN,Indonesia,5.899446955094432,7.953907146979434,3.4398642059636546,6.213316024156996,7.076651902731004,4.809484749049676,East Asia & Pacific,Lower-Middle Income,-0.2302223201988074,-0.05010783645097838,-0.2816921511036865,-2.6273687757735713,1.060856192171939,0.5035004848296412
2005,IDN,Indonesia,6.343462696223724,8.011013928693192,4.18596906582052,6.975196746256751,7.1270748769466445,5.446900225137795,East Asia & Pacific,Lower-Middle Income,0.44401574112929154,0.057106781713757826,0.7461048598568651,0.7618807220997548,0.05042297421564079,0.637415476088119
2010,IDN,Indonesia,6.780258249641319,8.350771973505271,4.275950268546981,8.547509812606835,7.076468915847674,5.653288516636229,East Asia & Pacific,Lower-Middle Income,0.43679555341759535,0.33975804481207916,0.08998120272646126,1.572313066350084,-0.0506059610989702,0.20638829149843385
2015,IDN,Indonesia,6.930043041606886,8.402276497867609,4.779122534892885,8.828641685945955,7.071681801945868,5.574775219599812,East Asia & Pacific,Lower-Middle Income,0.14978479196556727,0.05150452436233799,0.5031722663459037,0.2811318733391204,-0.004787113901806528,-0.07851329703641685
2020,IDN,Indonesia,6.910071736011478,8.202343902883403,4.8581733214249105,9.413744621196313,6.555286316138903,5.505330022747183,East Asia & Pacific,Upper-Middle Income,-0.019971305595408495,-0.19993259498420635,0.0790507865320258,0.5851029352503581,-0.5163954858069646,-0.06944519685262929
1970,IND,India,5.684677585496601,5.582194223828265,5.33578153862462,6.689620235477155,,6.786866226607418,South Asia,,,,,,,
1975,IND,India,4.987229747276009,5.112448921895973,5.148605324453336,6.281702955785372,3.489048987216284,4.7342177446844875,South Asia,,-0.697447838220592,-0.46974530193229125,-0.18717621417128427,-0.40791727969178293,,-2.0526484819229305
1980,IND,India,5.097833632800275,4.9404128654908614,5.279804862761733,5.863319326840408,3.742099702418454,5.564710048263408,South Asia,,0.1106038855242657,-0.172036056405112,0.1311995383083966,-0.41838362894496406,0.25305071520216993,0.8304923035789207
1985,IND,India,4.965818020795488,4.376357018291429,5.266936755419758,6.538541758521188,3.0588627713725964,5.439313093949205,South Asia,,-0.13201561200478729,-0.5640558471994321,-0.012868107341974522,0.6752224316807798,-0.6832369310458577,-0.12539695431420306
1990,IND,India,5.189229056495898,5.241963305651757,5.204016394883678,6.595841265175565,3.3625236296152,5.410782586350829,South Asia,Low Income,0.2234110357004102,0.8656062873603281,-0.06292036053608019,0.05729950665437755,0.30366085824260347,-0.02853050759837572
1995,IND,India,5.673145258192936,6.314617056856983,5.768962972957498,6.482639845452715,3.9384741944109507,5.722745827418135,South Asia,Low Income,0.4839162016970384,1.0726537512052259,0.5649465780738199,-0.11320141972285036,0.5759505647957508,0.3119632410673052
2000,IND,India,6.132302698154595,7.259371855014763,4.982362070903647,6.521451399681787,5.850694098955344,6.098658730745578,South Asia,Low Income,0.4591574399616585,0.9447547981577795,-0.7866009020538511,0.03881155422907234,1.9122199045443935,0.37591290332744354
2005,IND,India,6.24051593323217,7.336608017427541,5.392653954265827,6.68390353954592,6.025574745134578,5.764893144580839,South Asia,Low Income,0.1082132350775753,0.07723616241277842,0.4102918833621807,0.16245213986413276,0.1748806461792336,-0.3337655861647395
2010,IND,India,5.881062215477997,7.278971283173368,5.119391751647636,5.452790943097376,6.115045040047973,5.421696054690643,South Asia,Lower-Middle Income,-0.3594537177541728,-0.05763673425417348,-0.27326220261819145,-1.2311125964485434,0.08947029491339542,-0.3431970898901957
2015,IND,India,6.270470409711684,7.449486013776568,5.139949447803927,7.594209990655023,5.364638903859814,5.8125414421958865,South Asia,Lower-Middle Income,0.38940819423368644,0.1705147306032,0.020557696156290994,2.1414190475576467,-0.7504061361881593,0.39084538750524356
2020,IND,India,6.599969650986343,7.586041035109641,5.390005111075317,7.765427128835699,6.265486931546984,5.981278476871505,South Asia,Lower-Middle Income,0.3294992412746591,0.1365550213330735,0.2500556632713904,0.1712171381806762,0.9008480276871698,0.16873703467561807
1970,IRL,Ireland,6.83366550881524,5.664796829558629,7.937479680078247,6.646124273779793,6.528155266848456,7.108889703315141,Europe & Central Asia,,,,,,,
1975,IRL,Ireland,6.560318888462629,4.9910119264514305,7.900433627306965,5.70219473519233,7.004574010780794,7.049070222080534,Europe & Central Asia,,-0.27334662035261026,-0.6737849031071983,-0.0370460527712817,-0.9439295385874633,0.47641874393233774,-0.0598194812346069
1980,IRL,Ireland,6.773505026640145,5.373682724576608,7.880226479936084,5.937945911031782,7.440460177388028,7.0986480822792,Europe & Central Asia,,0.21318613817751597,0.38267079812517757,-0.020207147370880918,0.23575117583945193,0.4358861666072338,0.04957786019866628
1985,IRL,Ireland,6.908014346318105,4.763768279149647,7.688241547363447,6.656088762062182,7.340443102899754,7.993275592861332,Europe & Central Asia,,0.1345093196779601,-0.6099144454269609,-0.1919849325726375,0.7181428510304002,-0.10001707448827357,0.894627510582132
1990,IRL,Ireland,7.196248602770878,5.534437346423511,8.100917037736131,6.798814728144469,7.475631016768522,7.937470249056349,Europe & Central Asia,High Income,0.2882342564527729,0.7706690672738636,0.4126754903726848,0.1427259660822875,0.1351879138687675,-0.05580534380498303
1995,IRL,Ireland,7.89139642698412,5.904320720291719,7.89339354472671,9.601926232935046,7.931045207983563,8.101470358198593,Europe & Central Asia,High Income,0.6951478242132421,0.36988337386820813,-0.20752349300942186,2.803111504790577,0.45541419121504134,0.16400010914224428
2000,IRL,Ireland,8.209838653545901,6.321960628495069,7.8939951344720685,9.146536933882318,9.537238691877453,8.12730703807296,Europe & Central Asia,High Income,0.318442226561781,0.4176399082033502,0.0006015897453588437,-0.45538929905272774,1.6061934838938905,0.025836679874366553
2005,IRL,Ireland,8.239764267990074,6.691943785278867,7.9506087695002226,9.532277582117215,9.067452497847192,7.954315081908822,Europe & Central Asia,High Income,0.02992561444417241,0.3699831567837979,0.056613635028154086,0.38574064823489707,-0.46978619403026123,-0.17299195616413776
2010,IRL,Ireland,7.850248138957816,5.744028226031183,7.841904986843133,9.291902329221061,8.928043419779614,7.4655311609720805,Europe & Central Asia,High Income,-0.3895161290322582,-0.9479155592476838,-0.10870378265708958,-0.24037525289615402,-0.13940907806757785,-0.4887839209367417
2015,IRL,Ireland,8.30967741935484,6.476776039908955,8.094513261220776,9.627622683580523,9.101475865258356,8.265399125960593,Europe & Central Asia,High Income,0.4594292803970239,0.7327478138777721,0.25260827437764277,0.3357203543594611,0.17343244547874193,0.799867964988513
2020,IRL,Ireland,7.900186104218363,6.151790507307108,8.019056005989022,9.023674212135653,8.441588839530386,7.847483847450836,Europe & Central Asia,High Income,-0.4094913151364761,-0.3249855326018469,-0.07545725523175406,-0.6039484714448697,-0.6598870257279703,-0.4179152785097573
1970,IRN,"Iran, Islamic Rep.",4.757381481153703,3.595376768997868,3.921688596561347,7.901829865984983,6.416911506087239,3.614205123051251,Middle East & North Africa,,,,,,,
1975,IRN,"Iran, Islamic Rep.",4.977328912645398,3.3251790423251673,3.4894755340965404,7.351007886511342,10.0,3.614205123051251,Middle East & North Africa,,0.21994743149169516,-0.2701977266727007,-0.4322130624648066,-0.5508219794736409,3.5830884939127614,0.0
1980,IRN,"Iran, Islamic Rep.",3.777972548152532,4.047295741473724,2.283099744160939,7.760515488984072,1.3480333835677534,3.4949301392662266,Middle East & North Africa,,-1.1993563644928664,0.722116699148557,-1.2063757899356014,0.40950760247273,-8.651966616432247,-0.11927498378502444
1985,IRN,"Iran, Islamic Rep.",4.1189771962043045,4.944109321952635,2.8322339527466096,8.931608577377355,1.2453068732800954,2.8924654675797443,Middle East & North Africa,,0.34100464805177255,0.896813580478911,0.5491342085856705,1.1710930883932837,-0.102726510287658,-0.6024646716864823
1990,IRN,"Iran, Islamic Rep.",4.488264806898484,5.395040391056732,2.992308683695134,9.382236563003342,1.8967409455206945,3.053038023847685,Middle East & North Africa,Lower-Middle Income,0.3692876106941796,0.4509310691040964,0.1600747309485242,0.45062798562598694,0.6514340722405991,0.16057255626794076
1995,IRN,"Iran, Islamic Rep.",4.084508767784186,5.266616870724738,4.089369816613762,4.573708101693893,3.2549374455220206,3.1789975201811305,Middle East & North Africa,Lower-Middle Income,-0.403756039114298,-0.1284235203319941,1.0970611329186282,-4.808528461309449,1.358196500001326,0.1259594963334454
2000,IRN,"Iran, Islamic Rep.",5.107983378562292,5.484064330925385,3.5357164870401916,7.56834443646067,5.293297138753666,3.6406318201668886,Middle East & North Africa,Lower-Middle Income,1.0234746107781056,0.2174474602006473,-0.5536533295735704,2.994636334766777,2.0383596932316457,0.4616342999857581
2005,IRN,"Iran, Islamic Rep.",5.578820465394524,6.148993460059001,3.6668991378303812,7.93496348154861,5.749102459293647,4.403429792159698,Middle East & North Africa,Lower-Middle Income,0.47083708683223247,0.6649291291336157,0.13118265079018965,0.36661904508793963,0.455805320539981,0.7627979719928093
2010,IRN,"Iran, Islamic Rep.",5.440486881206061,6.408348375286853,3.632485058463409,8.049759291565463,4.926137177053831,4.173324639614744,Middle East & North Africa,Upper-Middle Income,-0.1383335841884632,0.2593549152278527,-0.03441407936697205,0.11479581001685357,-0.8229652822398164,-0.23010515254495356
2015,IRN,"Iran, Islamic Rep.",4.998561643835617,6.202965517467775,3.546083629526378,6.775252912592272,4.102689675670191,4.364212244149106,Middle East & North Africa,Upper-Middle Income,-0.44192523737044365,-0.20538285781907817,-0.08640142893703118,-1.2745063789731912,-0.8234475013836402,0.19088760453436127
2020,IRN,"Iran, Islamic Rep.",4.429863013698631,6.678878330718823,3.2620187313382316,5.284234406524415,2.369414326134415,4.555091393004161,Middle East & North Africa,Lower-Middle Income,-0.5686986301369865,0.47591281325104795,-0.2840648981881464,-1.4910185060678574,-1.7332753495357758,0.1908791488550552
1970,IRQ,Iraq,,,2.8698331118602094,,,,,,,,,,,
1975,IRQ,Iraq,,,2.5524007001903226,,,,,,,,-0.3174324116698868,,,
1980,IRQ,Iraq,,,2.2179398476548626,,,,,,,,-0.33446085253546,,,
1985,IRQ,Iraq,,,2.149552424175388,,,,,,,,-0.06838742347947457,,,
1990,IRQ,Iraq,,,2.0985959579473765,,,,,,,,-0.05095646622801153,,,
1995,IRQ,Iraq,,,1.9206415963451937,,,,,,,,-0.1779543616021828,,,
2000,IRQ,Iraq,3.5046562231558855,2.0876192742685156,1.766865449892253,5.2125989900816405,,5.670886592724148,Middle East & North Africa,Lower-Middle Income,,,-0.1537761464529408,,,
2005,IRQ,Iraq,3.505291513212651,3.4640546516616366,1.9689201977400808,1.6063082709798098,,5.718375012911798,Middle East & North Africa,Lower-Middle Income,0.0006352900567656583,1.376435377393121,0.20205474784782784,-3.606290719101831,,0.04748842018764954
2010,IRQ,Iraq,4.74844352965976,4.401368367711276,2.0960060320810356,6.137807009846263,,5.5033058367521175,Middle East & North Africa,Lower-Middle Income,1.2431520164471084,0.9373137160496396,0.12708583434095488,4.531498738866453,,-0.21506917615968035
2015,IRQ,Iraq,5.234507945634056,5.240184726336178,2.279174871488844,7.528596563523634,,5.124109761237644,Middle East & North Africa,Upper-Middle Income,0.4860644159742966,0.8388163586249018,0.18316883940780837,1.3907895536773713,,-0.3791960755144732
2020,IRQ,Iraq,5.659460966542751,4.936480210090907,2.476023130007388,8.295236576199315,6.837930118008229,5.767527136773811,Middle East & North Africa,Upper-Middle Income,0.4249530209086947,-0.30370451624527117,0.19684825851854404,0.7666400126756807,,0.643417375536167
1970,ISL,Iceland,5.906395914041502,5.326982523869262,7.8037558183780105,5.560710517009694,4.7352710318647535,6.246375248515725,Europe & Central Asia,,,,,,,
1975,ISL,Iceland,5.176991599355653,5.549937200453838,8.073467799598344,3.409707534089512,2.3183327988147906,6.006230308255838,Europe & Central Asia,,-0.7294043146858487,0.22295467658457646,0.26971198122033346,-2.1510029829201818,-2.416938233049963,-0.24014494025988675
1980,ISL,Iceland,5.578091849395821,5.59425402840689,8.080428961934176,2.4433039506904173,5.347176714604101,6.230815032429183,Europe & Central Asia,,0.4011002500401677,0.04431682795305125,0.006961162335832327,-0.9664035833990949,3.028843915789311,0.22458472417334452
1985,ISL,Iceland,5.510770051213457,5.602826710995348,8.087228435941967,2.102458055863402,5.464047245912028,6.120677314371779,Europe & Central Asia,,-0.0673217981823635,0.008572682588458669,0.0067994740077903515,-0.34084589482701544,0.11687053130792702,-0.11013771805740369
1990,ISL,Iceland,6.962997412004439,6.2218842605090385,8.21779589909071,6.9974710778880125,6.6904334599011275,6.707440665945922,Europe & Central Asia,High Income,1.4522273607909817,0.6190575495136903,0.13056746314874346,4.89501302202461,1.226386213989099,0.5867633515741426
1995,ISL,Iceland,7.603159833192967,5.817581173928183,7.988425182871626,9.564011967705184,7.467796145220643,7.243970453289393,Europe & Central Asia,High Income,0.6401624211885277,-0.4043030865808559,-0.22937071621908434,2.5665408898171718,0.7773626853195159,0.5365297873434711
2000,ISL,Iceland,7.9733136671773615,6.63081101705386,8.451816331378833,8.99405412845581,8.218711248269885,7.650398591854102,Europe & Central Asia,High Income,0.3701538339843946,0.8132298431256775,0.4633911485072071,-0.5699578392493745,0.750915103049242,0.40642813856470905
2005,ISL,Iceland,8.063228423942462,6.966190035295221,8.806230938919526,8.671423491667419,7.875270574022168,8.053566339428645,Europe & Central Asia,High Income,0.08991475676510063,0.33537901824136096,0.35441460754069354,-0.3226306367883911,-0.3434406742477174,0.40316774757454343
2010,ISL,Iceland,6.661360103626942,5.341113753312312,8.410049277204132,5.99493848476901,7.047178918282654,6.53520007299513,Europe & Central Asia,High Income,-1.4018683203155202,-1.625076281982909,-0.39618166171539393,-2.6764850068984085,-0.8280916557395139,-1.5183662664335156
2015,ISL,Iceland,7.3504663212435215,6.079657810969312,8.597227982052592,7.062843090260927,7.642867114712191,7.382548272701809,Europe & Central Asia,High Income,0.6891062176165796,0.7385440576570002,0.1871787048484599,1.0679046054919166,0.5956881964295366,0.847348199706679
2020,ISL,Iceland,7.729974093264248,5.711690597198556,8.546646905324007,9.47924944616688,8.119436765627938,6.777575231220129,Europe & Central Asia,High Income,0.3795077720207267,-0.3679672137707559,-0.05058107672858547,2.416406355905954,0.47656965091574754,-0.6049730414816796
1970,ISR,Israel,5.181261199550541,4.186001947067248,7.255837456788697,6.104187885722108,3.571272879956891,4.896382256009835,Middle East & North Africa,,,,,,,
1975,ISR,Israel,4.500795375969794,3.2695001088875393,6.344166987178871,5.577548303657891,2.5005309560177618,4.896382256009835,Middle East & North Africa,,-0.6804658235807466,-0.9165018381797085,-0.9116704696098266,-0.5266395820642167,-1.0707419239391291,0.0
1980,ISR,Israel,4.5685492848553615,3.347181426435885,6.370101646749659,1.7192395430513894,6.144864951056459,5.115473390261572,Middle East & North Africa,,0.06775390888556743,0.07768131754834551,0.025934659570788554,-3.8583087606065014,3.644333995038697,0.21909113425173743
1985,ISR,Israel,4.588990221252925,4.1966891562610265,6.76987408302946,1.2586059978682447,5.834061996942312,4.920794271525183,Middle East & North Africa,,0.020440936397563725,0.8495077298251417,0.3997724362798012,-0.4606335451831447,-0.3108029541141466,-0.19467911873638943
1990,ISR,Israel,5.617389721153159,5.188475803021844,6.130004461392277,4.359852630598912,6.438716259872645,5.9495655446208415,Middle East & North Africa,High Income,1.0283994999002335,0.9917866467608176,-0.6398696216371835,3.101246632730667,0.6046542629303326,1.0287712730956589
1995,ISR,Israel,6.560168415612431,5.055760128528499,7.025824083619032,7.3019531664425115,7.278979228342192,6.167549184663203,Middle East & North Africa,High Income,0.942778694459272,-0.13271567449334487,0.8958196222267549,2.9421005358435997,0.8402629684695473,0.2179836400423616
2000,ISR,Israel,6.937303664921466,4.79256878522198,6.996830579341303,7.912448029277088,8.401202763331932,6.604072617059898,Middle East & North Africa,High Income,0.37713524930903564,-0.26319134330651917,-0.028993504277728732,0.6104948628345763,1.1222235349897405,0.43652343239669467
2005,ISR,Israel,7.5299999999999985,5.7207562675596115,6.708796363467901,9.496703790871726,8.850326366222964,6.88980816584086,Middle East & North Africa,High Income,0.5926963350785321,0.9281874823376315,-0.2880342158734024,1.5842557615946378,0.4491236028910315,0.28573554878096186
2010,ISR,Israel,7.46,5.977814102474113,6.449127346285218,9.429946637633835,8.46368576416006,6.988667301556199,Middle East & North Africa,High Income,-0.06999999999999851,0.2570578349145016,-0.25966901718268254,-0.06675715323789078,-0.3866406020629043,0.09885913571533944
2015,ISR,Israel,7.589825970548861,6.043506804384035,6.542680206935598,9.564226185654856,8.620914378140172,7.15330163084054,Middle East & North Africa,High Income,0.12982597054886114,0.0656927019099216,0.09355286065038015,0.1342795480210217,0.1572286139801129,0.16463432928434063
2020,ISR,Israel,7.34016064257028,5.439959644666228,6.479602500771478,9.552152219130564,8.067251087249199,7.158713930062875,Middle East & North Africa,High Income,-0.24966532797858143,-0.6035471597178068,-0.0630777061641199,-0.0120739665242926,-0.5536632908909738,0.005412299222335548
1970,ITA,Italy,6.533249902200609,7.172668575267333,6.486484679403703,6.424505518462211,7.329922728715102,5.42584860705343,Europe & Central Asia,,,,,,,
1975,ITA,Italy,6.069408897059477,6.911439349040919,6.693459642508838,5.68751299831799,6.2495986953294205,5.030830306769888,Europe & Central Asia,,-0.46384100514113236,-0.26122922622641376,0.20697496310513497,-0.7369925201442209,-1.0803240333856818,-0.39501830028354235
1980,ITA,Italy,5.858036447908151,5.027780510926474,6.7923508441231535,5.549308156093386,6.885331895946647,4.912861600469045,Europe & Central Asia,,-0.2113724491513258,-1.883658838114445,0.09889120161431553,-0.13820484222460383,0.6357332006172269,-0.117968706300843
1985,ITA,Italy,6.102528787136371,4.396043598210975,6.817950785569836,6.288093029553724,7.603905480474485,5.181530276770622,Europe & Central Asia,,0.2444923392282199,-0.6317369127154997,0.025599941446682095,0.7387848734603377,0.7185735845278378,0.2686686763015773
1990,ITA,Italy,6.904463659804932,4.895648293644585,6.877803339158457,9.280463388242962,7.703296150719883,5.656333605175521,Europe & Central Asia,High Income,0.8019348726685616,0.49960469543360997,0.059852553588621404,2.9923703586892385,0.0993906702453975,0.47480332840489936
1995,ITA,Italy,6.9238854985104314,5.245785533860145,6.41690849453131,9.576586093856198,7.485033017198518,5.829949262789025,Europe & Central Asia,High Income,0.019421838705499184,0.3501372402155605,-0.4608948446271466,0.29612270561323584,-0.21826313352136495,0.17361565761350395
2000,ITA,Italy,7.53978349120433,6.1534577803993145,6.575539878339655,9.338508476756857,9.238694257123003,6.3290289509841315,Europe & Central Asia,High Income,0.6158979926938981,0.9076722465391693,0.15863138380834485,-0.23807761709934105,1.7536612399244849,0.4990796881951063
2005,ITA,Italy,7.469878213802436,6.434876929185897,6.360947399238874,9.4216930265002,8.614891955175915,6.50079681213339,Europe & Central Asia,High Income,-0.06990527740189378,0.2814191487865827,-0.21459247910078094,0.08318454974334344,-0.6238023019470873,0.17176786114925857
2010,ITA,Italy,7.330067658998647,5.869949133872495,6.46407924261337,9.428842224462397,8.30022111002378,6.60700463957519,Europe & Central Asia,High Income,-0.13981055480378846,-0.5649277953134018,0.10313184337449588,0.007149197962196041,-0.3146708451521345,0.1062078274417999
2015,ITA,Italy,7.559756427604871,5.992096841690836,6.340689589244612,9.763130769033303,8.903242318254227,6.805723103255554,Europe & Central Asia,High Income,0.22968876860622345,0.12214770781834083,-0.12338965336875862,0.3342885445709065,0.6030212082304462,0.19871846368036383
2020,ITA,Italy,7.190257104194859,5.193783335123578,6.693746885370416,8.8526036252761,8.681126942617388,6.522406822128038,Europe & Central Asia,High Income,-0.3694993234100119,-0.7983135065672586,0.3530572961258045,-0.9105271437572036,-0.22211537563683947,-0.28331628112751606
1970,JAM,Jamaica,5.926155072061286,4.765244543349234,6.174124690838261,6.525792623227395,,6.8937625750604115,Latin America & the Caribbean,,,,,,,
1975,JAM,Jamaica,5.10088310647053,4.518587000719328,5.601546042129957,4.56856395848796,3.6307971830202477,6.58561143598141,Latin America & the Caribbean,,-0.8252719655907566,-0.24665754262990625,-0.572578648708304,-1.9572286647394348,,-0.30815113907900127
1980,JAM,Jamaica,4.792905258532686,4.297626476286893,5.607071938144632,5.282975444923287,2.7635142376721684,5.78843580734983,Latin America & the Caribbean,,-0.30797784793784366,-0.22096052443243508,0.0055258960146744585,0.7144114864353268,-0.8672829453480793,-0.7971756286315799
1985,JAM,Jamaica,5.209258644627445,6.160938549985588,5.809115126863426,3.7574042036611415,4.404374474804292,5.809174863131362,Latin America & the Caribbean,,0.4163533860947588,1.8633120736986957,0.20204318871879412,-1.5255712412621456,1.6408602371321233,0.020739055781532123
1990,JAM,Jamaica,5.931984618746928,7.330101450078442,5.938975079238116,4.787357576116839,3.9236338045763324,7.667739838651228,Latin America & the Caribbean,Lower-Middle Income,0.7227259741194834,1.1691629000928536,0.12985995237468995,1.0299533724556973,-0.4807406702279593,1.8585649755198652
1995,JAM,Jamaica,6.71102690253806,7.771695353548202,5.859587115137246,6.264104719704684,6.207151988159139,7.461905250470138,Latin America & the Caribbean,Lower-Middle Income,0.7790422837911315,0.4415939034697596,-0.0793879641008699,1.4767471435878452,2.2835181835828067,-0.2058345881810899
2000,JAM,Jamaica,7.497771581790403,7.775557087603334,5.637641868109997,8.426301567940264,7.968804673500295,7.7184606822636805,Latin America & the Caribbean,Lower-Middle Income,0.7867446792523429,0.0038617340551327928,-0.22194524702724916,2.1621968482355802,1.761652685341156,0.2565554317935428
2005,JAM,Jamaica,7.329442615532552,8.04586460020094,5.778559122826976,7.841341528223668,7.756981968299349,7.241543648966388,Latin America & the Caribbean,Lower-Middle Income,-0.16832896625785043,0.2703075125976051,0.14091725471697902,-0.5849600397165959,-0.21182270520094626,-0.4769170332972923
2010,JAM,Jamaica,7.070522088353414,7.902839704160767,5.669751202488719,7.285971115287299,7.346077476234682,7.1653185582195205,Latin America & the Caribbean,Upper-Middle Income,-0.2589205271791384,-0.14302489604017232,-0.10880792033825681,-0.5553704129363695,-0.4109044920646667,-0.07622509074686779
2015,JAM,Jamaica,7.6197858099062925,7.9956472029162375,6.0246533286322865,9.037619935982349,7.345180121758919,7.712778657800278,Latin America & the Caribbean,Upper-Middle Income,0.5492637215528786,0.09280749875547034,0.35490212614356764,1.75164882069505,-0.0008973544757626684,0.5474600995807579
2020,JAM,Jamaica,7.320187416331994,7.907429737851085,5.761974895827188,8.680780752582839,6.510172200694587,7.734122986928419,Latin America & the Caribbean,Upper-Middle Income,-0.29959839357429807,-0.08821746506515282,-0.2626784328050986,-0.3568391833995097,-0.8350079210643324,0.02134432912814077
1970,JOR,Jordan,5.784483019191206,7.6021443602710805,4.256965253050894,6.5638445843959,,5.553906567014469,Middle East & North Africa,,,,,,,
1975,JOR,Jordan,5.170014127042689,6.3740001353803475,3.552156754799749,5.628273976212774,5.153540377898926,5.693359935096962,Middle East & North Africa,,-0.6144688921485164,-1.228144224890733,-0.7048084982511451,-0.9355706081831263,,0.13945336808249298
1980,JOR,Jordan,5.463645761032944,4.413547269285807,3.5561783716248394,7.7299575355208106,5.530782205293841,6.2671047490517315,Middle East & North Africa,,0.2936316339902545,-1.9604528660945402,0.0040216168250903905,2.1016835593080367,0.37724182739491496,0.5737448139547698
1985,JOR,Jordan,5.5436991787770165,4.670275081833236,3.803964097244991,7.86761925013941,5.550844303138956,6.0065782497136935,Middle East & North Africa,,0.0800534177440726,0.25672781254742905,0.24778572562015144,0.13766171461859944,0.020062097845115368,-0.26052649933803806
1990,JOR,Jordan,5.240069011741526,5.328720761289867,3.855406902677111,6.1421664125039275,4.912795203757554,6.1276779106933565,Middle East & North Africa,Lower-Middle Income,-0.3036301670354904,0.6584456794566309,0.05144280543212032,-1.7254528376354825,-0.6380490993814023,0.12109966097966307
1995,JOR,Jordan,5.870077308954724,5.902954921312161,4.605509231296594,7.155718294618786,5.343053384237587,6.556588410622725,Middle East & North Africa,Lower-Middle Income,0.6300082972131982,0.5742341600222938,0.7501023286194828,1.0135518821148581,0.43025818048003295,0.42891049992936825
2000,JOR,Jordan,7.111633423369852,7.058559204621751,4.681514537686725,9.555801673393983,7.513349546562585,6.711762101146084,Middle East & North Africa,Lower-Middle Income,1.2415561144151281,1.1556042833095903,0.07600530639013137,2.4000833787751974,2.1702961623249983,0.15517369052335894
2005,JOR,Jordan,7.048120496085266,6.7369890820916165,4.6831863716400814,9.171732528059636,8.1225188223074,6.487044559690991,Middle East & North Africa,Lower-Middle Income,-0.06351292728458624,-0.32157012253013484,0.0016718339533561277,-0.38406914533434744,0.609169275744815,-0.22471754145509237
2010,JOR,Jordan,7.208990578734858,7.696120423657038,4.657599923962814,8.481359040574903,7.9616910144889825,7.211912712518031,Middle East & North Africa,Upper-Middle Income,0.16087008264959213,0.9591313415654215,-0.025586447677267365,-0.6903734874847327,-0.16082780781841777,0.7248681528270398
2015,JOR,Jordan,7.3997577388963665,7.480688425348893,4.677345423927535,9.727674510786981,7.923003186582945,7.181730913241257,Middle East & North Africa,Upper-Middle Income,0.1907671601615082,-0.2154319983081452,0.019745499964720636,1.2463154702120782,-0.03868782790603742,-0.030181799276774335
2020,JOR,Jordan,7.369636608344549,7.667343017958969,4.969928961708419,9.828314909862936,7.282220911243764,7.104677392888742,Middle East & North Africa,Upper-Middle Income,-0.030121130551817643,0.18665459261007644,0.2925835377808843,0.10064039907595479,-0.6407822753391814,-0.07705352035251511
1970,JPN,Japan,6.872726224295519,6.111073626994555,8.24450518400739,6.504043139927186,6.111615572435687,7.030083403196271,East Asia & Pacific,,,,,,,
1975,JPN,Japan,7.072991094407441,5.44417572493056,8.413667229300087,7.412376194785817,6.870955437387597,7.030083403196271,East Asia & Pacific,,0.20026487011192184,-0.6668979020639956,0.16916204529269585,0.9083330548586313,0.7593398649519099,0.0
1980,JPN,Japan,7.157980306489773,5.094866174012028,8.122219033252957,8.015637894066945,7.135268543497755,7.239421275505243,East Asia & Pacific,,0.08498921208233234,-0.349309550918532,-0.29144819604712957,0.6032616992811279,0.26431310611015846,0.20933787230897138
1985,JPN,Japan,7.466352826221056,5.56360255658956,8.121072564558336,8.388597921105166,7.946598826371052,7.166546562307742,East Asia & Pacific,,0.3083725197312823,0.46873638257753214,-0.0011464686946212055,0.3729600270382214,0.8113302828732971,-0.07287471319750072
1990,JPN,Japan,7.942928538533038,6.25010648797621,8.062298247844074,9.639884611569828,8.378890615120742,7.264914357525716,East Asia & Pacific,High Income,0.47657571231198226,0.6865039313866506,-0.05877431671426159,1.2512866904646618,0.43229178874968976,0.09836779521797379
1995,JPN,Japan,7.799381637234249,6.17302952834433,7.9245836869496395,9.833347246619331,7.877365518939156,7.131907959483952,East Asia & Pacific,High Income,-0.1435469012987891,-0.07707695963188055,-0.1377145608944348,0.193462635049503,-0.5015250961815862,-0.13300639804176395
2000,JPN,Japan,8.139753653821778,6.86665974289635,8.063576364818251,9.764923143217326,8.393075161950069,7.549137890696199,East Asia & Pacific,High Income,0.340372016587529,0.6936302145520203,0.1389926778686119,-0.06842410340200544,0.5157096430109132,0.4172299312122467
2005,JPN,Japan,8.05970663265306,6.712933529176066,7.910195463468018,9.909639509410193,8.052950468052394,7.672323820821962,East Asia & Pacific,High Income,-0.08004702116871698,-0.15372621372028394,-0.15338090135023386,0.14471636619286699,-0.34012469389767475,0.1231859301257634
2010,JPN,Japan,7.8999107142857135,6.414039480072282,7.927553449339701,9.864255466588157,7.857449126968176,7.420135953839813,East Asia & Pacific,High Income,-0.1597959183673474,-0.2988940491037839,0.017357985871683468,-0.04538404282203601,-0.1955013410842179,-0.25218786698214934
2015,JPN,Japan,7.979808673469387,6.11104638179144,8.008074686107639,9.624983062020602,8.457750668856484,7.706731160545361,East Asia & Pacific,High Income,0.0798979591836737,-0.302993098280842,0.08052123676793776,-0.23927240456755428,0.6003015418883075,0.28659520670554794
2020,JPN,Japan,7.83,5.862513180516815,8.027808799759747,9.779228827511371,8.012090942198757,7.492933261934039,East Asia & Pacific,High Income,-0.1498086734693871,-0.24853320127462553,0.019734113652107865,0.15424576549076896,-0.4456597266577269,-0.2137978986113218
1970,KAZ,Kazakhstan,,,,,,,,,,,,,,
1975,KAZ,Kazakhstan,,,,,,,,,,,,,,
1980,KAZ,Kazakhstan,,,,,,,,,,,,,,
1985,KAZ,Kazakhstan,,,5.723466409739125,,,,,,,,,,,
1990,KAZ,Kazakhstan,,,5.723466409739125,,,4.878751202047559,,,,,0.0,,,
1995,KAZ,Kazakhstan,,8.357568022017917,5.552631445515966,,,4.873147735889006,,,,,-0.17083496422315836,,,-0.0056034661585533385
2000,KAZ,Kazakhstan,5.554263749791089,8.262868278604811,5.4036429208841605,3.4890784514045605,,5.5368204643698276,Europe & Central Asia,Lower-Middle Income,,-0.09469974341310561,-0.14898852463180567,,,0.6636727284808215
2005,KAZ,Kazakhstan,6.23576981753246,8.099313096040127,5.29147316604288,6.3256766563482625,5.91003012418813,5.584479108042052,Europe & Central Asia,Lower-Middle Income,0.6815060677413705,-0.16355518256468393,-0.11216975484128078,2.836598204943702,,0.047658643672224166
2010,KAZ,Kazakhstan,6.3759292035398225,7.673609798967197,5.33369509856364,7.3673596863239075,5.610946991664243,5.90145403730964,Europe & Central Asia,Upper-Middle Income,0.14015938600736266,-0.4257032970729302,0.042221932520760674,1.041683029975645,-0.2990831325238865,0.3169749292675883
2015,KAZ,Kazakhstan,6.84,7.838381544459134,5.50276515511231,8.249464209475018,6.351102126054704,6.254279176224644,Europe & Central Asia,Upper-Middle Income,0.46407079646017735,0.16477174549193663,0.16907005654866936,0.8821045231511109,0.7401551343904602,0.3528251389150041
2020,KAZ,Kazakhstan,6.961061946902653,7.667256509461325,5.618678970240407,8.770199875489565,6.677414091460229,6.058178405463752,Europe & Central Asia,Upper-Middle Income,0.12106194690265326,-0.17112503499780907,0.1159138151280974,0.5207356660145468,0.32631196540552576,-0.19610077076089194
1970,KEN,Kenya,4.7191215283929955,5.2869757476018355,4.275159955394536,5.780335052238961,2.7404461888742726,5.706357801211403,Sub-Saharan Africa,,,,,,,
1975,KEN,Kenya,4.896672635401841,5.364460242654516,4.325118694943412,5.733802382345127,3.9110093662488783,5.113817476261011,Sub-Saharan Africa,,0.17755110700884558,0.07748449505268074,0.04995873954887564,-0.046532669893833756,1.1705631773746057,-0.5925403249503916
1980,KEN,Kenya,4.530829277584462,3.809226013600963,3.6901349105203827,5.975147426880918,3.71034139298466,5.381013364761563,Sub-Saharan Africa,,-0.3658433578173792,-1.5552342290535535,-0.6349837844230293,0.24134504453579098,-0.20066797326421826,0.2671958885005514
1985,KEN,Kenya,4.9044071672795875,4.195760317694107,3.950857168170568,6.767074348481161,4.080545355361251,5.479362705744095,Sub-Saharan Africa,,0.3735778896951256,0.3865343040931446,0.26072225765018553,0.7919269216002434,0.37020396237659137,0.09834934098253267
1990,KEN,Kenya,5.009775290014109,4.857358018572312,3.7865797029091475,6.624420306937363,3.8243990106359336,5.9338916710396274,Sub-Saharan Africa,Low Income,0.10536812273452156,0.6615977008782048,-0.16427746526142073,-0.14265404154379802,-0.25614634472531783,0.4545289652955322
1995,KEN,Kenya,5.706114712564332,5.91907336960736,4.817063075962304,6.5043494299004925,5.88339281657044,5.303695531981698,Sub-Saharan Africa,Low Income,0.6963394225502233,1.0617153510350477,1.0304833730531566,-0.1200708770368708,2.0589938059345068,-0.6301961390579294
2000,KEN,Kenya,6.097991937380309,5.879027832713033,3.761328873909487,8.355974051631398,6.599010129837005,5.895971780809548,Sub-Saharan Africa,Low Income,0.39187722481597653,-0.04004553689432644,-1.0557342020528173,1.8516246217309051,0.7156173132665646,0.5922762488278499
2005,KEN,Kenya,6.829627858052373,8.266472240741127,4.2579172892428,8.309849591686083,6.4407740092406645,6.840153806791969,Sub-Saharan Africa,Low Income,0.7316359206720637,2.3874444080280934,0.49658841533331355,-0.046124459945314555,-0.1582361205963405,0.9441820259824212
2010,KEN,Kenya,6.729925261584455,7.631070564151614,4.638599573282398,8.47115515954306,6.710306601315399,6.2025312310909495,Sub-Saharan Africa,Low Income,-0.09970259646791746,-0.6354016765895132,0.38068228403959736,0.16130556785697614,0.2695325920747349,-0.6376225757010197
2015,KEN,Kenya,6.67001494768311,7.644762707905581,4.802961819837124,8.405911535755202,6.5142040499948495,5.993526241268481,Sub-Saharan Africa,Lower-Middle Income,-0.05991031390134527,0.013692143753967656,0.16436224655472653,-0.06524362378785753,-0.19610255132054988,-0.20900498982246862
2020,KEN,Kenya,6.749895366218237,7.204171211603114,4.7523569100169505,9.023834965391675,6.209179984665845,6.580630261909094,Sub-Saharan Africa,Lower-Middle Income,0.07988041853512673,-0.4405914963024671,-0.05060490982017374,0.6179234296364733,-0.30502406532900483,0.5871040206406128
1970,KGZ,Kyrgyz Republic,,,,,,,,,,,,,,
1975,KGZ,Kyrgyz Republic,,,,,,,,,,,,,,
1980,KGZ,Kyrgyz Republic,,,,,,,,,,,,,,
1985,KGZ,Kyrgyz Republic,,,6.143909953787454,,,,,,,,,,,
1990,KGZ,Kyrgyz Republic,,,6.077175933511094,,,3.738692362725228,,,,,-0.06673402027636044,,,
1995,KGZ,Kyrgyz Republic,,,4.687164032819857,,,2.879432993296936,,,,,-1.3900119006912366,,,-0.8592593694282922
2000,KGZ,Kyrgyz Republic,4.664847390015851,6.388696886910624,3.877708555797867,2.7733081966641295,,5.194042913572371,Europe & Central Asia,Low Income,,,-0.8094554770219902,,,2.3146099202754353
2005,KGZ,Kyrgyz Republic,6.431724629773222,7.4092525774038815,3.9065877951882015,8.490864573017,6.806370803125079,5.4821727290168845,Europe & Central Asia,Low Income,1.7668772397573713,1.0205556904932571,0.028879239390334543,5.71755637635287,,0.2881298154445133
2010,KGZ,Kyrgyz Republic,6.340334855403348,7.64314226716212,4.090023468428636,7.375472419406544,6.757301907245168,5.849931252401431,Europe & Central Asia,Low Income,-0.09138977436987439,0.23388968975823854,0.1834356732404343,-1.115392153610455,-0.04906889587991081,0.3677585233845466
2015,KGZ,Kyrgyz Republic,6.669832572298326,7.4495415297860115,4.459106892337414,7.963091420079598,7.5235161739338166,5.976584683690964,Europe & Central Asia,Lower-Middle Income,0.329497716894978,-0.1936007373761086,0.36908342390877813,0.5876190006730537,0.7662142666886487,0.1266534312895331
2020,KGZ,Kyrgyz Republic,6.6199086757990875,7.147957722829445,4.388943000435198,8.513765268888903,6.992302409129539,6.035716890499114,Europe & Central Asia,Lower-Middle Income,-0.04992389649923812,-0.3015838069565664,-0.07016389190221606,0.5506738488093053,-0.5312137648042778,0.05913220680815012
1970,KHM,Cambodia,,,4.35636118403537,,,,,,,,,,,
1975,KHM,Cambodia,,,3.9650296916209937,,,,,,,,-0.39133149241437604,,,
1980,KHM,Cambodia,,,3.8841850710448504,,,,,,,,-0.08084462057614328,,,
1985,KHM,Cambodia,,,3.9088057810586454,,,,,,,,0.024620710013794955,,,
1990,KHM,Cambodia,,,3.9208810345768255,,,3.8167585841921223,,,,,0.012075253518180062,,,
1995,KHM,Cambodia,,5.588159997871242,3.5242424740489997,,,3.6727386930454795,,,,,-0.39663856052782576,,,-0.14401989114664282
2000,KHM,Cambodia,6.4210921903105085,8.730716859487407,3.189371621431141,8.619256844561626,,4.692625975486749,East Asia & Pacific,Low Income,,3.142556861616165,-0.33487085261785854,,,1.0198872824412692
2005,KHM,Cambodia,6.680292242029463,9.463062118046048,3.1538951043091608,8.222095838749777,,5.3077892980999275,East Asia & Pacific,Low Income,0.2592000517189543,0.7323452585586416,-0.03547651712198041,-0.3971610058118493,,0.6151633226131787
2010,KHM,Cambodia,6.29283262751303,8.006453095342973,3.3187346590569615,8.270852686945227,7.0045172660626855,4.895155842873896,East Asia & Pacific,Low Income,-0.38745961451643307,-1.4566090227030752,0.16483955474780076,0.048756848195450786,,-0.41263345522603156
2015,KHM,Cambodia,6.740073529411764,9.071540015788987,3.1579245342244646,9.183668519384668,7.158144329610956,5.140440108894992,East Asia & Pacific,Lower-Middle Income,0.4472409018987342,1.0650869204460136,-0.1608101248324969,0.9128158324394402,0.15362706354827083,0.24528426602109565
2020,KHM,Cambodia,6.62025,9.047879164485499,3.2229917013199345,8.788493850750386,6.686330369751139,5.334197794513988,East Asia & Pacific,Lower-Middle Income,-0.11982352941176355,-0.023660851303487718,0.06506716709546989,-0.3951746686342812,-0.47181395985981744,0.19375768561899598
1970,KOR,"Korea, Rep.",5.2997607520206795,6.777260865382225,4.798111363677608,4.668062719811955,5.60327791441163,4.679162752589267,East Asia & Pacific,,,,,,,
1975,KOR,"Korea, Rep.",5.396923032474391,6.851226721141772,4.560246566059337,4.725897831776812,6.783539480364502,4.389897700211014,East Asia & Pacific,,0.09716228045371178,0.07396585575954706,-0.23786479761827017,0.0578351119648568,1.180261565952872,-0.2892650523782532
1980,KOR,"Korea, Rep.",5.37778500753654,6.256439349717117,4.599748623153008,5.057964992177945,6.336114808930601,4.856918560816238,East Asia & Pacific,,-0.01913802493785166,-0.5947873714246548,0.03950205709367083,0.3320671604011336,-0.4474246714339012,0.4670208606052242
1985,KOR,"Korea, Rep.",5.917526203548419,6.788773319610814,4.7425089568816565,6.459308007634264,6.202942210544455,5.499620110265975,East Asia & Pacific,,0.539741196011879,0.5323339698936973,0.14276033372864827,1.4013430154563187,-0.13317259838614603,0.642701549449737
1990,KOR,"Korea, Rep.",6.869433403787552,7.018513771394397,6.180786216727332,6.456416253511988,8.425690723491268,6.537865389348449,East Asia & Pacific,Upper-Middle Income,0.9519072002391331,0.2297404517835826,1.438277259845676,-0.0028917541222757137,2.222748512946813,1.0382452790824734
1995,KOR,"Korea, Rep.",7.359392991539501,7.473337222038146,6.582272620866435,8.020415145773933,8.151191993308235,6.761990682966019,East Asia & Pacific,High Income,0.48995958775194914,0.4548234506437492,0.40148640413910286,1.563998892261945,-0.2744987301830335,0.22412529361757016
2000,KOR,"Korea, Rep.",7.227613227228188,7.233055946603947,6.730020031451965,7.584249052873119,7.7805086228345886,6.919992688427758,East Asia & Pacific,High Income,-0.13177976431131277,-0.24028127543419942,0.14774741058552987,-0.4361660929008142,-0.3706833704736461,0.15800200546173926
2005,KOR,"Korea, Rep.",7.600295247453991,7.127303331122793,7.094595917244895,9.470573597812296,7.416947339862409,6.90985082638077,East Asia & Pacific,High Income,0.37268202022580255,-0.10575261548115389,0.36457588579293,1.8863245449391766,-0.3635612829721797,-0.010141862046988415
2010,KOR,"Korea, Rep.",7.649840848806364,7.282301259452431,6.917713946662387,9.234538572941783,7.835208352263089,7.001823617244264,East Asia & Pacific,High Income,0.0495456013523734,0.15499792832963788,-0.17688197058250843,-0.2360350248705121,0.4182610124006798,0.09197279086349397
2015,KOR,"Korea, Rep.",7.719748010610078,6.906741510435397,6.938417619439118,9.713914126801601,7.841719528619984,7.212102307843375,East Asia & Pacific,High Income,0.06990716180371415,-0.37555974901703326,0.020703672776731352,0.47937555385981767,0.006511176356895021,0.21027869059911097
2020,KOR,"Korea, Rep.",7.4501061007957565,6.211573057624397,7.088597923072954,9.571952573239637,7.344159808779908,7.0359017732603855,East Asia & Pacific,High Income,-0.2696419098143217,-0.695168452811,0.15018030363383605,-0.1419615535619645,-0.4975597198400754,-0.17620053458298912
1970,KWT,Kuwait,7.355755312630357,5.214468310762884,4.8493490414480975,10.0,,7.054272311408019,Middle East & North Africa,,,,,,,
1975,KWT,Kuwait,5.888918476094099,3.6333939972939095,4.210045013323508,6.882495859392222,,7.054272311408019,Middle East & North Africa,,-1.4668368365362587,-1.5810743134689744,-0.6393040281245899,-3.117504140607778,,0.0
1980,KWT,Kuwait,5.5186917742571415,4.684236412550604,4.231453004504184,5.043553665175137,,6.460540075681754,Middle East & North Africa,,-0.37022670183695716,1.0508424152566942,0.021407991180676156,-1.8389421942170845,,-0.5937322357262644
1985,KWT,Kuwait,6.727073494579811,3.8983723930346694,4.712069714464927,8.902134694712379,,6.663621885526367,Middle East & North Africa,,1.2083817203226692,-0.7858640195159343,0.480616709960743,3.858581029537241,,0.20308180984461277
1990,KWT,Kuwait,6.2905839930231044,5.6051636820353865,4.2176505981485946,6.980611468122931,8.30328185322436,6.30681842795215,Middle East & North Africa,High Income,-0.4364895015567063,1.706791289000717,-0.4944191163163323,-1.9215232265894473,,-0.35680345757421694
1995,KWT,Kuwait,6.736031218781218,4.719958806768165,5.504895812968644,9.025067880966802,8.369102557570173,5.925967480557761,Middle East & North Africa,High Income,0.44544722575811324,-0.8852048752672212,1.2872452148200493,2.0444564128438705,0.06582070434581233,-0.3808509473943893
2000,KWT,Kuwait,6.601310594405593,5.9390948837698385,5.0703895105892345,7.905129532995467,8.30454680685693,5.83298655372771,Middle East & North Africa,High Income,-0.1347206243756247,1.2191360770016733,-0.43450630237940935,-1.1199383479713347,-0.06455575071324304,-0.09298092683005077
2005,KWT,Kuwait,6.905904615384614,6.708516860908103,5.2199162790466005,8.160281000440394,8.205053764653133,6.294176011971262,Middle East & North Africa,High Income,0.304594020979021,0.7694219771382649,0.149526768457366,0.2551514674449269,-0.09949304220379673,0.4611894582435525
2010,KWT,Kuwait,6.5299384615384595,5.60247366844971,5.281484280038947,7.598487323822061,8.014038867343087,6.165195065093476,Middle East & North Africa,High Income,-0.3759661538461545,-1.1060431924583938,0.06156800099234694,-0.5617936766183327,-0.19101489731004584,-0.12898094687778627
2015,KWT,Kuwait,6.350215384615383,5.844824719850242,5.242529854504487,7.5779515287071595,7.206350599081688,5.895414284077243,Middle East & North Africa,High Income,-0.17972307692307687,0.24235105140053204,-0.03895442553446049,-0.020535795114901667,-0.8076882682613995,-0.26978078101623293
2020,KWT,Kuwait,6.569876923076922,5.757824627858142,5.273186170611409,8.392873600668459,7.026196294943032,6.401520145569356,Middle East & North Africa,High Income,0.21966153846153968,-0.0870000919920999,0.030656316106922432,0.8149220719612993,-0.18015430413865552,0.506105861492113
1970,LAO,Lao PDR,,,3.6342325795602295,,,,,,,,,,,
1975,LAO,Lao PDR,,,3.555754617977611,,,,,,,,-0.07847796158261833,,,
1980,LAO,Lao PDR,,,4.108345101254525,,,,,,,,0.5525904832769135,,,
1985,LAO,Lao PDR,,,4.109033545290309,,,,,,,,0.0006884440357843857,,,
1990,LAO,Lao PDR,,,3.919226154786681,,,,,,,,-0.18980739050362816,,,
1995,LAO,Lao PDR,,,3.922620142316063,,,,,,,,0.0033939875293822475,,,
2000,LAO,Lao PDR,4.518165336923336,5.54374414635391,3.671064987664811,2.6997643132331666,,5.71170987135906,East Asia & Pacific,Low Income,,,-0.251555154651252,,,
2005,LAO,Lao PDR,6.180850180911124,8.49263737703452,3.6599777311245445,6.400785285323071,,6.090311110788379,East Asia & Pacific,Low Income,1.6626848439877877,2.9488932306806097,-0.011087256540266655,3.7010209720899043,,0.3786012394293188
2010,LAO,Lao PDR,6.084625488190439,6.765829374045904,4.487109076852626,6.647641431701452,,5.809208289685057,East Asia & Pacific,Lower-Middle Income,-0.09622469272068468,-1.7268080029886157,0.8271313457280813,0.24685614637838071,,-0.28110282110332196
2015,LAO,Lao PDR,6.039310954063603,7.019958663283801,4.580719130146898,7.064028232258403,6.581832523310029,4.925221007381842,East Asia & Pacific,Lower-Middle Income,-0.04531453412683639,0.25412928923789746,0.09361005329427208,0.41638680055695154,,-0.8839872823032149
2020,LAO,Lao PDR,6.11916961130742,7.085048982270376,4.456429033624564,6.919001901572211,6.740906544104933,5.3732451852921335,East Asia & Pacific,Lower-Middle Income,0.07985865724381735,0.06509031898657458,-0.12429009652233347,-0.14502633068619186,0.15907402079490396,0.44802417791029114
1970,LBN,Lebanon,,,3.6071743381055583,,,,,,,,,,,
1975,LBN,Lebanon,,,2.9482648901926995,,,,,,,,-0.6589094479128588,,,
1980,LBN,Lebanon,,,2.9256366224131636,,,,,,,,-0.02262826777953597,,,
1985,LBN,Lebanon,,,2.886414546222662,,,,,,,,-0.039222076190501554,,,
1990,LBN,Lebanon,,8.139289407181035,2.2417285612613504,,,,,,,,-0.6446859849613116,,,
1995,LBN,Lebanon,,6.917989588401134,4.6856517896395395,,,5.224519324828082,,,,-1.221299818779901,2.443923228378189,,,
2000,LBN,Lebanon,6.3875052293979975,7.364149890409031,3.368701642819543,9.444656787027924,,5.224519324828082,Middle East & North Africa,Lower-Middle Income,,0.4461603020078968,-1.3169501468199964,,,0.0
2005,LBN,Lebanon,6.8227403384102505,8.273073933402602,3.4556340701621906,10.0,,5.224519324828082,Middle East & North Africa,Upper-Middle Income,0.43523510901225304,0.9089240429935703,0.0869324273426475,0.5553432129720761,,0.0
2010,LBN,Lebanon,6.666919188756512,8.573855302652785,3.4495733047532475,9.046310473873776,6.958869958276677,5.318751243849519,Middle East & North Africa,Upper-Middle Income,-0.15582114965373872,0.30078136925018306,-0.00606076540894307,-0.9536895261262242,,0.09423191902143735
2015,LBN,Lebanon,6.66727619047619,8.517359982199878,3.660005190128288,9.364419575183092,6.633471751862543,5.134595876765317,Middle East & North Africa,Upper-Middle Income,0.0003570017196778963,-0.05649532045290684,0.21043188537504065,0.31810910130931624,-0.32539820641413364,-0.18415536708420177
2020,LBN,Lebanon,5.190095238095239,8.8008860978301,3.486549826271294,4.993465366943348,3.484815729042529,5.1755990237109915,Middle East & North Africa,Upper-Middle Income,-1.4771809523809507,0.283526115630222,-0.173455363856994,-4.370954208239744,-3.148656022820014,0.041003146945674196
1970,LBR,Liberia,,,2.8316329157837465,,,,,,,,,,,
1975,LBR,Liberia,,,2.5207939021711163,,,,,,,,-0.3108390136126302,,,
1980,LBR,Liberia,,,2.1724257248810583,,,,,,,,-0.348368177290058,,,
1985,LBR,Liberia,,,2.509278730604843,,,,,,,,0.3368530057237846,,,
1990,LBR,Liberia,,,2.3119062415234453,,,,,,,,-0.1973724890813977,,,
1995,LBR,Liberia,,,2.4435838656557767,,,,,,,,0.13167762413233142,,,
2000,LBR,Liberia,5.37664570350244,8.00278673851236,2.186292351022475,6.890301031121331,,4.875521961296601,Sub-Saharan Africa,Low Income,,,-0.2572915146333017,,,
2005,LBR,Liberia,6.211158340409694,9.310894634748049,3.200860303688702,7.107325020439435,,5.440992215880218,Sub-Saharan Africa,Low Income,0.8345126369072542,1.3081078962356898,1.0145679526662268,0.21702398931810407,,0.5654702545836168
2010,LBR,Liberia,6.381423469691238,9.346649741438162,3.9275187585148426,7.049390094604674,,5.496905768635451,Sub-Saharan Africa,Low Income,0.17026512928154336,0.035755106690112726,0.7266584548261408,-0.05793492583476123,,0.05591355275523302
2015,LBR,Liberia,6.149951060358892,6.975808235258338,3.818770298947397,8.668636815591166,5.9022175348963035,5.380138228385598,Sub-Saharan Africa,Low Income,-0.23147240933234592,-2.370841506179824,-0.10874845956744572,1.6192467209864914,,-0.11676754024985314
2020,LBR,Liberia,5.96026101141925,7.067112842161266,3.754476019883734,7.890991977735405,5.721776478233194,5.370597594269087,Sub-Saharan Africa,Low Income,-0.18969004893964225,0.09130460690292796,-0.0642942790636627,-0.7776448378557603,-0.18044105666310983,-0.009540634116510738
1970,LBY,Libya,,,2.1852161520143647,,,,,,,,,,,
1975,LBY,Libya,,,1.8345582484348475,,,,,,,,-0.3506579035795172,,,
1980,LBY,Libya,,,1.8170810876149188,,,,,,,,-0.017477160819928672,,,
1985,LBY,Libya,,,1.9337519959658989,,,,,,,,0.11667090835098004,,,
1990,LBY,Libya,,,2.1592262209329727,,,,,,,,0.2254742249670738,,,
1995,LBY,Libya,,,3.725584873770293,,,,,,,,1.5663586528373203,,,
2000,LBY,Libya,,,2.8632385854454303,8.729862428462214,,4.98886036023398,,,,,-0.8623462883248627,,,
2005,LBY,Libya,4.606990892881239,2.0968084145037866,3.5478085717621055,5.673924727364948,,4.98886036023398,Middle East & North Africa,Upper-Middle Income,,,0.6845699863166752,-3.0559377010972657,,0.0
2010,LBY,Libya,4.451463719395753,2.0968084145037866,3.57310173966003,5.167264405015566,,4.9367221073801035,Middle East & North Africa,Upper-Middle Income,-0.15552717348548573,0.0,0.025293167897924462,-0.506660322349382,,-0.05213825285387674
2015,LBY,Libya,4.70635230460558,3.90229094566534,3.346958294543148,6.35257656439888,5.272703600629779,4.6457796835498915,Middle East & North Africa,Upper-Middle Income,0.2548885852098266,1.8054825311615534,-0.226143445116882,1.1853121593833134,,-0.29094242383021207
2020,LBY,Libya,4.957357760851211,3.7022214050873856,3.3470707379770452,8.121017574795376,5.3091751129289975,4.251795376292154,Middle East & North Africa,Upper-Middle Income,0.25100545624563164,-0.20006954057795445,0.00011244343389726907,1.7684410103964963,0.036471512299218745,-0.39398430725773714
1970,LKA,Sri Lanka,5.168619789653249,6.589836217314199,6.6871620378177035,6.822639719417242,0.08272384907908417,6.26557446056584,South Asia,,,,,,,
1975,LKA,Sri Lanka,5.0331129037821905,6.289504876407717,6.272540992733204,6.314735263056375,0.7678719638046742,6.0350209882736685,South Asia,,-0.13550688587105864,-0.3003313409064816,-0.41462104508449915,-0.5079044563608672,0.68514811472559,-0.23055347229217116
1980,LKA,Sri Lanka,5.50221857248422,7.357046574087761,5.882214078230492,4.976530297563455,3.287142816450031,6.0933133708956415,South Asia,,0.46910566870202963,1.0675416976800438,-0.3903269145027126,-1.3382049654929196,2.5192708526453567,0.058292382621973005
1985,LKA,Sri Lanka,5.77990063128249,7.611704902168549,5.757582483197623,6.2190984145368855,3.1073160382060774,6.2960903122757745,South Asia,,0.2776820587982698,0.25465832808078837,-0.12463159503286914,1.2425681169734304,-0.17982677824395354,0.20277694138013302
1990,LKA,Sri Lanka,5.614203648598169,7.719452754015516,5.398360870605103,5.588001201784463,3.110296592541613,6.278415729888485,South Asia,Low Income,-0.1656969826843211,0.107747851846967,-0.3592216125925196,-0.6310972127524224,0.002980554335535679,-0.017674582387289917
1995,LKA,Sri Lanka,6.3620993389087594,7.809562476517571,6.0725313873957685,6.252124045353857,5.362616073301917,6.435048040528928,South Asia,Low Income,0.7478956903105907,0.09010972250205462,0.6741705167906655,0.6641228435693938,2.2523194807603035,0.15663231064044325
2000,LKA,Sri Lanka,6.6573007482341255,7.95607158936134,4.992509681149415,6.314740090373809,7.677748720103839,6.4261995124349065,South Asia,Low Income,0.2952014093253661,0.146509112843769,-1.0800217062463533,0.06261604501995244,2.3151326468019224,-0.008848528094021368
2005,LKA,Sri Lanka,6.198604951162634,7.7635146845944725,4.99588935993649,5.559519119487232,7.313388710221904,5.471652677275558,South Asia,Lower-Middle Income,-0.4586957970714911,-0.19255690476686738,0.0033796787870752354,-0.7552209708865769,-0.36436000988193484,-0.9545468351593485
2010,LKA,Sri Lanka,6.2490821901786155,7.278389288512642,5.076919999520945,5.939029304979305,6.962021897661344,6.054273142782978,South Asia,Lower-Middle Income,0.05047723901598111,-0.4851253960818305,0.08103063958445489,0.37951018549207216,-0.3513668125605598,0.5826204655074196
2015,LKA,Sri Lanka,6.648556701030929,8.049643515019504,5.3206625210414105,7.496938231602196,6.10219691111614,6.289669679559296,South Asia,Lower-Middle Income,0.3994745108523139,0.771254226506862,0.24374252152046516,1.5579089266228916,-0.8598249865452043,0.23539653677631822
2020,LKA,Sri Lanka,6.319123711340206,8.237436381359673,5.041170060057991,6.2044883011643295,6.009198549838198,6.108393430289149,South Asia,Lower-Middle Income,-0.32943298969072377,0.18779286634016934,-0.27949246098341973,-1.2924499304378667,-0.09299836127794237,-0.18127624927014718
1970,LSO,Lesotho,,,3.1210652333178865,,,3.7150226988413104,,,,,,,,
1975,LSO,Lesotho,,,3.1088389357544157,,,3.4337559034953036,,,,,-0.012226297563470823,,,-0.28126679534600685
1980,LSO,Lesotho,,7.742798127535009,3.1271800293699523,,,3.8809808846010228,,,,,0.018341093615536597,,,0.4472249811057192
1985,LSO,Lesotho,,10.0,3.144171552758595,,,3.6120390924981747,,,,2.257201872464991,0.016991523388642626,,,-0.2689417921028481
1990,LSO,Lesotho,,4.538544849591011,3.1579749291698915,,,4.603857679126446,,,,-5.461455150408989,0.013803376411296586,,,0.9918185866282716
1995,LSO,Lesotho,,4.82268481146209,3.3965581723061797,,,5.181244180276409,,,,0.28413996187107937,0.2385832431362882,,,0.577386501149963
2000,LSO,Lesotho,4.447389898355321,4.82268481146209,3.1583323100118332,4.847271116087544,,5.16366195990458,Sub-Saharan Africa,Lower-Middle Income,,0.0,-0.2382258622943465,,,-0.017582220371829216
2005,LSO,Lesotho,5.689833858352485,6.745891806301281,3.153557056929014,8.00177066557632,5.454256829420544,5.186307203382446,Sub-Saharan Africa,Lower-Middle Income,1.2424439599971642,1.923206994839191,-0.00477525308281912,3.1544995494887758,,0.022645243477866117
2010,LSO,Lesotho,5.619605720032637,5.621846449776419,4.081421012863714,7.332374216738542,5.659160814312021,5.424616347112069,Sub-Saharan Africa,Lower-Middle Income,-0.0702281383198482,-1.1240453565248618,0.9278639559347002,-0.6693964488377775,0.20490398489147754,0.23830914372962297
2015,LSO,Lesotho,6.1596649916247905,5.793665707016803,4.727870234530842,7.781245299605202,6.62420068943801,5.895990426054823,Sub-Saharan Africa,Lower-Middle Income,0.5400592715921535,0.17181925724038383,0.6464492216671278,0.4488710828666598,0.9650398751259885,0.4713740789427536
2020,LSO,Lesotho,5.860167504187605,5.201649074765204,4.394976829662004,7.477208289026148,6.241073880163683,5.967388904174516,Sub-Saharan Africa,Lower-Middle Income,-0.2994974874371854,-0.5920166322515987,-0.33289340486883834,-0.3040370105790542,-0.3831268092743265,0.07139847811969346
1970,LTU,Lithuania,,,,,,,,,,,,,,
1975,LTU,Lithuania,,,,,,,,,,,,,,
1980,LTU,Lithuania,,,,,,,,,,,,,,
1985,LTU,Lithuania,,,6.012185534203624,,,,,,,,,,,
1990,LTU,Lithuania,6.1017007791549585,4.634127323135813,6.077159310128399,5.101561925648798,,4.225546584075474,Europe & Central Asia,,,,0.06497377592477527,,,
1995,LTU,Lithuania,5.9286028847108465,6.549819596228812,6.011466429144738,2.521852826488165,8.686121195725393,5.714796001790905,Europe & Central Asia,Lower-Middle Income,-0.17309789444411194,1.9156922730929997,-0.06569288098366144,-2.579709099160633,,1.4892494177154312
2000,LTU,Lithuania,7.037695261102331,6.962911534749619,6.020999094728279,7.041705776304232,8.57005060178531,6.5748636096721915,Europe & Central Asia,Lower-Middle Income,1.1090923763914846,0.4130919385208065,0.009532665583541267,4.519852949816067,-0.11607059394008346,0.8600676078812866
2005,LTU,Lithuania,7.609947229551451,7.027183554250321,6.954313964881144,8.701086475182494,8.508286601889349,6.836249066846506,Europe & Central Asia,Upper-Middle Income,0.5722519684491196,0.06427201950070227,0.9333148701528646,1.6593806988782625,-0.06176399989596071,0.26138545717431416
2010,LTU,Lithuania,7.4901055408970985,6.267646351003627,6.896241258313865,9.285201107301148,8.004682240447439,6.983984483337587,Europe & Central Asia,Upper-Middle Income,-0.1198416886543523,-0.759537203246694,-0.05807270656727859,0.5841146321186539,-0.5036043614419103,0.14773541649108157
2015,LTU,Lithuania,7.839643799472297,7.180489238509399,6.926866841954335,9.248960360456527,8.6197622636232,7.235465698315691,Europe & Central Asia,High Income,0.3495382585751985,0.9128428875057715,0.030625583640469856,-0.036240746844621086,0.6150800231757607,0.25148121497810383
2020,LTU,Lithuania,7.619934036939315,6.543774218281524,7.099618179603131,8.854616049686502,8.532594057957118,7.079193351510152,Europe & Central Asia,High Income,-0.21970976253298158,-0.6367150202278742,0.1727513376487959,-0.3943443107700251,-0.08716820566608163,-0.15627234680553936
1970,LUX,Luxembourg,7.932769616766476,5.903402462834538,7.344842236499704,8.396639225121554,9.603134622742688,8.146463311315399,Europe & Central Asia,,,,,,,
1975,LUX,Luxembourg,7.969925446353204,5.61106524941359,7.344750114595764,9.056815600979212,9.643812263547973,8.085227664987782,Europe & Central Asia,,0.03715582958672847,-0.29233721342094743,-9.212190393981246e-05,0.6601763758576578,0.04067764080528491,-0.06123564632761713
1980,LUX,Luxembourg,7.988634191532437,5.468989442573142,7.690625647183252,9.050113302747153,9.652652701053233,8.014959760826839,Europe & Central Asia,,0.018708745179233155,-0.14207580684044796,0.3458755325874874,-0.006702298232058368,0.008840437505259757,-0.07026790416094286
1985,LUX,Luxembourg,8.108004587497865,5.556952995944351,7.6908775119333415,9.57763139003145,9.695749833891364,7.976211204622865,Europe & Central Asia,,0.11937039596542753,0.08796355337120865,0.0002518647500897586,0.527518087284296,0.0430971328381311,-0.03874855620397444
1990,LUX,Luxembourg,8.071275234893116,5.4677442462618915,7.94376700986813,9.526854617736095,9.699064997955837,7.688233567865479,Europe & Central Asia,High Income,-0.0367293526047483,-0.0892087496824594,0.2528894979347882,-0.05077677229535382,0.003315164064472853,-0.2879776367573852
1995,LUX,Luxembourg,8.081239772220144,5.39134988580325,7.9913124356473295,9.725205024636834,9.773792219621866,7.489698854521867,Europe & Central Asia,High Income,0.0099645373270274,-0.07639436045864123,0.047545425779199846,0.19835040690073846,0.07472722166602885,-0.19853471334361217
2000,LUX,Luxembourg,8.111059845180367,5.81010265981024,8.021417015024094,9.596802764925373,9.659644879068809,7.465160856243443,Europe & Central Asia,High Income,0.029820072960223598,0.4187527740069896,0.03010457937676403,-0.1284022597114607,-0.11414734055305686,-0.024537998278423956
2005,LUX,Luxembourg,7.750214375788148,5.250827250366689,8.073834351770246,9.34583438572864,8.73587693878609,7.332383848057431,Europe & Central Asia,High Income,-0.3608454693922196,-0.5592754094435506,0.0524173367461529,-0.250968379196733,-0.923767940282719,-0.13277700818601268
2010,LUX,Luxembourg,7.750214375788149,4.9435201461596385,8.515802588650901,9.074341609448998,8.736320542040781,7.467426448428278,Europe & Central Asia,High Income,8.881784197001252e-16,-0.30730710420705076,0.4419682368806548,-0.27149277627964175,0.0004436032546912827,0.1350426003708476
2015,LUX,Luxembourg,7.999899117276169,5.465881527711732,8.624643652561062,9.4556563390556,8.82951967133383,7.633180169833915,Europe & Central Asia,High Income,0.24968474148802056,0.5223613815520931,0.10884106391016068,0.3813147296066024,0.09319912929304941,0.16575372140563704
2020,LUX,Luxembourg,7.66032786885246,4.904642330928547,8.576329802446772,8.750215642818313,8.677748482293545,7.40908439601241,Europe & Central Asia,High Income,-0.33957124842370945,-0.5612391967831849,-0.048313850114290346,-0.7054406962372877,-0.15177118904028575,-0.2240957738215048
1970,LVA,Latvia,,,,,,,,,,,,,,
1975,LVA,Latvia,,,,,,,,,,,,,,
1980,LVA,Latvia,,,,,,,,,,,,,,
1985,LVA,Latvia,,,6.037209302711687,,,,,,,,,,,
1990,LVA,Latvia,6.675229510273999,6.373136419622395,6.107174417689845,6.0483989288636595,,5.339500374617096,Europe & Central Asia,,,,0.06996511497815838,,,
1995,LVA,Latvia,5.936026242357751,5.90575505971693,6.242176210949335,3.7023988061915087,8.391071659237214,5.457171567712962,Europe & Central Asia,Lower-Middle Income,-0.7392032679162481,-0.46738135990546503,0.13500179325949002,-2.3460001226721507,,0.11767119309586604
2000,LVA,Latvia,7.360290187786584,6.940966648122674,6.168504449295319,8.418643467708547,8.279872149245847,6.973546461696547,Europe & Central Asia,Lower-Middle Income,1.4242639454288328,1.035211588405744,-0.07367176165401634,4.716244661517038,-0.1111995099913674,1.5163748939835848
2005,LVA,Latvia,7.639921293971147,7.501708708595183,7.100257130670222,8.340489368871696,8.332955112333513,6.934625729691652,Europe & Central Asia,Upper-Middle Income,0.27963110618456355,0.5607420604725091,0.9317526813749035,-0.0781540988368512,0.05308296308766636,-0.03892073200489499
2010,LVA,Latvia,7.619973718791065,6.851884243076805,6.891757544627553,8.99807614594965,8.326403336622345,7.043690647381594,Europe & Central Asia,Upper-Middle Income,-0.01994757518008239,-0.6498244655183782,-0.20849958604266927,0.6575867770779542,-0.006551775711168162,0.10906491768994275
2015,LVA,Latvia,7.969513797634691,7.142490643511532,6.967396003012893,9.34028503268299,8.740801834863346,7.667122720558026,Europe & Central Asia,High Income,0.34954007884362603,0.29060640043472663,0.07563845838534,0.3422088867333404,0.4143984982410007,0.6234320731764313
2020,LVA,Latvia,7.619973718791066,6.162145788790966,7.094513692497265,8.900844045502224,8.549011065334103,7.374583619986765,Europe & Central Asia,High Income,-0.34954007884362515,-0.980344854720566,0.12711768948437197,-0.43944098718076674,-0.19179076952924312,-0.2925391005712603
1970,MAR,Morocco,5.616343391743791,8.84121193525048,3.032849125001161,6.950170995253812,5.141380573951072,4.502144662723967,Middle East & North Africa,,,,,,,
1975,MAR,Morocco,4.970307602712038,6.35363295693553,2.7304202249345146,6.0535348332987144,5.53786139993191,4.324017065823961,Middle East & North Africa,,-0.6460357890317532,-2.487578978314949,-0.30242890006664647,-0.8966361619550973,0.3964808259808379,-0.1781275969000058
1980,MAR,Morocco,4.821792435300324,5.550858661236069,2.7559777695716074,6.197292583063705,4.915764202272676,4.768210900832677,Middle East & North Africa,,-0.14851516741171356,-0.8027742956994608,0.02555754463709281,0.14375774976499045,-0.622097197659234,0.4441938350087158
1985,MAR,Morocco,5.156780120279083,5.437219920360334,3.1057404757008142,6.639444767432272,6.071550023138635,4.770495348911933,Middle East & North Africa,,0.33498768497875897,-0.11363874087573489,0.3497627061292068,0.44215218436856674,1.155785820865959,0.002284448079255874
1990,MAR,Morocco,5.4013704817152455,6.141457371057429,3.5643050731086303,6.610724073676244,5.628728682025492,5.164792585789873,Middle East & North Africa,Lower-Middle Income,0.24459036143616242,0.7042374506970948,0.4585645974078161,-0.028720693756027593,-0.4428213411131434,0.39429723687794027
1995,MAR,Morocco,5.892404161871177,6.4846702903727556,4.602268658693161,6.630326196714414,6.524511171431771,5.371908777335432,Middle East & North Africa,Lower-Middle Income,0.4910336801559314,0.3432129193153264,1.0379635855845306,0.019602123038169772,0.8957824894062796,0.20711619154555905
2000,MAR,Morocco,5.850981285513559,6.7101360298859225,4.254854470295225,6.891910328356392,6.056968560937551,5.415314131331832,Middle East & North Africa,Lower-Middle Income,-0.04142287635761832,0.22546573951316695,-0.34741418839793603,0.26158413164197825,-0.4675426104942204,0.04340535399640011
2005,MAR,Morocco,6.002421468876349,6.647841142534272,4.846081143884003,7.073314166688711,6.161854160999259,5.270855539251698,Middle East & North Africa,Lower-Middle Income,0.15144018336279075,-0.06229488735165045,0.5912266735887783,0.18140383833231866,0.10488560006170822,-0.14445859208013445
2010,MAR,Morocco,6.290140845070423,6.895327924027242,4.913414436401465,6.848772501103248,6.782056277844611,6.012548467570654,Middle East & North Africa,Lower-Middle Income,0.2877193761940733,0.2474867814929702,0.06733329251746145,-0.22454166558546262,0.620202116845352,0.7416929283189564
2015,MAR,Morocco,6.419937402190924,6.476789312246043,5.16943060255312,7.190607037893361,6.90099531578913,6.376625301924185,Middle East & North Africa,Lower-Middle Income,0.12979655712050153,-0.4185386117811989,0.2560161661516549,0.3418345367901132,0.11893903794451877,0.364076834353531
2020,MAR,Morocco,6.370015649452269,6.443616255239604,5.248248396675121,7.227730217238065,6.6910076597898716,6.240689347985618,Middle East & North Africa,Lower-Middle Income,-0.049921752738654845,-0.033173057006439244,0.07881779412200185,0.03712317934470377,-0.2099876559992584,-0.13593595393856717
1970,MDA,Moldova,,,,,,,,,,,,,,
1975,MDA,Moldova,,,,,,,,,,,,,,
1980,MDA,Moldova,,,,,,,,,,,,,,
1985,MDA,Moldova,,,5.191324652694199,,,,,,,,,,,
1990,MDA,Moldova,,,5.203108436272584,,,4.015567170865382,,,,,0.011783783578384721,,,
1995,MDA,Moldova,,6.124883916989665,5.855565361704207,,,4.015567170865382,,,,,0.6524569254316237,,,0.0
2000,MDA,Moldova,5.007286184245388,7.8564790440652486,5.322525904590064,1.2037423408529377,,5.321649917704342,Europe & Central Asia,Lower-Middle Income,,1.7315951270755834,-0.5330394571141435,,,1.3060827468389595
2005,MDA,Moldova,6.261557478929165,7.725475801965579,5.327659338456656,5.958586181323537,6.7838447658668946,5.49514940884213,Europe & Central Asia,Lower-Middle Income,1.2542712946837762,-0.13100324209966985,0.005133433866592263,4.754843840470599,,0.17349949113778873
2010,MDA,Moldova,6.420257575757576,7.3856274612850505,5.351534808394198,6.816953794190282,6.7921807728178205,5.75409420683794,Europe & Central Asia,Lower-Middle Income,0.15870009682841157,-0.33984834068052816,0.023875469937541638,0.8583676128667452,0.008336006950925956,0.2589447979958095
2015,MDA,Moldova,6.649909090909091,7.591766279973127,5.2804180272691905,7.170678996033535,7.390009964248508,5.8314338498246086,Europe & Central Asia,Lower-Middle Income,0.22965151515151483,0.2061388186880766,-0.0711167811250073,0.35372520184325307,0.5978291914306872,0.07733964298666862
2020,MDA,Moldova,6.799681818181818,7.479659171339602,5.877572210968954,7.870751678829753,7.031845282661032,5.755365086479375,Europe & Central Asia,Upper-Middle Income,0.14977272727272695,-0.11210710863352524,0.5971541836997636,0.7000726827962174,-0.3581646815874757,-0.07606876334523349
1970,MDG,Madagascar,4.611705355650234,5.613742731864183,3.460031799720477,6.690261165250566,2.897496833504011,4.186476337603571,Sub-Saharan Africa,,,,,,,
1975,MDG,Madagascar,3.974251202394827,4.909433743051855,3.2698389089452724,6.266394084556226,1.9009134403317391,3.4188300483865874,Sub-Saharan Africa,,-0.6374541532554074,-0.7043089888123282,-0.1901928907752044,-0.42386708069433965,-0.9965833931722718,-0.7676462892169833
1980,MDG,Madagascar,3.727456159847825,4.814510335150158,3.4396800059638517,5.915126169633985,1.39821359248171,3.0711064755070625,Sub-Saharan Africa,,-0.24679504254700202,-0.09492340790169695,0.1698410970185793,-0.3512679149222411,-0.5026998478500291,-0.34772357287952493
1985,MDG,Madagascar,4.125439760248244,5.052878582449356,3.4713043932178893,5.865734218159187,3.023818997099801,3.1324460928984466,Sub-Saharan Africa,,0.39798360040041914,0.23836824729919837,0.0316243872540376,-0.04939195147479758,1.6256054046180908,0.06133961739138405
1990,MDG,Madagascar,4.338991936072858,5.429267893616995,3.4480010138401767,5.7676769793704565,3.7599421991910114,3.189067278182801,Sub-Saharan Africa,Low Income,0.2135521758246144,0.37638931116763885,-0.023303379377712652,-0.09805723878873085,0.7361232020912105,0.056621185284354336
1995,MDG,Madagascar,4.087175439782916,5.933790556977426,3.7017691404756246,2.714383175153078,5.194119993794639,2.8429714039928835,Sub-Saharan Africa,Low Income,-0.2518164962899423,0.5045226633604312,0.2537681266354479,-3.0532938042173785,1.4341777946036278,-0.3460958741899174
2000,MDG,Madagascar,5.310483170019567,6.28613802173962,3.4399881545347397,6.605336320419666,6.589343725194964,3.7290668038457286,Sub-Saharan Africa,Low Income,1.2233077302366508,0.35234746476219403,-0.26178098594088484,3.890953145266588,1.3952237314003249,0.8860953998528451
2005,MDG,Madagascar,5.392392585449481,6.6781415255534,3.289318076960305,5.977985384920133,6.450252607265864,4.581911450694456,Sub-Saharan Africa,Low Income,0.08190941542991403,0.3920035038137799,-0.15067007757443474,-0.6273509354995328,-0.1390911179290999,0.8528446468487272
2010,MDG,Madagascar,6.0200000000000005,8.014176363042123,3.0287973102717567,6.99050764636094,6.519229886969563,5.548391905290655,Sub-Saharan Africa,Low Income,0.6276074145505195,1.3360348374887234,-0.2605207666885483,1.0125222614408065,0.06897727970369871,0.9664804545961996
2015,MDG,Madagascar,6.239635157545607,8.078069589734149,3.398482358151244,7.503644577772944,6.885963672328904,5.354326678063049,Sub-Saharan Africa,Low Income,0.21963515754560614,0.06389322669202535,0.3696850478794875,0.5131369314120038,0.3667337853593411,-0.19406522722760666
2020,MDG,Madagascar,5.870248756218905,7.016872936323319,3.351630343134277,7.6239459257476705,6.247305326626698,5.111570943537157,Sub-Saharan Africa,Low Income,-0.3693864013267012,-1.0611966534108301,-0.04685201501696712,0.1203013479747268,-0.6386583457022059,-0.2427557345258915
1970,MEX,Mexico,6.981283579138621,7.365496284454921,5.4991798400688,9.179267340565069,9.282583144957707,4.966253960450752,Latin America & the Caribbean,,,,,,,
1975,MEX,Mexico,6.726119705632093,6.881342047050762,5.869463736351683,8.055450922949344,9.25287412545072,5.014098146863398,Latin America & the Caribbean,,-0.255163873506528,-0.48415423740415964,0.37028389628288316,-1.1238164176157248,-0.029709019506986678,0.04784418641264576
1980,MEX,Mexico,5.317615123876055,5.09370412473692,5.877506671695823,7.871188642717355,2.6871808144068634,5.154436712070361,Latin America & the Caribbean,,-1.4085045817560378,-1.7876379223138414,0.008042935344139579,-0.1842622802319891,-6.565693311043857,0.14033856520696375
1985,MEX,Mexico,4.681068193761978,5.9097866499840315,5.66633234905836,3.5125368457504162,4.218240753543446,4.064745286947463,Latin America & the Caribbean,,-0.6365469301140774,0.8160825252471113,-0.21117432263746316,-4.358651796966939,1.5310599391365827,-1.089691425122898
1990,MEX,Mexico,5.895403875825754,7.3206375672245745,6.195692121053106,3.6522896475404245,7.44792908136259,4.946075578698305,Latin America & the Caribbean,Upper-Middle Income,1.2143356820637763,1.410850917240543,0.5293597719947467,0.13975280179000826,3.2296883278191437,0.8813302917508414
1995,MEX,Mexico,6.64102831206004,7.470630245916628,5.985685374585897,4.965605224258673,8.847346654848547,6.085772794011273,Latin America & the Caribbean,Upper-Middle Income,0.7456244362342863,0.1499926786920538,-0.21000674646720974,1.3133155767182485,1.399417573485957,1.1396972153129683
2000,MEX,Mexico,6.7002351023607245,7.652587979473258,5.248082980943793,6.432928735088553,7.745681172593226,6.558393756336844,Latin America & the Caribbean,Upper-Middle Income,0.0592067903006841,0.18195773355662936,-0.7376023936421037,1.46732351082988,-1.1016654822553207,0.47262096232557127
2005,MEX,Mexico,6.989841719776693,7.421067872464985,5.773953858073301,8.0131399902253,7.498351402096653,6.311484380665039,Latin America & the Caribbean,Upper-Middle Income,0.28960661741596816,-0.23152010700827308,0.525870877129508,1.5802112551367467,-0.2473297704965729,-0.24690937567180526
2010,MEX,Mexico,6.979898843930639,7.554854675126742,5.498456920609343,7.8415623496755265,7.378174991754321,6.647156965594299,Latin America & the Caribbean,Upper-Middle Income,-0.009942875846054022,0.13378680266175724,-0.27549693746395754,-0.1715776405497733,-0.1201764103423324,0.33567258492925944
2015,MEX,Mexico,7.109710982658961,8.292588095389755,5.083930891213014,7.926117686645004,7.881172228586692,6.346022588823524,Latin America & the Caribbean,Upper-Middle Income,0.12981213872832242,0.7377334202630133,-0.4145260293963293,0.08455533696947715,0.5029972368323712,-0.3011343767707748
2020,MEX,Mexico,7.039812138728324,8.049392796716715,4.818221948187906,7.886498586246755,8.117000883533231,6.337701773322029,Latin America & the Caribbean,Upper-Middle Income,-0.06989884393063672,-0.24319529867304013,-0.26570894302510784,-0.039619100398248897,0.23582865494653937,-0.008320815501495105
1970,MKD,North Macedonia,,,,,,,,,,,,,,
1975,MKD,North Macedonia,,,,,,,,,,,,,,
1980,MKD,North Macedonia,,,,,,,,,,,,,,
1985,MKD,North Macedonia,,,,,,,,,,,,,,
1990,MKD,North Macedonia,,,6.265419619916489,,,,,,,,,,,
1995,MKD,North Macedonia,,,6.115287568091815,,,6.551985894327823,,,,,-0.15013205182467448,,,
2000,MKD,North Macedonia,6.259816292512921,6.070919209118514,5.20599759446446,6.814274673274911,,6.699131960863374,Europe & Central Asia,Lower-Middle Income,,,-0.909289973627355,,,0.1471460665355515
2005,MKD,North Macedonia,6.819649370615518,6.949112317792781,5.413738506550241,8.278628277958486,6.909419856069719,6.571529240001151,Europe & Central Asia,Lower-Middle Income,0.5598330781025966,0.8781931086742674,0.20774091208578138,1.4643536046835752,,-0.1276027208622228
2010,MKD,North Macedonia,6.909778434268832,6.677568827761005,5.2318093003549535,7.6958606227311925,7.366589155577397,7.563259692020762,Europe & Central Asia,Upper-Middle Income,0.09012906365331386,-0.27154349003177636,-0.18192920619528774,-0.5827676552272933,0.4571692995076777,0.9917304520196106
2015,MKD,North Macedonia,7.129453471196455,6.949906906138125,5.069193213052746,8.37317260879878,7.719740327575035,7.540094678327601,Europe & Central Asia,Upper-Middle Income,0.21967503692762325,0.2723380783771203,-0.1626160873022071,0.677311986067588,0.3531511719976388,-0.02316501369316093
2020,MKD,North Macedonia,6.9397341211226,6.826217423301606,4.904706010603261,8.120497395097926,7.694597334252966,7.147245153075668,Europe & Central Asia,Upper-Middle Income,-0.18971935007385543,-0.12368948283651893,-0.164487202449485,-0.25267521370085433,-0.025142993322069707,-0.3928495252519326
1970,MLI,Mali,5.088961092506294,8.171723264812996,3.245246417808038,6.035081632044699,,5.074597738560416,Sub-Saharan Africa,,,,,,,
1975,MLI,Mali,5.024891438463948,9.020143221967722,3.2443156807522726,4.845141371431247,3.31667774714296,5.074597738560416,Sub-Saharan Africa,,-0.06406965404234555,0.8484199571547251,-0.0009307370557651851,-1.1899402606134526,,0.0
1980,MLI,Mali,5.697514701880381,9.020143221967722,3.0193044907716318,5.998160408703104,5.447224519961678,5.287461189563096,Sub-Saharan Africa,,0.6726232634164333,0.0,-0.22501118998064085,1.1530190372718572,2.1305467728187177,0.21286345100268012
1985,MLI,Mali,5.557575744290337,8.163007476123344,3.0154457717917893,6.336674254836266,5.580526290272485,4.9647872532757455,Sub-Saharan Africa,,-0.1399389575900445,-0.8571357458443778,-0.003858718979842468,0.3385138461331625,0.13330177031080748,-0.32267393628735075
1990,MLI,Mali,5.887431858609728,8.829407719123278,3.012860605991612,7.149332237685329,5.758261984020227,4.9929672659496545,Sub-Saharan Africa,Low Income,0.32985611431939077,0.6664002429999343,-0.0025851658001774247,0.8126579828490632,0.17773569374774212,0.028180012673908905
1995,MLI,Mali,5.856979624858298,8.926378163823324,4.04973300873179,5.260185411737802,6.9257437228868595,4.466159562928762,Sub-Saharan Africa,Low Income,-0.030452233751429247,0.09697044470004634,1.0368724027401783,-1.8891468259475275,1.1674817388666323,-0.5268077030208929
2000,MLI,Mali,5.663444645949937,5.691276732124784,3.8316176095859733,8.295816681117083,6.474349633156494,4.126542644553967,Sub-Saharan Africa,Low Income,-0.19353497890836113,-3.2351014316985403,-0.2181153991458169,3.035631269379281,-0.4513940897303659,-0.33961691837479435
2005,MLI,Mali,5.46839293677323,6.500423645718988,3.872078904359578,5.799867468583233,6.097499164501168,5.0443427554811056,Sub-Saharan Africa,Low Income,-0.195051709176707,0.809146913594204,0.04046129477360472,-2.4959492125338496,-0.37685046865532534,0.9178001109271383
2010,MLI,Mali,5.770041327638157,6.620042295585375,3.716880329391267,6.643102220318201,6.48102058441357,5.413558658083762,Sub-Saharan Africa,Low Income,0.30164839086492634,0.11961864986638648,-0.15519857496831113,0.8432347517349674,0.38352141991240174,0.36921590260265624
2015,MLI,Mali,5.710154905335627,5.813359190727508,3.5451413432849175,6.777584020508936,6.808083612023428,5.592832030111889,Sub-Saharan Africa,Low Income,-0.059886422302529496,-0.8066831048578669,-0.1717389861063494,0.13448180019073508,0.3270630276098583,0.17927337202812677
2020,MLI,Mali,5.730120481927711,6.48094794348657,3.407798867692459,6.983320301846624,6.21085116496614,5.5832011468156715,Sub-Saharan Africa,Low Income,0.01996557659208431,0.6675887527590625,-0.1373424755924586,0.20573628133768818,-0.5972324470572881,-0.009630883296217085
1970,MLT,Malta,5.755654416407169,4.34542550913784,6.01271701904657,6.944921192247151,5.832493077910908,5.4960054156960245,Middle East & North Africa,,,,,,,
1975,MLT,Malta,5.764675818313763,4.192458441765646,5.995780671039968,6.777129441313374,6.402791851061698,5.458295885437713,Middle East & North Africa,,0.009021401906593951,-0.15296706737219434,-0.016936348006601598,-0.16779175093377763,0.5702987731507898,-0.037709530258311474
1980,MLT,Malta,5.677184954292137,4.423253898418669,6.165655262915785,6.502806826454583,5.826999999982485,5.366715597667532,Middle East & North Africa,,-0.08749086402162565,0.23079545665302348,0.16987459187581688,-0.27432261485879117,-0.575791851079213,-0.09158028777018146
1985,MLT,Malta,5.727514608142244,4.135733539777131,5.749438660379788,7.012047990236708,6.282835215420196,5.366715597667532,Middle East & North Africa,,0.050329653850107015,-0.28752035864153846,-0.41621660253599746,0.509241163782125,0.4558352154377108,0.0
1990,MLT,Malta,6.234374307977841,5.144975630261437,5.936655498563878,7.276328560394829,6.5467398138315005,6.198857092155235,Middle East & North Africa,Upper-Middle Income,0.506859699835597,1.0092420904843067,0.1872168381840904,0.264280570158121,0.26390459841130465,0.8321414944877032
1995,MLT,Malta,7.2565687967858965,6.9596063971813384,8.254492093981721,7.069154872900771,7.398431926886168,6.625011727207702,Middle East & North Africa,Upper-Middle Income,1.0221944888080552,1.814630766919901,2.317836595417843,-0.2071736874940573,0.8516921130546677,0.426154635052467
2000,MLT,Malta,6.998821817665087,6.759385090457858,7.280853769868678,6.87944070655172,7.27806685970235,6.798352239903322,Middle East & North Africa,High Income,-0.25774697912080935,-0.20022130672348037,-0.9736383241130433,-0.18971416634905136,-0.12036506718381812,0.1733405126956198
2005,MLT,Malta,7.86972119655782,6.478120019530729,7.595476070861747,8.841422813442408,9.122300205993916,7.307833489912065,Middle East & North Africa,High Income,0.8708993788927328,-0.2812650709271294,0.31462230099306954,1.9619821068906882,1.844233346291566,0.5094812500087436
2010,MLT,Malta,7.909821686731363,6.75314032514877,7.447389751063513,9.285324112465254,8.779178682465428,7.30432708758871,Middle East & North Africa,High Income,0.040100490173543335,0.2750203056180416,-0.14808631979823428,0.4439012990228459,-0.3431215235284881,-0.0035064023233548625
2015,MLT,Malta,7.949833971902936,6.736165219872992,7.255319461065314,9.530711899373339,8.910413607009112,7.333708838315637,Middle East & North Africa,High Income,0.040012285171572515,-0.016975105275777835,-0.19207028999819897,0.2453877869080845,0.13123492454368346,0.029381750726926725
2020,MLT,Malta,7.70015325670498,6.414034931994091,7.203184172596658,8.991555329051462,8.724316596552802,7.167065762320037,Middle East & North Africa,High Income,-0.24968071519795565,-0.32213028787890163,-0.052135288468655894,-0.539156570321877,-0.18609701045630977,-0.1666430759955997
1970,MMR,Myanmar,4.835046006769474,,2.8794384248986584,6.541429555335486,10.0,2.9998288929857884,East Asia & Pacific,,,,,,,
1975,MMR,Myanmar,3.7989647196045864,,3.29113219259661,3.9065076662145053,6.168478866365829,3.1786928573117255,East Asia & Pacific,,-1.0360812871648877,,0.4116937676979515,-2.6349218891209807,-3.831521133634171,0.1788639643259371
1980,MMR,Myanmar,4.762672681563103,,3.359701898256115,6.764247166556047,10.0,2.804381070105607,East Asia & Pacific,,0.9637079619585167,,0.06856970565950515,2.857739500341542,3.831521133634171,-0.3743117872061186
1985,MMR,Myanmar,4.777237429824765,,3.373043960525171,7.126927447204058,10.0,2.6494106815289267,East Asia & Pacific,,0.014564748261661542,,0.013342062269055877,0.3626802806480107,0.0,-0.15497038857668022
1990,MMR,Myanmar,3.437280589751965,,2.637815573699376,4.283750121419989,10.0,2.5160696047242985,East Asia & Pacific,Low Income,-1.3399568400727997,,-0.7352283868257952,-2.843177325784069,0.0,-0.13334107680462814
1995,MMR,Myanmar,4.03443526848006,,3.798741317881089,4.732932235174476,10.0,2.6200169068556294,East Asia & Pacific,Low Income,0.5971546787280948,,1.1609257441817133,0.44918211375448713,0.0,0.10394730213133085
2000,MMR,Myanmar,4.04788338604166,5.878500291790262,2.609597271886342,5.356936056884305,2.504919170486925,3.794581422128372,East Asia & Pacific,Low Income,0.013448117561599915,,-1.1891440459947473,0.6240038217098292,-7.495080829513075,1.1745645152727424
2005,MMR,Myanmar,3.805904297941599,5.2397233584554765,2.573898512460427,4.718321644564877,2.510627270160541,3.92938684948615,East Asia & Pacific,Low Income,-0.24197908810006075,-0.6387769333347855,-0.03569875942591505,-0.6386144123194288,0.005708099673615852,0.13480542735777812
2010,MMR,Myanmar,3.9935927290729643,5.866000859465523,2.707549873212044,4.850640757141825,2.4357945003874355,4.093496848771781,East Asia & Pacific,Low Income,0.18768843113136535,0.6262775010100468,0.13365136075161743,0.1323191125769485,-0.07483276977310549,0.16410999928563097
2015,MMR,Myanmar,5.058657718120804,6.90858645229564,3.171469734094197,5.201251892406217,5.358120079927698,4.65748766268753,East Asia & Pacific,Lower-Middle Income,1.0650649890478396,1.0425855928301164,0.46391986088215287,0.35061113526439236,2.9223255795402623,0.5639908139157495
2020,MMR,Myanmar,5.497673378076062,7.35655971525667,3.4112980603428866,6.204018592667143,5.380891213107721,5.154700006651383,East Asia & Pacific,Lower-Middle Income,0.43901565995525793,0.44797326296103,0.23982832624868955,1.002766700260926,0.022771133180023106,0.4972123439638523
1970,MNE,Montenegro,,,,,,,,,,,,,,
1975,MNE,Montenegro,,,,,,,,,,,,,,
1980,MNE,Montenegro,,,,,,,,,,,,,,
1985,MNE,Montenegro,,,,,,,,,,,,,,
1990,MNE,Montenegro,,,,,,,,,,,,,,
1995,MNE,Montenegro,,,5.455882246447881,,,,,,,,,,,
2000,MNE,Montenegro,5.425794275499181,6.94676513556067,4.982975113792394,0.010706604005946295,,8.647254301261306,Europe & Central Asia,..,,,-0.4729071326554868,,,
2005,MNE,Montenegro,5.989563766415864,6.00203332183037,5.056324473440893,5.218733695571935,7.431379463933146,6.1897058263412585,Europe & Central Asia,..,0.563769490916683,-0.9447318137303,0.07334935964849887,5.208027091565988,,-2.4575484749200474
2010,MNE,Montenegro,6.740585774058577,6.999007767716772,5.408718562027826,7.02739430172931,7.923413993462911,6.3498061313155825,Europe & Central Asia,Upper-Middle Income,0.751022007642713,0.9969744458864014,0.35239408858693366,1.8086606061573756,0.49203452952976523,0.16010030497432393
2015,MNE,Montenegro,6.950292887029289,6.047074511156393,5.211290162790658,8.416374501489825,8.197491161919618,6.8824406793025785,Europe & Central Asia,Upper-Middle Income,0.20970711297071265,-0.9519332565603786,-0.19742839923716815,1.388980199760515,0.2740771684567074,0.532634547986996
2020,MNE,Montenegro,7.289818688981868,6.504950176506734,5.719436179748694,9.637167455255858,7.673649011635151,6.8910663747419685,Europe & Central Asia,Upper-Middle Income,0.3395258019525791,0.45787566535034063,0.5081460169580359,1.2207929537660327,-0.5238421502844677,0.008625695439389958
1970,MNG,Mongolia,,,4.56897162531789,,,,,,,,,,,
1975,MNG,Mongolia,,,4.568488778028418,,,,,,,,-0.00048284728947223243,,,
1980,MNG,Mongolia,,0.20223179623257256,4.645670161230524,,,,,,,,0.07718138320210599,,,
1985,MNG,Mongolia,,0.20223179623257256,4.859861262866179,,,5.890376401536045,,,,0.0,0.21419110163565502,,,
1990,MNG,Mongolia,,1.0751748015530296,5.307668478531216,,,6.047941680084132,,,,0.872943005320457,0.447807215665037,,,0.15756527854808677
1995,MNG,Mongolia,,4.822166297439557,6.127480807241295,,,6.410381967328917,,,,3.746991495886527,0.8198123287100794,,,0.3624402872447847
2000,MNG,Mongolia,6.051571672741965,7.625866376646061,5.5251758662067925,3.9847258133693435,,6.657057886657707,East Asia & Pacific,Low Income,,2.8037000792065045,-0.6023049410345029,,,0.24667591932879063
2005,MNG,Mongolia,6.749911679590557,7.476365274396417,5.656682751323566,6.847424703265685,6.969690652673428,6.76597956298056,East Asia & Pacific,Low Income,0.6983400068485919,-0.1495011022496442,0.13150688511677355,2.8626988898963415,,0.10892167632285243
2010,MNG,Mongolia,6.820014619883041,7.737399452064778,5.75123313709662,6.696417829329187,7.06991003762323,6.853005219800705,East Asia & Pacific,Lower-Middle Income,0.0701029402924842,0.26103417766836134,0.0945503857730543,-0.15100687393649803,0.10021938494980187,0.08702565682014551
2015,MNG,Mongolia,7.059663742690058,7.071576020631479,5.977433734504616,8.512476316337908,7.101603304597979,6.640939819157783,East Asia & Pacific,Lower-Middle Income,0.239649122807017,-0.6658234314332994,0.22620059740799547,1.8160584870087213,0.031693266974748724,-0.21206540064292234
2020,MNG,Mongolia,6.889912280701756,6.7759960909060934,5.853026682678762,8.620724987516626,6.8653470710112465,6.349164991331635,East Asia & Pacific,Lower-Middle Income,-0.1697514619883025,-0.2955799297253856,-0.12440705182585354,0.10824867117871761,-0.2362562335867322,-0.2917748278261483
1970,MOZ,Mozambique,,,2.664529350264516,,,,,,,,,,,
1975,MOZ,Mozambique,,,3.832774501151295,,,,,,,,1.1682451508867788,,,
1980,MOZ,Mozambique,,,4.029326939971926,,,,,,,,0.19655243882063145,,,
1985,MOZ,Mozambique,,0.7248632691409855,4.056184313078786,,,,,,,,0.02685737310685976,,,
1990,MOZ,Mozambique,,10.0,3.9705925679307272,,,5.0203473213715455,,,,9.275136730859014,-0.08559174514805878,,,
1995,MOZ,Mozambique,,5.146883672849452,3.602002986664984,,,5.475697297233458,,,,-4.853116327150548,-0.36858958126574315,,,0.45534997586191217
2000,MOZ,Mozambique,5.46279192702655,7.371521191940646,3.2506054981407684,5.5940217425239815,,5.35073529289178,Sub-Saharan Africa,Low Income,,2.2246375190911944,-0.3513974885242157,,,-0.12496200434167726
2005,MOZ,Mozambique,5.718870532102481,6.142897282582747,4.109287465203329,7.237900777815042,6.120182703306836,4.976334913737943,Sub-Saharan Africa,Low Income,0.25607860507593116,-1.228623909357899,0.858681967062561,1.6438790352910608,,-0.3744003791538377
2010,MOZ,Mozambique,5.461205787781353,5.512112600526409,4.606864032749636,5.029907157240672,6.455179610550723,5.6818950670431425,Sub-Saharan Africa,Low Income,-0.2576647443211284,-0.6307846820563379,0.4975765675463064,-2.2079936205743707,0.3349969072438874,0.7055601533051998
2015,MOZ,Mozambique,5.730771704180066,5.460699611211911,4.67210100029504,6.1796845976853785,6.383729084128551,5.933724877010185,Sub-Saharan Africa,Low Income,0.2695659163987134,-0.05141298931449789,0.06523696754540431,1.1497774404447068,-0.07145052642217209,0.25182980996704263
2020,MOZ,Mozambique,6.01032154340836,6.738689520093827,4.645147242979143,6.326826229317794,6.456444862673033,5.898445860301611,Sub-Saharan Africa,Low Income,0.27954983922829424,1.2779899088819153,-0.026953757315896887,0.14714163163241523,0.07271577854448186,-0.03527901670857414
1970,MRT,Mauritania,,1.4050515828963748,2.925265633063021,,,,,,,,,,,
1975,MRT,Mauritania,,1.4050515828963748,2.9097104720251608,,,,,,,0.0,-0.015555161037860366,,,
1980,MRT,Mauritania,,1.8384278828157108,2.0836029446636006,,,,,,,0.433376299919336,-0.8261075273615601,,,
1985,MRT,Mauritania,,4.610854458527633,1.908036522851468,,,,,,,2.772426575711923,-0.17556642181213267,,,
1990,MRT,Mauritania,,5.396082296215463,1.8987034262287514,,,,,,,0.7852278376878292,-0.00933309662271653,,,
1995,MRT,Mauritania,,4.162581964489707,2.370288472988663,,,,,,,-1.2335003317257556,0.4715850467599114,,,
2000,MRT,Mauritania,4.98594752927475,4.330968200517083,2.5876868654295206,7.805973690763664,,5.503870145202902,Sub-Saharan Africa,Low Income,,0.16838623602737623,0.2173983924408578,,,
2005,MRT,Mauritania,5.653001733871598,7.09758581159551,2.598839668816653,6.624629819625301,6.346558336348902,5.629290951751218,Sub-Saharan Africa,Low Income,0.6670542045968482,2.766617611078427,0.011152803387132426,-1.1813438711383633,,0.12542080654831622
2010,MRT,Mauritania,5.6207704918032775,6.961167808467372,3.052269827664426,6.054138542218205,6.210358607129643,5.838013339573566,Sub-Saharan Africa,Lower-Middle Income,-0.0322312420683204,-0.13641800312813857,0.4534301588477727,-0.570491277407096,-0.1361997292192596,0.20872238782234742
2015,MRT,Mauritania,5.790491803278687,6.777968310816227,2.8935516225049827,7.535767510981437,6.202727222686974,5.544848419904775,Sub-Saharan Africa,Lower-Middle Income,0.16972131147540992,-0.1831994976511444,-0.15871820515944313,1.481628968763232,-0.007631384442668754,-0.2931649196687909
2020,MRT,Mauritania,6.11995081967213,7.005028898925997,3.4192351516148407,7.972651224957525,6.228451059267062,5.966283765981115,Sub-Saharan Africa,Lower-Middle Income,0.329459016393443,0.2270605881097696,0.525683529109858,0.4368837139760888,0.025723836580088033,0.4214353460763398
1970,MUS,Mauritius,5.692107588173338,5.935483075227937,5.318534560513718,7.216733077417423,2.0547894965131808,7.112582887555355,Sub-Saharan Africa,,,,,,,
1975,MUS,Mauritius,4.9552913854368175,5.721209132362185,5.350367629213024,3.959544832076924,2.1266038956923223,7.112582887555355,Sub-Saharan Africa,,-0.7368162027365202,-0.21427394286575208,0.031833068699306466,-3.257188245340499,0.07181439917914156,0.0
1980,MUS,Mauritius,4.94616561861281,6.154073081518204,5.417474915499635,4.750069774253198,2.044376582180777,5.972328511232452,Sub-Saharan Africa,,-0.009125766824007897,0.4328639491560189,0.06710728628661045,0.7905249421762743,-0.08222731351154522,-1.1402543763229032
1985,MUS,Mauritius,6.1921462706297765,7.067589857699974,5.4253308913225995,6.3474171281399085,4.826737337672583,7.023060326746526,Sub-Saharan Africa,,1.245980652016967,0.91351677618177,0.007855975822964822,1.5973473538867102,2.7823607554918057,1.050731815514074
1990,MUS,Mauritius,6.229561051721195,6.797990134454626,5.793937804357652,6.1918040304068045,4.825662481425379,7.215500594268233,Sub-Saharan Africa,Lower-Middle Income,0.03741478109141827,-0.2695997232453484,0.36860691303505266,-0.15561309773310406,-0.0010748562472038259,0.1924402675217074
1995,MUS,Mauritius,7.150370980934885,7.048244385169191,5.896998490012671,9.262032814662716,5.945029903281744,7.497866219441378,Sub-Saharan Africa,Lower-Middle Income,0.9208099292136902,0.25025425071456553,0.10306068565501914,3.070228784255911,1.1193674218563654,0.2823656251731448
2000,MUS,Mauritius,7.524685703426778,7.383668713916824,6.281946179128469,9.34768156100147,7.217344439754731,7.356683406854805,Sub-Saharan Africa,Upper-Middle Income,0.374314722491893,0.3354243287476324,0.3849476891157977,0.08564874633875519,1.2723145364729866,-0.14118281258657284
2005,MUS,Mauritius,7.68258297320519,7.27297354529914,6.4770549569388685,9.178925566755218,8.409257507833244,7.084438346769089,Sub-Saharan Africa,Upper-Middle Income,0.15789726977841223,-0.11069516861768314,0.19510877781039948,-0.16875599424625243,1.191913068078513,-0.2722450600857167
2010,MUS,Mauritius,8.019625322997415,7.896691017017483,6.662552606582782,9.152389379017004,8.647914383475038,7.739881473868256,Sub-Saharan Africa,Upper-Middle Income,0.3370423497922248,0.6237174717183427,0.18549764964391358,-0.026536187738214423,0.23865687564179439,0.6554431270991676
2015,MUS,Mauritius,8.069560723514211,7.86711212856405,6.731809424063852,9.542806998070189,8.659244349287913,7.522507382225545,Sub-Saharan Africa,Upper-Middle Income,0.049935400516796236,-0.029578888453433372,0.06925681748106971,0.39041761905318495,0.011329965812874931,-0.2173740916427116
2020,MUS,Mauritius,7.660090439276486,7.55806627669927,6.720060834337899,9.247159255663533,8.13101370858482,6.662655957342774,Sub-Saharan Africa,Upper-Middle Income,-0.4094702842377256,-0.30904585186477984,-0.011748589725952385,-0.2956477424066559,-0.528230640703093,-0.8598514248827707
1970,MWI,Malawi,5.510013744863276,4.914547082616197,5.626381629135839,6.421715346888191,6.4023083413941935,4.089945315503893,Sub-Saharan Africa,,,,,,,
1975,MWI,Malawi,4.977093589919677,3.9320397922862225,5.087210291464813,5.896014732465806,5.75894302000657,4.089945315503893,Sub-Saharan Africa,,-0.5329201549435991,-0.9825072903299747,-0.5391713376710259,-0.5257006144223846,-0.6433653213876234,0.0
1980,MWI,Malawi,4.5658506873627545,4.384657269267575,5.099784767533951,5.866949909226217,3.2973713555669653,3.668888898107954,Sub-Saharan Africa,,-0.4112429025569222,0.4526174769813527,0.012574476069137752,-0.029064823239589366,-2.461571664439605,-0.42105641739593924
1985,MWI,Malawi,5.014282451300168,4.25157650352046,5.238244731873207,6.443380455211588,4.192488324454095,4.481302332828061,Sub-Saharan Africa,,0.44843176393741313,-0.13308076574711514,0.13845996433925656,0.5764305459853709,0.8951169688871294,0.8124134347201064
1990,MWI,Malawi,5.174739489741773,5.053211075594334,5.151409394903645,5.710291199033923,5.825237411274729,3.860154944472274,Sub-Saharan Africa,Low Income,0.16045703844160553,0.8016345720738736,-0.08683533696956225,-0.7330892561776645,1.6327490868206347,-0.6211473883557868
1995,MWI,Malawi,4.533155935119317,6.036330946994694,5.064078233164,1.2334156844210222,6.21262730868008,4.233916523299631,Sub-Saharan Africa,Low Income,-0.6415835546224562,0.9831198714003602,-0.08733116173964461,-4.476875514612901,0.3873898974053507,0.37376157882735717
2000,MWI,Malawi,4.501602645547721,5.699504920620721,4.554859338672591,1.9252769579345006,6.198627993224262,4.209019782578998,Sub-Saharan Africa,Low Income,-0.031553289571595755,-0.33682602637397263,-0.5092188944914096,0.6918612735134784,-0.013999315455818007,-0.024896740720633304
2005,MWI,Malawi,4.796762348460375,6.889666456768378,4.720874616778299,2.6563854534001585,5.028176344889488,4.699705804410114,Sub-Saharan Africa,Low Income,0.29515970291265425,1.1901615361476567,0.16601527810570804,0.7311084954656579,-1.1704516483347742,0.49068602183111665
2010,MWI,Malawi,5.658990291262136,7.238497353612096,4.987396261249393,4.831402440135498,5.759462405769999,5.472091729818815,Sub-Saharan Africa,Low Income,0.862227942801761,0.34883089684371793,0.2665216444710943,2.175016986735339,0.7312860608805112,0.7723859254087007
2015,MWI,Malawi,5.379533980582525,6.353896261963264,4.684991075573194,4.672418978685535,5.465130552100903,5.718934370367283,Sub-Saharan Africa,Low Income,-0.2794563106796115,-0.8846010916488316,-0.3024051856761991,-0.15898346144996278,-0.294331853669096,0.2468426405484676
2020,MWI,Malawi,5.6789514563106795,6.548649792481025,4.696067855629625,6.732282938574364,4.595622909283433,5.809290447880826,Sub-Saharan Africa,Low Income,0.2994174757281547,0.1947535305177608,0.01107678005643109,2.059863959888829,-0.86950764281747,0.09035607751354302
1970,MYS,Malaysia,6.838371639547958,5.428946097691457,6.057972930940699,7.121469712028409,7.43271222665862,8.105462578389686,East Asia & Pacific,,,,,,,
1975,MYS,Malaysia,6.848670392017157,5.122437133714372,6.1199369426911705,6.887364622303416,8.121663259186171,8.105462578389686,East Asia & Pacific,,0.010298752469198647,-0.3065089639770857,0.06196401175047139,-0.23410508972499322,0.6889510325275507,0.0
1980,MYS,Malaysia,7.126736708685523,4.7242537969362886,6.139340027611837,8.88728582579872,8.30931253279109,7.7009177401037086,East Asia & Pacific,,0.2780663166683661,-0.39818333677808315,0.019403084920666558,1.9999212034953047,0.18764927360491868,-0.4045448382859771
1985,MYS,Malaysia,7.022544651540998,5.510220722212355,5.898748277140086,8.11500395022354,8.967552972904414,6.68978526381627,East Asia & Pacific,,-0.10419205714452495,0.7859669252760666,-0.24059175047175074,-0.7722818755751799,0.6582404401133246,-1.0111324762874387
1990,MYS,Malaysia,7.303863205831215,6.0601556960957765,5.503197252575168,8.803455354854897,9.297631835250023,6.933294970579533,East Asia & Pacific,Lower-Middle Income,0.281318554290217,0.5499349738834214,-0.3955510245649183,0.6884514046313566,0.33007886234560857,0.24350970676326344
1995,MYS,Malaysia,7.261766011561294,6.480834358665385,5.487887196500657,8.829055889336551,8.590471343135478,6.933294970579533,East Asia & Pacific,Lower-Middle Income,-0.04209719426992109,0.4206786625696086,-0.015310056074510747,0.025600534481654336,-0.7071604921145447,0.0
2000,MYS,Malaysia,6.588421088948619,5.561413258552014,4.948003719875316,8.223465065567114,7.368488855015587,6.800429704229127,East Asia & Pacific,Upper-Middle Income,-0.6733449226126744,-0.9194211001133707,-0.5398834766253415,-0.6055908237694378,-1.2219824881198909,-0.1328652663504064
2005,MYS,Malaysia,6.435723485104266,5.666354138190755,5.554178329883837,6.526169872074678,7.482493850883104,6.961624909402969,East Asia & Pacific,Upper-Middle Income,-0.15269760384435305,0.10494087963874055,0.6061746100085212,-1.6972951934924358,0.11400499586751689,0.16119520517384256
2010,MYS,Malaysia,6.49577689243028,5.719956640778137,5.5739821381975805,6.480845696866733,7.482893638888613,7.225376668350812,East Asia & Pacific,Upper-Middle Income,0.06005340732601372,0.053602502587382084,0.01980380831374351,-0.04532417520794496,0.0003997880055086611,0.2637517589478424
2015,MYS,Malaysia,7.309003984063746,6.4196092682493,5.518193275986857,9.394430967942135,7.586412626807988,7.629841220890652,East Asia & Pacific,Upper-Middle Income,0.8132270916334656,0.6996526274711625,-0.05578886221072388,2.9135852710754024,0.10351898791937497,0.4044645525398405
2020,MYS,Malaysia,7.479681274900399,7.03500719852149,5.747747196956476,9.67768737986503,7.4037014111895285,7.547544812462428,East Asia & Pacific,Upper-Middle Income,0.17067729083665295,0.6153979302721906,0.2295539209696198,0.2832564119228955,-0.18271121561845938,-0.08229640842822405
1970,NAM,Namibia,,,3.028974141544747,,,,,,,,,,,
1975,NAM,Namibia,,,3.0306679355037884,,,,,,,,0.0016937939590415674,,,
1980,NAM,Namibia,,7.753968467912106,3.1402513676439416,,,,,,,,0.1095834321401532,,,
1985,NAM,Namibia,4.924478145399366,6.3514094252760405,3.1444292671160414,4.078637516337791,,5.329870095594644,Sub-Saharan Africa,,,-1.4025590426360655,0.004177899472099789,,,
1990,NAM,Namibia,5.63512438182895,5.0576004209388765,4.9028549264597805,5.546974163377382,7.156171737286706,5.707132641089198,Sub-Saharan Africa,Lower-Middle Income,0.710646236429584,-1.293809004337164,1.758425659343739,1.4683366470395915,,0.3772625454945544
1995,NAM,Namibia,6.031419578492735,5.428403719744508,6.904574938019578,5.743747558775478,6.474545360944049,5.633064877541658,Sub-Saharan Africa,Lower-Middle Income,0.3962951966637851,0.37080329880563134,2.0017200115597973,0.1967733953980959,-0.6816263763426571,-0.07406776354754019
2000,NAM,Namibia,6.050658556414563,5.620404561975067,6.452111878957714,5.839080639298312,6.284450355589523,6.002825610622409,Sub-Saharan Africa,Lower-Middle Income,0.019238977921827605,0.19200084223055924,-0.4524630590618637,0.09533308052283385,-0.19009500535452606,0.3697607330807511
2005,NAM,Namibia,6.209980320005175,6.404777437755074,6.438481429022217,6.3471912564406185,5.954440808869455,5.900072634208222,Sub-Saharan Africa,Lower-Middle Income,0.15932176359061234,0.784372875780007,-0.013630449935496891,0.5081106171423064,-0.3300095467200679,-0.10275297641418746
2010,NAM,Namibia,6.190297339593116,6.82186310603736,6.608696536875986,5.513969275053783,6.275005729135209,5.734386186677869,Sub-Saharan Africa,Upper-Middle Income,-0.019682980412059514,0.41708566828228566,0.17021510785376837,-0.8332219813868358,0.32056492026575434,-0.16568644753035233
2015,NAM,Namibia,6.270172143974961,6.679079914066591,6.36016715974257,6.479142918931202,6.056036397097298,5.797265179321783,Sub-Saharan Africa,Upper-Middle Income,0.0798748043818458,-0.14278319197076872,-0.2485293771334156,0.965173643877419,-0.21896933203791136,0.06287899264391328
2020,NAM,Namibia,6.120406885758999,6.7362997231424835,6.228742017242292,6.650585966941973,5.514896851925422,5.467917372189006,Sub-Saharan Africa,Upper-Middle Income,-0.14976525821596276,0.057219809075892414,-0.13142514250027837,0.17144304801077137,-0.5411395451718759,-0.3293478071327769
1970,NER,Niger,5.345369994133531,8.752910565139949,3.199573404601816,6.454028809493515,,3.8316544377445596,Sub-Saharan Africa,,,,,,,
1975,NER,Niger,5.370663543001671,8.525544952625655,3.644763388386029,5.00614117360458,,4.526286570486365,Sub-Saharan Africa,,0.025293548868139837,-0.2273656125142942,0.4451899837842128,-1.447887635888935,,0.694632132741805
1980,NER,Niger,5.124051441537308,7.907960352674056,3.3769728674037527,4.878914515529014,,4.551002187098984,Sub-Saharan Africa,,-0.24661210146436296,-0.6175845999515985,-0.2677905209822762,-0.12722665807556588,,0.02471561661261923
1985,NER,Niger,5.370663543001671,8.034508213581793,3.389502918307565,6.460305590380487,,4.113476930553334,Sub-Saharan Africa,,0.24661210146436296,0.12654786090773662,0.012530050903812207,1.5813910748514726,,-0.43752525654564955
1990,NER,Niger,4.740432617037189,4.853273133115481,3.474174896043624,7.024866839996673,,3.5265465890304672,Sub-Saharan Africa,Low Income,-0.630230925964482,-3.181235080466312,0.08467197773605895,0.5645612496161867,,-0.586930341522867
1995,NER,Niger,4.3371822053799605,4.849051755232809,2.7218165666231933,5.848923237818886,,3.583290580175501,Sub-Saharan Africa,Low Income,-0.4032504116572282,-0.004221377882672073,-0.7523583294204306,-1.1759436021777878,,0.05674399114503359
2000,NER,Niger,5.06310888806008,5.175588009495253,3.045202686062653,8.090460022886182,5.380696246810672,3.7382240162848537,Sub-Saharan Africa,Low Income,0.7259266826801198,0.3265362542624439,0.32338611943945983,2.2415367850672965,,0.15493343610935284
2005,NER,Niger,5.045098730382035,6.528270168584336,3.238390058121454,6.193479627325117,5.290668656871188,4.181813976421352,Sub-Saharan Africa,Low Income,-0.018010157678045147,1.352682159089083,0.1931873720588011,-1.896980395561065,-0.09002758993948401,0.4435899601364981
2010,NER,Niger,5.443651809275414,7.638257732660993,3.1032200412711854,6.277745872704853,5.203451129857557,5.0588300880095876,Sub-Saharan Africa,Low Income,0.39855307889337865,1.1099875640766568,-0.13517001685026875,0.0842662453797356,-0.08721752701363084,0.8770161115882358
2015,NER,Niger,5.593211424377715,6.704351418315277,3.3081065985045117,6.727099094929078,5.748678459807144,5.5073695635735795,Sub-Saharan Africa,Low Income,0.14955961510230154,-0.933906314345716,0.20488655723332627,0.44935322222422514,0.5452273299495873,0.448539475563992
2020,NER,Niger,5.780609137055836,6.809897324264353,3.3188108368065445,7.043758449334748,5.621357822172694,6.093372745236274,Sub-Saharan Africa,Low Income,0.18739771267812078,0.10554590594907598,0.01070423830203282,0.3166593544056697,-0.12732063763445023,0.5860031816626945
1970,NGA,Nigeria,3.2862035910042424,5.066139325339858,3.423260725642163,2.620242163241753,1.1050628017438395,3.9865685508257065,Sub-Saharan Africa,,,,,,,
1975,NGA,Nigeria,3.342309505972608,4.550552061602662,3.2010454217916116,3.411330505120745,1.34460093091811,4.1467248232658696,Sub-Saharan Africa,,0.05610591496836559,-0.5155872637371957,-0.22221530385055166,0.791088341878992,0.23953812917427042,0.16015627244016306
1980,NGA,Nigeria,3.6512624855162947,4.362583134458139,3.084929107948638,5.893165621115373,0.8883378277290238,4.52288399530923,Sub-Saharan Africa,,0.3089529795436867,-0.1879689271445235,-0.11611631384297372,2.481835115994628,-0.45626310318908614,0.37615917204336036
1985,NGA,Nigeria,4.0173521278635755,5.690918641973049,3.0631942348901027,6.203715836400411,1.0175877761791512,4.694388419356985,Sub-Saharan Africa,,0.3660896423472808,1.3283355075149101,-0.021734873058535165,0.3105502152850379,0.12924994845012738,0.1715044240477548
1990,NGA,Nigeria,3.886554616723832,5.342779049114901,3.349098099493749,4.276987661053589,1.9884607453865775,4.277530771881762,Sub-Saharan Africa,Low Income,-0.1307975111397437,-0.3481395928581481,0.28590386460364625,-1.9267281753468222,0.9708729692074263,-0.416857647475223
1995,NGA,Nigeria,3.7393366388176257,7.344091499676175,3.9032020169177692,1.3474840290672891,1.5733352103155054,4.4573111237391965,Sub-Saharan Africa,Low Income,-0.14721797790620617,2.001312450561274,0.5541039174240203,-2.9295036319862997,-0.4151255350710721,0.1797803518574348
2000,NGA,Nigeria,5.005567035031001,6.212335610151181,3.700902777447328,5.012109031051494,4.591140955000848,5.469842547871254,Sub-Saharan Africa,Low Income,1.2662303962133756,-1.1317558895249942,-0.20229923947044126,3.6646250019842053,3.017805744685343,1.0125314241320575
2005,NGA,Nigeria,5.878389206587985,8.967870685444783,3.765146491556864,5.452075857455969,5.664973590816041,5.570020513655271,Sub-Saharan Africa,Low Income,0.8728221715569839,2.7555350752936025,0.06424371410953622,0.4399668264044747,1.0738326358151928,0.10017796578401672
2010,NGA,Nigeria,5.860050847457626,7.867568941016813,3.8705983275926736,5.354392073428665,6.225674032040751,5.968667982481405,Sub-Saharan Africa,Lower-Middle Income,-0.018338359130359194,-1.10030174442797,0.10545183603580943,-0.09768378402730438,0.5607004412247099,0.3986474688261339
2015,NGA,Nigeria,6.359203389830508,8.72392671322119,3.951848268816924,7.344059282832201,5.582113977202291,6.204311113886959,Sub-Saharan Africa,Lower-Middle Income,0.4991525423728822,0.856357772204376,0.08124994122425022,1.9896672094035361,-0.6435600548384599,0.23564313140555448
2020,NGA,Nigeria,6.30928813559322,8.503560459064762,3.9494396653741983,8.069075132633944,4.508353135978606,6.508331677869061,Sub-Saharan Africa,Lower-Middle Income,-0.04991525423728849,-0.22036625415642774,-0.002408603442725532,0.7250158498017436,-1.0737608412236854,0.3040205639821023
1970,NIC,Nicaragua,5.147645948371364,6.3343083320623945,2.312453707098191,9.392577878450503,3.7811249420090056,2.895283865082731,Latin America & the Caribbean,,,,,,,
1975,NIC,Nicaragua,5.006614552525574,6.432886212208072,2.387237631023278,8.447965661117946,3.6595258121807697,3.056009860639177,Latin America & the Caribbean,,-0.14103139584579072,0.09857788014567781,0.0747839239250867,-0.9446122173325566,-0.12159912982823595,0.16072599555644596
1980,NIC,Nicaragua,3.813371417506978,4.800326645031474,2.926425399873371,5.996322818520842,0.8812030885782814,4.598696173682499,Latin America & the Caribbean,,-1.1932431350185957,-1.6325595671765987,0.539187768850093,-2.4516428425971037,-2.7783227236024883,1.5426863130433222
1985,NIC,Nicaragua,2.220674524753467,3.5207973709829536,3.1565354058095183,0.009988158229945915,0.8270445173794667,3.289076068805721,Latin America & the Caribbean,,-1.5926968927535108,-1.27952927404852,0.2301100059361474,-5.986334660290897,-0.05415857119881473,-1.3096201048767782
1990,NIC,Nicaragua,3.1933666719595313,3.946038544719709,3.4000289610053898,0.009988158229945915,4.82201231183131,3.6907264163903206,Latin America & the Caribbean,Lower-Middle Income,0.9726921472060641,0.4252411737367554,0.24349355519587146,0.0,3.9949677944518434,0.40165034758459983
1995,NIC,Nicaragua,6.038366070614386,7.234583735287449,4.367970615981107,4.348413021424949,7.386400189027539,6.946473253023117,Latin America & the Caribbean,Lower-Middle Income,2.844999398654855,3.2885451905677403,0.9679416549757169,4.338424863195003,2.5643878771962285,3.2557468366327966
2000,NIC,Nicaragua,6.6962043254618075,7.680846214185707,3.5888090137376656,7.832683693693037,8.188595440763882,6.260809059815857,Latin America & the Caribbean,Low Income,0.6578382548474213,0.4462624788982579,-0.7791616022434411,3.484270672268088,0.8021952517363431,-0.68566419320726
2005,NIC,Nicaragua,6.879286750984866,8.366525095331697,3.899849775260294,8.449104439242221,7.658148135155361,6.063100756295591,Latin America & the Caribbean,Lower-Middle Income,0.1830824255230583,0.6856788811459902,0.3110407615226283,0.6164207455491848,-0.5304473056085204,-0.19770830352026625
2010,NIC,Nicaragua,6.869316770186337,7.917636968082276,3.8036690174503276,8.353290765423411,8.074843977514977,6.215837858826568,Latin America & the Caribbean,Lower-Middle Income,-0.00996998079852851,-0.44888812724942184,-0.09618075780996627,-0.09581367381881023,0.41669584235961565,0.15273710253097672
2015,NIC,Nicaragua,6.8393633540372685,7.2643344768354,3.9467576732562946,8.768390690000121,8.04172563711386,6.188266347971996,Latin America & the Caribbean,Lower-Middle Income,-0.02995341614906888,-0.6533024912468752,0.14308865580596697,0.41509992457670997,-0.03311834040111705,-0.02757151085457199
2020,NIC,Nicaragua,6.5198602484472055,5.850423125168029,3.869906308852238,9.399022784333347,7.4098317002914005,6.061549827175077,Latin America & the Caribbean,Lower-Middle Income,-0.319503105590063,-1.4139113516673714,-0.07685136440405671,0.630632094333226,-0.6318939368224594,-0.12671652079691853
1970,NLD,Netherlands,7.4092482184573765,5.3556483301448985,8.641573830168113,9.47483379885391,6.58044047940683,6.936172631215974,Europe & Central Asia,,,,,,,
1975,NLD,Netherlands,7.399785577054492,4.903938267303213,8.863429538926562,9.141667012577734,7.609126341556884,6.4723619922966575,Europe & Central Asia,,-0.009462641402884664,-0.4517100628416859,0.22185570875844896,-0.33316678627617513,1.0286858621500539,-0.4638106389193162
1980,NLD,Netherlands,7.571651564650596,4.067960697725499,8.875701178252044,9.42858310712901,8.68986459043519,6.851365620120392,Europe & Central Asia,,0.17186598759610394,-0.8359775695777136,0.012271639325481587,0.286916094551275,1.0807382488783066,0.3790036278237343
1985,NLD,Netherlands,7.562198816130433,4.172155225956704,8.885608834921651,9.443386736479107,8.731678867921554,6.657693622352628,Europe & Central Asia,,-0.009452748520162757,0.10419452823120512,0.00990765666960769,0.014803629350097935,0.04181427748636324,-0.19367199776776367
1990,NLD,Netherlands,7.796467676605353,4.976911626022575,8.943909602334328,9.642968578798188,8.724440384729293,6.739371627904407,Europe & Central Asia,High Income,0.2342688604749199,0.8047564000658713,0.058300767412676535,0.1995818423190805,-0.007238483192260503,0.08167800555177873
1995,NLD,Netherlands,7.80620109442883,4.739987587596021,8.604991988019668,9.698278022559466,9.456269256163406,6.615849585916877,Europe & Central Asia,High Income,0.00973341782347692,-0.23692403842655452,-0.33891761431465994,0.05530944376127778,0.7318288714341126,-0.12352204198753025
2000,NLD,Netherlands,8.079418132733839,4.981591562400463,9.085070298157383,9.447886365495773,9.37479047725075,7.506387152312354,Europe & Central Asia,High Income,0.27321703830500876,0.24160397480444207,0.4800783101377153,-0.2503916570636928,-0.08147877891265587,0.8905375663954773
2005,NLD,Netherlands,7.920255464917118,5.2301938224075455,9.054549902340588,9.373381877052097,8.838143642347989,7.111890105294364,Europe & Central Asia,High Income,-0.1591626678167204,0.24860226000708252,-0.030520395816795443,-0.07450448844367585,-0.5366468349027613,-0.3944970470179898
2010,NLD,Netherlands,7.770250626566417,4.4878940211414475,8.90502249190745,9.330866185651807,8.807971229966594,7.332588981120269,Europe & Central Asia,High Income,-0.1500048383507009,-0.742299801266098,-0.14952741043313722,-0.04251569140028977,-0.03017241238139512,0.22069887582590475
2015,NLD,Netherlands,8.019937343358396,5.026511441219331,8.969463363480775,9.715403528874647,9.088987793527734,7.2827488478085165,Europe & Central Asia,High Income,0.24968671679197918,0.538617420077883,0.0644408715733249,0.3845373432228403,0.28101656356114013,-0.04984013331175241
2020,NLD,Netherlands,7.690350877192983,4.841492920869011,8.878933042728683,8.754532057309584,8.921902839305924,7.0779295816248915,Europe & Central Asia,High Income,-0.32958646616541376,-0.18501852035031963,-0.09053032075209266,-0.9608714715650635,-0.16708495422181002,-0.204819266183625
1970,NOR,Norway,6.830751991544949,4.897640371278532,8.799620247654603,6.252662948261975,6.652098513909652,7.342403251411725,Europe & Central Asia,,,,,,,
1975,NOR,Norway,6.949786543676429,4.703712821464515,8.997853022653906,6.4723894573507135,7.1367562120530925,7.328303893842863,Europe & Central Asia,,0.11903455213148018,-0.19392754981401694,0.19823277499930292,0.2197265090887388,0.4846576981434403,-0.01409935756886238
1980,NOR,Norway,6.81650296612647,4.5636675605419965,9.02930926616657,6.2688340144435815,7.103075165126838,7.0106496436368,Europe & Central Asia,,-0.13328357754995857,-0.1400452609225189,0.03145624351266285,-0.203555442907132,-0.03368104692625451,-0.3176542502060631
1985,NOR,Norway,7.1530017021129675,4.849296278873531,9.029588179340838,6.573565186331494,7.803858238269857,7.416344854346572,Europe & Central Asia,,0.33649873598649727,0.2856287183315347,0.00027891317426842477,0.3047311718879122,0.7007830731430191,0.405695210709772
1990,NOR,Norway,7.691399679691363,4.499480229932017,9.19587898915534,9.27690320307077,8.292776661392892,7.208426058857815,Europe & Central Asia,High Income,0.5383979775783958,-0.3498160489415145,0.16629080981450173,2.703338016739276,0.48891842312303524,-0.2079187954887569
1995,NOR,Norway,7.809275536851384,5.170408024274922,8.964044819751408,9.65140439485375,8.111066047720296,7.155959489521374,Europe & Central Asia,High Income,0.11787585716002091,0.6709277943429051,-0.23183416940393187,0.37450119178297925,-0.1817106136725961,-0.052466569336441005
2000,NOR,Norway,7.8785593502328295,5.381322838562995,9.13569190003398,8.982669227804738,8.728309213902829,7.162459733047114,Europe & Central Asia,High Income,0.06928381338144529,0.21091481428807324,0.1716470802825718,-0.6687351670490109,0.6172431661825328,0.006500243525739968
2005,NOR,Norway,7.888722297411604,5.77312959826232,9.215994033277452,9.31457367907331,7.916765275819164,7.2316847342808455,Europe & Central Asia,High Income,0.01016294717877475,0.39180675969932466,0.0803021332434728,0.3319044512685725,-0.8115439380836653,0.06922500123373165
2010,NOR,Norway,7.679551630434781,5.465046496317384,9.118730060076977,8.961624325834492,7.808997266966584,7.052521228109926,Europe & Central Asia,High Income,-0.2091706669768234,-0.30808310194493593,-0.09726397320047475,-0.3529493532388184,-0.10776800885258009,-0.17916350617091936
2015,NOR,Norway,7.379959239130433,5.26871088733798,9.176371971821137,6.8675995627984285,8.214192370832954,7.378644871236586,Europe & Central Asia,High Income,-0.29959239130434767,-0.19633560897940328,0.05764191174415956,-2.0940247630360638,0.4051951038663706,0.3261236431266603
2020,NOR,Norway,7.599660326086957,4.772270294071225,8.885850900464202,9.197137715494446,8.00247211614412,7.155572097278801,Europe & Central Asia,High Income,0.21970108695652346,-0.4964405932667555,-0.2905210713569346,2.329538152696017,-0.21172025468883504,-0.22307277395778513
1970,NPL,Nepal,3.9863717625358377,,2.975843939286048,6.23084700887087,0.4599775795310237,3.871748558460891,South Asia,,,,,,,
1975,NPL,Nepal,3.9723352422452183,6.332144174516651,2.9810245308469447,4.352794285408251,2.183886808867916,3.871748558460891,South Asia,,-0.014036520290619414,,0.005180591560896897,-1.878052723462619,1.7239092293368923,0.0
1980,NPL,Nepal,4.57327826607206,4.873349647313779,3.097809766744084,5.966417435041267,4.769750652873254,3.934010740400351,South Asia,,0.6009430238268414,-1.4587945272028726,0.1167852358971393,1.6136231496330158,2.5858638440053383,0.06226218193945998
1985,NPL,Nepal,4.484572437635317,4.788743757456594,3.210681705521856,6.138790342873401,4.180406087199924,3.934010740400351,South Asia,,-0.08870582843674235,-0.08460588985718509,0.11287193877777213,0.1723729078321341,-0.58934456567333,0.0
1990,NPL,Nepal,4.612703078710612,4.053318002906505,3.728419552407132,6.205658384800202,3.7673611779245992,5.34667849391501,South Asia,Low Income,0.1281306410752947,-0.7354257545500884,0.517737846885276,0.06686804192680107,-0.413044909275325,1.412667753514659
1995,NPL,Nepal,5.400237750685594,6.4191566647704725,4.513836827167437,6.174201683939044,4.373535450606119,5.551842430544288,South Asia,Low Income,0.7875346719749823,2.3658386618639673,0.785417274760305,-0.03145670086115793,0.6061742726815198,0.2051639366292779
2000,NPL,Nepal,5.868576953842398,6.236822336977466,4.244909059866219,7.030767907960093,6.0620907343460795,5.878250658052387,South Asia,Low Income,0.46833920315680366,-0.18233432779300696,-0.2689277673012178,0.8565662240210488,1.6885552837399604,0.3264082275080993
2005,NPL,Nepal,6.251283750856365,8.297236870640607,4.52941003618909,6.14608977456648,6.130220553910152,6.12553982348219,South Asia,Low Income,0.3827067970139666,2.060414533663141,0.28450097632287097,-0.8846781333936127,0.06812981956407249,0.24728916542980262
2010,NPL,Nepal,6.0032169353461935,7.795166702564293,4.452430603553921,5.233939777480304,5.989737107051748,6.537953024704293,South Asia,Low Income,-0.24806681551017107,-0.5020701680763135,-0.07697943263516915,-0.9121499970861766,-0.1404834468584042,0.4124132012221029
2015,NPL,Nepal,6.440152671755726,8.540745861289997,4.756429873912539,5.756890380246528,6.268205428601801,6.86683938133183,South Asia,Low Income,0.43693573640953254,0.7455791587257039,0.3039992703586174,0.5229506027662243,0.2784683215500534,0.32888635662753707
2020,NPL,Nepal,6.330320610687023,7.7482719300250125,4.949670654097251,6.163143735863166,5.680827194791381,7.108106161111343,South Asia,Lower-Middle Income,-0.10983206106870291,-0.7924739312649844,0.1932407801847127,0.4062533556166379,-0.5873782338104201,0.24126677977951339
1970,NZL,New Zealand,6.6385358234962855,5.395156547320147,7.986117126716143,6.1878516151804135,5.809028131447244,7.735496529949379,East Asia & Pacific,,,,,,,
1975,NZL,New Zealand,6.4410722933356315,4.2975705787627065,8.263742597709673,5.733418958115406,6.229132228599798,7.6068475139262635,East Asia & Pacific,,-0.197463530160654,-1.09758596855744,0.27762547099352997,-0.45443265706500746,0.4201040971525538,-0.12864901602311551
1980,NZL,New Zealand,6.652886329887775,4.298211286840917,8.313128001484307,5.948241083012253,7.119148573936287,7.507726763738496,East Asia & Pacific,,0.21181403655214393,0.0006407080782100394,0.049385403774634185,0.21482212489684738,0.8900163453364893,-0.09912075018776711
1985,NZL,New Zealand,6.941306257484066,5.283990252350124,8.317439277614168,5.8161973139024346,7.462034265533473,7.747142105969829,East Asia & Pacific,,0.28841992759629065,0.9857789655092075,0.0043112761298615965,-0.13204376910981885,0.3428856915971856,0.23941534223133232
1990,NZL,New Zealand,8.152669953388488,6.332734861571566,8.64683865083325,8.188344751551726,8.871932911584464,8.699998481499398,East Asia & Pacific,High Income,1.2113636959044216,1.0487446092214423,0.32939937321908097,2.372147437649292,1.4098986460509915,0.9528563755295689
1995,NZL,New Zealand,8.488252009581233,7.248445675765148,8.414520407174674,9.646341306618458,7.8717010288758615,9.264282186957836,East Asia & Pacific,High Income,0.33558205619274517,0.9157108141935817,-0.23231824365857534,1.4579965550667318,-1.0002318827086025,0.564283705458438
2000,NZL,New Zealand,8.697961765112062,6.827496828015199,8.671153706852234,9.606809111840137,9.431619756037366,8.944152038584354,East Asia & Pacific,High Income,0.20970975553082916,-0.42094884774994945,0.25663329967756,-0.03953219477832093,1.559918727161504,-0.3201301483734813
2005,NZL,New Zealand,8.55911174833718,6.793770865227884,8.83351355512207,9.470868934146253,8.967246954628402,8.732852723415542,East Asia & Pacific,High Income,-0.13885001677488162,-0.03372596278731432,0.16235984826983518,-0.13594017769388422,-0.4643728014089632,-0.21129931516881229
2010,NZL,New Zealand,8.429880095923261,6.241554403729006,9.003360626229469,9.236590489661333,9.025492435467752,8.651112175321442,East Asia & Pacific,High Income,-0.1292316524139192,-0.5522164614988787,0.16984707110739983,-0.23427844448491975,0.058245480839349995,-0.08174054809409981
2015,NZL,New Zealand,8.729520383693046,7.0375568379503335,9.01904860332375,9.559325094538895,9.016532544390408,9.030411763768676,East Asia & Pacific,High Income,0.299640287769785,0.7960024342213279,0.015687977094280825,0.3227346048775619,-0.008959891077344295,0.37929958844723366
2020,NZL,New Zealand,8.369952038369304,6.448834515245959,8.836812833266912,9.419151569327928,8.559223115207267,8.608685879154772,East Asia & Pacific,High Income,-0.3595683453237424,-0.5887223227043741,-0.18223577005683822,-0.14017352521096704,-0.457309429183141,-0.42172588461390426
1970,OMN,Oman,,4.672102698520186,3.6511535423206376,10.0,,,,,,,,,,
1975,OMN,Oman,5.4739227278990095,4.84761052337817,3.6818458246146095,8.136750010630811,,5.8999887148711965,Middle East & North Africa,,,0.17550782485798333,0.030692282293971918,-1.863249989369189,,
1980,OMN,Oman,5.178310513543198,4.831295386664385,3.8773805221904483,5.106896585727274,,6.8861243528549,Middle East & North Africa,,-0.29561221435581153,-0.016315136713784817,0.19553469757583875,-3.0298534249035374,,0.9861356379837032
1985,OMN,Oman,6.157197189071213,4.771473218713842,3.93891337955914,9.113021447370555,6.143372540496922,6.87851117529275,Middle East & North Africa,,0.978886675528015,-0.05982216795054285,0.06153285736869174,4.006124861643281,,-0.007613177562149964
1990,OMN,Oman,6.020167578038471,4.782349976523031,4.08468997760485,7.746521744549088,6.208649443570339,7.215000113349002,Middle East & North Africa,Upper-Middle Income,-0.1370296110327418,0.010876757809189286,0.14577659804571041,-1.366499702821467,0.06527690307341683,0.33648893805625235
1995,OMN,Oman,6.2773582815306215,5.104174045818469,5.302284783251608,9.19752923322519,6.18927465984879,5.867257926093626,Middle East & North Africa,Upper-Middle Income,0.25719070349215034,0.3218240692954373,1.2175948056467574,1.451007488676102,-0.019374783721548994,-1.3477421872553759
2000,OMN,Oman,6.7587507877829704,5.189540111780718,5.2001265415699445,8.124767293102234,7.997561171888749,7.276953062902222,Middle East & North Africa,Upper-Middle Income,0.481392506252349,0.0853660659622495,-0.10215824168166332,-1.0727619401229553,1.8082865120399587,1.4096951368085957
2005,OMN,Oman,6.750117474302497,4.887480238841679,5.1218795550595315,8.7616482613879,7.762976907229134,7.224768793467827,Middle East & North Africa,Upper-Middle Income,-0.008633313480473248,-0.30205987293903913,-0.07824698651041295,0.6368809682856664,-0.23458426465961502,-0.05218426943439525
2010,OMN,Oman,6.610000000000001,5.065459186110582,5.365430439254897,7.057976405260565,8.045247867675933,7.532681314211139,Middle East & North Africa,High Income,-0.140117474302496,0.17797894726890284,0.24355088419536575,-1.703671856127336,0.282270960446799,0.30791252074331243
2015,OMN,Oman,6.5195896656534975,4.601484991663651,5.24150264419533,8.381381185632213,7.747338951147365,6.628442295591972,Middle East & North Africa,High Income,-0.0904103343465037,-0.4639741944469309,-0.12392779505956764,1.3234047803716482,-0.2979089165285673,-0.9042390186191671
2020,OMN,Oman,6.5798632218845,4.768200096507213,5.36464373343225,8.697464830326751,7.422175797842507,6.625795162113241,Middle East & North Africa,High Income,0.06027355623100217,0.16671510484356222,0.12314108923692046,0.31608364469453853,-0.32516315330485845,-0.002647133478730801
1970,PAK,Pakistan,4.984527024296704,6.2359376682230305,3.919912797367014,6.972818901882243,0.6147563703526523,6.14542026693481,Middle East & North Africa,,,,,,,
1975,PAK,Pakistan,3.967276611174928,4.330230927077337,3.2065594693128645,5.1743188679917695,3.8141780685008806,3.4377738321327516,Middle East & North Africa,,-1.017250413121776,-1.9057067411456936,-0.7133533280541493,-1.7985000338904733,3.199421698148228,-2.7076464348020584
1980,PAK,Pakistan,4.59146146466645,5.092389721421856,3.491785839512664,6.391873907755187,2.9123349824089697,4.829344584564692,Middle East & North Africa,,0.624184853491522,0.7621587943445194,0.28522637019979946,1.2175550397634174,-0.9018430860919109,1.39157075243194
1985,PAK,Pakistan,5.076474999666428,4.848730149397651,3.9513781550476486,6.725353257169364,5.031666234724959,5.041705673308306,Middle East & North Africa,,0.485013534999978,-0.24365957202420496,0.4595923155349846,0.33347934941417723,2.1193312523159893,0.2123610887436147
1990,PAK,Pakistan,5.054918842555318,4.943342379104936,3.396478776812803,8.027612118950175,4.084730994328454,4.696914686841698,Middle East & North Africa,Low Income,-0.021556157111110252,0.09461222970728489,-0.5548993782348455,1.3022588617808113,-0.9469352403965052,-0.34479098646660855
1995,PAK,Pakistan,5.432151591999745,5.586235678524422,4.015790302762985,7.32518488957838,6.027760401785396,4.546839770778464,Middle East & North Africa,Low Income,0.37723274944442764,0.6428932994194856,0.6193115259501822,-0.7024272293717955,1.943029407456942,-0.1500749160632342
2000,PAK,Pakistan,5.158438527286579,7.051406696796966,3.297405149280846,6.022579400562998,4.451564148068258,5.007112620187224,Middle East & North Africa,Low Income,-0.27371306471316625,1.4651710182725441,-0.7183851534821395,-1.3026054890153818,-1.5761962537171375,0.46027284940876
2005,PAK,Pakistan,5.740300413461038,7.8826256966004085,3.4766720428064275,5.837145827826445,6.020062450676396,5.480674286344986,Middle East & North Africa,Low Income,0.5818618861744591,0.8312189998034425,0.17926689352558167,-0.18543357273655303,1.5684983026081376,0.47356166615776285
2010,PAK,Pakistan,5.790303030303032,8.436401808015596,3.781556934346345,4.890082238607319,5.836466485202021,6.0289369058090045,Middle East & North Africa,Lower-Middle Income,0.050002616841993586,0.5537761114151873,0.3048848915399174,-0.9470635892191259,-0.18359596547437462,0.5482626194640181
2015,PAK,Pakistan,5.980641711229948,8.181669923455683,3.84072823540454,6.228653660826777,5.797758739416008,5.8673951208594,Middle East & North Africa,Lower-Middle Income,0.1903386809269163,-0.2547318845599129,0.0591713010581949,1.3385714222194576,-0.03870774578601299,-0.16154178494960458
2020,PAK,Pakistan,5.980641711229947,8.131025269601189,4.14562286974051,5.695343638548747,5.912601709683167,6.068437180847401,Middle East & North Africa,Lower-Middle Income,-8.881784197001252e-16,-0.05064465385449424,0.3048946343359704,-0.5333100222780303,0.1148429702671585,0.2010420599880014
1970,PAN,Panama,6.85679117608909,9.343923204506117,4.110503473993542,9.71230140353657,6.7207511848629675,5.9978563143683665,Latin America & the Caribbean,,,,,,,
1975,PAN,Panama,5.889807805102167,4.5623710404575135,3.778701924106095,8.613622188301749,6.980273048096189,5.39275972679833,Latin America & the Caribbean,,-0.9669833709869229,-4.781552164048604,-0.3318015498874467,-1.0986792152348208,0.25952186323322124,-0.6050965875700367
1980,PAN,Panama,5.492222662842523,4.635808186861339,3.7719629044324545,6.565164935781698,6.99757450564507,5.218055289453623,Latin America & the Caribbean,,-0.39758514225964436,0.07343714640382526,-0.006739019673640545,-2.048457252520051,0.01730145754888124,-0.17470443734470642
1985,PAN,Panama,6.266169150136121,5.704467753783389,4.057411568679747,9.619646878235363,6.824559930156255,5.140090746147477,Latin America & the Caribbean,,0.7739464872935979,1.06865956692205,0.2854486642472924,3.0544819424536653,-0.17301457548881505,-0.07796454330614644
1990,PAN,Panama,6.9748430421158005,6.346631553979627,4.957493382301165,9.774298778808497,7.222493453780528,6.6670999828928315,Latin America & the Caribbean,Lower-Middle Income,0.7086738919796796,0.6421638001962382,0.9000818136214184,0.15465190057313372,0.3979335236242729,1.5270092367453545
1995,PAN,Panama,7.416167361149262,7.697440366435011,5.190297089929746,9.223057928996749,8.089705111486472,6.928575480362156,Latin America & the Caribbean,Lower-Middle Income,0.4413243190334617,1.3508088124553836,0.23280370762858027,-0.551240849811748,0.8672116577059441,0.2614754974693243
2000,PAN,Panama,7.569473146392657,7.703747136568345,5.612542653822202,9.38371268165972,8.203033907663954,6.987384327081025,Latin America & the Caribbean,Lower-Middle Income,0.15330578524339433,0.006306770133334361,0.4222455638924565,0.16065475266297113,0.11332879617748226,0.05880884671886921
2005,PAN,Panama,7.6591812428675174,8.021349330746476,5.8254295770718985,9.604252725163438,8.14558638342133,6.716045370024647,Latin America & the Caribbean,Upper-Middle Income,0.08970809647486089,0.3176021941781313,0.21288692324969638,0.2205400435037177,-0.057447524242624226,-0.2713389570563782
2010,PAN,Panama,7.510169934640522,7.518509736610904,5.7824731766519575,8.923183141681363,8.496140748949667,6.8508739898930395,Latin America & the Caribbean,Upper-Middle Income,-0.1490113082269957,-0.5028395941355726,-0.04295640041994098,-0.6810695834820741,0.3505543655283372,0.13482861986839279
2015,PAN,Panama,7.739869281045752,8.065929754569849,5.807548626666108,8.95800940002106,8.858591881612012,7.011267528448585,Latin America & the Caribbean,Upper-Middle Income,0.22969934640522993,0.5474200179589452,0.02507545001415057,0.03482625833969699,0.3624511326623452,0.16039353855554506
2020,PAN,Panama,7.490196078431373,7.578122295642933,5.717304786861269,9.240979227581716,8.241399837155377,6.6504041437193955,Latin America & the Caribbean,Upper-Middle Income,-0.2496732026143791,-0.4878074589269161,-0.09024383980483908,0.28296982756065603,-0.617192044456635,-0.3608633847291891
1970,PER,Peru,4.816253049839995,6.905624589646196,4.316140982407014,5.944615698472055,3.3230602556403603,4.308389577141634,Latin America & the Caribbean,,,,,,,
1975,PER,Peru,3.9018892189493193,5.447452798930405,4.422041162628749,5.012328938810596,1.2486793834177525,4.323000230472934,Latin America & the Caribbean,,-0.9143638308906756,-1.4581717907157916,0.10590018022173453,-0.9322867596614595,-2.0743808722226076,0.014610653331299517
1980,PER,Peru,3.8475705755300718,5.290964781002007,4.875617622709479,1.061257253482742,3.3282848443679387,4.9780272757142185,Latin America & the Caribbean,,-0.054318643419247525,-0.15648801792839784,0.45357646008072994,-3.951071685327854,2.0796054609501864,0.655027045241285
1985,PER,Peru,3.167393191465389,4.785018161150097,4.893106224144771,0.009988296471579046,1.2543128255685256,5.555199054712288,Latin America & the Caribbean,,-0.6801773840646828,-0.50594661985191,0.01748860143529196,-1.051268957011163,-2.073972018799413,0.5771717789980695
1990,PER,Peru,4.035871969770415,7.052010041714594,4.503928774495394,1.2585253554189597,3.686764078198081,3.930538302674473,Latin America & the Caribbean,Lower-Middle Income,0.8684787783050263,2.266991880564497,-0.3891774496493765,1.2485370589473808,2.4324512526295554,-1.6246607520378151
1995,PER,Peru,5.956248708567026,8.29458234329031,4.358561779675927,4.842859820056489,6.9099012499560954,5.434872154161881,Latin America & the Caribbean,Lower-Middle Income,1.9203767387966106,1.2425723015757164,-0.1453669948194669,3.5843344646375295,3.2231371717580144,1.504333851487408
2000,PER,Peru,7.398391845301331,8.19631005145659,4.422127837797909,8.936913758128764,8.882483197709938,6.595529448141609,Latin America & the Caribbean,Lower-Middle Income,1.4421431367343054,-0.09827229183371955,0.06356605812198168,4.094053938072275,1.9725819477538424,1.1606572939797282
2005,PER,Peru,7.529711746453982,8.075812738009537,5.553476611266932,9.587089641490827,8.246307828049924,6.179951419062284,Latin America & the Caribbean,Lower-Middle Income,0.1313199011526507,-0.1204973134470535,1.131348773469023,0.6501758833620634,-0.6361753696600143,-0.41557802907932473
2010,PER,Peru,7.5396716826265395,7.722050857683907,5.495087357046643,9.019168761866421,8.782722674626168,6.67443602965058,Latin America & the Caribbean,Upper-Middle Income,0.009959936172557526,-0.3537618803256297,-0.05838925422028929,-0.5679208796244062,0.5364148465762444,0.4944846105882954
2015,PER,Peru,7.579616963064297,7.691624781831478,5.436349585579751,9.173012833041492,8.646052183035287,6.962095679151808,Latin America & the Caribbean,Upper-Middle Income,0.0399452804377578,-0.030426075852429513,-0.058737771466891964,0.1538440711750706,-0.13667049159088052,0.28765964950122846
2020,PER,Peru,7.449794801641588,7.488821001306608,5.583809110833012,9.438393445581871,8.200752373888808,6.560026743692863,Latin America & the Caribbean,Upper-Middle Income,-0.12982216142270975,-0.20280378052486991,0.1474595252532609,0.2653806125403797,-0.44529980914647993,-0.40206893545894484
1970,PHL,Philippines,5.290447431449922,7.460656897884824,4.315633281681761,6.751341340683691,2.158130157392958,5.860916367689472,East Asia & Pacific,,,,,,,
1975,PHL,Philippines,4.647409622102418,6.860326832585037,2.6988086568187737,5.702966177695381,3.4315044356150426,4.526678242163792,East Asia & Pacific,,-0.6430378093475042,-0.6003300652997865,-1.616824624862987,-1.04837516298831,1.2733742782220845,-1.3342381255256806
1980,PHL,Philippines,4.979367452252591,6.373132924913597,2.675882130323514,5.931032405749525,5.0165006726121115,4.9251369526885,East Asia & Pacific,,0.33195783015017266,-0.4871939076714398,-0.022926526495259836,0.22806622805414367,1.584996236997069,0.39845871052470816
1985,PHL,Philippines,4.695112223679116,6.3718581300285955,2.5556930191225367,4.1014615170650845,5.575733747611423,4.8713450267676635,East Asia & Pacific,,-0.28425522857347474,-0.0012747948850018176,-0.1201891112009772,-1.8295708886844402,0.5592330749993115,-0.05379192592083637
1990,PHL,Philippines,5.734114093637333,7.806242452948064,3.238484031091476,5.744321216378849,5.226732812380472,6.654600350389755,East Asia & Pacific,Lower-Middle Income,1.0390018699582173,1.4343843229194686,0.6827910119689395,1.6428596993137647,-0.34900093523095066,1.7832553236220914
1995,PHL,Philippines,6.882900650068101,8.336242853357522,4.2387362078170385,8.53013234460193,6.309664430579452,7.002903070727164,East Asia & Pacific,Lower-Middle Income,1.1487865564307675,0.5300004004094578,1.0002521767255623,2.78581112822308,1.0829316181989794,0.3483027203374087
2000,PHL,Philippines,6.961226688760199,7.510787671130427,4.444107862237484,9.026910609477934,6.683858928428646,7.120896263557742,East Asia & Pacific,Lower-Middle Income,0.07832603869209809,-0.8254551822270946,0.20537165442044536,0.4967782648760046,0.374194497849194,0.11799319283057841
2005,PHL,Philippines,6.891399790011689,8.546702826253034,4.352356001064186,7.723872175169167,6.997013845558009,6.8110009486064955,East Asia & Pacific,Lower-Middle Income,-0.06982689874851022,1.0359151551226065,-0.09175186117329748,-1.3030384343087666,0.3131549171293635,-0.30989531495124645
2010,PHL,Philippines,7.099929178470254,8.340447406342712,4.281372971276716,9.037082671531541,6.84460077489075,6.9738040744692675,East Asia & Pacific,Lower-Middle Income,0.20852938845856528,-0.20625541991032215,-0.07098302978747029,1.313210496362374,-0.15241307066725973,0.162803125862772
2015,PHL,Philippines,7.389518413597732,8.49838858145657,4.968413902493625,9.340147213079375,7.183837284678354,6.957459597368072,East Asia & Pacific,Lower-Middle Income,0.2895892351274778,0.15794117511385863,0.6870409312169086,0.30306454154783324,0.33923650978760467,-0.016344477101195132
2020,PHL,Philippines,6.960127478753541,7.758663892442011,4.519160026290049,9.327864117529883,6.564774946519351,6.6265218605939005,East Asia & Pacific,Lower-Middle Income,-0.4293909348441911,-0.739724689014559,-0.44925387620357604,-0.012283095549491918,-0.6190623381590035,-0.33093773677417193
1970,PNG,Papua New Guinea,6.096959927930743,5.73586741074051,5.130038674998511,6.767486696780413,,6.924595721278753,East Asia & Pacific,,,,,,,
1975,PNG,Papua New Guinea,5.3088585736101495,3.429769613028357,5.6899572267588105,6.3039703214310725,,5.764346420068834,East Asia & Pacific,,-0.7881013543205935,-2.306097797712153,0.5599185517602994,-0.4635163753493403,,-1.1602493012099195
1980,PNG,Papua New Guinea,5.635557562755389,4.968541649157055,5.796811977632084,5.738929218433625,,5.941584949577244,East Asia & Pacific,,0.32669898914523987,1.5387720361286985,0.10685475087327312,-0.5650411029974478,,0.17723852950841046
1985,PNG,Papua New Guinea,5.999141921642833,6.057332773802271,5.810416001786228,6.396581672840586,5.478833883035115,5.833083618318764,East Asia & Pacific,,0.36358435888744367,1.0887911246452155,0.013604024154144412,0.6576524544069615,,-0.10850133125847972
1990,PNG,Papua New Guinea,6.0859462259752855,6.677722610458759,5.503948880262936,6.800710247191127,5.184992405400705,5.917502391314882,East Asia & Pacific,Lower-Middle Income,0.08680430433245245,0.6203898366564884,-0.30646712152329236,0.4041285743505405,-0.2938414776344098,0.08441877299611722
1995,PNG,Papua New Guinea,5.961106303391177,7.980193944966777,4.617871528275578,5.697926547835984,5.456119376947203,6.112444342022995,East Asia & Pacific,Lower-Middle Income,-0.12483992258410836,1.3024713345080174,-0.8860773519873577,-1.1027836993551423,0.2711269715464981,0.19494195070811315
2000,PNG,Papua New Guinea,5.666605310549023,6.203350851314216,4.386285445459864,5.515736456957876,5.728324186762286,6.396039735328597,East Asia & Pacific,Lower-Middle Income,-0.2945009928421545,-1.7768430936525608,-0.23158608281571436,-0.182190090878108,0.2722048098150829,0.28359539330560235
2005,PNG,Papua New Guinea,6.262762237327021,6.481228672991265,4.43955599455503,7.423393086847772,6.217453293856886,6.664955078371578,East Asia & Pacific,Low Income,0.596156926777998,0.2778778216770492,0.05327054909516615,1.907656629889896,0.4891291070946,0.2689153430429805
2010,PNG,Papua New Guinea,6.370235536251507,6.818758897127282,4.658451492058708,6.648490574572885,6.94336760506737,6.697207223527351,East Asia & Pacific,Lower-Middle Income,0.10747329892448665,0.3375302241360165,0.2188954975036781,-0.7749025122748874,0.7259143112104836,0.03225214515577335
2015,PNG,Papua New Guinea,6.129869702686187,6.143166706770747,4.633097873206099,6.1935393911357615,7.3114400805868245,6.325017395707199,East Asia & Pacific,Lower-Middle Income,-0.24036583356532049,-0.675592190356535,-0.025353618852609117,-0.4549511834371236,0.36807247551945466,-0.37218982782015164
2020,PNG,Papua New Guinea,6.149901639344264,5.9723418307536225,4.619477328207774,6.654934785007106,6.981539731572955,6.542344250301944,East Asia & Pacific,Lower-Middle Income,0.020031936658076788,-0.17082487601712426,-0.013620544998325101,0.46139539387134487,-0.32990034901386966,0.2173268545947451
1970,POL,Poland,,,4.297003714157081,,,2.3121435222726183,,,,,,,,
1975,POL,Poland,3.9805280509171466,3.011186992529026,4.296498861809753,8.231135227788263,,2.3121435222726183,Europe & Central Asia,,,,-0.0005048523473281108,,,0.0
1980,POL,Poland,4.001852308332774,3.3107310702930444,4.321488761919399,7.77869858111706,,2.3121435222726183,Europe & Central Asia,,0.02132425741562738,0.29954407776401837,0.02498990010964608,-0.4524366466712033,,0.0
1985,POL,Poland,3.752680372153563,3.235630032436454,4.375592696680186,4.141750290206121,2.3033019284420346,3.9329066693747663,Europe & Central Asia,,-0.24917193617921107,-0.07510103785659039,0.054103934760786565,-3.6369482909109383,,1.620763147102148
1990,POL,Poland,4.580609854739001,2.8642850857370172,5.977782647895431,3.5014965787902397,5.977207416830047,4.518332463181623,Europe & Central Asia,Lower-Middle Income,0.8279294825854384,-0.37134494669943674,1.6021899512152453,-0.6402537114158817,3.6739054883880122,0.5854257938068566
1995,POL,Poland,6.207931776817331,3.6029144092978536,6.562672333449803,7.089570540585462,8.572357232249152,5.457439000609007,Europe & Central Asia,Lower-Middle Income,1.6273219220783295,0.7386293235608363,0.5848896855543719,3.588073961795222,2.595149815419105,0.9391065374273841
2000,POL,Poland,6.490110493945392,5.367025252919906,6.481180607790389,6.6348490905695545,7.430165559578473,6.503314035500443,Europe & Central Asia,Lower-Middle Income,0.282178717128061,1.7641108436220527,-0.0814917256594141,-0.45472145001590736,-1.1421916726706787,1.045875034891436
2005,POL,Poland,6.800115771776373,5.444736941737683,6.452350104889803,8.354103099436978,7.3652747861948376,6.365075701361189,Europe & Central Asia,Upper-Middle Income,0.31000527783098164,0.0777116888177769,-0.028830502900586197,1.7192540088674235,-0.06489077338363547,-0.13823833413925435
2010,POL,Poland,6.8798825256975045,5.356501051989821,6.849068784116254,7.876789672837394,7.766410287356928,6.5678791259471545,Europe & Central Asia,High Income,0.07976675392113108,-0.08823588974786212,0.396718679226451,-0.47731342659958376,0.4011355011620905,0.20280342458596579
2015,POL,Poland,7.299265785609399,6.288428783137538,6.61255560043637,8.280940704205708,8.312151106744817,7.022860852949626,Europe & Central Asia,High Income,0.4193832599118945,0.9319277311477165,-0.23651318367988328,0.4041510313683139,0.5457408193878894,0.45498172700247164
2020,POL,Poland,6.969750367107195,5.789174040289479,6.545888803104991,7.93302566922042,8.084745697245973,6.484373253275896,Europe & Central Asia,High Income,-0.3295154185022042,-0.49925474284805826,-0.06666679733137926,-0.347915034985288,-0.2274054094988447,-0.5384875996737302
1970,PRT,Portugal,5.840145743386129,6.931339571411148,4.866804270728566,7.152205698721613,6.175381953700114,4.5219495466213235,Europe & Central Asia,,,,,,,
1975,PRT,Portugal,5.181555510301126,5.382732423276184,6.765681541076801,5.936209334820053,3.253403037460136,4.5782767260481,Europe & Central Asia,,-0.6585902330850031,-1.5486071481349644,1.898877270348235,-1.21599636390156,-2.9219789162399783,0.05632717942677612
1980,PRT,Portugal,5.8881312617058255,5.2795631727062355,7.035779826650431,6.070806150157751,6.279738343565827,4.703988470035644,Europe & Central Asia,,0.7065757514046993,-0.10316925056994819,0.2700982855736296,0.13459681533769796,3.0263353061056915,0.12571174398754437
1985,PRT,Portugal,5.85062724093063,5.097492257150213,6.636537862804203,5.905947295457859,6.467579845324111,4.99512097334163,Europe & Central Asia,,-0.0375040207751951,-0.1820709155560225,-0.3992419638462277,-0.16485885469989192,0.1878415017582835,0.2911325033059864
1990,PRT,Portugal,6.591331651240758,6.336387315056016,7.593512305096134,6.399644112492855,7.2461559019741495,5.26294735210558,Europe & Central Asia,Upper-Middle Income,0.7407044103101272,1.2388950579058031,0.9569744422919308,0.493696817034996,0.7785760566500386,0.26782637876394944
1995,PRT,Portugal,7.2543650126081705,6.1420875352552695,7.573158503105196,9.34013043975915,7.665451094338513,5.454886315440511,Europe & Central Asia,Upper-Middle Income,0.6630333613674129,-0.19429977980074664,-0.020353801990937725,2.940486327266295,0.4192951923643635,0.19193896333493132
2000,PRT,Portugal,7.810102961590466,6.250247456043233,7.8825784497169575,9.48555062875093,9.003488848247924,6.314811891276261,Europe & Central Asia,High Income,0.5557379489822951,0.10815992078796377,0.30941994661176153,0.1454201889917801,1.3380377539094113,0.8599255758357502
2005,PRT,Portugal,7.510014486623665,5.878255575396722,8.201514758762713,9.423984327959182,8.333009178244044,5.696873285761302,Europe & Central Asia,High Income,-0.3000884749668007,-0.3719918806465117,0.3189363090457551,-0.06156630079174796,-0.6704796700038802,-0.6179386055149596
2010,PRT,Portugal,7.330492227979275,5.24351919973535,7.70141650469481,9.309257844149021,8.440694340602803,5.937601303092176,Europe & Central Asia,High Income,-0.17952225864438986,-0.6347363756613715,-0.5000982540679022,-0.11472648381016093,0.10768516235875936,0.24072801733087434
2015,PRT,Portugal,7.789896373056995,5.97458209379991,7.857242190440745,9.662423807491875,8.732912010043648,6.71296016386721,Europe & Central Asia,High Income,0.45940414507771976,0.7310628940645598,0.1558256857459348,0.3531659633428532,0.29221766944084493,0.7753588607750341
2020,PRT,Portugal,7.540220207253887,5.933575307737993,7.873014127756754,8.891308516634552,8.62287658359862,6.3686739183870795,Europe & Central Asia,High Income,-0.24967616580310814,-0.04100678606191721,0.01577193731600879,-0.7711152908573222,-0.1100354264450285,-0.34428624548013076
1970,PRY,Paraguay,5.379835972864553,8.589959711994226,2.874716895222334,9.474043254045657,2.9727468417895357,3.7326309996545635,Latin America & the Caribbean,,,,,,,
1975,PRY,Paraguay,5.033989374608976,7.673992927374055,2.9885688817277183,8.213193693294032,3.1611187084769714,3.7326309996545635,Latin America & the Caribbean,,-0.3458465982555774,-0.9159667846201707,0.11385198650538442,-1.260849560751625,0.18837186668743566,0.0
1980,PRY,Paraguay,5.432629417165487,8.626605245673177,2.975987562532435,7.884249450248057,4.13221241267086,3.842595559556696,Latin America & the Caribbean,,0.39864004255651153,0.9526123182991224,-0.012581319195283491,-0.32894424304597525,0.9710937041938887,0.10996455990213239
1985,PRY,Paraguay,4.713462016682041,7.754190510573978,3.1654587391957185,7.639404995623064,1.9871526408074132,3.732630999654564,Latin America & the Caribbean,,-0.7191674004834461,-0.8724147350991993,0.18947117666328372,-0.24484445462499327,-2.1450597718634468,-0.10996455990213194
1990,PRY,Paraguay,5.429766750924528,8.815804927825049,3.742195206881578,6.269833572945064,4.152371320564831,4.45629424373493,Latin America & the Caribbean,Lower-Middle Income,0.7163047342424864,1.0616144172510706,0.5767364676858593,-1.3695714226779998,2.1652186797574178,0.7236632440803659
1995,PRY,Paraguay,6.689248729231764,8.85232561381255,5.24860208552012,8.253219126774752,5.782717592276595,5.525182572264201,Latin America & the Caribbean,Lower-Middle Income,1.2594819783072362,0.03652068598750091,1.506406878638542,1.983385553829688,1.6303462717117636,1.0688883285292716
2000,PRY,Paraguay,6.782804655514726,8.18094812760294,4.342055648631082,8.413711982005983,7.614172543502126,5.354747792215733,Latin America & the Caribbean,Lower-Middle Income,0.09355592628296172,-0.6713774862096091,-0.9065464368890375,0.16049285523123125,1.8314549512255311,-0.17043478004846868
2005,PRY,Paraguay,6.960169252468266,8.796252638912806,4.161579277829999,8.464577398193367,7.510880699905625,5.8731169855123095,Latin America & the Caribbean,Lower-Middle Income,0.17736459695354068,0.6153045113098656,-0.1804763708010837,0.05086541618738316,-0.10329184359650068,0.5183691932965768
2010,PRY,Paraguay,7.030070521861777,8.843565666974149,4.327796981596068,8.188501605864438,7.280003931041417,6.521403180574348,Latin America & the Caribbean,Lower-Middle Income,0.06990126939351082,0.04731302806134252,0.16621770376606904,-0.2760757923289283,-0.23087676886420816,0.6482861950620382
2015,PRY,Paraguay,7.08,8.221083537095184,4.396510017044421,8.876217097944913,7.328219425597867,6.583876479819047,Latin America & the Caribbean,Upper-Middle Income,0.049929478138222905,-0.6224821298789642,0.06871303544835339,0.6877154920804749,0.04821549455644991,0.06247329924469902
2020,PRY,Paraguay,7.040056417489422,7.929468932269459,4.444825022372892,9.353837933185714,6.960934291170984,6.502034695817662,Latin America & the Caribbean,Upper-Middle Income,-0.0399435825105785,-0.29161460482572554,0.04831500532847066,0.4776208352408009,-0.3672851344268828,-0.08184178400138453
1970,QAT,Qatar,,,3.997613663765184,,,6.553274579281712,,,,,,,,
1975,QAT,Qatar,,,4.16736686722269,,,6.506863716788553,,,,,0.16975320345750555,,,-0.0464108624931594
1980,QAT,Qatar,,,4.271731227264643,,,6.506863716788553,,,,,0.10436436004195304,,,0.0
1985,QAT,Qatar,,,4.283135775391725,,,6.506863716788553,,,,,0.011404548127082137,,,0.0
1990,QAT,Qatar,,,4.509475042267848,,,6.506863716788553,,,,,0.22633926687612327,,,0.0
1995,QAT,Qatar,,,5.564357754542443,,,6.506863716788553,,,,,1.054882712274595,,,0.0
2000,QAT,Qatar,7.691559046375359,5.946181339980247,5.299941240832947,9.474751721308346,,6.918418865073489,Middle East & North Africa,High Income,,,-0.26441651370949604,,,0.4115551482849362
2005,QAT,Qatar,7.242219250074997,5.946181339980247,5.050161568268437,9.723459711814854,,7.104988418224563,Middle East & North Africa,High Income,-0.4493397963003627,0.0,-0.24977967256451006,0.24870799050650838,,0.18656955315107382
2010,QAT,Qatar,6.860205945558741,5.946181339980247,5.403408290191522,7.753949685776382,8.068331758680392,7.0753852636752335,Middle East & North Africa,High Income,-0.3820133045162555,0.0,0.35324672192308526,-1.9695100260384724,,-0.029603154549329602
2015,QAT,Qatar,6.94964285714286,5.95167153442742,5.461120096448145,8.432254205118115,7.968706490850201,6.923323541707506,Middle East & North Africa,High Income,0.08943691158411848,0.005490194447173025,0.057711806256622644,0.678304519341733,-0.09962526783019054,-0.15206172196772716
2020,QAT,Qatar,6.8597767857142875,5.95167153442742,5.3933393666660265,8.503898122850927,7.736111386151562,6.732755070683311,Middle East & North Africa,High Income,-0.08986607142857217,0.0,-0.06778072978211824,0.07164391773281231,-0.23259510469863987,-0.1905684710241955
1970,ROU,Romania,,,4.981401242131011,,,1.304703888117288,,,,,,,,
1975,ROU,Romania,,,4.983967481475047,8.116003882338175,,0.9557714529231296,,,,,0.002566239344035992,,,-0.3489324351941585
1980,ROU,Romania,4.281756014771602,3.2703317728266894,4.976855675199007,7.24349230878052,,3.3413976520675703,Europe & Central Asia,,,,-0.0071118062760398,-0.872511573557655,,2.3856261991444407
1985,ROU,Romania,4.419877176538428,3.703576437980264,4.976121667455401,7.000130808143125,,3.484267360127176,Europe & Central Asia,,0.13812116176682565,0.4332446651535746,-0.0007340077436062131,-0.2433615006373948,,0.14286970805960575
1990,ROU,Romania,4.51864538160074,3.3367072528035213,4.925261345190928,7.0636340811990115,3.144265005417695,4.5643964380580195,Europe & Central Asia,Lower-Middle Income,0.09876820506231176,-0.3668691851767427,-0.05086032226447301,0.06350327305588621,,1.0801290779308435
1995,ROU,Romania,4.627887357859219,5.598626854839699,6.171498246668439,0.7440900200687007,5.677711715143118,4.869799572504422,Europe & Central Asia,Lower-Middle Income,0.10924197625847931,2.2619196020361776,1.246236901477511,-6.319544061130311,2.5334467097254225,0.30540313444640255
2000,ROU,Romania,5.37331887858822,6.272514322811088,6.092689425796281,1.7832528954340376,6.657070446938024,6.063409215086287,Europe & Central Asia,Lower-Middle Income,0.7454315207290012,0.6738874679713893,-0.07880882087215824,1.0391628753653368,0.9793587317949068,1.1936096425818645
2005,ROU,Romania,7.160218281036836,7.537925114854176,6.468368937003875,7.626737561102176,7.914347432728989,6.240918649191929,Europe & Central Asia,Upper-Middle Income,1.7868994024486158,1.2654107920430882,0.37567951120759435,5.843484665668138,1.2572769857909645,0.17750943410564268
2010,ROU,Romania,7.320000000000002,6.732574693041111,6.479067742710485,8.560895946073419,8.30972384960755,6.500360137959393,Europe & Central Asia,Upper-Middle Income,0.15978171896316606,-0.8053504218130652,0.010698805706609527,0.9341583849712434,0.3953764168785616,0.25944148876746365
2015,ROU,Romania,7.769386084583903,7.130016884434477,6.744816020963773,9.473938999663778,8.72157686493246,6.774689503491129,Europe & Central Asia,Upper-Middle Income,0.4493860845839013,0.3974421913933659,0.2657482782532883,0.9130430535903589,0.41185301532491003,0.27432936553173626
2020,ROU,Romania,7.519727148703956,6.673052333996104,6.918820104528122,9.135572092418297,8.496708667196819,6.375453125990888,Europe & Central Asia,Upper-Middle Income,-0.24965893587994703,-0.45696455043837325,0.17400408356434927,-0.33836690724548113,-0.22486819773564193,-0.399236377500241
1970,RUS,Russian Federation,,,4.079950718173968,,,2.6671056919040264,,,,,,,,
1975,RUS,Russian Federation,3.9448351566983395,1.1625886615220031,4.199590235693412,4.556713114111644,,2.9601345980338682,Europe & Central Asia,,,,0.11963951751944446,,,0.2930289061298419
1980,RUS,Russian Federation,3.9581174299532162,1.2955420425666597,4.236763308206059,4.423531519962243,,2.9601345980338682,Europe & Central Asia,,0.013282273254876742,0.1329533810446566,0.03717307251264668,-0.13318159414940123,,0.0
1985,RUS,Russian Federation,3.945670519796131,1.1995201562566298,4.240709817981926,4.499635288047615,,2.924862600073795,Europe & Central Asia,,-0.012446910157085433,-0.09602188631002995,0.003946509775866858,0.076103768085372,,-0.035271997960073076
1990,RUS,Russian Federation,3.831753523161597,1.5449947084814633,4.128034499715455,3.939991587590833,,3.0581813696611606,Europe & Central Asia,,-0.1139169966345337,0.3454745522248335,-0.11267531826647037,-0.5596437004567818,,0.13331876958736544
1995,RUS,Russian Federation,4.5334990811824705,6.469768935157593,3.848331571319874,1.2566999166507222,6.419196092044603,4.921159060120753,Europe & Central Asia,Lower-Middle Income,0.7017455580208734,4.92477422667613,-0.2797029283955812,-2.6832916709401107,,1.8629776904595925
2000,RUS,Russian Federation,4.5826693532126495,6.330677190874613,4.016315231638689,2.0804700157483507,5.866995041038717,4.5958830876491925,Europe & Central Asia,Lower-Middle Income,0.049170272030178985,-0.13909174428298066,0.16798366031881518,0.8237700990976284,-0.5522010510058868,-0.3252759724715606
2005,RUS,Russian Federation,5.378613866024225,6.081114108827546,4.209343732613308,5.996553395844434,5.692502960128292,4.938880528571423,Europe & Central Asia,Upper-Middle Income,0.7959445128115759,-0.24956308204706623,0.1930285009746191,3.9160833800960835,-0.1744920809104249,0.3429974409222307
2010,RUS,Russian Federation,5.8584901960784315,5.808403852389067,4.821119851242786,7.501669215889535,6.048608437947928,5.117009223731547,Europe & Central Asia,Upper-Middle Income,0.47987633005420616,-0.27271025643847935,0.6117761186294777,1.5051158200451011,0.35610547781963664,0.1781286951601242
2015,RUS,Russian Federation,6.018176470588235,5.9020656518441506,5.070990371497533,7.305447226592229,6.577484487613264,5.216337258869134,Europe & Central Asia,Upper-Middle Income,0.1596862745098031,0.09366179945508346,0.24987052025474732,-0.19622198929730672,0.5288760496653353,0.09932803513758692
2020,RUS,Russian Federation,6.317588235294118,5.809817990713388,5.097456186673633,8.949339381469413,6.370286158227734,5.375291750179096,Europe & Central Asia,Upper-Middle Income,0.2994117647058836,-0.09224766113076299,0.026465815176099916,1.643892154877184,-0.2071983293855295,0.1589544913099621
1970,RWA,Rwanda,4.804616708946147,5.907340722200325,5.191177404508496,4.5693754681681655,,4.344598966178853,Sub-Saharan Africa,,,,,,,
1975,RWA,Rwanda,3.650087740068144,4.795538724555797,4.83178793421379,1.905687300361033,,4.267590381912879,Sub-Saharan Africa,,-1.1545289688780032,-1.1118019976445277,-0.3593894702947056,-2.6636881678071322,,-0.07700858426597357
1980,RWA,Rwanda,4.72600891964746,5.091505561999339,5.137823993332158,6.427180261868544,,4.323921796314407,Sub-Saharan Africa,,1.0759211795793155,0.295966837443542,0.30603605911836773,4.52149296150751,,0.056331414401527447
1985,RWA,Rwanda,4.934788430153975,5.184796831185678,5.111824630281307,6.592096130113926,,4.9098337605347,Sub-Saharan Africa,,0.2087795105065151,0.09329126918633879,-0.025999363050851265,0.16491586824538196,,0.5859119642202932
1990,RWA,Rwanda,5.181527851661674,6.673764271231399,5.69063474366313,6.0532910958736235,,4.820745934291103,Sub-Saharan Africa,Low Income,0.2467394215076988,1.4889674400457213,0.5788101133818238,-0.5388050342403021,,-0.08908782624359723
1995,RWA,Rwanda,4.354576942002537,6.755731551804633,3.583854352762713,3.3892561808518615,,3.8942755714044326,Sub-Saharan Africa,Low Income,-0.8269509096591365,0.08196728057323366,-2.1067803909004175,-2.664034915021762,,-0.9264703628866702
2000,RWA,Rwanda,5.50426664865274,5.648578541006521,4.237340510835313,7.022195420502612,5.487699975224488,5.116838125357049,Sub-Saharan Africa,Low Income,1.1496897066502028,-1.107153010798112,0.6534861580726004,3.6329392396507507,,1.2225625539526161
2005,RWA,Rwanda,5.958175568124311,5.536680665465491,5.315723205356644,7.251089479841122,5.381756018672061,6.345547024863434,Sub-Saharan Africa,Low Income,0.4539089194715711,-0.11189787554102981,1.0783826945213306,0.2288940593385096,-0.1059439565524265,1.228708899506385
2010,RWA,Rwanda,6.710659699386005,5.507255643586782,5.493874960251004,8.689126966505892,6.837787894158532,7.0387182356736435,Sub-Saharan Africa,Low Income,0.7524841312616939,-0.029425021878709323,0.17815175489436008,1.4380374866647703,1.4560318754864703,0.6931712108102097
2015,RWA,Rwanda,6.749404388714735,5.44307432492241,5.741660655505888,8.893451202364714,6.924041057289099,6.737229509927557,Sub-Saharan Africa,Low Income,0.03874468932873043,-0.06418131866437182,0.24778569525488425,0.20432423585882198,0.08625316313056697,-0.3014887257460863
2020,RWA,Rwanda,6.4798275862068975,5.04504689424998,5.923379384993751,8.196450586372912,6.953557495797894,6.28521074448547,Sub-Saharan Africa,Low Income,-0.2695768025078378,-0.39802743067243007,0.18171872948786305,-0.6970006159918025,0.029516438508795595,-0.4520187654420873
1970,SAU,Saudi Arabia,,,3.357264766054821,,,6.736387889718727,,,,,,,,
1975,SAU,Saudi Arabia,,,3.0599686746989416,,,6.736387889718727,,,,,-0.29729609135587953,,,0.0
1980,SAU,Saudi Arabia,,2.437837432321372,3.103115876205883,,,6.8943291362999455,,,,,0.04314720150694118,,,0.15794124658121866
1985,SAU,Saudi Arabia,,2.6329943825790028,3.4409364006977747,,,6.8943291362999455,,,,0.1951569502576307,0.3378205244918919,,,0.0
1990,SAU,Saudi Arabia,,6.855436979747864,3.803999025118533,,,6.8943291362999455,,,,4.222442597168861,0.36306262442075843,,,0.0
1995,SAU,Saudi Arabia,,9.103148252065383,4.491319640713659,,,6.558345029936262,,,,2.2477112723175185,0.6873206155951257,,,-0.3359841063636839
2000,SAU,Saudi Arabia,7.671557987923629,9.003168589769222,3.7741789120271334,9.743225213919928,,6.558345029936262,Middle East & North Africa,Upper-Middle Income,,-0.0999796622961604,-0.7171407286865255,,,0.0
2005,SAU,Saudi Arabia,7.372110557168247,7.460007330154926,3.62401077985812,10.0,,6.54165483234016,Middle East & North Africa,High Income,-0.29944743075538227,-1.5431612596142967,-0.15016813216901337,0.2567747860800722,,-0.016690197596101797
2010,SAU,Saudi Arabia,6.4631356350934075,5.630581331606137,3.8180722903931157,7.5681502448421325,8.339035750924884,7.4074691925933696,Middle East & North Africa,High Income,-0.9089749220748393,-1.829425998548789,0.19406151053499565,-2.4318497551578675,,0.8658143602532098
2015,SAU,Saudi Arabia,6.088314289484543,5.312208776966931,3.9449760728964347,8.217942570764524,7.201209406077374,6.00460990335059,Middle East & North Africa,High Income,-0.37482134560886493,-0.3183725546392058,0.12690378250331902,0.6497923259223919,-1.13782634484751,-1.4028592892427794
2020,SAU,Saudi Arabia,6.646121297602257,5.770643658948239,5.818789999481267,8.786527860175674,6.671565422606568,6.215226953057645,Middle East & North Africa,High Income,0.557807008117714,0.458434881981308,1.8738139265848326,0.5685852894111498,-0.5296439834708062,0.21061704970705453
1970,SDN,Sudan,,,1.9994758121391885,,,5.090447760415175,,,,,,,,
1975,SDN,Sudan,,1.451057966790156,1.9145978878111813,,,5.036129685176858,,,,,-0.08487792432800711,,,-0.05431807523831722
1980,SDN,Sudan,,1.451057966790156,1.9200526345000584,,,5.036129685176858,,,,0.0,0.005454746688877021,,,0.0
1985,SDN,Sudan,,4.040714999846194,2.1279200029182452,,,5.147859104142659,,,,2.589657033056038,0.20786736841818687,,,0.11172941896580113
1990,SDN,Sudan,,4.491673124847423,1.3562445573904651,,,4.008147485706024,,,,0.4509581250012289,-0.7716754455277801,,,-1.1397116184366354
1995,SDN,Sudan,,4.491673124847423,1.4889233577885226,,,4.16038748525381,,,,0.0,0.13267880039805746,,,0.15223999954778566
2000,SDN,Sudan,3.7248469900280603,4.491673124847423,1.1775756901263756,5.804238121813769,,4.217232857410421,Sub-Saharan Africa,Low Income,,0.0,-0.31134766766214694,,,0.05684537215661134
2005,SDN,Sudan,3.9692374034009417,4.052482534674572,1.3883080765031703,7.165343499424954,,4.264144171468002,Sub-Saharan Africa,Low Income,0.24439041337288137,-0.439190590172851,0.2107323863767947,1.3611053776111852,,0.04691131405758142
2010,SDN,Sudan,4.332380399882304,6.422435124878985,1.4193656357528845,6.698164874113585,,4.036243672221324,Sub-Saharan Africa,Lower-Middle Income,0.36314299648136217,2.369952590204413,0.031057559249714206,-0.46717862531136856,,-0.22790049924667866
2015,SDN,Sudan,4.414332610648829,7.536925691323748,1.503867451694951,5.767366820130382,,4.029007336640604,Sub-Saharan Africa,Lower-Middle Income,0.08195221076652537,1.114490566444763,0.08450181594206652,-0.930798053983203,,-0.007236335580719455
2020,SDN,Sudan,3.969924812030076,7.487476500655391,1.8006318751867825,1.25,5.128799258781675,4.146357109453309,Sub-Saharan Africa,Low Income,-0.44440779861875335,-0.049449190668356735,0.2967644234918314,-4.517366820130382,,0.11734977281270442
1970,SEN,Senegal,5.100619524964457,4.194558914861411,5.0924334709872685,6.973417995557783,4.046227660217701,5.299422085684918,Sub-Saharan Africa,,,,,,,
1975,SEN,Senegal,5.226680463794377,5.364774720857683,4.4144114509071155,5.617011788566269,5.156573870350511,5.240918870664333,Sub-Saharan Africa,,0.1260609388299203,1.1702158059962713,-0.678022020080153,-1.3564062069915144,1.1103462101328097,-0.05850321502058442
1980,SEN,Senegal,4.992510192119002,4.443398631859127,4.426664516700087,6.278670713430288,4.573258717553796,5.23698277725349,Sub-Saharan Africa,,-0.2341702716753753,-0.9213760889985556,0.012253065792971363,0.6616589248640192,-0.5833151527967146,-0.003936093410843
1985,SEN,Senegal,5.471637849711996,5.823758360591304,4.698206485070922,6.601930504892378,5.307803724779287,4.838975867588945,Sub-Saharan Africa,,0.47912765759299436,1.3803597287321772,0.2715419683708351,0.32325979146208983,0.7345450072254911,-0.3980069096645451
1990,SEN,Senegal,5.56385646515658,6.301409741432741,4.695659809074452,7.082136065121736,4.831992632860483,4.829814657691905,Sub-Saharan Africa,Lower-Middle Income,0.0922186154445841,0.47765138084143643,-0.0025466759964700714,0.4802055602293578,-0.47581109191880433,-0.009161209897039946
1995,SEN,Senegal,5.420405285576116,6.165270713893204,4.733316472868406,5.903874626602666,5.660579765971125,4.631753900988891,Sub-Saharan Africa,Lower-Middle Income,-0.14345117958046405,-0.13613902753953688,0.03765666379395416,-1.17826143851907,0.8285871331106422,-0.19806075670301393
2000,SEN,Senegal,5.939055697516795,7.250720130262433,4.050570786926684,7.197396307129793,6.568913732207264,4.629445057536031,Sub-Saharan Africa,Low Income,0.518650411940679,1.0854494163692294,-0.6827456859417218,1.2935216805271272,0.9083339662361389,-0.0023088434528606427
2005,SEN,Senegal,5.868967630277986,6.625491277070515,4.029371735224174,6.786812695499536,6.434490534045463,5.449141330106098,Sub-Saharan Africa,Low Income,-0.07008806723880934,-0.6252288531919179,-0.02119905170251002,-0.4105836116302575,-0.1344231981618007,0.8196962725700674
2010,SEN,Senegal,5.85905383360522,5.6912705997386785,4.363883507846912,6.755971927257166,6.974225108331053,5.526684899225428,Sub-Saharan Africa,Lower-Middle Income,-0.00991379667276604,-0.9342206773318367,0.33451177262273735,-0.0308407682423697,0.5397345742855899,0.0775435691193298
2015,SEN,Senegal,6.200163132137031,7.020118928184198,4.673949816324932,7.019758222157531,6.681398874881048,5.593724328112971,Sub-Saharan Africa,Low Income,0.34110929853181116,1.3288483284455195,0.31006630847801997,0.2637862949003651,-0.2928262334500049,0.06703942888754355
2020,SEN,Senegal,6.160032626427406,6.921537481537651,4.627270798527653,6.861383035232405,6.4209414593303515,5.972267680498968,Sub-Saharan Africa,Lower-Middle Income,-0.04013050570962484,-0.09858144664654667,-0.046679017797278455,-0.15837518692512642,-0.2604574155506967,0.37854335238599646
1970,SGP,Singapore,7.62008451033128,6.432315730859669,7.975643206625609,7.322051405378436,7.889985228853555,8.27191725113212,East Asia & Pacific,,,,,,,
1975,SGP,Singapore,7.6919721000513865,6.467183487539075,8.277548047441371,6.665472733620982,8.620698437652146,8.234828797497913,East Asia & Pacific,,0.07188758972010678,0.03486775667940645,0.3019048408157623,-0.6565786717574538,0.7307132087985915,-0.03708845363420643
1980,SGP,Singapore,7.794123123956451,6.411454521524214,8.319205584415682,6.368916477572564,9.439655409535517,8.234828797497913,East Asia & Pacific,,0.1021510239050647,-0.055728966014861214,0.04165753697431107,-0.29655625604841784,0.8189569718833702,0.0
1985,SGP,Singapore,8.196920184626036,6.0469569374856516,8.1380437546035,8.377726740981315,9.985528219971055,8.223473822010803,East Asia & Pacific,,0.40279706066958454,-0.36449758403856247,-0.18116182981218287,2.0088102634087504,0.5458728104355384,-0.011354975487110508
1990,SGP,Singapore,8.720556363496494,7.458144226814675,8.3560564397526,9.053808202571835,10.0,8.476405900986213,East Asia & Pacific,High Income,0.5236361788704578,1.4111872893290238,0.2180126851491,0.6760814615905204,0.014471780028944892,0.2529320789754106
1995,SGP,Singapore,8.720556363496494,7.663974751192233,8.503848523135868,9.684898747957053,9.240476112001682,8.476405900986213,East Asia & Pacific,High Income,0.0,0.205830524377558,0.1477920833832691,0.6310905453852182,-0.7595238879983182,0.0
2000,SGP,Singapore,8.63943490895234,7.318607256328212,8.698225726956284,9.452917293127783,9.57512252604338,8.151267073336895,East Asia & Pacific,High Income,-0.08112145454415298,-0.3453674948640213,0.1943772038204159,-0.23198145482927046,0.33464641404169804,-0.3251388276493188
2005,SGP,Singapore,8.739487569410846,7.665744166569085,8.615644995005638,9.72805641581857,9.592214295549546,8.04927022340446,East Asia & Pacific,High Income,0.10005266045850547,0.3471369102408728,-0.08258073195064597,0.27513912269078666,0.017091769506166088,-0.1019968499324353
2010,SGP,Singapore,8.639835487661578,7.8511623639588315,8.59596303980567,8.944553191784971,9.542945484199539,8.254280111327565,East Asia & Pacific,High Income,-0.09965208174926765,0.18541819738974663,-0.01968195519996918,-0.7835032240335984,-0.04926881135000727,0.20500988792310615
2015,SGP,Singapore,8.749706227967101,7.54128926966317,8.604661997794567,9.813729401499655,9.52056827266417,8.2569726747681,East Asia & Pacific,High Income,0.10987074030552257,-0.30987309429566157,0.00869895798889786,0.8691762097146842,-0.022377211535369312,0.002692563440534812
2020,SGP,Singapore,8.440070505287897,7.023357311188691,8.580841907781574,9.576059131973933,8.93578405028136,8.064084092720707,East Asia & Pacific,High Income,-0.3096357226792037,-0.5179319584744793,-0.023820090012993234,-0.23767026952572223,-0.5847842223828099,-0.19288858204739334
1970,SLE,Sierra Leone,,,4.3024045651018215,6.962790372020071,,4.6809274707970125,,,,,,,,
1975,SLE,Sierra Leone,4.723333326256909,6.512695199368391,4.22298472193202,5.719529128476259,2.146362534503558,4.6809274707970125,Sub-Saharan Africa,,,,-0.07941984316980122,-1.2432612435438122,,0.0
1980,SLE,Sierra Leone,4.6791900241423585,6.976013997879718,4.609078547831593,5.899628854202966,1.089210533569504,4.210343674644471,Sub-Saharan Africa,,-0.04414330211455031,0.4633187985113274,0.38609382589957253,0.1800997257267074,-1.0571520009340543,-0.47058379615254164
1985,SLE,Sierra Leone,3.440903202765107,7.425337769322585,4.608009070051293,0.8023704914980119,1.2213975706458198,3.1681835662725,Sub-Saharan Africa,,-1.2382868213772515,0.4493237714428666,-0.0010694777802999766,-5.097258362704954,0.13218703707631585,-1.042160108371971
1990,SLE,Sierra Leone,3.312271307334636,6.711475402067172,3.89494884005876,0.04914922595001121,3.957711460420398,2.4232360404451336,Sub-Saharan Africa,Low Income,-0.12863189543047104,-0.7138623672554134,-0.7130602299925326,-0.7532212655480006,2.7363138897745785,-0.7449475258273663
1995,SLE,Sierra Leone,4.094782004536669,5.897900108446426,3.091425032376429,3.7367870566243657,6.084225706424048,2.105520516153203,Sub-Saharan Africa,Low Income,0.7825106972020333,-0.8135752936207457,-0.803523807682331,3.6876378306743547,2.12651424600365,-0.3177155242919305
2000,SLE,Sierra Leone,4.839287823543336,6.098113877824743,3.329205059979965,6.466380363901605,4.469097718030186,3.7027436497832977,Sub-Saharan Africa,Low Income,0.7445058190066671,0.20021376937831725,0.23778002760353578,2.729593307277239,-1.615127988393862,1.5972231336300946
2005,SLE,Sierra Leone,5.369784095225867,6.509513763402732,3.8460928841879003,5.591769696956473,6.28438635793484,4.556065011758176,Sub-Saharan Africa,Low Income,0.530496271682531,0.411399885577989,0.5168878242079353,-0.8746106669451317,1.8152886399046535,0.8533213619748783
2010,SLE,Sierra Leone,6.230481066912533,8.670160696210147,4.891693984712063,5.729813213521744,6.428204472592093,5.3920764527553064,Sub-Saharan Africa,Low Income,0.8606969716866653,2.1606469328074143,1.0456011005241628,0.13804351656527114,0.14381811465725303,0.8360114409971304
2015,SLE,Sierra Leone,5.951254480286738,7.2156034564735965,4.906167665665475,6.358479334797427,5.781917419902241,5.469605318357712,Sub-Saharan Africa,Low Income,-0.2792265866257946,-1.45455723973655,0.014473680953411616,0.6286661212756828,-0.6462870526898516,0.0775288656024058
2020,SLE,Sierra Leone,5.9111111111111105,7.344810857158949,5.162140678555749,6.256923029105406,6.0006456513963276,4.798658445653981,Sub-Saharan Africa,Low Income,-0.04014336917562744,0.12920740068535252,0.25597301289027463,-0.10155630569202145,0.2187282314940866,-0.6709468727037313
1970,SLV,El Salvador,5.260026509596245,6.273978061261831,3.9683565900261333,7.00997594818143,3.4360800932701503,5.9702513272765625,Latin America & the Caribbean,,,,,,,
1975,SLV,El Salvador,4.985974708255936,6.143733063331646,3.5875754429640345,5.989478922841995,3.894531176436019,5.532398407949366,Latin America & the Caribbean,,-0.2740518013403088,-0.13024499793018496,-0.38078114706209876,-1.0204970253394352,0.4584510831658686,-0.43785291932719606
1980,SLV,El Salvador,4.447919883624001,5.736767899194647,3.5334695974917354,5.713140032541837,2.2135438714945015,5.304516147472997,Latin America & the Caribbean,,-0.538054824631935,-0.4069651641369987,-0.05410584547229913,-0.276338890300158,-1.6809873049415174,-0.2278822604763695
1985,SLV,El Salvador,4.400601586989702,6.542926279687919,3.588936516443969,5.353923074409715,1.8041960335423435,5.030692470053039,Latin America & the Caribbean,,-0.047318296634299095,0.8061583804932715,0.055466918952233435,-0.35921695813212207,-0.409347837952158,-0.2738236774199576
1990,SLV,El Salvador,5.0798248754163735,7.3177580204119135,3.5457633129418116,5.565885625624937,3.86722590778875,5.214299299009153,Latin America & the Caribbean,Lower-Middle Income,0.6792232884266713,0.7748317407239949,-0.043173203502157254,0.21196255121522256,2.063029874246406,0.1836068289561137
1995,SLV,El Salvador,6.924400067820418,8.441588506408856,4.932160600276591,8.561617052693656,6.3492740810653014,6.4077060236461065,Latin America & the Caribbean,Lower-Middle Income,1.8445751924040446,1.1238304859969421,1.3863972873347792,2.9957314270687183,2.4820481732765516,1.1934067246369535
2000,SLV,El Salvador,7.737347589594915,8.748951015386602,4.855836795917193,9.461296481162272,8.501099391579539,7.180166672510738,Latin America & the Caribbean,Lower-Middle Income,0.8129475217744968,0.30736250897774653,-0.07632380435939812,0.899679428468616,2.151825310514237,0.7724606488646311
2005,SLV,El Salvador,7.56954061873304,8.607391071392954,4.87713563165055,9.353668666271124,8.086052965189628,6.938868360991748,Latin America & the Caribbean,Lower-Middle Income,-0.16780697086187502,-0.14155994399364857,0.021298835733357002,-0.10762781489114737,-0.4150464263899103,-0.24129831151898973
2010,SLV,El Salvador,7.499422535211265,8.600985176449043,4.59897701112946,9.412322820164997,7.851863943291126,7.05196801273894,Latin America & the Caribbean,Lower-Middle Income,-0.07011808352177518,-0.006405894943910084,-0.27815862052108997,0.05865415389387252,-0.23418902189850233,0.11309965174719228
2015,SLV,El Salvador,7.47945070422535,8.345829413556617,4.538144503909732,9.68752648625609,7.9870268266517845,6.847487840215172,Latin America & the Caribbean,Lower-Middle Income,-0.019971830985914707,-0.2551557628924268,-0.060832507219727994,0.2752036660910928,0.13516288336065863,-0.20448017252376793
2020,SLV,El Salvador,7.229802816901407,8.392978774060126,4.6284315347012255,9.541180001646756,7.467270078988344,6.143586535757407,Latin America & the Caribbean,Lower-Middle Income,-0.24964788732394272,0.04714936050350893,0.0902870307914938,-0.14634648460933342,-0.5197567476634406,-0.7039013044577649
1970,SOM,Somalia,,,,,,,,,,,,,,
1975,SOM,Somalia,,,,,,,,,,,,,,
1980,SOM,Somalia,,,,,,,,,,,,,,
1985,SOM,Somalia,,,,,,,,,,,,,,
1990,SOM,Somalia,,,,,,,,,,,,,,
1995,SOM,Somalia,,,,,,,,,,,,,,
2000,SOM,Somalia,,,,,,3.8839919013624002,,,,,,,,
2005,SOM,Somalia,,,,,,4.147484239375362,,,,,,,,0.26349233801296146
2010,SOM,Somalia,,,,,,4.179093400312105,,,,,,,,0.031609160936743486
2015,SOM,Somalia,,,,,,4.0400838816788145,,,,,,,,-0.1390095186332907
2020,SOM,Somalia,6.030397456279809,8.764150720968516,1.9813691831753661,8.866080291726366,6.336105671527523,4.181340508536844,Sub-Saharan Africa,Low Income,,,,,,0.14125662685802975
1970,SRB,Serbia,,,6.554831553241609,,,,,,,,,,,
1975,SRB,Serbia,,,6.520226857206897,,,,,,,,-0.03460469603471239,,,
1980,SRB,Serbia,,,6.520226857206897,,,,,,,,0.0,,,
1985,SRB,Serbia,,,6.520226857206897,,,,,,,,0.0,,,
1990,SRB,Serbia,,,5.376015060059175,,,,,,,,-1.1442117971477215,,,
1995,SRB,Serbia,,,4.807316951708039,,,7.187392127838561,,,,,-0.5686981083511364,,,
2000,SRB,Serbia,5.225755560685034,5.968540642181439,4.663540070012474,1.007786059005323,,7.59138725759426,Europe & Central Asia,..,,,-0.14377688169556446,,,0.40399512975569873
2005,SRB,Serbia,5.463052012768286,6.55416693820087,5.2659775242367095,3.2651845949311866,7.216108306795247,5.005844627479654,Europe & Central Asia,..,0.23729645208325234,0.5856262960194316,0.6024374542242352,2.257398535925864,,-2.585542630114606
2010,SRB,Serbia,6.230502283105023,6.6335183853018425,5.13805849597768,6.771802940376648,7.354869733887458,5.231310037250448,Europe & Central Asia,Upper-Middle Income,0.7674502703367372,0.0793514471009722,-0.12791902825902923,3.506618345445461,0.13876142709221106,0.225465409770794
2015,SRB,Serbia,6.7596955859969565,6.716347846614155,5.138885636001275,7.9474739282838565,7.677757353314647,6.340752615608864,Europe & Central Asia,Upper-Middle Income,0.5291933028919331,0.08282946131231217,0.0008271400235946302,1.1756709879072087,0.32288761942718835,1.1094425783584159
2020,SRB,Serbia,6.6498630136986305,6.092238082456192,5.387243280368227,8.104522726677935,7.462960070453172,6.182930870764289,Europe & Central Asia,Upper-Middle Income,-0.10983257229832599,-0.6241097641579625,0.24835764436695218,0.15704879839407848,-0.2147972828614746,-0.15782174484457467
1970,SUR,Suriname,,,5.863702772335392,,,,,,,,,,,
1975,SUR,Suriname,,,5.889954920127182,,,,,,,,0.02625214779178986,,,
1980,SUR,Suriname,,,5.065861871980747,,,,,,,,-0.8240930481464348,,,
1985,SUR,Suriname,,,5.037210459454687,,,,,,,,-0.028651412526060405,,,
1990,SUR,Suriname,,,5.171993949417629,,,,,,,,0.13478348996294187,,,
1995,SUR,Suriname,,,5.958044738448278,,,,,,,,0.7860507890306492,,,
2000,SUR,Suriname,,,4.929543518194522,0.26098868797895713,,6.432104787814744,,,,,-1.028501220253756,,,
2005,SUR,Suriname,6.2521495715412545,7.282019104685154,5.007266744741994,6.417309987076281,,6.402356931848504,Latin America & the Caribbean,Lower-Middle Income,,,0.0777232265474721,6.156321299097323,,-0.029747855966239634
2010,SUR,Suriname,6.524176879245299,6.411138683678562,4.923666273623891,8.541329012746383,6.449526896850639,6.317413133806671,Latin America & the Caribbean,Upper-Middle Income,0.27202730770404493,-0.8708804210065919,-0.08360047111810243,2.124019025670102,,-0.0849437980418335
2015,SUR,Suriname,6.426669740479393,5.677786905230897,4.837282198873538,8.299126666379257,6.860503370158876,6.4522666802975275,Latin America & the Caribbean,Upper-Middle Income,-0.09750713876590655,-0.7333517784476653,-0.08638407475035326,-0.2422023463671259,0.41097647330823683,0.13485354649085668
2020,SUR,Suriname,5.668772563176894,6.494757743578613,4.766022669653082,4.440182222013352,6.4667367835292415,6.16464363601299,Latin America & the Caribbean,Upper-Middle Income,-0.7578971773024987,0.8169708383477161,-0.07125952922045631,-3.858944444365905,-0.39376658662963404,-0.2876230442845378
1970,SVK,Slovak Republic,,,,,,,,,,,,,,
1975,SVK,Slovak Republic,,,,,,,,,,,,,,
1980,SVK,Slovak Republic,,,,,,,,,,,,,,
1985,SVK,Slovak Republic,,,,,,,,,,,,,,
1990,SVK,Slovak Republic,,,6.138781827055434,8.931771896091131,,,,,,,,,,
1995,SVK,Slovak Republic,6.271388605984524,5.0789632783048395,5.87425991575525,7.322635213223919,7.35445281552607,5.838795220284796,Europe & Central Asia,Lower-Middle Income,,,-0.264521911300184,-1.609136682867212,,
2000,SVK,Slovak Republic,6.634796886132633,5.9196884206302745,5.965779560687852,7.299828990637187,7.741789686540803,6.23557594673943,Europe & Central Asia,Lower-Middle Income,0.3634082801481089,0.8407251423254349,0.09151964493260234,-0.02280622258673226,0.3873368710147327,0.3967807264546339
2005,SVK,Slovak Republic,7.409572294046033,6.787640836693257,6.4226997939665615,9.011320865114708,8.013196523176502,6.81493607097289,Europe & Central Asia,Upper-Middle Income,0.7747754079133999,0.8679524160629821,0.45692023327870945,1.7114918744775212,0.2714068366356992,0.5793601242334603
2010,SVK,Slovak Republic,7.529727520435968,6.642278973060584,6.357629739758813,9.636582997793193,8.305962588221735,6.682924942910463,Europe & Central Asia,High Income,0.1201552263899357,-0.14536186363267234,-0.06507005420774892,0.6252621326784844,0.2927660650452335,-0.13201112806242676
2015,SVK,Slovak Republic,7.519741144414169,5.865206476261024,6.660681375754533,9.730414355304312,8.631197435134025,6.707958147484729,Europe & Central Asia,High Income,-0.009986376021799082,-0.7770724967995601,0.30305163599572005,0.09383135751111915,0.32523484691228965,0.02503320457426561
2020,SVK,Slovak Republic,7.260095367847412,6.215608556474853,6.750693374176226,8.729374407530095,8.112180123854312,6.482567901868485,Europe & Central Asia,High Income,-0.25964577656675747,0.35040208021382924,0.09001199842169338,-1.001039947774217,-0.519017311279713,-0.22539024561624377
1970,SVN,Slovenia,,,,,,,,,,,,,,
1975,SVN,Slovenia,,,,,,,,,,,,,,
1980,SVN,Slovenia,,,,,,,,,,,,,,
1985,SVN,Slovenia,,,6.039908419718711,,,,,,,,,,,
1990,SVN,Slovenia,,3.3840477416423367,6.061659133618792,,,7.365645059925524,,,,,0.02175071390008121,,,
1995,SVN,Slovenia,5.8574194918265885,4.683886606187673,6.41414371410705,4.280531739680623,7.7181075613110695,6.156366368448491,Europe & Central Asia,Upper-Middle Income,,1.299838864545336,0.3524845804882579,,,-1.2092786914770333
2000,SVN,Slovenia,6.730213786966312,5.390115436623172,6.689579392272767,7.049541991094176,7.990022352565763,6.573707852562053,Europe & Central Asia,Upper-Middle Income,0.8727942951397232,0.7062288304354993,0.27543567816571723,2.769010251413553,0.27191479125469353,0.4173414841135621
2005,SVN,Slovenia,7.109870072859411,5.215155923628872,6.768489462390572,8.669058791768055,8.298791893786158,6.615821170467021,Europe & Central Asia,High Income,0.3796562858930992,-0.1749595129942998,0.07891007011780449,1.6195168006738792,0.30876954122039457,0.04211331790496864
2010,SVN,Slovenia,7.040360169912462,4.898540244250209,6.690678622969519,9.302573260322342,8.053834178961148,6.269267422168233,Europe & Central Asia,High Income,-0.06950990294694925,-0.3166156793786632,-0.07781083942105305,0.6335144685542868,-0.24495771482500928,-0.3465537482987884
2015,SVN,Slovenia,7.209700427960058,4.945373121960436,6.621144826470981,9.737055617962826,8.308634719038608,6.415471364615928,Europe & Central Asia,High Income,0.16934025804759667,0.04683287771022737,-0.06953379649853808,0.4344823576404835,0.25480054007745956,0.14620394244769486
2020,SVN,Slovenia,6.920114122681884,4.687049192171107,6.663520027959071,9.139373299691226,7.845829322813676,6.286457812857362,Europe & Central Asia,High Income,-0.2895863052781742,-0.25832392978932983,0.04237520148809004,-0.5976823182716,-0.46280539622493144,-0.12901355175856555
1970,SWE,Sweden,6.847478903643309,3.683695638845018,8.574860245980277,6.515263829102725,7.186281825797795,8.188366240866761,Europe & Central Asia,,,,,,,
1975,SWE,Sweden,7.045382918199475,4.239539065078479,8.758905763729027,7.418117504812442,7.8377626344261495,6.883566291996541,Europe & Central Asia,,0.19790401455616546,0.5558434262334613,0.1840455177487499,0.902853675709717,0.6514808086283548,-1.3047999488702207
1980,SWE,Sweden,6.9664430535697885,3.673421402836452,8.772357979153362,7.562797558570288,7.6181103793399245,7.098782536430404,Europe & Central Asia,,-0.07893986462968616,-0.5661176622420272,0.013452215424335279,0.14468005375784543,-0.219652255086225,0.21521624443386322
1985,SWE,Sweden,7.390144682004727,4.095380830101114,8.781597232083465,8.100061818079812,8.555293334374484,7.321166488836228,Europe & Central Asia,,0.4237016284349382,0.4219594272646616,0.009239252930102637,0.5372642595095245,0.9371829550345598,0.2223839524058242
1990,SWE,Sweden,7.616775785586205,4.017272881119204,9.040442917201233,8.029631435930323,9.436155198361297,7.493918685696495,Europe & Central Asia,High Income,0.22663110358147787,-0.0781079489819092,0.25884568511776784,-0.07043038214948893,0.8808618639868122,0.17275219686026677
1995,SWE,Sweden,7.666952174160554,3.6837755410754,8.540698997892802,9.542808639961425,9.340024842263674,7.1813575989924,Europe & Central Asia,High Income,0.05017638857434914,-0.3334973400438046,-0.49974391930843076,1.513177204031102,-0.096130356097623,-0.3125610867040951
2000,SWE,Sweden,8.089540089271765,4.66882710247447,8.970609449110853,9.850700898844956,9.236029519467058,7.695846583298812,Europe & Central Asia,High Income,0.42258791511121085,0.9850515613990702,0.42991045121805094,0.30789225888353045,-0.1039953227966155,0.5144889843064124
2005,SWE,Sweden,7.879589904256437,4.734838928281399,8.927967448715226,9.680498182828947,8.543243340699242,7.490709650290256,Europe & Central Asia,High Income,-0.20995018501532758,0.0660118258069291,-0.04264200039562738,-0.1702027160160089,-0.6927861787678165,-0.20513693300855618
2010,SWE,Sweden,7.889564068692205,4.703307488930833,9.055179547452243,9.492001402700787,8.510379926001994,7.671139853430808,Europe & Central Asia,High Income,0.009974164435767818,-0.031531439350565904,0.1272120987370169,-0.18849678012816007,-0.03286341469724796,0.1804302031405518
2015,SWE,Sweden,7.999418758256273,4.80010705498144,9.046405238434586,9.801705714614648,8.644368314163447,7.6827908809748084,Europe & Central Asia,High Income,0.10985468956406841,0.09679956605060713,-0.008774309017656634,0.30970431191386183,0.13398838816145364,0.011651027544000492
2020,SWE,Sweden,7.639894319682959,4.445718316653686,8.682618532963334,9.522429301223513,8.421072299915114,7.133313907544325,Europe & Central Asia,High Income,-0.35952443857331406,-0.35438873832775464,-0.36378670547125225,-0.27927641339113585,-0.22329601424833356,-0.5494769734304832
1970,SWZ,Eswatini,,10.0,2.8869583446843317,,,,,,,,,,,
1975,SWZ,Eswatini,,10.0,2.856077716539102,,,,,,,0.0,-0.03088062814522985,,,
1980,SWZ,Eswatini,,7.829688827664964,2.8667562273322282,,,,,,,-2.170311172335036,0.010678510793126428,,,
1985,SWZ,Eswatini,,6.292465281824487,2.8773235036379265,,,,,,,-1.5372235458404768,0.010567276305698314,,,
1990,SWZ,Eswatini,,8.621059307634145,2.8479196166317604,,,9.056783782335884,,,,2.3285940258096574,-0.02940388700616614,,,
1995,SWZ,Eswatini,,9.049143380265576,2.613159933735221,,,8.939277998090134,,,,0.42808407263143167,-0.23475968289653926,,,-0.11750578424575053
2000,SWZ,Eswatini,6.66941075002113,9.650043518710161,2.2178261315212966,6.427902172519765,,8.859162657686875,Sub-Saharan Africa,Lower-Middle Income,,0.6009001384445849,-0.39533380221392456,,,-0.08011534040325863
2005,SWZ,Eswatini,6.68204220977496,9.119166594231531,2.7569595820071617,8.465127460942915,,8.456632105555348,Sub-Saharan Africa,Lower-Middle Income,0.012631459753830399,-0.5308769244786298,0.5391334504858651,2.0372252884231496,,-0.4025305521315268
2010,SWZ,Eswatini,5.290185185185188,5.364671344319461,2.8275122296100625,7.613470173850429,5.82418922806065,4.8301962555967535,Sub-Saharan Africa,Lower-Middle Income,-1.391857024589772,-3.75449524991207,0.07055264760290081,-0.8516572870924861,,-3.626435849958595
2015,SWZ,Eswatini,5.499796296296298,5.120542299017876,2.9094778500488423,7.8554679963692084,6.126354598746614,5.509189907029179,Sub-Saharan Africa,Lower-Middle Income,0.20961111111110942,-0.24412904530158563,0.08196562043877975,0.24199782251877977,0.30216537068596416,0.6789936514324255
2020,SWZ,Eswatini,5.170407407407407,5.06566437111404,3.0409089910670817,7.430181172498139,4.959572688593721,5.355769283776005,Sub-Saharan Africa,Lower-Middle Income,-0.3293888888888903,-0.05487792790383583,0.13143114101823938,-0.42528682387106986,-1.166781910152893,-0.15342062325317407
1970,SYC,Seychelles,,,5.686963954159925,,,,,,,,,,,
1975,SYC,Seychelles,,6.410813614205484,5.800382284274677,,,10.0,,,,,0.11341833011475178,,,
1980,SYC,Seychelles,,5.97106382794758,4.523115489405153,,,7.341073358333451,,,,-0.43974978625790406,-1.277266794869524,,,-2.6589266416665494
1985,SYC,Seychelles,,4.297892535147125,4.560706762567118,,,7.351843706319152,,,,-1.673171292800455,0.03759127316196498,,,0.010770347985701534
1990,SYC,Seychelles,,3.8195535589243863,4.591795297610378,,,8.618632637599806,,,,-0.4783389762227386,0.031088535043260812,,,1.2667889312806535
1995,SYC,Seychelles,,2.0036369314653864,5.359558383019425,,,8.698249941288726,,,,-1.815916627459,0.7677630854090465,,,0.07961730368892006
2000,SYC,Seychelles,6.142228097708139,3.1362965170978376,5.340314694661665,8.947385535834012,,5.514624362120578,Sub-Saharan Africa,Upper-Middle Income,,1.1326595856324513,-0.01924368835775958,,,-3.1836255791681474
2005,SYC,Seychelles,6.955844133038881,7.240938058667357,5.590163007378677,8.056069921886312,,6.087873658848784,Sub-Saharan Africa,Upper-Middle Income,0.8136160353307424,4.104641541569519,0.24984831271701147,-0.8913156139477003,,0.5732492967282052
2010,SYC,Seychelles,7.024600417714719,6.552859438076684,5.656641174525873,7.576012602477424,,7.131346360333269,Sub-Saharan Africa,Upper-Middle Income,0.06875628467583805,-0.688078620590673,0.06647816714719657,-0.4800573194088882,,1.0434727014844851
2015,SYC,Seychelles,7.190513833992095,5.569248883660625,5.832817573825078,9.165356272326457,8.057065569550547,7.3396758225756304,Sub-Saharan Africa,High Income,0.16591341627737588,-0.9836105544160594,0.17617639929920426,1.5893436698490335,,0.2083294622423617
2020,SYC,Seychelles,7.2104874835309625,6.668347974680999,5.983774534026113,8.138888116411367,7.734258708333632,7.518379315234214,Sub-Saharan Africa,High Income,0.019973649538867377,1.0990990910203742,0.150956960201035,-1.02646815591509,-0.3228068612169146,0.17870349265858376
1970,SYR,Syrian Arab Republic,3.6497627990500763,3.438568759402447,1.752358039756655,6.615181981392786,2.706759565605203,2.9876530897182523,Middle East & North Africa,,,,,,,
1975,SYR,Syrian Arab Republic,3.8511290224459427,2.9574158171448777,1.5708189769832352,7.6480763250398205,3.6756220499381627,2.9809868397575405,Middle East & North Africa,,0.2013662233958664,-0.48115294225756955,-0.1815390627734197,1.0328943436470341,0.9688624843329596,-0.006666249960711745
1980,SYR,Syrian Arab Republic,3.4033233221615307,2.6041594520728624,1.5599838431785196,8.164247472979657,2.1531238602720846,2.419946019601783,Middle East & North Africa,,-0.447805700284412,-0.3532563650720153,-0.01083513380471568,0.5161711479398363,-1.522498189666078,-0.5610408201557577
1985,SYR,Syrian Arab Republic,2.9929225686067573,2.5317737680377457,1.856169895516362,6.053146562272694,1.6966201956663203,2.643657983581929,Middle East & North Africa,,-0.41040075355477335,-0.07238568403511669,0.29618605233784234,-2.1111009107069627,-0.4565036646057643,0.22371196398014614
1990,SYR,Syrian Arab Republic,3.39600978323393,4.730091305312221,2.105746879070783,5.491380585869159,2.181073064227539,2.738486057211799,Middle East & North Africa,Lower-Middle Income,0.4030872146271727,2.198317537274475,0.24957698355442126,-0.5617659764035352,0.4844528685612186,0.09482807362986989
1995,SYR,Syrian Arab Republic,3.768865456764065,5.059755602959295,2.6537253761614914,6.45149899765304,2.2121277352891555,2.7150339529807552,Middle East & North Africa,Lower-Middle Income,0.37285567353013516,0.3296642976470743,0.5479784970907082,0.9601184117838812,0.031054671061616634,-0.023452104231043602
2000,SYR,Syrian Arab Republic,4.528558232080382,5.502959875389997,2.2879485124830268,6.194245146128053,5.231432084583176,3.639418582317602,Middle East & North Africa,Lower-Middle Income,0.7596927753163167,0.4432042724307017,-0.3657768636784646,-0.2572538515249869,3.0193043492940204,0.924384629336847
2005,SYR,Syrian Arab Republic,4.987722210619652,5.394752374529445,2.864201582316327,7.157350017105058,5.977393320612025,3.662776446339498,Middle East & North Africa,Lower-Middle Income,0.45916397853927027,-0.10820750086055142,0.5762530698333004,0.9631048709770047,0.7459612360288492,0.023357864021895658
2010,SYR,Syrian Arab Republic,5.10165005868876,6.156371264124437,2.874385537725093,6.850151451012596,5.973584785118905,3.714442393988805,Middle East & North Africa,Lower-Middle Income,0.11392784806910772,0.7616188895949918,0.010183955408765932,-0.3071985660924623,-0.003808535493120324,0.05166594764930732
2015,SYR,Syrian Arab Republic,4.518862589159361,7.10409223300958,2.671958543220661,4.699905602511791,4.811941792774992,3.4011992687748047,Middle East & North Africa,Lower-Middle Income,-0.5827874695293991,0.9477209688851431,-0.20242699450443213,-2.1502458485008047,-1.1616429923439124,-0.31324312521400044
2020,SYR,Syrian Arab Republic,3.986696629213483,5.968344172141024,2.6699379025781216,5.293740518845486,2.6687882332355493,3.3602319264704033,Middle East & North Africa,Low Income,-0.5321659599458779,-1.135748060868556,-0.002020640642539373,0.5938349163336953,-2.143153559539443,-0.040967342304401466
1970,TCD,Chad,,5.273091116258487,4.09064676690162,6.8608813246355895,,,,,,,,,,
1975,TCD,Chad,5.218061530097084,5.526336659219523,4.1171811657380895,6.395521179243826,,6.852489374351518,Sub-Saharan Africa,,,0.25324554296103585,0.026534398836469464,-0.46536014539176396,,
1980,TCD,Chad,4.980876915092672,4.916359709364176,3.694953534179292,6.591693156817835,,6.852489374351518,Sub-Saharan Africa,,-0.2371846150044119,-0.6099769498553469,-0.4222276315587976,0.19617197757400984,,0.0
1985,TCD,Chad,5.269623402924131,6.80520189910436,3.6455689158737266,5.5435030174541495,,6.852489374351518,Sub-Saharan Africa,,0.2887464878314585,1.888842189740184,-0.04938461830556529,-1.0481901393636859,,0.0
1990,TCD,Chad,4.974752779294802,6.935695151128178,3.6772284882313353,5.681647246360323,,4.740575287714758,Sub-Saharan Africa,Low Income,-0.29487062362932903,0.13049325202381823,0.031659572357608745,0.13814422890617362,,-2.1119140866367605
1995,TCD,Chad,4.810749940416951,7.13899215271235,2.6092876141511563,5.115020626673929,,3.6997916558756727,Sub-Saharan Africa,Low Income,-0.16400283887785072,0.20329700158417197,-1.067940874080179,-0.566626619686394,,-1.0407836318390848
2000,TCD,Chad,5.266607293641944,7.085329521132714,2.480185288218314,6.465733413162449,5.447430253546462,4.69865835326216,Sub-Saharan Africa,Low Income,0.4558573532249932,-0.05366263157963669,-0.1291023259328421,1.3507127864885202,,0.9988666973864873
2005,TCD,Chad,4.933563655600429,6.782404274709066,2.4986291791520725,5.631211262511152,4.902686336680102,4.758336463126171,Sub-Saharan Africa,Low Income,-0.3330436380415147,-0.3029252464236478,0.01844389093375831,-0.8345221506512974,-0.5447439168663601,0.05967810986401112
2010,TCD,Chad,4.90510078835658,6.591702918557037,2.718236011048784,5.759204444865146,5.0658651776949055,4.349336650952085,Sub-Saharan Africa,Low Income,-0.028462867243849388,-0.19070135615202854,0.2196068318967117,0.12799318235399415,0.16317884101480384,-0.4089998121740859
2015,TCD,Chad,5.139381443298968,7.274329911225766,2.7287224834055777,6.037786121537284,5.209865408548158,4.438134845216523,Sub-Saharan Africa,Low Income,0.23428065494238837,0.6826269926687285,0.010486472356793453,0.27858167667213785,0.1440002308532522,0.08879819426443802
2020,TCD,Chad,5.289072164948453,7.840415232172827,2.7955666174232943,6.42572401120905,5.144237704952241,4.247065658870378,Sub-Saharan Africa,Low Income,0.14969072164948471,0.5660853209470611,0.0668441340177166,0.38793788967176646,-0.06562770359591674,-0.19106918634614534
1970,TGO,Togo,,4.1544176981581185,3.491866408354856,6.889267897410571,,,,,,,,,,
1975,TGO,Togo,5.0317243605039765,3.1423794213544096,3.7292912948401367,5.088285736844408,,5.474390334601895,Sub-Saharan Africa,,,-1.0120382768037088,0.2374248864852806,-1.8009821605661633,,
1980,TGO,Togo,4.715195062337783,2.8689701312417886,3.727255247046188,5.48085841202055,,5.474390334601895,Sub-Saharan Africa,,-0.31652929816619313,-0.27340929011262105,-0.0020360477939487254,0.392572675176142,,0.0
1985,TGO,Togo,5.552974595053836,4.499438620225464,4.011947933428067,6.593901240349342,,5.474390334601895,Sub-Saharan Africa,,0.8377795327160529,1.6304684889836758,0.2846926863818795,1.1130428283287923,,0.0
1990,TGO,Togo,6.025568177611609,6.250867967042938,3.912646056045575,7.087860093194729,,5.749822681376505,Sub-Saharan Africa,Low Income,0.4725935825577725,1.7514293468174733,-0.09930187738249252,0.4939588528453873,,0.27543234677461026
1995,TGO,Togo,5.295507869402694,6.810420921385837,3.8905593995137813,5.3784987408200795,,4.354980973884192,Sub-Saharan Africa,Low Income,-0.7300603082089152,0.559552954342899,-0.022086656531793647,-1.7093613523746498,,-1.3948417074923132
2000,TGO,Togo,5.521723739551935,7.21018832149593,3.6138542809064003,6.500930704829726,6.17548386599116,3.990202373756407,Sub-Saharan Africa,Low Income,0.22621587014924138,0.39976740011009326,-0.276705118607381,1.122431964009646,,-0.36477860012778507
2005,TGO,Togo,5.6982129761888745,7.739927132496729,3.502216065561453,6.334542889633808,6.5709930296056065,4.236043773485518,Sub-Saharan Africa,Low Income,0.1764892366369395,0.529738811000799,-0.11163821534494733,-0.16638781519591728,0.3955091636144461,0.24584139972911068
2010,TGO,Togo,5.361293297746145,5.801530692020109,3.710188325045116,6.287046346889698,6.5873557441384945,4.461809907642345,Sub-Saharan Africa,Low Income,-0.3369196784427295,-1.9383964404766196,0.20797225948366327,-0.04749654274410986,0.016362714532887956,0.22576613415682711
2015,TGO,Togo,5.952859649122808,7.108105448617469,4.420554606050399,6.5745695849575405,6.242426981291032,5.431570754978863,Sub-Saharan Africa,Low Income,0.5915663513766631,1.3065747565973593,0.7103662810052831,0.2875232380678421,-0.3449287628474629,0.9697608473365182
2020,TGO,Togo,6.149868421052633,6.98720418480983,4.6202757351035,6.968639757843711,6.104163506255469,6.058825512647568,Sub-Saharan Africa,Low Income,0.19700877192982524,-0.12090126380763877,0.1997211290531009,0.3940701728861704,-0.13826347503556224,0.6272547576687044
1970,THA,Thailand,5.580614471909493,6.442398582011863,4.099906614358892,6.711855047571135,4.872333288220831,6.144713721217508,East Asia & Pacific,,,,,,,
1975,THA,Thailand,5.6534446770893885,6.941457348381439,4.20395148570897,6.004012871864111,5.020719917606102,6.34524527515548,East Asia & Pacific,,0.07283020517989591,0.4990587663695756,0.10404487135007834,-0.7078421757070243,0.14838662938527136,0.20053155393797173
1980,THA,Thailand,5.558588222775808,6.243110203010037,4.3697323912887525,6.160517674798901,4.991621059186765,6.188153932330483,East Asia & Pacific,,-0.09485645431358058,-0.6983471453714021,0.16578090557978253,0.15650480293478974,-0.029098858419336793,-0.15709134282499715
1985,THA,Thailand,5.805856382151956,5.889320758880406,4.26091299009271,6.672774519691857,5.18527897901201,7.359114511722694,East Asia & Pacific,,0.24726815937614788,-0.35378944412963076,-0.10881940119604216,0.5122568448929563,0.19365791982524527,1.1709605793922115
1990,THA,Thailand,6.4883165020301234,7.6104685177713085,4.783990352788954,7.788333381737062,5.1872857968340345,7.366982169150292,East Asia & Pacific,Lower-Middle Income,0.6824601198781677,1.7211477588909023,0.5230773626962435,1.115558862045205,0.002006817822024054,0.007867657427597763
1995,THA,Thailand,7.346025526404245,7.81958471462414,5.35780442999888,9.429760888181752,6.545100783764812,7.822477628391995,East Asia & Pacific,Lower-Middle Income,0.8577090243741212,0.20911619685283167,0.573814077209926,1.64142750644469,1.3578149869307774,0.4554954592417024
2000,THA,Thailand,6.643536746556845,6.746138340034887,5.954282814042621,6.666627400038594,7.131896836016577,6.820351218325796,East Asia & Pacific,Lower-Middle Income,-0.7024887798473998,-1.0734463745892535,0.5964783840437411,-2.7631334881431577,0.5867960522517652,-1.0021264100661984
2005,THA,Thailand,6.722595291442206,7.079493706450877,5.874328167529645,6.810293519433971,6.963457581442183,6.967749192952466,East Asia & Pacific,Lower-Middle Income,0.07905854488536068,0.33335536641599006,-0.07995464651297635,0.14366611939537677,-0.1684392545743938,0.14739797462666981
2010,THA,Thailand,6.611059019638488,7.163445612856626,5.184051018011246,6.8627584155633095,6.855711283204337,7.017176425498148,East Asia & Pacific,Upper-Middle Income,-0.11153627180371739,0.08395190640574945,-0.6902771495183986,0.052464896129338356,-0.10774629823784654,0.04942723254568193
2015,THA,Thailand,6.820393811533054,6.861505569908642,5.03702316348389,8.241155552276952,6.992888056431053,6.95579628991464,East Asia & Pacific,Upper-Middle Income,0.20933479189456605,-0.30194004294798393,-0.147027854527356,1.3783971367136427,0.13717677322671662,-0.061380135583507744
2020,THA,Thailand,7.050070323488046,6.872299667553442,5.035741589961783,9.60410332843414,6.925809571259718,6.811070573698852,East Asia & Pacific,Upper-Middle Income,0.22967651195499172,0.01079409764479955,-0.0012815735221067825,1.3629477761571884,-0.06707848517133552,-0.14472571621578822
1970,TJK,Tajikistan,,,,,,,,,,,,,,
1975,TJK,Tajikistan,,,,,,,,,,,,,,
1980,TJK,Tajikistan,,,,,,,,,,,,,,
1985,TJK,Tajikistan,,,4.062349197876706,,,,,,,,,,,
1990,TJK,Tajikistan,,0.6789312308366185,4.032921282971893,,,,,,,,-0.029427914904813335,,,
1995,TJK,Tajikistan,,10.0,3.0542755132017954,,,6.483773863048915,,,,9.321068769163382,-0.9786457697700977,,,
2000,TJK,Tajikistan,4.415184397857629,6.7494336661041965,2.9732036557256696,0.01430398210136888,,7.6171647874873925,Europe & Central Asia,Low Income,,-3.2505663338958035,-0.08107185747612577,,,1.1333909244384772
2005,TJK,Tajikistan,5.228507839568245,5.416349310463285,3.652884176149192,5.710719786669096,,6.089399616332368,Europe & Central Asia,Low Income,0.8133234417106161,-1.3330843556409118,0.6796805204235223,5.696415804567727,,-1.5277651711550249
2010,TJK,Tajikistan,5.521277602523662,5.952611951754085,3.647974144727176,7.05233100800508,5.949184713529126,5.027672315313547,Europe & Central Asia,Low Income,0.2927697629554169,0.5362626412908007,-0.004910031422015848,1.3416112213359837,,-1.0617273010188208
2015,TJK,Tajikistan,5.810820189274449,5.606984101299124,3.737984902211555,7.51481671054806,6.4346594530667325,5.766082291786554,Europe & Central Asia,Lower-Middle Income,0.2895425867507875,-0.345627850454961,0.09001075748437914,0.46248570254298027,0.4854747395376062,0.7384099764730072
2020,TJK,Tajikistan,6.160268138801262,5.710455336680709,3.8249038468134207,8.367822246422744,6.794103874836317,6.080203236658533,Europe & Central Asia,Lower-Middle Income,0.34944794952681324,0.10347123538158431,0.08691894460186544,0.8530055358746838,0.35944442176958447,0.31412094487197884
1970,TLS,Timor-Leste,,,0.6081889722774639,,,,,,,,,,,
1975,TLS,Timor-Leste,,,0.5558649484345121,,,,,,,,-0.05232402384295187,,,
1980,TLS,Timor-Leste,,,1.8619987990460214,,,,,,,,1.3061338506115092,,,
1985,TLS,Timor-Leste,,,1.859252446619567,,,,,,,,-0.0027463524264543793,,,
1990,TLS,Timor-Leste,,,1.850137193740171,,,,,,,,-0.009115252879396074,,,
1995,TLS,Timor-Leste,,,1.7462398588275732,,,,,,,,-0.10389733491259778,,,
2000,TLS,Timor-Leste,,4.263803754939951,2.87096677166349,,,6.038543065186783,,,,,1.124726912835917,,,
2005,TLS,Timor-Leste,6.231254699652677,5.801956726409601,2.764154157409212,8.84114235786734,,6.018204582745792,East Asia & Pacific,Low Income,,1.5381529714696498,-0.10681261425427824,,,-0.0203384824409909
2010,TLS,Timor-Leste,5.987177018810253,4.438461256725921,2.7846437833879913,7.877172457222282,,6.811677754725449,East Asia & Pacific,Lower-Middle Income,-0.2440776808424241,-1.3634954696836799,0.020489625978779458,-0.9639699006450586,,0.7934731719796568
2015,TLS,Timor-Leste,6.328214510558075,4.721086435906215,3.6224296571628005,8.848450380339376,7.810511567980682,6.628720950449527,East Asia & Pacific,Lower-Middle Income,0.34103749174782205,0.28262517918029406,0.8377858737748092,0.9712779231170936,,-0.1829568042759222
2020,TLS,Timor-Leste,6.159682274247492,4.430814996460916,4.601415313984184,8.140266173904847,7.121963848165074,6.485066005837651,East Asia & Pacific,Lower-Middle Income,-0.16853223631058256,-0.29027143944529854,0.9789856568213833,-0.7081842064345292,-0.6885477198156078,-0.14365494461187556
1970,TTO,Trinidad and Tobago,6.0656505858849386,6.7865484114491785,5.770573530212541,6.83988258643556,,6.29638097803375,Latin America & the Caribbean,,,,,,,
1975,TTO,Trinidad and Tobago,5.166430148624368,6.054679970447824,5.711432211484731,4.076517585072082,3.367509019384889,6.29638097803375,Latin America & the Caribbean,,-0.8992204372605705,-0.731868441001355,-0.05914131872780981,-2.7633650013634776,,0.0
1980,TTO,Trinidad and Tobago,5.243397450652291,6.322628234919138,5.849811922556368,4.523045076806659,2.9100787590666237,6.374566640653129,Latin America & the Caribbean,,0.07696730202792335,0.2679482644713147,0.1383797110716367,0.4465274917345763,-0.45743026031826517,0.07818566261937931
1985,TTO,Trinidad and Tobago,5.252743970172172,4.748394381953133,5.651502040479484,5.92047258880875,2.6469856886429115,7.185355947333299,Latin America & the Caribbean,,0.009346519519880303,-1.574233852966005,-0.1983098820768845,1.3974275120020918,-0.2630930704237122,0.8107893066801699
1990,TTO,Trinidad and Tobago,5.629960772338935,6.759654180266016,5.789809221536396,5.994966073285936,2.8260889000810954,6.74990349093873,Latin America & the Caribbean,Upper-Middle Income,0.377216802166763,2.0112597983128824,0.13830718105691275,0.07449348447718585,0.17910321143818386,-0.435452456394569
1995,TTO,Trinidad and Tobago,6.939476266074816,6.498395679277365,5.804346319613465,8.637769349050952,7.049282499204355,6.683484031444022,Latin America & the Caribbean,Upper-Middle Income,1.3095154937358817,-0.26125850098865033,0.014537098077068933,2.642803275765016,4.22319359912326,-0.06641945949470873
2000,TTO,Trinidad and Tobago,7.218982949013941,6.998724795460279,5.531608455944898,8.892379189956035,7.440220863056356,7.216387798901263,Latin America & the Caribbean,Upper-Middle Income,0.2795066829391244,0.5003291161829138,-0.2727378636685671,0.25460984090508276,0.3909383638520012,0.532903767457241
2005,TTO,Trinidad and Tobago,7.0793543543543525,6.909327491612424,5.453600174732826,8.50960036337789,7.810746925246261,6.687259364442919,Latin America & the Caribbean,Upper-Middle Income,-0.13962859465958832,-0.08939730384785527,-0.07800828121207193,-0.38277882657814466,0.3705260621899047,-0.529128434458344
2010,TTO,Trinidad and Tobago,6.799774774774772,6.297521359121692,5.509222382607622,7.576336357577132,7.865094365599664,6.734429125012013,Latin America & the Caribbean,High Income,-0.2795795795795808,-0.6118061324907318,0.055622207874796104,-0.9332640058007584,0.05434744035340344,0.047169760569094166
2015,TTO,Trinidad and Tobago,6.909609609609609,6.359678787776151,5.395455910125169,8.25823355688183,7.924421325116253,6.586709413306576,Latin America & the Caribbean,High Income,0.10983483483483703,0.06215742865445861,-0.1137664724824532,0.6818971993046983,0.059326959516588396,-0.1477197117054363
2020,TTO,Trinidad and Tobago,7.02942942942943,6.866361495289871,5.343362633624451,9.350210276778238,6.693850822692202,6.875601716850221,Latin America & the Caribbean,High Income,0.11981981981982148,0.5066827075137201,-0.05209327650071849,1.091976719896408,-1.230570502424051,0.28889230354364415
1970,TUN,Tunisia,5.452241997312296,4.917856601251789,5.586447855591709,6.8846715743236135,3.4929493842372117,6.306313481383157,Middle East & North Africa,,,,,,,
1975,TUN,Tunisia,5.49492099533431,5.126898092066621,5.506325625711394,5.92894003172898,4.797122856691148,6.232925217140177,Middle East & North Africa,,0.042678998022013914,0.20904149081483148,-0.08012222988031503,-0.9557315425946333,1.3041734724539364,-0.07338826424297995
1980,TUN,Tunisia,5.548898608255079,4.94150178171376,5.509341475338302,6.165279938129021,4.686129369673791,6.569805393853547,Middle East & North Africa,,0.05397761292076897,-0.18539631035286064,0.0030158496269079293,0.23633990640004043,-0.11099348701735678,0.33688017671337
1985,TUN,Tunisia,5.570961823397247,4.837654965602674,5.299586187586524,6.4941835582754575,4.688818229288718,6.653839005291962,Middle East & North Africa,,0.022063215142168247,-0.10384681611108615,-0.20975528775177832,0.3289036201464368,0.0026888596149268196,0.08403361143841526
1990,TUN,Tunisia,5.624735586171351,5.59835771490136,3.8175399003515325,6.681217180782819,5.78452852237123,6.324620101431855,Middle East & North Africa,Lower-Middle Income,0.05377376277410395,0.7607027492986864,-1.4820462872349913,0.18703362250736166,1.0957102930825116,-0.32921890386010677
1995,TUN,Tunisia,5.891563650031472,4.70749589978961,5.1051830283236415,7.035887495225922,6.609052604752305,6.266228406988002,Middle East & North Africa,Lower-Middle Income,0.26682806386012103,-0.8908618151117507,1.287643127972109,0.35467031444310315,0.8245240823810756,-0.05839169444385295
2000,TUN,Tunisia,6.365839793593934,6.957742107394752,5.159544649812028,6.825063147991665,6.805745447542522,6.046355734467192,Middle East & North Africa,Lower-Middle Income,0.47427614356246206,2.2502462076051426,0.05436162148838619,-0.21082434723425703,0.19669284279021682,-0.21987267252081022
2005,TUN,Tunisia,6.296467801160817,6.914358553294569,5.221943850223367,7.205029075420789,6.340880799956711,5.817297320214004,Middle East & North Africa,Lower-Middle Income,-0.06937199243311731,-0.04338355410018302,0.06239920041133917,0.37996592742912405,-0.46486464758581114,-0.2290584142531884
2010,TUN,Tunisia,5.959864176570458,6.213215313266171,5.079101962345849,6.514003891303315,6.08901576768062,5.878962301241156,Middle East & North Africa,Upper-Middle Income,-0.3366036245903583,-0.7011432400283981,-0.14284188787751795,-0.6910251841174739,-0.2518650322760907,0.061664981027152344
2015,TUN,Tunisia,6.119592529711375,6.300081517077782,5.214185526026379,6.711492923194761,6.71802936372769,5.6770208703031075,Middle East & North Africa,Lower-Middle Income,0.15972835314091682,0.08686620381161081,0.13508356368053054,0.19748903189144595,0.62901359604707,-0.2019414309380485
2020,TUN,Tunisia,5.8899830220713065,5.219241829188454,5.094804551501725,7.6512876242473045,6.069385051157992,5.418041541253646,Middle East & North Africa,Lower-Middle Income,-0.2296095076400686,-1.0808396878893278,-0.11938097452465435,0.9397947010525431,-0.6486443125696981,-0.2589793290494615
1970,TUR,Türkiye,4.4966435950595605,5.178765293158242,5.0208528969434285,10.0,0.23945035027183995,6.342183650963538,Europe & Central Asia,,,,,,,
1975,TUR,Türkiye,4.804261064339289,5.025382093059721,4.832926955858365,10.0,2.5503961646013744,6.68883550558555,Europe & Central Asia,,0.30761746927972844,-0.1533832000985207,-0.1879259410850631,0.0,2.3109458143295343,0.34665185462201276
1980,TUR,Türkiye,3.936264317420846,5.005723792895702,4.708183347576633,0.7521262753498726,3.5221937612609033,5.709274792041517,Europe & Central Asia,,-0.8679967469184429,-0.019658300164019593,-0.12474360828173214,-9.247873724650127,0.9717975966595289,-0.979560713544033
1985,TUR,Türkiye,5.042070530304537,5.691172263713891,4.953581626831221,2.2164985927147085,5.659592229059048,6.811333908643803,Europe & Central Asia,,1.105806212883691,0.6854484708181889,0.24539827925458813,1.4643723173648358,2.137398467798145,1.1020591166022857
1990,TUR,Türkiye,5.650771197946936,6.432904486002565,5.198456542806612,3.7312329108453586,6.310924343558284,6.515872030865051,Europe & Central Asia,Lower-Middle Income,0.6087006676423989,0.7417322222886744,0.2448749159753909,1.51473431813065,0.6513321144992359,-0.2954618777787523
1995,TUR,Türkiye,6.1683990939420745,7.345973543043504,5.4424159072990985,3.2094972090188674,7.6792971268970724,7.232559385770763,Europe & Central Asia,Lower-Middle Income,0.5176278959951386,0.9130690570409392,0.24395936449248623,-0.5217357018264912,1.3683727833387884,0.7166873549057122
2000,TUR,Türkiye,5.96737065005717,7.170390208709315,4.80015636438473,3.5641111216997823,7.657089040787447,6.719983834809074,Europe & Central Asia,Upper-Middle Income,-0.20102844388490482,-0.17558333433418927,-0.6422595429143687,0.3546139126809149,-0.022208086109625214,-0.5125755509616887
2005,TUR,Türkiye,6.3299824998674215,8.123263799285896,5.863367048390585,4.428954616514824,7.226069377704719,5.997563918017659,Europe & Central Asia,Lower-Middle Income,0.36261184981025174,0.9528735905765808,1.0632106840058553,0.8648434948150419,-0.4310196630827283,-0.7224199167914156
2010,TUR,Türkiye,6.887339449541283,7.225473108840319,5.29882050944034,8.079765183240392,7.512319402762237,6.308348066085633,Europe & Central Asia,Lower-Middle Income,0.5573569496738617,-0.8977906904455768,-0.5645465389502453,3.6508105667255677,0.28625002505751773,0.31078414806797383
2015,TUR,Türkiye,6.937247706422017,7.369048333272604,4.968098066600287,8.545519026677912,7.403199919018002,6.413269601759853,Europe & Central Asia,Upper-Middle Income,0.04990825688073386,0.14357522443228454,-0.33072244284005237,0.46575384343752013,-0.10911948374423464,0.10492153567422058
2020,TUR,Türkiye,6.418201834862384,6.63841638630909,4.730231119267742,7.483004341793062,7.39591482366043,5.8117776421254215,Europe & Central Asia,Lower-Middle Income,-0.5190458715596327,-0.7306319469635136,-0.2378669473325452,-1.0625146848848503,-0.007285095357572047,-0.6014919596344317
1970,TWN,Taiwan,5.785768686863918,5.154003940049327,3.795037561498168,9.479208035740177,,4.970327372278671,East Asia & Pacific,,,,,,,
1975,TWN,Taiwan,5.414489412840565,4.88217568157779,4.853082298420244,7.303122307562099,,5.128455105503553,East Asia & Pacific,,-0.3712792740233528,-0.2718282584715368,1.0580447369220756,-2.1760857281780783,,0.15812773322488205
1980,TWN,Taiwan,5.774788153805925,4.791408584869376,5.015010106417635,8.052237312779443,,5.063959898262989,East Asia & Pacific,,0.3602987409653604,-0.09076709670841421,0.16192780799739115,0.7491150052173445,,-0.06449520724056423
1985,TWN,Taiwan,6.183710976441578,5.175162562959744,4.90429911965189,9.328466195654244,,5.476054645927946,East Asia & Pacific,,0.4089228226356525,0.38375397809036826,-0.11071098676574476,1.2762288828748005,,0.41209474766495724
1990,TWN,Taiwan,6.981609166950168,5.33528071025705,6.049939433796878,9.419782237413457,,6.207859690871366,East Asia & Pacific,High Income,0.7978981905085902,0.16011814729730567,1.1456403141449876,0.09131604175921382,,0.7318050449434201
1995,TWN,Taiwan,7.322175467777005,6.475021538199219,5.909668659180296,9.688287348919438,,6.547931079432492,East Asia & Pacific,High Income,0.34056630082683714,1.1397408279421697,-0.14027077461658166,0.26850511150598066,,0.3400713885611255
2000,TWN,Taiwan,7.4149917765234745,6.953455397941353,6.132876585865739,9.27922038012617,8.1579745972856,6.6055448180751535,East Asia & Pacific,High Income,0.09281630874646929,0.47843385974213337,0.22320792668544254,-0.40906696879326887,,0.057613738642661616
2005,TWN,Taiwan,7.730373134328359,7.325973464455464,6.759377331238885,9.520795190533779,8.21216753730355,6.86888850387299,East Asia & Pacific,High Income,0.31538135780488474,0.372518066514111,0.6265007453731464,0.24157481040760942,0.054192940017950164,0.2633436857978362
2010,TWN,Taiwan,7.770323383084577,7.251142264393965,6.854836905948715,9.546724166995615,8.022269577512816,7.184032113455458,East Asia & Pacific,High Income,0.039950248756217555,-0.07483120006149857,0.09545957470982991,0.02592897646183623,-0.1898979597907342,0.315143609582468
2015,TWN,Taiwan,7.930124378109452,7.55676531915867,7.357526711560395,9.610004841856796,7.9690158774678705,7.171461684748915,East Asia & Pacific,High Income,0.15980099502487555,0.3056230547647045,0.5026898056116798,0.06328067486118094,-0.05325370004494534,-0.012570428706542458
2020,TWN,Taiwan,7.870199004975125,7.5889352640414796,7.442564591777607,9.410756987415574,7.66639988876669,7.231403522508956,East Asia & Pacific,High Income,-0.059925373134327664,0.03216994488280989,0.0850378802172127,-0.1992478544412215,-0.3026159887011808,0.05994183776004114
1970,TZA,Tanzania,4.760415571240687,3.579724910201709,6.1584064645932335,6.559707725749426,3.1016868868071383,4.08165852289006,Sub-Saharan Africa,,,,,,,
1975,TZA,Tanzania,3.9703051029849714,3.579724910201709,5.945283478851654,4.420169026114942,1.7770198251716272,3.8351440213780377,Sub-Saharan Africa,,-0.7901104682557154,0.0,-0.21312298574157928,-2.1395386996344845,-1.3246670616355112,-0.24651450151202248
1980,TZA,Tanzania,3.916531218971631,3.8302922713408587,5.944243090733014,3.69435438850928,1.6979352244769697,3.890077433082228,Sub-Saharan Africa,,-0.05377388401334038,0.2505673611391499,-0.0010403881186400454,-0.7258146376056618,-0.0790846006946575,0.054933411704190416
1985,TZA,Tanzania,3.7788070442385626,3.467620035638689,5.792400811267004,4.142197462776603,1.9747313269082702,3.2636678352217596,Sub-Saharan Africa,,-0.13772417473306842,-0.36267223570216967,-0.1518422794660106,0.44784307426732317,0.2767961024313006,-0.6264095978604685
1990,TZA,Tanzania,4.265766714887862,4.7426542713353355,5.60653926539216,5.040691404880324,1.9143379597928531,3.7491268559144904,Sub-Saharan Africa,Low Income,0.48695967064929935,1.2750342356966464,-0.18586154587484316,0.8984939421037206,-0.060393367115417096,0.4854590206927307
1995,TZA,Tanzania,5.881438172720678,7.683362755470311,5.693204873635643,5.487130582363109,5.984028654503147,4.56376548664534,Sub-Saharan Africa,Low Income,1.615671457832816,2.9407084841349755,0.08666560824348224,0.4464391774827856,4.069690694710294,0.8146386307308497
2000,TZA,Tanzania,6.252691745085106,7.425091551679182,5.300200200288114,7.190687431772395,6.086435350432576,5.272213037941012,Sub-Saharan Africa,Low Income,0.37125357236442813,-0.25827120379112944,-0.3930046733475283,1.7035568494092859,0.10240669592942897,0.7084475512956718
2005,TZA,Tanzania,6.219473239208685,6.684864391464595,5.306712736290849,7.153274529321045,5.872807568942933,6.040174259946527,Sub-Saharan Africa,Low Income,-0.03321850587642139,-0.7402271602145865,0.0065125360027344925,-0.03741290245134987,-0.21362778148964345,0.767961222005515
2010,TZA,Tanzania,6.479665605095541,6.871619080187909,5.279935454044928,7.2950187907089585,6.475995504508608,6.485813685192585,Sub-Saharan Africa,Low Income,0.2601923658868559,0.18675468872331358,-0.026777282245920908,0.14174426138791318,0.6031879355656757,0.4456394252460578
2015,TZA,Tanzania,6.539570063694266,7.342225498376997,5.318195373960413,7.529678989875484,6.0136835034862965,6.510291758953503,Sub-Saharan Africa,Low Income,0.05990445859872562,0.4706064181890879,0.03825991991548516,0.2346601991665258,-0.46231200102231185,0.024478073760918484
2020,TZA,Tanzania,6.419761146496814,6.331887731591646,5.145294350994506,8.176140361600504,6.005556336202295,6.417278300328726,Sub-Saharan Africa,Lower-Middle Income,-0.11980891719745212,-1.0103377667853506,-0.17290102296590693,0.64646137172502,-0.008127167284001757,-0.09301345862477728
1970,UGA,Uganda,,6.397653077093868,3.647860842917079,,,3.606064398027869,,,,,,,,
1975,UGA,Uganda,2.963060343714196,6.397653077093868,2.5343024972431394,1.9728629625573735,0.27715051130769813,3.3423641390739314,Sub-Saharan Africa,,,0.0,-1.1135583456739395,,,-0.26370025895393745
1980,UGA,Uganda,3.287145068807936,7.0627223679223174,2.7634213884547796,0.010329125458415567,2.8378923823812485,3.3640036201707093,Sub-Saharan Africa,,0.3240847250937402,0.6650692908284492,0.2291188912116402,-1.962533837098958,2.5607418710735503,0.021639481096777935
1985,UGA,Uganda,2.5787086315648464,3.9899739118593627,2.9601123300127883,0.010329125458415567,2.6227039898540587,3.121265812703912,Sub-Saharan Africa,,-0.7084364372430896,-3.0727484560629548,0.1966909415580087,0.0,-0.2151883925271898,-0.2427378074667974
1990,UGA,Uganda,2.9989426307828215,4.604261804711622,2.979548858651835,0.39732702596705194,1.82255036789237,4.806601903101459,Sub-Saharan Africa,Low Income,0.4202339992179751,0.6142878928522593,0.019436528639046546,0.38699790050863636,-0.8001536219616887,1.6853360903975472
1995,UGA,Uganda,5.046764297757499,7.342609588893434,4.201159281124319,4.318951658345495,4.358009517067681,4.933592878639551,Sub-Saharan Africa,Low Income,2.0478216669746776,2.738347784181812,1.2216104224724842,3.921624632378443,2.535459149175311,0.12699097553809224
2000,UGA,Uganda,6.528899537619368,6.935020679387289,4.195131370816279,9.050969574332267,6.769917941716064,5.5900935185572855,Sub-Saharan Africa,Low Income,1.4821352398618686,-0.4075889095061447,-0.006027910308040063,4.732017915986773,2.4119084246483826,0.6565006399177342
2005,UGA,Uganda,6.638044717887153,7.600296000406081,4.384978818058083,8.223495517686402,6.119226662457484,6.796811310758062,Sub-Saharan Africa,Low Income,0.10914518026778541,0.6652753210187914,0.1898474472418039,-0.8274740566458654,-0.65069127925858,1.2067177922007764
2010,UGA,Uganda,6.9205147058823515,8.164420240330735,4.4978364600209595,8.254116151456333,6.988493605922597,6.669493132147022,Sub-Saharan Africa,Low Income,0.2824699879951984,0.564124239924654,0.11285764196287662,0.030620633769931516,0.8692669434651128,-0.12731817861103956
2015,UGA,Uganda,6.9205147058823515,7.731403920433686,4.864810182260054,8.219930313067419,7.095027261146315,6.717899368162796,Sub-Saharan Africa,Low Income,0.0,-0.4330163198970487,0.3669737222390941,-0.03418583838891465,0.1065336552237186,0.048406236015773985
2020,UGA,Uganda,6.849794117647057,7.317216555098801,4.907180660450813,9.050695613024269,6.5669383797406775,6.455460015342898,Sub-Saharan Africa,Low Income,-0.07072058823529481,-0.4141873653348851,0.04237047819075901,0.83076529995685,-0.5280888814056377,-0.2624393528198983
1970,UKR,Ukraine,,,,,,,,,,,,,,
1975,UKR,Ukraine,,,,,,,,,,,,,,
1980,UKR,Ukraine,,,,,,,,,,,,,,
1985,UKR,Ukraine,,,5.512088738619088,,,,,,,,,,,
1990,UKR,Ukraine,,,5.223996053371012,,,3.1612654736077253,,,,,-0.28809268524807585,,,
1995,UKR,Ukraine,3.6773640842002955,4.957961995053754,4.8693107695815305,0.023000190314544578,,2.919884599659241,Europe & Central Asia,Lower-Middle Income,,,-0.3546852837894816,,,-0.24138087394848418
2000,UKR,Ukraine,4.436701800701831,6.242669476735666,4.530319254747447,1.1323821720697187,6.1735198639697915,4.15042076537041,Europe & Central Asia,Lower-Middle Income,0.7593377165015358,1.2847074816819122,-0.33899151483408385,1.1093819817551742,,1.230536165711169
2005,UKR,Ukraine,5.229686964175689,6.686575796673302,4.629294519225476,3.900475646383481,6.114473410127576,4.813441427773397,Europe & Central Asia,Lower-Middle Income,0.7929851634738574,0.44390631993763563,0.09897526447802907,2.7680934743137624,-0.05904645384221574,0.6630206624029871
2010,UKR,Ukraine,5.409676190476191,6.801476028527527,4.396173545733349,4.832696086465475,6.632237909503803,4.373009483016329,Europe & Central Asia,Lower-Middle Income,0.17998922630050274,0.11490023185422515,-0.23312097349212646,0.932220440081994,0.5177644993762271,-0.44043194475706837
2015,UKR,Ukraine,5.130209523809524,6.75005036394145,4.503698695323781,3.1124162923446583,6.522793922154157,4.783592870287906,Europe & Central Asia,Lower-Middle Income,-0.279466666666667,-0.05142566458607689,0.10752514959043147,-1.7202797941208168,-0.10944398734964622,0.4105833872715774
2020,UKR,Ukraine,6.098361904761905,6.912360662837051,4.770655357584267,7.2337339733094685,6.694685045168186,4.900053104744502,Europe & Central Asia,Lower-Middle Income,0.9681523809523807,0.16231029889560045,0.266956662260486,4.12131768096481,0.17189112301402965,0.11646023445659548
1970,URY,Uruguay,6.170266644482508,6.902988338046193,6.2275315746426685,5.480047218275894,6.528346261847692,5.590084634738346,Latin America & the Caribbean,,,,,,,
1975,URY,Uruguay,5.040887481876336,6.442097893596576,5.175314005641447,2.5070662034904876,6.539417657462677,4.307030978040816,Latin America & the Caribbean,,-1.1293791626061722,-0.4608904444496176,-1.0522175690012219,-2.9729810147854066,0.011071395614984603,-1.2830536566975308
1980,URY,Uruguay,5.516971299609102,7.089153522926089,5.194209929336515,3.824524499268955,6.634768706855402,4.66073137514484,Latin America & the Caribbean,,0.476083817732766,0.6470556293295129,0.01889592369506854,1.3174582957784673,0.09535104939272543,0.35370039710402423
1985,URY,Uruguay,6.111106670336236,6.478310710570794,6.048187073846059,3.6764592942526577,7.436403301138335,6.684624511009207,Latin America & the Caribbean,,0.594135370727134,-0.6108428123552949,0.8539771445095434,-0.14806520501629716,0.801634594282933,2.023893135864367
1990,URY,Uruguay,6.482921272743588,7.116983652745411,6.794782637840373,3.76259696754927,7.473193467186029,7.061770657808108,Latin America & the Caribbean,Upper-Middle Income,0.3718146024073521,0.6386729421746171,0.7465955639943145,0.08613767329661215,0.036790166047693695,0.3771461467989008
1995,URY,Uruguay,6.341372773338706,6.943622788576912,6.556298188407797,4.227992486680033,6.959549150267653,6.85752700850674,Latin America & the Caribbean,Upper-Middle Income,-0.14154849940488212,-0.17336086416849916,-0.23848444943257618,0.4653955191307628,-0.5136443169183753,-0.2042436493013673
2000,URY,Uruguay,7.200100336394989,6.725117683140454,6.592712828765168,7.915372163770395,8.023605601849496,6.755405183856056,Latin America & the Caribbean,Upper-Middle Income,0.8587275630562834,-0.2185051054364573,0.0364146403573713,3.6873796770903624,1.064056451581843,-0.10212182465068409
2005,URY,Uruguay,7.29957748240755,7.279777506840451,6.571981680499772,8.420248344391192,7.770184954184397,6.477892602265657,Latin America & the Caribbean,Upper-Middle Income,0.09947714601256052,0.5546598236999962,-0.020731148265396016,0.5048761806207969,-0.25342064766509953,-0.2775125815903996
2010,URY,Uruguay,7.469567642956765,7.0556576600779835,6.51000190944909,8.764433513627681,8.086155171073816,6.9372883995931165,Latin America & the Caribbean,Upper-Middle Income,0.16999016054921512,-0.2241198467624672,-0.061979771050681975,0.34418516923648923,0.3159702168894194,0.45939579732745983
2015,URY,Uruguay,7.259860529986053,6.944792138971257,6.345709642562779,8.415994976558505,7.837874159363884,6.769663953371674,Latin America & the Caribbean,High Income,-0.20970711297071176,-0.1108655211067262,-0.16429226688631093,-0.3484385370691765,-0.2482810117099321,-0.1676244462214429
2020,URY,Uruguay,7.070125523012553,6.28675281101231,6.36100935775673,8.285132888744496,7.478861280527022,6.92006629683156,Latin America & the Caribbean,High Income,-0.18973500697349976,-0.6580393279589476,0.015299715193950902,-0.130862087814009,-0.35901287883686184,0.150402343459886
1970,USA,United States,7.864723127045154,5.298036900758708,8.094110286706536,9.588145882854173,8.57972603633675,7.774443112799437,North America,,,,,,,
1975,USA,United States,7.990636182034794,5.293698339093329,8.397454153825658,9.066803356091558,8.767397768812218,8.383784833944036,North America,,0.12591305498964012,-0.004338561665378826,0.3033438671191213,-0.5213425267626146,0.18767173247546864,0.6093417211445988
1980,USA,United States,8.175559552873603,5.739397653042277,8.419793471821068,9.121667568581774,8.905550703351077,8.630217847006735,North America,,0.18492337083880894,0.44569931394894713,0.022339317995410113,0.05486421249021589,0.13815293453885857,0.24643301306269905
1985,USA,United States,8.319834133218432,6.525844091881484,8.344839520629135,9.339006693896465,8.864104822989418,8.493488035034941,North America,,0.14427458034482932,0.7864464388392074,-0.07495395119193304,0.21733912531469102,-0.04144588036165864,-0.13672981197179368
1990,USA,United States,8.52181854570119,7.19902735555074,8.192866261863285,9.669165313906692,8.8981116991836,8.67099743263312,North America,High Income,0.20198441248275856,0.6731832636692561,-0.15197325876584955,0.3301586200102271,0.034006876194181856,0.17750939759817896
1995,USA,United States,8.65816764243241,7.371977184030837,8.300413650665142,9.787246314652956,8.956873840770479,8.887185341588252,North America,High Income,0.13634909673121953,0.172949828480097,0.10754738880185677,0.1180810007462636,0.05876214158687887,0.2161879089551313
2000,USA,United States,8.67793514846536,7.645053428424583,8.553060421205306,9.43833689703455,8.687473549017147,9.075469372622692,North America,High Income,0.01976750603295052,0.2730762443937458,0.2526467705401636,-0.34890941761840644,-0.2694002917533318,0.18828403103444025
2005,USA,United States,8.449568434032061,7.875528149992236,7.858510603818785,9.533973721928128,8.379383776485918,8.59538473866727,North America,High Income,-0.22836671443329948,0.2304747215676528,-0.6945498173865206,0.09563682489357817,-0.30808977253122904,-0.4800846339554212
2010,USA,United States,8.139950678175094,7.018844173621278,7.718345779530545,9.51285807504441,8.250627508680127,8.199527005679318,North America,High Income,-0.3096177558569675,-0.8566839763709577,-0.14016482428823984,-0.021115646883718142,-0.12875626780579097,-0.39585773298795246
2015,USA,United States,8.31972872996301,7.220982978845751,7.807502790914666,9.790024077658073,8.103508988902705,8.697010616083116,North America,High Income,0.17977805178791684,0.20213880522447347,0.08915701138412047,0.2771660026136633,-0.14711851977742185,0.4974836104037976
2020,USA,United States,8.020098643649817,6.738852061685813,7.585691320961901,9.533716574943721,8.076219277229157,8.178253737116638,North America,High Income,-0.29963008631319354,-0.48213091715993794,-0.22181146995276446,-0.25630750271435154,-0.02728971167354821,-0.518756878966478
1970,VEN,"Venezuela, RB",6.8721995765706465,8.347381957915339,5.359690990603954,9.593866844437889,6.567312709254463,4.868736551060559,Latin America & the Caribbean,,,,,,,
1975,VEN,"Venezuela, RB",6.114634268917189,7.470866627162625,4.993421212938576,7.099248137572741,6.426382646266811,4.656125469755919,Latin America & the Caribbean,,-0.7575653076534579,-0.8765153307527136,-0.36626977766537827,-2.4946187068651478,-0.14093006298765243,-0.21261108130464024
1980,VEN,"Venezuela, RB",6.168507698599279,6.868359249867678,5.003478222001511,7.352191232283522,6.923551665402627,4.667858741582542,Latin America & the Caribbean,,0.05387342968209019,-0.6025073772949465,0.010057009062935052,0.2529430947107807,0.497169019135816,0.011733271826622982
1985,VEN,"Venezuela, RB",5.5980098767635065,6.93264445535416,5.106071686424071,8.276784360264497,3.267407399125461,4.908831089186515,Latin America & the Caribbean,,-0.5704978218357724,0.06428520548648198,0.10259346442256057,0.9245931279809749,-3.656144266277166,0.24097234760397335
1990,VEN,"Venezuela, RB",5.293964611891367,7.151520306192511,5.115242211221215,4.048284967665757,5.617872315821857,4.446410904821768,Latin America & the Caribbean,Upper-Middle Income,-0.3040452648721397,0.2188758508383506,0.009170524797143642,-4.2284993925987395,2.350464916696396,-0.4624201843647473
1995,VEN,"Venezuela, RB",4.498018883530077,7.41288561705835,4.535990118017859,2.152204353308836,4.375062754200696,3.911987566626886,Latin America & the Caribbean,Upper-Middle Income,-0.7959457283612901,0.26136531086583936,-0.5792520932033565,-1.8960806143569209,-1.2428095616211605,-0.5344233381948817
2000,VEN,"Venezuela, RB",5.446891021232163,6.452077093378564,3.2679689649102555,4.771473950010321,7.787340247131024,4.884115854413935,Latin America & the Caribbean,Lower-Middle Income,0.9488721377020859,-0.9608085236797868,-1.268021153107603,2.619269596701485,3.4122774929303272,0.9721282877870485
2005,VEN,"Venezuela, RB",4.253155029585798,4.923385854505064,2.545175257169304,4.413302091652429,5.389575545889143,3.9682076964175588,Latin America & the Caribbean,Upper-Middle Income,-1.1937359916463643,-1.5286912388735,-0.7227937077409514,-0.3581718583578928,-2.397764701241881,-0.9159081579963759
2010,VEN,"Venezuela, RB",3.199711538461539,4.834071925109226,2.2971272088298567,1.8172330744344132,3.48802095834695,3.5471886724352304,Latin America & the Caribbean,Upper-Middle Income,-1.0534434911242592,-0.08931392939583738,-0.24804804833944738,-2.5960690172180154,-1.9015545875421926,-0.4210190239823284
2015,VEN,"Venezuela, RB",2.7910256410256413,4.996724184113487,2.149451109115944,0.7390689955098484,3.0573551470419624,3.003276556071302,Latin America & the Caribbean,Upper-Middle Income,-0.4086858974358978,0.16265225900426028,-0.14767609971391282,-1.0781640789245648,-0.4306658113049875,-0.5439121163639284
2020,VEN,"Venezuela, RB",2.9804166666666663,4.603545423395472,2.3745901831019673,0.7390689955098484,4.9592116120596135,2.248605567651067,Latin America & the Caribbean,Upper-Middle Income,0.18939102564102495,-0.3931787607180146,0.2251390739860235,0.0,1.901856465017651,-0.754670988420235
1970,VNM,Vietnam,,,5.108566032457586,,,,,,,,,,,
1975,VNM,Vietnam,,,5.110700035214822,,,,,,,,0.0021340027572360754,,,
1980,VNM,Vietnam,,,5.091835619581899,,,,,,,,-0.018864415632922515,,,
1985,VNM,Vietnam,,,5.096930807894953,,,,,,,,0.005095188313053889,,,
1990,VNM,Vietnam,,,4.304093329722272,,,6.308192814537552,,,,,-0.7928374781726815,,,
1995,VNM,Vietnam,,5.460205095990282,4.902138936310701,,,4.4494807947819695,,,,,0.5980456065884292,,,-1.8587120197555826
2000,VNM,Vietnam,5.40603748581392,5.571906475120136,4.5004456169329705,6.029960493095444,,4.783990663312226,East Asia & Pacific,Low Income,,0.11170137912985467,-0.40169331937773034,,,0.3345098685302563
2005,VNM,Vietnam,5.6100684073498925,6.096253239390417,5.0452759666809985,5.666128425691198,5.964233839278265,5.31202495762978,East Asia & Pacific,Low Income,0.20403092153597235,0.5243467642702804,0.544830349748028,-0.36383206740424523,,0.5280342943175542
2010,VNM,Vietnam,5.51112540192926,5.553611502966947,5.052484869559324,4.8062902005540185,6.503114547797512,5.630690922355652,East Asia & Pacific,Lower-Middle Income,-0.09894300542063217,-0.5426417364234695,0.007208902878325318,-0.8598382251371799,0.5388807085192475,0.31866596472587183
2015,VNM,Vietnam,5.75073954983923,5.952673539378844,5.011818507202285,6.0156462203032826,6.222569884573115,5.574751171166642,East Asia & Pacific,Lower-Middle Income,0.23961414790997004,0.3990620364118964,-0.040666362357038466,1.209356019749264,-0.2805446632243971,-0.05593975118901007
2020,VNM,Vietnam,6.140112540192925,6.5341303604344905,5.162771183873973,6.773070749741173,6.404749256967758,5.83831981152119,East Asia & Pacific,Lower-Middle Income,0.3893729903536949,0.5814568210556468,0.15095267667168777,0.7574245294378903,0.18217937239464277,0.2635686403545483
1970,YEM,"Yemen, Rep.",,,2.7245173866106502,,,,,,,,,,,
1975,YEM,"Yemen, Rep.",,,2.8584540384280253,,,,,,,,0.13393665181737502,,,
1980,YEM,"Yemen, Rep.",,,2.413243903310294,,,,,,,,-0.4452101351177311,,,
1985,YEM,"Yemen, Rep.",,,2.4011512125774854,,,,,,,,-0.01209269073280872,,,
1990,YEM,"Yemen, Rep.",,3.6173607786819844,2.2571816568234047,,,,,,,,-0.14396955575408077,,,
1995,YEM,"Yemen, Rep.",,10.0,3.1905330346429603,,,4.503058163736975,,,,6.382639221318016,0.9333513778195557,,,
2000,YEM,"Yemen, Rep.",5.893220508223363,8.013241963135766,2.395025453295832,6.151397573280501,,4.622590345610624,Middle East & North Africa,Low Income,,-1.9867580368642344,-0.7955075813471284,,,0.119532181873649
2005,YEM,"Yemen, Rep.",5.997251595439139,5.550549552017433,2.504133657682174,9.110169976604448,,4.896916105772664,Middle East & North Africa,Low Income,0.10403108721577592,-2.462692411118333,0.10910820438634206,2.9587724033239473,,0.27432576016203924
2010,YEM,"Yemen, Rep.",5.815615744409412,6.604047130616922,2.6024149516714163,7.58988861021738,7.308785980280143,4.876248183435288,Middle East & North Africa,Lower-Middle Income,-0.18163585102972757,1.0534975785994893,0.09828129398924235,-1.520281366387068,,-0.0206679223373758
2015,YEM,"Yemen, Rep.",5.2696267190569746,6.818450577537001,2.1040709521364156,6.873953644118564,6.403731199594618,4.128528334077817,Middle East & North Africa,Lower-Middle Income,-0.5459890253524371,0.21440344692007862,-0.49834399953500075,-0.7159349660988159,-0.9050547806855249,-0.7477198493574706
2020,YEM,"Yemen, Rep.",5.020117878192535,8.446473714299545,2.0977027786212172,7.051743916255568,4.587101110215896,2.9072565727493442,Middle East & North Africa,Low Income,-0.24950884086443992,1.6280231367625442,-0.006368173515198361,0.17779027213700438,-1.8166300893787222,-1.221271761328473
1970,ZAF,South Africa,6.00203465499463,5.8201053791110775,4.803904189437158,7.162910744007859,7.170503937137792,5.156372095786782,Sub-Saharan Africa,,,,,,,
1975,ZAF,South Africa,5.86180020043868,5.478660398966293,5.267285782852195,6.0684228662102875,7.557422701978092,5.107028047276505,Sub-Saharan Africa,,-0.14023445455594974,-0.3414449801447841,0.46338159341503715,-1.0944878777975715,0.3869187648403001,-0.04934404851027718
1980,ZAF,South Africa,5.747050441213127,6.086445702841416,5.287853953252028,5.327997453490507,6.9886106629529445,5.143156947189687,Sub-Saharan Africa,,-0.1147497592255533,0.6077853038751222,0.02056817039983283,-0.7404254127197802,-0.5688120390251479,0.03612889991318191
1985,ZAF,South Africa,5.608567298051366,6.1647771357434396,5.049724855756743,5.7056357189435944,5.655646884080722,5.382518460546819,Sub-Saharan Africa,,-0.13848314316176147,0.07833143290202393,-0.23812909749528455,0.3776382654530872,-1.3329637788722222,0.23936151335713163
1990,ZAF,South Africa,6.033908380619635,6.592514596120466,5.1866947318204994,5.8760383192067485,7.028927147758154,5.565041193045921,Sub-Saharan Africa,Upper-Middle Income,0.4253410825682691,0.42773746037702676,0.13696987606375632,0.170402600263154,1.3732802636774313,0.18252273249910278
1995,ZAF,South Africa,6.868913823736685,6.808284990323436,6.45401294755568,6.527205110097854,7.408363304737368,7.009149597667313,Sub-Saharan Africa,Upper-Middle Income,0.8350054431170504,0.21577039420296984,1.2673182157351803,0.6511667908911054,0.3794361569792146,1.4441084046213915
2000,ZAF,South Africa,6.9888948512255356,6.393719568513652,5.995771702771715,7.721964053646245,7.871655814343625,6.963039811580093,Sub-Saharan Africa,Upper-Middle Income,0.11998102748885042,-0.41456542180978406,-0.4582412447839648,1.1947589435483907,0.4632925096062568,-0.04610978608721972
2005,ZAF,South Africa,6.907995919662491,6.697190739286406,6.195699383918548,7.647053786498054,7.072896019262327,6.888165968648703,Sub-Saharan Africa,Upper-Middle Income,-0.08089893156304484,0.3034711707727542,0.1999276811468329,-0.07491026714819071,-0.7987597950812981,-0.07487384293138977
2010,ZAF,South Africa,6.699864048338369,6.2127831469606125,5.9870967068086784,7.636626863818193,6.962827603839884,6.689861001094301,Sub-Saharan Africa,Upper-Middle Income,-0.20813187132412203,-0.4844075923257938,-0.20860267710986946,-0.010426922679861228,-0.11006841542244317,-0.1983049675544022
2015,ZAF,South Africa,6.590030211480363,5.673101918312279,6.100657421693102,7.929570031930627,6.870731327844204,6.370562028391079,Sub-Saharan Africa,Upper-Middle Income,-0.10983383685800607,-0.5396812286483339,0.11356071488442332,0.29294316811243437,-0.09209627599567938,-0.31929897270322183
2020,ZAF,South Africa,6.410302114803625,5.8198280032818985,5.790685724266779,7.9981266194886755,6.403140639961029,6.034132308357212,Sub-Saharan Africa,Upper-Middle Income,-0.17972809667673761,0.14672608496961992,-0.3099716974263229,0.0685565875580485,-0.4675906878831757,-0.33642972003386706
1970,ZMB,Zambia,4.334977271585147,5.25788125879937,4.730301654660868,5.136540283307648,,4.370867021710009,Sub-Saharan Africa,,,,,,,
1975,ZMB,Zambia,4.140315079769578,4.075559147524194,4.791390634650462,5.235658697553161,2.421660720355558,4.318127786317697,Sub-Saharan Africa,,-0.19466219181556887,-1.1823221112751758,0.06108897998959417,0.09911841424551326,,-0.05273923539231262
1980,ZMB,Zambia,4.317630500744721,4.161180341738201,4.804730397236918,6.1376349742271525,2.4535499712686604,4.303960880607135,Sub-Saharan Africa,,0.17731542097514286,0.08562119421400727,0.013339762586456416,0.9019762766739916,0.03188925091310235,-0.014166905710562006
1985,ZMB,Zambia,3.811658176438698,4.606601774735464,4.759129145339666,3.3535898781924938,2.389771469442456,3.9307001964646804,Sub-Saharan Africa,,-0.5059723243060228,0.44542143299726256,-0.04560125189725195,-2.7840450960346588,-0.06377850182620426,-0.3732606841424544
1990,ZMB,Zambia,3.1663435867481735,4.849276224678845,4.314055473278258,0.46305074620697,2.1280896181576434,3.7055209583284006,Sub-Saharan Africa,Low Income,-0.6453145896905244,0.24267444994338128,-0.44507367206140813,-2.890539131985524,-0.2616818512848127,-0.22517923813627982
1995,ZMB,Zambia,4.52088294129712,7.251345672963455,5.229290351903606,0.6630772150937425,4.818621328550786,4.304706891001887,Sub-Saharan Africa,Low Income,1.3545393545489461,2.4020694482846103,0.9152348786253475,0.2000264688867725,2.6905317103931425,0.5991859326734863
2000,ZMB,Zambia,6.001711650392515,7.7719343367859866,4.876416795893873,5.705658186079246,6.683356374528753,4.9818733064780645,Sub-Saharan Africa,Low Income,1.4808287090953955,0.5205886638225312,-0.35287355600973225,5.042580970985504,1.8647350459779668,0.6771664154761776
2005,ZMB,Zambia,6.226366833814424,7.4919264753712005,4.930013982433849,7.260758273541584,6.112561978154595,5.34655530407748,Sub-Saharan Africa,Low Income,0.22465518342190904,-0.28000786141478606,0.05359718653997536,1.5551000874623382,-0.5707943963741577,0.36468199759941555
2010,ZMB,Zambia,6.608773615733736,8.035619182295868,5.122028362241884,8.024170611069902,6.506935994757473,5.345253949864593,Sub-Saharan Africa,Lower-Middle Income,0.382406781919312,0.5436927069246673,0.19201437980803515,0.7634123375283179,0.3943740166028782,-0.0013013542128872402
2015,ZMB,Zambia,6.359808,7.097893703988925,5.137610681475146,7.9252816868524,6.246494914290092,5.407016675459721,Sub-Saharan Africa,Lower-Middle Income,-0.2489656157337361,-0.9377254783069429,0.015582319233262254,-0.09888892421750217,-0.26044108046738135,0.061762725595127854
2020,ZMB,Zambia,5.980416000000002,6.21816966983861,4.897053994834632,7.476977757395858,6.063516507801332,5.2291338386227695,Sub-Saharan Africa,Lower-Middle Income,-0.3793919999999984,-0.879724034150315,-0.240556686640514,-0.44830392945654207,-0.1829784064887603,-0.17788283683695116
1970,ZWE,Zimbabwe,5.164338760156566,8.409047531730852,5.37884409655431,5.752503906288585,,2.9501162798328067,Sub-Saharan Africa,,,,,,,
1975,ZWE,Zimbabwe,5.164338760156566,7.9679085827835205,5.0540908935822495,6.487334986523863,,2.9501162798328067,Sub-Saharan Africa,,0.0,-0.44113894894733185,-0.3247532029720608,0.7348310802352778,,0.0
1980,ZWE,Zimbabwe,5.244561498178416,6.715055545103826,4.924042102321642,6.6355170554441125,5.428404830088145,3.948095333173752,Sub-Saharan Africa,,0.08022273802184987,-1.252853037679695,-0.13004879126060764,0.14818206892024932,,0.9979790533409454
1985,ZWE,Zimbabwe,5.084727242995835,5.544153440200889,5.111291382840159,6.235805423382314,5.236447857759447,4.376998223879139,Sub-Saharan Africa,,-0.15983425518258088,-1.170902104902937,0.1872492805185173,-0.3997116320617984,-0.19195697232869868,0.4289028907053867
1990,ZWE,Zimbabwe,5.378642112533168,5.816620521210897,5.598939044424349,6.05315183162491,8.035106573526777,3.9273276623655167,Sub-Saharan Africa,Lower-Middle Income,0.2939148695373328,0.27246708101000827,0.48764766158419004,-0.18265359175740414,2.7986587157673304,-0.44967056151362206
1995,ZWE,Zimbabwe,6.184467555385609,6.839326766776984,6.427521472577949,6.113018924138685,10.0,4.693617082440875,Sub-Saharan Africa,Lower-Middle Income,0.8058254428524414,1.022706245566087,0.8285824281535996,0.05986709251377498,1.964893426473223,0.7662894200753585
2000,ZWE,Zimbabwe,4.484471734473925,5.768387191801491,4.134213357458023,4.132498760928459,2.927837414648347,5.35173315827268,Sub-Saharan Africa,Low Income,-1.6999958209116839,-1.070939574975493,-2.2933081151199257,-1.980520163210226,-7.072162585351653,0.6581160758318045
2005,ZWE,Zimbabwe,3.36140306122449,4.645885955033585,3.4337246664974512,2.4380147456383154,1.96900450410324,4.251344201610404,Sub-Saharan Africa,Low Income,-1.1230686732494353,-1.1225012367679055,-0.7004886909605719,-1.6944840152901435,-0.958832910545107,-1.1003889566622753
2010,ZWE,Zimbabwe,4.5683163265306135,6.735791362362172,3.3491258846262677,3.8569211010286995,4.623398702378132,4.245336007903792,Sub-Saharan Africa,Low Income,1.2069132653061234,2.0899054073285868,-0.08459878187118353,1.418906355390384,2.6543941982748924,-0.006008193706612097
2015,ZWE,Zimbabwe,5.565765306122449,6.914616569579415,3.5137402123736674,7.407698699295697,5.470452051066154,4.49358853741539,Sub-Saharan Africa,Low Income,0.9974489795918355,0.17882520721724315,0.1646143277473997,3.5507775982669973,0.8470533486880214,0.24825252951159804
2020,ZWE,Zimbabwe,3.9997704081632652,5.928247080460828,3.5019363887345523,1.25,4.763634031129652,4.5653720014006955,Sub-Saharan Africa,Lower-Middle Income,-1.5659948979591838,-0.9863694891185872,-0.01180382363911514,-6.157698699295697,-0.7068180199365015,0.07178346398530522
