iso3,Country,year,avh,ccon,cda,cgdpe,cgdpo,ck,cn,csh_c,csh_g,csh_i,csh_m,csh_r,csh_x,ctfp,cwtfp,delta,emp,hc,irr,labsh,pl_c,pl_con,pl_da,pl_g,pl_gdpo,pl_i,pl_k,pl_m,pl_n,pl_x,pop,rconna,rdana,rgdpe,rgdpna,rgdpo,rkna,rnna,rtfpna,rwtfpna,xr
ARG,Argentina,1950,2034,48066.12890625,52783.625,54082.2265625,55543.6484375,,62541.8984375,0.78659725189209,0.078778550028801,0.0849331691861153,-0.0602986738085747,-0.0128422630950809,0.122831925749779,,,0.0290971305221319,6.49283885955811,1.81650292873383,0.291931331157684,0.467761695384979,0.175686623709195,0.182337328791618,0.200313374400139,0.248744117627258,0.195042878389359,0.383469450775584,,0.0982488840818405,0.277960419654846,0.106750398874283,17.0902249666788,181478.4375,196450,56066.51171875,237924.28125,56114.11328125,,443304.28125,,,9.16046963658909e-13
ARG,Argentina,1951,2037.87,49158.69921875,56314.78515625,56673.49609375,56863.71484375,,68654.9453125,0.786793231964111,0.077707089483738,0.125846296548843,-0.0745384991168976,-0.0164685640484095,0.10066045075655,,,0.0295936278998852,6.59454250335693,1.83076894283295,0.337860614061356,0.467761695384979,0.194564952142917,0.199830129742622,0.216740667819977,0.253140592631143,0.216015636920929,0.332907541748335,,0.1083158031106,0.251998603343964,0.12913128733635,17.4559449452828,186048.453125,215074.015625,58718.82421875,251976.5,57494.43359375,,486740.375,,,1.15547257808428e-12
ARG,Argentina,1952,2041.74,46677.96875,52773.78125,51522.3359375,52103.65625,,73443.4140625,0.8119016289711,0.0839658305048943,0.116993941366673,-0.0564496070146561,-0.0331482328474522,0.0767364278435707,,,0.0302030667662621,6.71951961517334,1.84514713287354,0.293542504310608,0.467761695384979,0.208169265040799,0.213830843567848,0.228092044591904,0.268575086376825,0.225547194480896,0.337295434861257,,0.122650265693665,0.255575478076935,0.116263531148434,17.8142998526244,175929.75,199532.171875,53147.3828125,236968.40625,52466.0546875,,518949.9375,,,1.38805739101999e-12
ARG,Argentina,1953,2045.62,46782.1015625,53194.28125,53651.85546875,55558.14453125,,78126.828125,0.764896988868713,0.0771416574716568,0.115413844585419,-0.0404159240424633,-0.0221613049507141,0.105124786496162,,,0.03040293417871,6.81135511398315,1.85963821411133,0.290793180465698,0.467761695384979,0.208496631602898,0.215599089860916,0.23109182715416,0.286023410857808,0.223162695765495,0.34412405346338,,0.0959629714488983,0.255038589239121,0.102043159306049,18.1669185573674,175238.515625,201286.75,55202.6796875,246968.125,55835.26953125,,553483.375,,,1.49782643876365e-12
ARG,Argentina,1954,2049.51,50358.12109375,56451.83203125,56045.953125,58051.23828125,0.0061347945593297,82708.859375,0.789762496948242,0.0777145847678185,0.10497123003006,-0.0501002967357636,-0.0291994977742434,0.106851451098919,0.716151475906372,0.696135759353638,0.030435947701335,6.93241500854492,1.87424302101135,0.278751939535141,0.467761695384979,0.207494624942849,0.215334638953209,0.23054401576519,0.295007553323243,0.222580268979073,0.356233646701612,7.91628789901733,0.0871932879090309,0.261339664459229,0.0866226106882095,18.5154356301661,188575.46875,212507.765625,57792.71875,255009.546875,58486.09375,0.111320875585079,584683.375,1.30267095565796,1.09507668018341,1.6031080777126998e-12
AUS,Australia,1950,2029.52,88741.4921875,131575.28125,136059.921875,125668.3046875,,474967.53125,0.62808620929718,0.0780702978372574,0.340848058462143,-0.126073867082596,-0.0243375916033983,0.10340690612793,,,0.0211917571723461,3.4272837638855,2.66730189323425,0.0531721264123917,0.679780185222626,0.063755671233187,0.0669524297118187,0.0707766562700272,0.0926707919989461,0.0766292363405228,0.0786995572181239,,0.0737587213516235,0.0638878270983696,0.132387399673462,8.22766649539222,95620.8984375,131993.578125,135539.390625,148707.890625,128189.4453125,,712402.25,,,0.893199965013041
AUS,Australia,1951,2010.76,91414.7109375,143828.828125,128367.828125,121502.015625,,510098.03125,0.655750870704651,0.0966211035847664,0.431384742259979,-0.191764011979103,-0.0782058238983154,0.0862131267786026,,,0.021809184923768,3.5212619304657,2.67434358596802,0.0405534580349922,0.679780185222626,0.0758003764965316,0.0799613073468208,0.0822271406650543,0.108200854187018,0.0868736058473587,0.0861789343837904,,0.0720328763127327,0.0725795179605484,0.117662116885185,8.46976245504914,99407.4453125,143947.828125,126539,152490.171875,124063.34375,,768188.9375,,,0.893099948420815
AUS,Australia,1952,1992.16,87672.65625,118964.078125,126124.1015625,121092.25,,520847.25,0.614180743694305,0.109834671020508,0.258409768342972,-0.0955218002200127,0.0007555371848866,0.112341053783894,,,0.0221589431166649,3.58896613121033,2.68140339851379,0.0388283133506775,0.679780185222626,0.0834266101187692,0.0868406146764755,0.0876660868525505,0.105931288440578,0.0913089513778687,0.0899789146495196,,0.0752095133066177,0.075761966407299,0.109476827085018,8.64950741082625,95502.1171875,118536.6015625,123845.3984375,146248.40625,122592.40625,,784147.5625,,,0.892899974841007
AUS,Australia,1953,1973.74,96372.3515625,137096.390625,139507.28125,136348.328125,,540619.9375,0.611460208892822,0.0953496769070625,0.298676520586014,-0.0992565453052521,-0.0150919668376446,0.108862094581127,,,0.0223267413675785,3.65064978599548,2.6884822845459,0.0459902994334698,0.679780185222626,0.0831182419351307,0.0860011056065559,0.086481474339962,0.104488413791056,0.0884851068258286,0.087618253173459,,0.079337976872921,0.0726227834820747,0.0986512675881386,8.81542020996216,103915.78125,136437.609375,137112.421875,162114.296875,137916.9375,,815786.6875,,,0.892999931828589
AUS,Australia,1954,1955.48,103958.7578125,151948.984375,147890.453125,145695.421875,0.0593916103243828,568088.5625,0.61980128288269,0.093733549118042,0.329387336969376,-0.114034496247768,-0.0328164547681809,0.103928811848164,0.819580972194672,0.854410231113434,0.0226085837930441,3.7282726764679,2.69557976722717,0.0455434247851372,0.679780185222626,0.0847663382497686,0.0877853408455849,0.0888176709413528,0.107748107024367,0.0901557803153992,0.0910539475482406,0.500126540660858,0.0813870504498482,0.0745007991790772,0.0939623638987541,9.02052411958149,112016.2734375,151883.5,146017.546875,175074.5625,148030.171875,0.0546420477330685,858365.4375,0.723501682281494,0.671810448169708,0.893099948420815
AUT,Austria,1950,1948.43,38672.4609375,47470.2421875,44486.578125,45170.26171875,,133347.71875,0.672780334949493,0.183368414640427,0.194769307971001,-0.093998096883297,-0.0100988419726491,0.0531789138913155,,,0.0305945314466953,2.91568040847778,2.55264043807983,0.0838264524936676,0.569767951965332,0.0599548930299111,0.0559082627296448,0.0628809034824371,0.0410611388196723,0.0619291514158249,0.0935305824675466,,0.083239883184433,0.071287713944912,0.080789178609848,6.93438787296552,55087.953125,73690.5703125,44771.1640625,67078.9296875,46444.0546875,,303119.65625,,,1.44764279272572
AUT,Austria,1951,1945.95,40075.15625,50914.484375,46439.5078125,47417.44140625,,140334.640625,0.659670054912567,0.185486391186714,0.228593721985817,-0.11075397580862,-0.0216592997312546,0.0586631037294865,,,0.0320634357631207,2.97085547447205,2.53703594207764,0.0839192867279053,0.569767951965332,0.070320753205518,0.0663561597466469,0.074651800096035,0.0522563627721046,0.0731121823191643,0.10532241084605,,0.0993584543466568,0.0824733600020409,0.0944836363196373,6.93473878907264,57087.63671875,79476.625,46406.0859375,71235.234375,48772.80078125,,316731.5625,,,1.55301820109014
AUT,Austria,1952,1943.48,41122.58984375,49881.484375,48970.890625,49203.33984375,,143628.234375,0.651782751083374,0.183985501527786,0.178014248609543,-0.0812559574842453,0.0115397535264492,0.0559336729347706,,,0.0330563932657242,2.90400242805481,2.52152681350708,0.0892547965049744,0.569767951965332,0.0795140371427845,0.0752889737486839,0.0820945650339127,0.0603213530471971,0.0817067250609398,0.114046481539085,,0.104921899735928,0.0892809554934502,0.108402527868748,6.92706059207647,58222.83984375,76093.390625,48667.28515625,70958.046875,50151.50390625,,324077.9375,,,1.55301820109014
AUT,Austria,1953,1941,44112.6953125,50767.73828125,51555.46484375,52122.62890625,,144183.671875,0.667019844055176,0.179305344820023,0.127680510282516,-0.0737440809607506,0.0328540168702602,0.066884309053421,,,0.0330794081091881,2.8726761341095,2.50611257553101,0.0786114484071732,0.569767951965332,0.0662946973288165,0.0636886805295944,0.070207379758358,0.0539942405104683,0.0694434344768524,0.113416347731458,,0.101757228374481,0.087421216070652,0.0939463600516319,6.93177125938411,62201.55078125,75522.6953125,51106.4609375,73289.2265625,52843.46875,,326184.8125,,,1.77394400744573
AUT,Austria,1954,1938.53,46749.328125,55491.27734375,54809.6875,55646.2265625,0.0124352369457483,147503.3125,0.662516415119171,0.1776003241539,0.157098680734634,-0.0935099646449089,0.0221311300992966,0.0741633996367455,0.680975198745728,0.678801715373993,0.0329442732036114,2.95665597915649,2.49079251289368,0.0896084830164909,0.569767951965332,0.064988352622431,0.062272921204567,0.0695482045412064,0.0521433336338645,0.0685026794672012,0.10845423327757,0.931342244148254,0.0975049957633019,0.0824766159057617,0.0910122692584992,6.9394961816228,65930.953125,84340.859375,54435.078125,79337.4609375,56539.22265625,0.077363058924675,333836.09375,0.508814811706543,0.526430666446686,1.88949369018117
BEL,Belgium,1950,2124.19,63264.1015625,83398,82365.09375,80199.1953125,,385456.625,0.672342538833618,0.116494618356228,0.251048624515533,-0.319113165140152,0.0313195884227753,0.247907876968384,,,0.0363019816577435,3.4579496383667,2.20354747772217,0.0850039049983025,0.66414213180542,0.0873125939900874,0.0886286571621895,0.0830608978867531,0.096224258413309,0.0853040739893913,0.0655660446890102,,0.0798094049096108,0.047418300062418,0.0876405537128449,8.63282864830933,88403.765625,119242.28125,83505.3359375,101448.75,81666.828125,,547541.1875,,,1.23946762508088
BEL,Belgium,1951,2113.82,64379.33203125,85165.1015625,88636.71875,82543.3046875,,392945.84375,0.654491066932678,0.12545508146286,0.251816600561142,-0.376700788736343,0.0344555415213108,0.310482442378998,,,0.036637969315052,3.45498085021973,2.21905422210693,0.0699108466506004,0.66414213180542,0.0924242200736753,0.0937494412064552,0.0910812839865685,0.10066302152529,0.0978049859404564,0.0828172685850641,,0.0858266651630402,0.0621714033186436,0.105615481734276,8.67181583465529,90218.4609375,121118.71875,89255.0625,105264.96875,85045.5703125,,559970.5,,,1.23922002738563
BEL,Belgium,1952,2103.51,66143.7265625,87186.9921875,90862.046875,85608.7421875,,401285.25,0.643186628818512,0.129441544413567,0.245807394385338,-0.33917048573494,0.0336882993578911,0.287046611309052,,,0.0369201116263866,3.4569890499115,2.23467016220093,0.0673554092645645,0.66414213180542,0.0932613411270231,0.0955220833420754,0.0934656336903572,0.106755580556718,0.0992010608315468,0.0870017298233956,,0.0887410342693329,0.0653225481510162,0.10719083994627,8.72379557327543,92207.484375,123527.2421875,91110.4296875,107826.1484375,86966.2265625,,571987,,,1.23922002738563
BEL,Belgium,1953,2093.24,66918.6015625,88499.6328125,90939.234375,89215.4453125,,409365.71875,0.610680043697357,0.139398589730263,0.24189792573452,-0.310979545116425,0.0327533930540085,0.286249548196793,,,0.0371896848082542,3.45699214935303,2.25039601325989,0.0738939866423607,0.66414213180542,0.0957448889490234,0.0978489220142365,0.0939688757061958,0.107066294614119,0.0957845076918602,0.0819375993380589,,0.0902193412184715,0.0605611428618431,0.0960304960608482,8.77122782330438,92941.0390625,125473.3984375,91175.65625,111387.453125,89677.796875,,584801.25,,,1.23922002738563
BEL,Belgium,1954,2083.03,69149.8046875,93079.8515625,94426.109375,92857.1015625,0.033644825220108,420635.75,0.608331978321075,0.136358559131622,0.257708311080933,-0.333973556756973,0.0305072478950024,0.301067471504211,0.720560312271118,0.721993863582611,0.0375650972127914,3.45444273948669,2.26623249053955,0.0758327022194862,0.66414213180542,0.0962975627942508,0.0981889888644218,0.0940694659948349,0.106627141760184,0.0956589579582214,0.0821654188680271,0.626174509525299,0.087834894657135,0.0599336065351963,0.0922719463706017,8.81270316822361,96003.875,132034.0625,94998.90625,116298.125,93727.921875,0.101403400301933,601357.6875,0.519486844539642,0.551693141460419,1.23922002738563
BOL,Bolivia (Plurinational State of),1950,,4633.4091796875,5458.05859375,5613.5859375,6601.3720703125,,10913.609375,0.611764192581177,0.0901216045022011,0.124920912086964,-0.138362884521484,-0.0045917751267552,0.316147923469543,,,0.0460005775094032,2.0521285533905,1.3233608007431,0.305899232625961,0.513199985027313,0.096754765449698,0.0903021767735481,0.0857738703489304,0.0465006545625911,0.0729392319917679,0.0603309402412649,,0.0421882420778275,0.0593990199267864,0.0259151645004749,2.92118240001953,13360.388671875,15525.4736328125,5826.16455078125,17782.138671875,6879.13427734375,,28314.193359375,,,1.48756864628104e-7
BOL,Bolivia (Plurinational State of),1951,,5017.65087890625,6368.12841796875,6493.35546875,7233.80322265625,,11742.1025390625,0.624023914337158,0.0696154311299324,0.186689823865891,-0.197496935725212,-0.0096947150304913,0.326862424612045,,,0.0446541234850884,2.01742076873779,1.33510482311249,0.300302922725678,0.513199985027313,0.0968459941231559,0.0926935896277428,0.0866584181785584,0.0554719491835453,0.0777881219983101,0.0642349814973815,,0.0363239757716656,0.0656991526484489,0.0288445167243481,2.98205466638324,14733.9326171875,17944.912109375,6713.89599609375,19410.376953125,7492.00390625,,30580.123046875,,,2.21188120633092e-7
BOL,Bolivia (Plurinational State of),1952,,5154.57568359375,6454.8251953125,6443.98681640625,7223.98095703125,,12573.18359375,0.65272331237793,0.0608133897185326,0.179990693926811,-0.18477988243103,-0.0179262347519398,0.309178739786148,,,0.0437109246850014,1.98125946521759,1.34695291519165,0.277258187532425,0.513199985027313,0.0994329911368547,0.095058985054493,0.0892263427376747,0.0481118310363377,0.079592302441597,0.0661039962556842,,0.0419704094529152,0.067416749894619,0.0292653106153011,3.04504853351955,15181.2109375,18298.5859375,6636.86083984375,19496.060546875,7462.91455078125,,32651.56640625,,,2.92334287850383e-7
BOL,Bolivia (Plurinational State of),1953,,4854.65283203125,5599.236328125,5502.44775390625,6065.66943359375,,12825.4306640625,0.760186851024628,0.0401622019708157,0.122753746807575,-0.152357161045074,-0.0137239685282111,0.242978364229202,,,0.0423964932560921,1.96196758747101,1.3589061498642,0.240893185138702,0.513199985027313,0.0951221455501786,0.0927471294999123,0.0888858139514923,0.04779309331043,0.0806324109435082,0.0637101940097891,,0.0225913487374783,0.0638516396284103,0.0128827169537544,3.11015972096168,14493.1953125,16461.64453125,5660.04638671875,16382.279296875,6271.03271484375,,33321.7109375,,,0.00000105935535826647
BOL,Bolivia (Plurinational State of),1954,,4746.599609375,5733.73779296875,5693.154296875,6273.083984375,0.0010163320694118,13354.716796875,0.724751949310303,0.0319092944264412,0.157360941171646,-0.163733303546906,-0.0075983414426446,0.257309436798096,0.371953010559082,0.339834570884705,0.0408008210361004,1.92027914524078,1.37096548080444,0.231177449226379,0.513199985027313,0.095672202362504,0.093733087182045,0.08913803845644,0.0496901886992014,0.0808974653482437,0.0670430196760328,1.71651768684387,0.0142010161653161,0.0661914125084877,0.009184212423861,3.17739804860401,14243.708984375,16753.810546875,5873.80322265625,16841.806640625,6506.30322265625,0.0875755771994591,34660.62109375,1.25493133068085,1.19431984424591,0.00000196736395357347
BRA,Brazil,1950,2363.55,74554.1484375,92219.40625,96957.1015625,93620.59375,,247318.90625,0.661372542381287,0.134970903396606,0.18868987262249,-0.113973565399647,0.01079429872334,0.118145905435085,,,0.0416799709200859,15.6058006286621,1.30044388771057,0.287273794412613,0.525693595409393,0.144001935423521,0.141345471143723,0.134412437677383,0.128328500318101,0.139202699065208,0.105152335218221,,0.090441107749939,0.0738009512424469,0.132101744413376,53.2706842849195,125009.765625,159480.28125,102114.34375,173400.5,98042.8671875,,582001.25,,,7.89407279338927e-15
BRA,Brazil,1951,2373.99,77833.0625,100264.734375,101979.3984375,95995.546875,,263482.5,0.668355882167816,0.142442747950554,0.233674049377441,-0.187251433730125,0.0075198165141046,0.135258942842484,,,0.0438252836465836,16.0611324310303,1.30809342861176,0.264092773199081,0.525693595409393,0.164519636438436,0.160275965929031,0.151148840785027,0.140364218127311,0.160570651292801,0.119479709053557,,0.0980149209499359,0.0874322727322578,0.146724388003349,54.8181363001983,130652.546875,171094.296875,106784.1640625,181892.09375,100832.8125,,624939.125,,,7.9297923287936e-15
BRA,Brazil,1952,2384.48,85069.7109375,110483.1484375,111889.2578125,107320.46875,,282620.125,0.657315611839294,0.135354325175285,0.236799508333206,-0.138270422816277,0.0220933668315411,0.0867075696587563,,,0.0458518192172051,16.5333671569824,1.31578814983368,0.292317271232605,0.525693595409393,0.189402646993456,0.183806121349335,0.170234248042107,0.156627901118279,0.177481353282928,0.124803383879861,,0.116322115063667,0.0917569771409035,0.165996477007866,56.4199777358408,142111.859375,187416.0625,116634.390625,199188.34375,111654.5078125,,673337.375,,,7.9297923287936e-15
BRA,Brazil,1953,2395.01,90592.734375,110587.515625,115446.1640625,111922.28125,,294024.1875,0.645556211471558,0.163869172334671,0.178648799657822,-0.0899944677948952,0.0145832262933254,0.0873370319604874,,,0.046478807926178,17.0238208770752,1.32352793216705,0.251736015081406,0.525693595409393,0.191111526025755,0.185951486229897,0.179582878947258,0.165623680478554,0.185237064957619,0.15072791703892,,0.113854989409447,0.109248325228691,0.175650760531425,58.0784101770252,149709.578125,188936.21875,120215.2421875,209310.921875,115793.8046875,,703590.25,,,8.560842328821421e-15
BRA,Brazil,1954,2405.59,99593.390625,123079.125,125602.21875,121244.8515625,0.0247844122350216,309908.8125,0.676356792449951,0.145066827535629,0.193704977631569,-0.107118047773838,0.0024609342217445,0.0895284712314606,0.511108458042145,0.518629014492035,0.047101192176342,17.5326728820801,1.33131337165833,0.229143127799034,0.525693595409393,0.147563311844701,0.144607335329056,0.142691075801849,0.130825475481398,0.147819206118584,0.134564984514242,2.42209887504578,0.0998931378126144,0.0964374542236328,0.148622885346413,59.7957150591695,165144.984375,211081.296875,131120.359375,226481.796875,125713.4921875,0.041685301810503,743932.0625,0.952063620090485,0.884686589241028,1.3097255093798901e-14
CAN,Canada,1950,2240.9,142837.421875,186848.109375,187651.828125,193634.28125,,559798.125,0.650397777557373,0.0872682109475136,0.227287709712982,-0.186622872948647,-0.0081692095845937,0.229838386178017,,,0.0338143333792686,6.07638311386108,2.48197078704834,0.0551575906574726,0.720642685890198,0.0936711462682244,0.096428781747818,0.0976557731628418,0.11698107109907,0.0946386307477951,0.101637981273453,,0.0783146098256111,0.088934138417244,0.068716786801815,13.8117417797784,158901.640625,199108.109375,188976.78125,216816.78125,197558.875,,701588,,,1.09182053511832
CAN,Canada,1951,2225.64,148656.984375,195958.171875,195884.15625,200184.359375,,589823.5625,0.629899621009827,0.112700767815113,0.236288115382195,-0.235572353005409,-0.0050567765720188,0.261740684509277,,,0.0345705449581146,6.23281812667847,2.50054621696472,0.0504257008433342,0.720642685890198,0.107394318478116,0.111185342073441,0.112674072384834,0.132373859216163,0.110253691673279,0.117352811758438,,0.0795274376869202,0.106239758431911,0.0735473707318306,14.1264449915337,166956.84375,208594.984375,196017.484375,226292.734375,204360.828125,,735637.5,,,1.05576064080376
CAN,Canada,1952,2213.22,163640.875,211569.484375,215180.484375,219228.734375,,616905.625,0.617642939090729,0.128796070814133,0.218623727560043,-0.210988789796829,-0.0074552339501678,0.253381311893463,,,0.0352737978100777,6.28221797943115,2.51926040649414,0.0534797608852387,0.720642685890198,0.117714377222981,0.122706957161427,0.124721348285675,0.146648914851897,0.122418247163296,0.131599016656703,,0.0840909108519554,0.119009084999561,0.0817314833402634,14.5748712865016,183533.9375,224770.75,214383.125,245247.203125,222091.25,,768290.0625,,,0.981035779927
CAN,Canada,1953,2211.79,174706.265625,228899.5,226007.28125,230300.953125,,650257.25,0.63070160150528,0.127898216247559,0.235314875841141,-0.203698933124542,-0.0171731356531382,0.226957350969315,,,0.0357906855642796,6.3151478767395,2.53811478614807,0.05440529063344,0.720642685890198,0.116450736144403,0.121747031807899,0.12394442409277,0.147864549320069,0.121633641421795,0.131028299778229,,0.0901920944452286,0.115872047841549,0.0832945853471756,14.9669931748581,194552.59375,243121.453125,225088.734375,257327.609375,232379.34375,,808864.375,,,0.985142603209434
CAN,Canada,1954,2203.75,178769.484375,225261.890625,223996.921875,228773.9375,0.0657095909118652,672638.1875,0.657036364078522,0.12438777089119,0.203224211931229,-0.191252246499062,-0.011277886107564,0.217881768941879,0.875274956226349,0.861485719680786,0.0359050035476685,6.26575613021851,2.55711030960083,0.0513033084571362,0.720642685890198,0.119090650062678,0.1247393861413,0.126913398504257,0.154576905628343,0.12426333874464,0.135272800564899,0.853489518165588,0.0923700779676437,0.117590099573135,0.0842919200658798,15.4134086317357,198555.125,238988.765625,223815.125,254440.046875,231677.53125,0.0628137215971947,838086.3125,0.670176386833191,0.626984238624573,0.975426490830591
CHE,Switzerland,1950,2042.67,61967.046875,84979.6875,85656.8984375,88268.8046875,,332230.375,0.647299885749817,0.0547266490757465,0.260710924863815,-0.132250815629959,0.0501547306776047,0.119358576834202,,,0.0397055819630623,2.27679228782654,2.93511772155762,0.0502043589949608,0.642336785793304,0.0629616942827079,0.0644188448786736,0.0596082806587219,0.0816538792785845,0.0578444488346577,0.0466546767186368,,0.0887607485055924,0.0615084879100323,0.0778731629252434,4.62952696846788,76479.9765625,115082.484375,79779.3828125,133874.484375,83509.125,,495396.53125,,,4.37300007127372
CHE,Switzerland,1951,2035.01,62700.3359375,93762.6015625,91764.0234375,96141.8515625,,338925.5625,0.597565948963165,0.0545988902449608,0.323087871074677,-0.145714089274406,0.0393884368240833,0.13107293844223,,,0.0396102443337441,2.35944151878357,2.94137716293335,0.05012246966362,0.642336785793304,0.066144576811392,0.0675914883613586,0.0609976090490818,0.0834274396023244,0.0582200773060322,0.0476876173953999,,0.0951371565461159,0.0673151910305023,0.0785945728421211,4.68377183610909,77758.21875,124054.828125,84804.984375,144721.203125,90803.9765625,,504601.75,,,4.37200014376982
CHE,Switzerland,1952,2027.39,64011.66796875,91390.953125,93656.90625,96988.421875,,342777.46875,0.600363850593567,0.0596290454268456,0.28229433298111,-0.125192478299141,0.0544579885900021,0.128447279334068,,,0.0398464351892471,2.40392208099365,2.94765019416809,0.0523932948708534,0.642336785793304,0.0676792336521755,0.0692208707332611,0.0631340593099594,0.0847425570451756,0.0609654188156128,0.0489033298820302,,0.0986169874668121,0.0680280178785324,0.0817538797855377,4.74886530104836,79108.8515625,121845.9375,86264.984375,145916.1875,90983.7109375,,509961.15625,,,4.37300007127372
CHE,Switzerland,1953,2019.79,65765.9375,93144.078125,98404.59375,100988.296875,,347707.03125,0.594928860664368,0.0562945306301117,0.271102130413055,-0.115628242492676,0.0616400018334389,0.131662711501122,,,0.0399394184350967,2.42108273506165,2.95393633842468,0.0583885870873928,0.642336785793304,0.0673657661661748,0.0687995478510857,0.0630692690610886,0.08395200376745,0.0614556930959225,0.0493043617609127,,0.099265031516552,0.0652072727680206,0.0833570137619972,4.81099971560617,80762.546875,124312.8359375,90780.5390625,151082.1875,94608.2890625,,515627.0625,,,4.37300007127372
CHE,Switzerland,1954,2012.22,68094.6015625,101005.4453125,104000.5546875,106938.15625,0.0316354222595692,355835.3125,0.584025144577026,0.0527410618960857,0.307755827903748,-0.122675441205502,0.0499719902873039,0.128181397914886,0.899754822254181,0.849491238594055,0.0400727689266205,2.44810652732849,2.96023607254028,0.0619838014245033,0.642336785793304,0.068257394209298,0.0695983916521072,0.0632361844182015,0.0844478323613853,0.0614990815520287,0.050072372792513,0.525072515010834,0.0986525043845177,0.0648494809865952,0.0842565298080444,4.86129933950135,83600.5859375,133911.28125,96387.6640625,159538.96875,100753.21875,0.0978905782103539,526824.8125,0.728282988071442,0.762241303920746,4.37300007127372
CHL,Chile,1951,2600.42,33301.8046875,36849.84765625,34750.5546875,33118.82421875,,69864.125,0.866217434406281,0.139307513833046,0.107130646705627,-0.0851853340864182,-0.0907336696982384,0.0632633864879608,,,0.0296893548220396,2.02105164527893,1.8869377374649,0.0756752267479897,0.443323403596878,0.0821744223544144,0.0807740986347199,0.0931618809700012,0.0720668651589745,0.0977518856525421,0.209433266509598,,0.1158532127738,0.194713845849037,0.202852994203568,6.57010742455453,28224.982421875,30892.205078125,34805.015625,34934.203125,33232.1796875,,85540.8203125,,,0.0000552999982260556
CHL,Chile,1952,2586.47,35993.53125,39375.70703125,38138.90234375,36109.58984375,,71312.8125,0.84687340259552,0.149912491440773,0.0936642438173294,-0.0746105089783669,-0.0735688284039497,0.0577292330563068,,,0.028221620246768,2.03831100463867,1.89483451843262,0.0953679531812668,0.443323403596878,0.0924243072160068,0.0904775261878967,0.101409614086151,0.0794799344452847,0.107108697295189,0.217750215258761,,0.140716046094894,0.199816927313805,0.258193850517273,6.70218953166488,30294.2578125,32379.365234375,37996.546875,36610.296875,35949.23828125,,87213.484375,,,0.0000599999975621537
CHL,Chile,1953,2572.59,37945.69140625,42277.38671875,38752.65625,37235.8671875,,73858.90625,0.847611486911774,0.171451389789581,0.11633126437664,-0.0677730813622475,-0.10944177210331,0.0418206937611103,,,0.0269952639937401,2.08896613121033,1.90276432037354,0.0810566917061806,0.443323403596878,0.0998238290893511,0.097939595580101,0.117588892579079,0.0886244249648911,0.122378841042519,0.28971697886745,,0.134883791208267,0.261153817176819,0.272686421871185,6.8232052486066,31684.1640625,35525.65234375,38462.66015625,39937.421875,36816.09375,,90605.6953125,,,0.0000692999954744375
CHL,Chile,1954,2558.78,39442.890625,42420.2578125,41189.39453125,39769.453125,,75223.0546875,0.840135335922241,0.151653334498405,0.0748656764626503,-0.0618938133120537,-0.0490661934018135,0.0443056896328926,,,0.0259869005531073,2.07328748703003,1.91072738170624,0.118734650313854,0.443323403596878,0.131616038776305,0.128798305988312,0.139242276549339,0.113188563650276,0.144213825464249,0.277599366549714,,0.145709022879601,0.245148047804832,0.265991985797882,6.94864371322213,33010.0703125,34265.90234375,40941.66796875,37714.0703125,39377.35546875,,92252.2265625,,,0.0000898999992212969
CHN,China,1952,2129.04,207721.65625,251762.765625,263036.15625,264003.3125,,395126.65625,0.657528221607208,0.129286378622055,0.166820287704468,-0.0060144895687699,0.045597143471241,0.0067824125289917,,,0.0417744219303131,238.530426025391,1.11706721782684,0.189863562583923,0.592194736003876,0.100338652494622,0.0997584834694862,0.10775126516819,0.0968078335322852,0.107356533408165,0.145449556710051,,0.178214892745018,0.1263507604599,0.114691205322742,576.571149812691,160563.90625,184553.65625,254861.859375,187099.921875,255708.65625,,398372.5625,,,2.46180842198822
CHN,China,1953,2121.35,215852.4375,271468.75,282232.375,283073.96875,,421584.21875,0.630208671092987,0.132321462035179,0.196472749114037,-0.0057590510696172,0.0405836813151836,0.0061724279075861,,,0.0441371127963066,244.427505493164,1.13034534454346,0.214854225516319,0.592194736003876,0.115020394162235,0.114185735583305,0.121236138045788,0.110210503126588,0.12087570130825,0.148599453051835,,0.185606852173805,0.12776206433773,0.125270411372185,586.260436584367,165820.15625,201058.921875,273109.09375,200522.296875,273797.28125,,428302.59375,,,2.46180842198822
CHN,China,1954,2110.33,214909.28125,276983.78125,289642.9375,290214.78125,,452005.09375,0.622689962387085,0.117828071117401,0.213891625404358,-0.0060010352171957,0.0441277772188187,0.0074636037461459,,,0.0466292947530746,250.164169311523,1.14378142356873,0.202338978648186,0.592194736003876,0.116440136127501,0.115523546934128,0.123774744570255,0.11067959830378,0.123530857264996,0.152341400652024,,0.177969381213188,0.129952982068062,0.136113822460175,596.831252509259,165239.59375,207186,281119.875,208047.984375,281540.9375,,462017.84375,,,2.46180842198822
COD,D.R. of the Congo,1950,,15921.9501953125,21090.984375,26711.525390625,27407.3125,,26286.62890625,0.414823114871979,0.166114926338196,0.18860051035881,-0.005719837732613,0.222017794847488,0.0141634829342365,,,0.0391750670969486,5.25812864303589,1.04419600963593,,,0.0676400210287413,0.0584397576749325,0.0641253143548966,0.0354648152062047,0.062497366219759,0.0816382805494429,,0.942792177200317,0.121341601014137,0.329548716545105,12.5449081951715,17491.458984375,15276.5673828125,28106.357421875,25365.7734375,29186.896484375,,11617.7705078125,,,1.6700000271050499e-13
COD,D.R. of the Congo,1951,,19186.291015625,26284.861328125,30979.572265625,32257.806640625,,29182.154296875,0.413833022117615,0.18094676733017,0.220057442784309,-0.0072471410967409,0.179159626364708,0.013250295072794,,,0.0364297591149807,5.35228395462036,1.04661154747009,,,0.0759264508026114,0.0630849078297615,0.0737089291214943,0.0337157500948783,0.0707881674170494,0.102423949223358,,0.973316371440888,0.156978994607925,0.384804159402847,12.7881102722885,20876.513671875,18908.388671875,32330.0625,29073.7265625,34074.10546875,,12853.2890625,,,1.6700000271050499e-13
COD,D.R. of the Congo,1952,,20289.017578125,29383.236328125,32756.46875,34637.0859375,,33313.94921875,0.408748239278793,0.17701168358326,0.2625572681427,-0.0081647597253322,0.147309005260468,0.0125385671854019,,,0.0341229289770126,5.44812297821045,1.04903268814087,,,0.0826203094666776,0.0705934017896652,0.0798418670892716,0.0428213559961892,0.0755068585276604,0.100475018844841,,1.05616676807404,0.152581617236137,0.42079296708107,13.0360656654009,21973.677734375,21456.08984375,34027.41015625,31157.734375,36429.63671875,,14539.41015625,,,1.6700000271050499e-13
COD,D.R. of the Congo,1953,,22397.484375,32764.904296875,37218.26953125,39206.23828125,,38029.796875,0.398762226104736,0.172511264681816,0.264432936906815,-0.0065572271123528,0.159632489085197,0.0112183019518852,,,0.0322505347430706,5.54567718505859,1.05145943164825,,,0.0808502494096424,0.0695153623819351,0.0737579688429833,0.0433146223333114,0.0700180381536484,0.0829235675655594,,1.08695781230927,0.123248897492886,0.385825365781784,13.2888634275446,24114.966796875,24043.4453125,38692.21484375,34333.98828125,41267.078125,,16538.173828125,,,1.6700000271050499e-13
COD,D.R. of the Congo,1954,,23852.26171875,33817.0546875,38367.7265625,40530.67578125,,42600.67578125,0.411981731653214,0.176517233252525,0.245858073234558,-0.0071012838743627,0.16170272231102,0.011041522026062,,,0.0307250078767538,5.64702892303467,1.05389177799225,,,0.0795808277562812,0.069474570453167,0.0754417255520821,0.0458871021082361,0.0714157223701477,0.0897250428352172,,1.10463428497314,0.130882441997528,0.431696772575378,13.5514790664479,25707.578125,24832.841796875,40018.62109375,35852.796875,42796.0546875,,18436.9296875,,,1.6700000271050499e-13
COL,Colombia,1950,2786.89,37977.30078125,50261.81640625,45024.46875,44851.94140625,,198681.09375,0.784818649291992,0.0619072876870632,0.273890376091003,-0.0869028270244598,-0.11372371762991,0.0800102055072784,,,0.0327303260564804,3.42831301689148,1.44564461708069,0.230329722166061,0.47197362780571,0.138081444692243,0.135791212320328,0.127382054924965,0.106757277173279,0.127872049808502,0.101385300518359,,0.0905482918024063,0.0551099292933941,0.0941957831382752,11.257437789049,42017.82421875,50032.90625,44898.11328125,49730.36328125,45118.94140625,,143208.3125,,,1.949936866485
COL,Colombia,1951,2774.03,38317.734375,50467.55078125,45443.828125,45539.35546875,,206160.171875,0.771763265132904,0.0696569532155991,0.266798198223114,-0.0925230383872986,-0.108951672911644,0.0932562649250031,,,0.0326136164367199,3.49751305580139,1.459104180336,0.235521093010902,0.47197362780571,0.129389172130107,0.1262296885252,0.116370417177677,0.0912242952653323,0.116126298904419,0.0852765143316986,,0.0971951857209206,0.0475064516067505,0.0944431275129318,11.620015796168,42467.2890625,50045.81640625,45042.55078125,50900.3203125,45796.01953125,,151784.46875,,,2.40069159007874
COL,Colombia,1952,2761.23,41168.546875,54087.09375,48637.52734375,48830.77734375,,218266.953125,0.772534608840942,0.0705514326691628,0.264557480812073,-0.082212932407856,-0.109112001955509,0.0836813524365425,,,0.0326217040419579,3.56704139709473,1.47268915176392,0.2321587651968,0.47197362780571,0.12399853387974,0.121137715876102,0.112396501004696,0.0898118708894062,0.111951686441898,0.0845401974513259,,0.102633386850357,0.0468648448586464,0.0969091951847076,11.9946637448643,45405.36328125,53455.58203125,48010.58984375,54268.15625,48860.4921875,,160910.5,,,2.5106315630252
COL,Colombia,1953,2748.49,44315.4453125,59018.421875,53301.26171875,53155.89453125,,232363.703125,0.754856288433075,0.0788319706916809,0.276601076126099,-0.0968772172927856,-0.103905811905861,0.0904937461018562,,,0.0329506285488606,3.63104104995728,1.48640060424805,0.258862912654877,0.47197362780571,0.128584150841505,0.125106811523438,0.114162884652615,0.0918095810499081,0.114475093781948,0.0811773873384133,,0.104477092623711,0.0445562563836575,0.107602328062058,12.3820114356497,48476.94140625,57912.0078125,52638.09375,58528.79296875,53073.609375,,172045,,,2.5106315630252
COL,Colombia,1954,2735.81,47751.9765625,65578.328125,58792.234375,57991.328125,0.019324004650116,252225.328125,0.748597741127014,0.0748352780938149,0.307396858930588,-0.0967139005661011,-0.107977949082851,0.0738619491457939,0.552515149116516,0.624545514583588,0.0335081219673157,3.69552993774414,1.50023972988129,0.265631377696991,0.47197362780571,0.139779761511833,0.136628836393356,0.123279929161072,0.105109204026147,0.1249825283885,0.0875218300217286,1.39858281612396,0.114141337573528,0.0478364378213882,0.136854037642479,12.7825052859462,52331.9921875,64039.71484375,58327.62890625,63028.14453125,58131.00390625,0.0520174391567707,186641.921875,0.986784994602203,0.950251758098602,2.5106315630252
CRI,Costa Rica,1950,,3554.70825195313,3836.6630859375,3531.14477539063,3576.42333984375,,6801.08349609375,0.909496903419495,0.0844313651323319,0.0788370668888092,-0.081973634660244,-0.0905873626470566,0.0997956618666649,,,0.0348468385636807,0.281385451555252,1.6008232831955,0.163110002875328,0.545093774795532,0.0894575027235405,0.0868476256728172,0.0905554667115212,0.0587339431588435,0.0894090011715889,0.137301646887772,,0.157004460692406,0.0954085886478424,0.132608905434608,0.918648536697223,4434.12451171875,4839.484375,3625.7998046875,4156.4208984375,3770.6318359375,,9982.3720703125,,,5.61499977588562
CRI,Costa Rica,1951,,3727.78100585938,4053.11572265625,3725.24658203125,3685.25390625,,6994.365234375,0.921133518218994,0.0904062539339066,0.0882801413536072,-0.106680639088154,-0.0912770852446556,0.0981378257274628,,,0.0354720987379551,0.288206338882446,1.602663397789,0.176366433501244,0.545093774795532,0.0923127287162609,0.0895747914910317,0.0928380489349365,0.0616784537398069,0.0938455387949944,0.130229372721572,,0.130460381507874,0.0938861966133118,0.144938454031944,0.948692241322874,4662.7626953125,5122.4833984375,3827.90185546875,4298.7109375,3911.91552734375,,10292.2470703125,,,5.61499977588562
CRI,Costa Rica,1952,,4343.8955078125,4772.42724609375,4368.27197265625,4202.21142578125,,7352.083984375,0.936991810798645,0.0967247784137726,0.101977691054344,-0.141903758049011,-0.0933511331677437,0.0995606258511543,,,0.0364255756139755,0.295052856206894,1.60450541973114,0.21016551554203,0.545093774795532,0.0867075752383989,0.0841357335448265,0.0871315747499466,0.059221777186757,0.0905747786164284,0.117499515690116,,0.101688899099827,0.0846184492111206,0.145692646503449,0.981519514277519,5400.701171875,6023.017578125,4466.49755859375,4836.4033203125,4427.39892578125,,10806.912109375,,,5.61399984836402
CRI,Costa Rica,1953,,5332.98681640625,5792.494140625,5330.0654296875,5079.27392578125,,7731.37646484375,0.965452611446381,0.0844980329275131,0.0904671251773834,-0.131834551692009,-0.0909094288945198,0.082326203584671,,,0.0375837422907352,0.302077949047089,1.60634970664978,0.208324372768402,0.545093774795532,0.0787231934601218,0.0771079733967781,0.0812867283821106,0.0586529306862281,0.0853002965450287,0.129784835267051,,0.0983776748180389,0.0918523296713829,0.161839619278908,1.0160368604836,6622.384765625,7279.7265625,5430.50634765625,5680.8486328125,5299.306640625,,11373.0283203125,,,5.61599970340722
CRI,Costa Rica,1954,,5684.20263671875,6113.4970703125,5621.91845703125,5294.45458984375,0.0007041393546387,8053.0048828125,0.97300386428833,0.100610502064228,0.081083782017231,-0.135428220033646,-0.0909064561128616,0.0716365054249764,0.872644186019898,1.00722932815552,0.0384208112955093,0.309121131896973,1.60819602012634,0.192772522568703,0.545093774795532,0.0814683705590482,0.0794357061386108,0.0841579437255859,0.0597778465626734,0.0893631502985954,0.146684153296011,2.15854096412659,0.0986776798963547,0.102378599345684,0.190874055027962,1.05300923387317,7039.64599609375,7628.13916015625,5738.4306640625,5906.3447265625,5528.390625,0.0219345483928919,11848.083984375,0.90510106086731,1.17547571659088,5.61499977588562
CYP,Cyprus,1950,,1054.87390136719,1889.64624023438,1630.38415527344,1698.98071289063,,14759.689453125,0.469735443592072,0.15115088224411,0.49133712053299,-0.163188442587852,-0.0559195652604103,0.106884568929672,,,0.0302026979625225,0.13063745200634,1.52330470085144,0.113630533218384,0.514874160289764,0.142891859591077,0.116268441081047,0.0806652382016182,0.0335301645965638,0.0774083659052849,0.0356746568432308,,0.103784166276455,0.0271710380911827,0.0837877467274666,0.520400772353124,1062.17138671875,1862.52062988281,1607.46984863281,1491.75463867188,1754.21618652344,,20380.66796875,,,0.610215083450244
CYP,Cyprus,1951,,1121.51306152344,2086.31713867188,1758.14624023438,1795.97216796875,,15180.845703125,0.490231662988663,0.134228482842445,0.537204384803772,-0.202070653438568,-0.0562751032412052,0.0966812670230866,,,0.0310418847948313,0.132038533687592,1.5485223531723,0.130721926689148,0.514874160289764,0.165267283191847,0.137839749455452,0.0907843858003616,0.0376684128344244,0.0888723134994507,0.0360860167790204,,0.118931628763676,0.0285986755043268,0.128724217414856,0.528828301116535,1164.52819824219,2049.15063476563,1702.19177246094,1513.89294433594,1847.42956542969,,21077.1953125,,,0.610215083450244
CYP,Cyprus,1952,,1242.35766601563,2298.14038085938,2005.42651367188,2015.59033203125,,15715.259765625,0.479122042655945,0.137252017855644,0.523808240890503,-0.173587709665298,-0.0496033243834972,0.0830087438225746,,,0.031820572912693,0.132902354001999,1.57415747642517,0.136421874165535,0.514874160289764,0.169198589261433,0.14016330242157,0.0938626006245613,0.0388063593180467,0.0933892801403999,0.0393797777588817,,0.116177476942539,0.0312547199428082,0.134542629122734,0.535149002630421,1274.92163085938,2243.21875,1933.76257324219,1672.75378417969,2050.46850585938,,21852.341796875,,,0.610385612343302
CYP,Cyprus,1953,,1362.86254882813,2612.01635742188,2258.0390625,2269.46411132813,,16401.048828125,0.468524813652039,0.131996959447861,0.550417959690094,-0.163429901003838,-0.0592674240469933,0.0717575550079346,,,0.0327269807457924,0.133997932076454,1.60021710395813,0.159646824002266,0.514874160289764,0.170261805993851,0.141534000635147,0.0914647653698921,0.0395643265053181,0.0910043120384216,0.0368377921158807,,0.111873738467693,0.028836453333497,0.131149679422379,0.542523070676503,1395.27099609375,2500.80029296875,2190.11303710938,1847.04565429688,2301.9990234375,,22900.865234375,,,0.610215083450244
CYP,Cyprus,1954,,1167.49926757813,2877.236328125,2492.32763671875,2501.65942382813,0.0014345544623211,17559.681640625,0.365406930446625,0.101282976567745,0.683441162109375,-0.16007824242115,-0.0657372400164604,0.0756844133138657,0.530162274837494,0.609507560729981,0.0344634205102921,0.135335817933083,1.62670803070068,0.134602949023247,0.514874160289764,0.188422246471233,0.157406151294708,0.0883132293820381,0.0455068511405983,0.0879837945103645,0.0411329075949276,0.525636613368988,0.120276659727097,0.0318891331553459,0.151279434561729,0.550950630834959,1199.36022949219,2403.4814453125,2438.0693359375,1888.87585449219,2556.4326171875,0.0990021154284477,24626.51171875,0.384743392467499,0.396009713411331,0.610215083450244
DEU,Germany,1950,2427.4,274516.75,414772.65625,383493.65625,393881.1875,,1592160.375,0.553678154945374,0.14327497780323,0.356086850166321,-0.0912332087755203,-0.0453290976583958,0.0835222601890564,,,0.0320688933134079,30.7108097076416,2.42699718475342,0.0937118977308273,0.690643131732941,0.086875070747242,0.0846211463212967,0.0751675590872765,0.0759109734014444,0.0731852203607559,0.0566644633228027,,0.0755752101540566,0.0414427183568478,0.0508027784526348,68.4075791471299,417567.6875,590393.1875,391458.8125,573505.0625,402455.34375,,1533460.875,,,2.14486070374006
DEU,Germany,1951,2401.56,294528.25,448215.46875,425910.8125,439840.59375,,1700267.5,0.526575684547424,0.143049240112305,0.349415749311447,-0.0845406949520111,-0.0359653607010841,0.101465366780758,,,0.0323934741318226,31.2887859344482,2.46930408477783,0.094060130417347,0.690643131732941,0.0960213572661736,0.093861997127533,0.0830865576863289,0.0859132365639805,0.0804552063345909,0.0624363635789954,,0.0944336354732513,0.0473510250449181,0.0656746551394463,68.7457352509051,448036.15625,631313.1875,429526.03125,629154.75,445304.28125,,1640982.375,,,2.14486070374006
DEU,Germany,1952,2376.01,319461.59375,495320.875,472814.75,483072.28125,,1832072.625,0.512934029102325,0.148378148674965,0.364043444395065,-0.0852103158831596,-0.0360739752650261,0.0959286913275719,,,0.0326518975198269,31.8737907409668,2.51234817504883,0.0976036339998245,0.690643131732941,0.0995507476067903,0.0972772315144539,0.0855800956487656,0.089417829768571,0.0837628915905953,0.0643313725962227,,0.0965581163764,0.0487722754478455,0.0757048800587654,69.1189075192724,482391.5,690666.5625,474732.5,687880.0625,486226.90625,,1767725.375,,,2.14486070374006
DEU,Germany,1953,2350.72,353872.21875,531966.1875,515740,524829.4375,,1960159.875,0.530229806900024,0.144031569361687,0.339336812496185,-0.0869966596364975,-0.0294653382152319,0.102863788604736,,,0.0328563936054707,32.6815452575684,2.55614304542542,0.101177632808685,0.690643131732941,0.0967502486307993,0.0944194942712784,0.0841719657182694,0.0858391775732748,0.082714207470417,0.0638101423021386,,0.0906019285321236,0.0475930161774159,0.0750207826495171,69.5150904100859,531723.875,748174.25,518956.90625,749155.25,528404.375,,1894398.25,,,2.14742575470433
DEU,Germany,1954,2325.7,374601.96875,574613.3125,555934.6875,566736.625,0.167720898985863,2113198.5,0.520914137363434,0.140066519379616,0.352917581796646,-0.100726939737797,-0.0298489611595869,0.116677679121494,0.502675175666809,0.509453475475311,0.0329946950078011,33.676815032959,2.58732581138611,0.0997851043939591,0.690643131732941,0.096274138145763,0.0939048677682877,0.0838082581758499,0.085093442957988,0.0822108760476112,0.0648982728376859,0.606876730918884,0.0894282385706902,0.047753743827343,0.0745607390999794,69.9302820759636,562974.75,807397.625,562100.3125,807354.8125,573835.4375,0.073059193789959,2043172.875,0.396486192941666,0.42156332731247,2.14742575470433
DNK,Denmark,1950,2049.51,39023.140625,49266.1640625,47904.76171875,48518.9375,,179525.140625,0.6778284907341,0.126458331942558,0.211113885045052,-0.209416568279266,0.0344280153512955,0.1595878303051,,,0.0339659042656422,1.97277426719666,2.84217619895935,0.0745483189821243,0.632706940174103,0.0686085733255363,0.0674325749278069,0.0694563537836075,0.0611291077406342,0.0685771480202675,0.0771664100343211,,0.0838985741138458,0.0597588457167149,0.0830883458256722,4.27092262050725,48131.3671875,61149.78515625,49856.91015625,63289.79296875,50500.9765625,,249153.03125,,,6.90513992908016
DNK,Denmark,1951,2035.06,38318.5390625,46504.04296875,46303.98046875,47352.5703125,,181471.015625,0.665744066238403,0.143473610281944,0.172862946987152,-0.226115942001343,0.0449097529053688,0.199125528335571,,,0.0337164029479027,1.99573385715485,2.76105546951294,0.0633686110377312,0.632706940174103,0.0758690225002269,0.074051596224308,0.0764402225613594,0.0656184054851159,0.0747475102543831,0.0876220149714296,,0.0942921414971352,0.0703820064663887,0.088592916727066,4.30354198337267,47239.5,56982.17578125,47930.6796875,62228.32421875,49637.671875,,252424.796875,,,6.90513992908016
DNK,Denmark,1952,2020.71,39436.6328125,47621.984375,48296.30078125,48843.5546875,,183543.609375,0.658277094364166,0.149130001664162,0.167583018541336,-0.202648594975472,0.045988392084837,0.18167008459568,,,0.0332147441804409,1.97693419456482,2.68225002288818,0.0632384717464447,0.632706940174103,0.0767155131441871,0.0753083303570747,0.0784131810069084,0.0690968455664473,0.0775346159934998,0.09337224333534,,0.0986781418323517,0.0751415267586708,0.096404641866684,4.33392168263565,48293.84375,57993.171875,49746.82421875,63613.11328125,50703.8046875,,255796.171875,,,6.90613985660177
DNK,Denmark,1953,2006.45,41243.01171875,51233.4921875,51786.80859375,52332.19921875,,187919.5,0.63659018278122,0.151509881019592,0.190905019640923,-0.200926840305328,0.0433467142283917,0.178574979305267,,,0.0329313650727272,2.02078342437744,2.60569381713867,0.0731821358203888,0.632706940174103,0.0772009303729092,0.0756793096661568,0.0786644294857979,0.0692860164046806,0.077844612300396,0.0909877043607645,,0.0969981774687767,0.0720578655600548,0.0949010774493218,4.36920079503786,50169.90625,62612.33984375,53256.72265625,67563.21875,53878.8359375,,262392.25,,,6.90613985660177
DNK,Denmark,1954,1992.3,43810.828125,54208.89453125,53563.33984375,53954.09375,0.0151557764038444,193035.84375,0.657341718673706,0.15466021001339,0.192720592021942,-0.229155883193016,0.0402267351746559,0.184206590056419,0.749678909778595,0.752911686897278,0.0328434631228447,2.03840303421021,2.51753044128418,0.0765327364206314,0.632706940174103,0.0780179811022603,0.0768967717885971,0.0796929001808167,0.072131384130804,0.079115740954876,0.0914740067189516,0.730531871318817,0.0947627797722817,0.0714888572692871,0.0954328700900078,4.4059204064273,53306.89453125,66427.734375,55232.234375,70955.1171875,55690.4453125,0.093739777803421,269721.25,0.562359273433685,0.541182100772858,6.90713978412339
DOM,Dominican Republic,1951,,4820.49755859375,5448.6513671875,6462.9873046875,6720.89990234375,,11398.0009765625,0.608904600143433,0.108335338532925,0.0934627577662468,-0.37968111038208,0.0548885464668274,0.514089941978455,,,0.0340673737227917,0.578575253486633,1.37953042984009,0.24836328625679,0.613713562488556,0.097830026628463,0.092319518327713,0.0947685018181801,0.0613474168682245,0.091131791472435,0.113562194310279,,0.0262189451605082,0.0695344135165215,0.0374554321169853,2.40629049997472,6053.5478515625,6958.72802734375,6583.83935546875,6690.27587890625,6658.0634765625,,31227.015625,,,1
DOM,Dominican Republic,1952,,4633.26220703125,5771.142578125,6142.2041015625,7032.755859375,,14998.05078125,0.540804922580719,0.118006817996502,0.161797240376472,-0.353211581707001,-0.009763996116817,0.542366564273834,,,0.0362446829676628,0.592031240463257,1.37971448898315,0.142616271972656,0.613713562488556,0.106408858630596,0.0986985191702843,0.103259399533272,0.0633633766821905,0.09018374979496,0.121830572979853,,0.0325773358345032,0.0934806764125824,0.0328844115138054,2.47812813744173,5721.380859375,7404.85888671875,6229.80419921875,7157.47998046875,6968.34375,,33359.7578125,,,1
DOM,Dominican Republic,1953,,4676.50341796875,5626.60546875,6002.6474609375,7088.1279296875,,15526.9482421875,0.551743984222412,0.108021713793278,0.134041339159012,-0.313839852809906,-0.0024041177239269,0.522436916828156,,,0.0393540449440479,0.606534600257874,1.37989842891693,0.128680005669594,0.613713562488556,0.106822592061946,0.100034855306149,0.10480971634388,0.0653650351549333,0.0887590944766998,0.128312097048832,,0.0335134044289589,0.097346730530262,0.0311839077621698,2.5552896373772,5781.2783203125,7203.8359375,6079.52294921875,7189.57470703125,7012.23681640625,,34506.72265625,,,1
DOM,Dominican Republic,1954,,5001.572265625,5872.42919921875,6630.15869140625,7760.04833984375,,15604.8017578125,0.549702405929565,0.0948260426521301,0.112223103642464,-0.285470008850098,0.0304964371025562,0.49822199344635,,,0.0409815087914467,0.621882379055023,1.38008236885071,0.141075968742371,0.613713562488556,0.10252623596409,0.0969817489385605,0.102196872234344,0.0648405930672659,0.0873166546225548,0.132148792750194,,0.0327908173203468,0.095267690718174,0.0334729477763176,2.63706164157787,6228.21923828125,7535.83447265625,6729.8662109375,7743.30615234375,7699.67822265625,,35486.5078125,,,1
ECU,Ecuador,1950,,8889.46484375,19286.8203125,20370.142578125,19922.205078125,,28444.1171875,0.360822319984436,0.0853865742683411,0.521897792816162,-0.0241148807108402,0.0167805850505829,0.0392275713384151,,,0.0328164100646973,1.07657885551453,1.50268161296844,0.437308132648468,0.487320452928543,0.0610941198694946,0.0548415780067444,0.0283609591424465,0.0284199001922858,0.0289986375719309,0.0057207257422428,,0.0656529068946838,0.0213607624173164,0.0672690123319626,3.49217601114538,13588.763671875,18224.298828125,20665.07421875,12823.142578125,20851.755859375,,114154.578125,,,1
ECU,Ecuador,1951,,9387.2216796875,22618.7109375,22570.91015625,22370.69921875,,29617.76953125,0.34231498837471,0.07730633020401,0.591465175151825,-0.0293077677488327,-0.0126681141555309,0.0308893732726574,,,0.0325951464474201,1.09703326225281,1.51523077487946,0.442698359489441,0.487320452928543,0.0648104857647414,0.0582957826554775,0.0274544972926378,0.0294484712227254,0.0277002062648535,0.00557381633777,,0.0609426982700825,0.0217204298824072,0.0672832876443863,3.58393971501072,14459.861328125,19714.08203125,22480.7890625,13082.7109375,23008.427734375,,119933.015625,,,1
ECU,Ecuador,1952,,10294.037109375,22143.25,23147.392578125,22658.994140625,,30757.482421875,0.372903496026993,0.0813989639282227,0.522936403751373,-0.0271125603467226,0.0100219203159213,0.0398517660796642,,,0.03238170966506,1.11774861812592,1.52788460254669,0.496921330690384,0.487320452928543,0.0656703974509057,0.0591955035924912,0.0304649323225021,0.0295328326505969,0.0311215780675411,0.0055051663661982,,0.0668652057647705,0.0214064288884401,0.0715414881706238,3.67789910898264,15826.890625,21117.955078125,22995.59765625,14596.5068359375,23240.291015625,,124285.359375,,,1
ECU,Ecuador,1953,,10743.9228515625,26226.9375,26515.55078125,26182.869140625,,32349.306640625,0.332679688930512,0.0776619985699654,0.591341435909271,-0.0266988892108202,-0.0071973945014178,0.0322131887078285,,,0.0323533751070499,1.13885593414307,1.54064416885376,0.445996850728989,0.487320452928543,0.0668224169679682,0.0598362199962139,0.0281623527407646,0.029909536187649,0.0285201855003834,0.0061833263179592,,0.0735646933317184,0.0237499438226223,0.0769809186458588,3.77515203352936,16330.31640625,22420.830078125,26534.251953125,15103.1826171875,27050.33203125,,131473.9375,,,1
ECU,Ecuador,1954,,11529.4755859375,31024.06640625,31015.9765625,30672.60546875,0.0027513557579368,34600.07421875,0.3065145611763,0.0693738088011742,0.635570049285889,-0.0289829969406128,-0.0161252543330193,0.0336498245596886,1.52361214160919,1.5404417514801,0.0329602062702179,1.16035461425781,1.55351030826569,0.468594491481781,0.487320452928543,0.0685933257570738,0.0615481026470661,0.026742797344923,0.0304201714782622,0.0270421728491783,0.0061582666473151,1.09146249294281,0.0768146961927414,0.0234805233776569,0.0789106413722038,3.8763713286055,17587.099609375,24716.41015625,31301.55078125,16535.994140625,31951.34765625,0.0832578539848328,141560.015625,0.729880750179291,1.11410915851593,1
EGY,Egypt,1950,,19738.353515625,19980.84765625,20464.83984375,20440.734375,,4898.56640625,0.799299836158752,0.16633839905262,0.0118632381781936,-0.148996442556381,0.0940186157822609,0.0774763226509094,,,0.0416682213544846,5.60756492614746,1.07840383052826,0.511491239070892,0.392437189817429,0.13996243396271,0.133781090378761,0.145388066768646,0.104078072297894,0.145559519529343,1.09016799997923,,0.149762570858002,0.667426526546478,0.15580578148365,21.8606097252469,58059.5859375,54342.046875,22213.310546875,56836.484375,22808.365234375,,52486.9140625,,,0.348140668512396
EGY,Egypt,1951,,20838.845703125,21111.65234375,21169.912109375,21030.912109375,,5013.08642578125,0.809186220169067,0.181681230664253,0.0129717346280813,-0.136504784226418,0.0781366899609566,0.0545289255678654,,,0.0435217842459679,5.71014833450317,1.08039975166321,0.452578783035278,0.392437189817429,0.141765625608008,0.134634867310524,0.14850777387619,0.102875314635614,0.149489313364029,1.20821312844622,,0.164248734712601,0.768614232540131,0.204506620764732,22.3832094757567,61250.57421875,57497.19921875,22998.482421875,58044.5703125,23780.876953125,,53933.19921875,,,0.348242026214203
EGY,Egypt,1952,,19133.39453125,19448.166015625,19486.951171875,20024.080078125,,5177.68017578125,0.759002268314362,0.196516945958138,0.0157196652144194,-0.105246409773827,0.0702759027481079,0.0637316182255745,,,0.0454007983207703,5.8144268989563,1.08239936828613,0.435812592506409,0.392437189817429,0.14271888759502,0.134384796023369,0.150379344820976,0.102196268809729,0.146345540881157,1.1226071628735,,0.188500836491585,0.715113639831543,0.15448759496212,22.9183016270716,55555.265625,53588.703125,21042.197265625,61966.19140625,22395.234375,,55783.69921875,,,0.348242026214203
EGY,Egypt,1953,,18405.9140625,18769.7734375,19558.3203125,19990.861328125,,5383.18115234375,0.728429317474365,0.19228707253933,0.0182013176381588,-0.0877818688750267,0.0825279355049133,0.0663361698389053,,,0.0474857725203037,5.92041969299316,1.08440256118774,0.470315992832184,0.392437189817429,0.149433825213134,0.140409260988235,0.158576384186745,0.10622203139719,0.155145287513733,1.07756315752427,,0.188048034906387,0.67642092704773,0.150121480226517,23.4661871298014,53083.6015625,52571.609375,21000.96875,64992.078125,22156.59375,,58186.76953125,,,0.348140668512396
EGY,Egypt,1954,,20279.6015625,20660.82421875,20851.205078125,21052.50390625,0.0004165596910752,5598.6669921875,0.770096063613892,0.193190857768059,0.0181082058697939,-0.111750692129135,0.0695496052503586,0.0608059987425804,1.35556292533875,1.3297997713089,0.0495428256690502,6.02817010879517,1.08640956878662,0.454386860132217,0.392437189817429,0.147291503126926,0.138631656765938,0.157063499093056,0.104111841475736,0.155561700463295,1.13756655212315,33.7316589355469,0.171109318733215,0.705946743488312,0.159896537661552,24.0271708685509,58652.25,57785.12109375,22392.900390625,63238.765625,23314.9296875,0.0189977139234543,60663.94140625,0.963867783546448,0.882848918437958,0.348140668512396
ESP,Spain,1950,2205.05,104308.15625,122070.0390625,120661.8046875,119793.046875,,372216.84375,0.781665086746216,0.0890712216496468,0.148271396756172,-0.0422249473631382,0.0053555564954876,0.0178616922348738,,,0.0268262457102537,11.619631767273,1.8716995716095,0.10617621243,0.666634202003479,0.0534708600616517,0.0544936470687389,0.0569690354168415,0.0634693477347126,0.0573821775615215,0.0715059688653449,,0.0515162497758865,0.0417153164744377,0.0670851618051529,28.0101476903608,129796.3828125,161784.234375,119818.046875,161642.65625,120596.3046875,,725069.875,,,0.239142713652822
ESP,Spain,1951,2200.88,120013.515625,141779.25,141205.09375,141064.84375,,387096.75,0.760177373886108,0.0905910506844521,0.154295951128006,-0.0297477804124355,0.0063350237905979,0.0183483995497227,,,0.0272811185568571,11.6582279205322,1.87107384204865,0.119549058377743,0.666634202003479,0.0582069843842575,0.0591964423656464,0.0614733807742596,0.0674992993880499,0.0615344941616058,0.0740280948227897,,0.0657014325261116,0.0461643263697624,0.0716380551457405,28.2447517089075,149858.734375,187658.3125,139872.078125,188845.8125,142073.78125,,758898.5,,,0.238241193409182
ESP,Spain,1952,2196.82,129713.3984375,150238.21875,148096.53125,148829.015625,,401238,0.780059576034546,0.0915003195405006,0.137908682227135,-0.0322227440774441,0.0056833699345588,0.0170708391815424,,,0.0278478376567364,11.7046089172363,1.87044835090637,0.11933396756649,0.666634202003479,0.057939023522251,0.0587027221918106,0.0606527142226696,0.0652134107462185,0.0603541918098927,0.0729763377146932,,0.0776174888014793,0.0459225401282311,0.0752877071499825,28.4961373622851,161083.5,197159.71875,146051.171875,197923.484375,149063.96875,,785795.75,,,0.238301349396349
ESP,Spain,1953,2192.87,123147.0078125,144857.6875,142850.671875,143802.4375,,416469.15625,0.764318943023682,0.0920435562729836,0.150975778698921,-0.0326947495341301,0.008602044545114,0.0167543962597847,,,0.0284580886363983,11.7787504196167,1.86982309818268,0.102348275482655,0.666634202003479,0.0580187016761749,0.058833658695221,0.0613732449710369,0.0656009809135455,0.0609670430421829,0.0757782316110326,,0.0897162333130837,0.0483125448226929,0.0926462709903717,28.7499179443772,152142,190529.765625,140586.546875,191013.515625,143498.734375,,814487.875,,,0.238241193409182
ESP,Spain,1954,2209.89,136360.875,163778.921875,160992.84375,161960.890625,0.0333325453102589,438947.40625,0.748205065727234,0.0937320068478584,0.169288113713264,-0.0301654227077961,0.0041147973388433,0.0148254474624991,0.63930356502533,0.646216094493866,0.0291222147643566,11.8659267425537,1.86919808387756,0.102079696953297,0.666634202003479,0.0601364933695988,0.0601778328418732,0.0645248889923096,0.0605078324771552,0.064139224588871,0.0861445384491561,0.733675062656403,0.0903205797076225,0.053861640393734,0.0911046862602234,29.0057203184363,168596.625,217452.1875,158872.875,217391.09375,162023.625,0.0437347069382668,857941.25,0.504120349884033,0.495796203613281,0.234094215189601
ETH,Ethiopia,1950,,8193.3984375,8278.32421875,8451.142578125,8610.447265625,,5553.20703125,0.831959545612335,0.119605280458927,0.0098630534484982,-0.0221504084765911,0.0256019253283739,0.0351206138730049,,,0.039725910872221,7.82768821716309,,,,0.111994611438559,0.102151967585087,0.102745540440083,0.0336877722876984,0.100844614207745,0.160011857398067,,0.119506537914276,0.152469232678413,0.0605767667293549,19.0885085818235,12789.935546875,10506.09375,8645.08203125,11592.5244140625,9060.06640625,,14492.0302734375,,,2.49448800236644
ETH,Ethiopia,1951,,9279.72265625,9420.2373046875,9637.2587890625,9761.216796875,,5445.41259765625,0.828552484512329,0.122120201587677,0.0143952136859298,-0.0308430753648281,0.0250811036676168,0.0406940840184689,,,0.0379542112350464,7.94254159927368,,,,0.112125559689036,0.101224854588509,0.102184064686298,0.0272665476211201,0.100886419415474,0.165530727491653,,0.0871249213814735,0.164339572191238,0.0596823766827583,19.4072206373683,14523.333984375,12010.892578125,9878.94921875,13258.486328125,10304.14453125,,14306.6328125,,,2.48446989208516
ETH,Ethiopia,1952,,9656.3193359375,9821.3505859375,10081.443359375,10116.654296875,,5371.62255859375,0.831035494804382,0.123461820185184,0.0163128077983856,-0.0289983917027712,0.0238673966377974,0.0343208611011505,,,0.0365361273288727,8.06177616119385,,,,0.107429720436562,0.0976547673344612,0.0990007147192955,0.0318584454194695,0.098656140267849,0.177755061592982,,0.105946570634842,0.177716195583344,0.0950694605708122,19.7379373620795,15036.4951171875,12477.7802734375,10280.830078125,13713.576171875,10624.71484375,,14212.400390625,,,2.49448800236644
ETH,Ethiopia,1953,,10297.1396484375,10602.80859375,10802.3720703125,10886.6044921875,,5462.1572265625,0.826540529727936,0.119313605129719,0.0280775222927332,-0.0441539287567139,0.0200533680617809,0.050168938934803,,,0.0356320925056934,8.18554019927979,,,,0.103178484882203,0.0945105627179146,0.0955047309398651,0.034463885997994,0.0947657749056816,0.128995242659501,,0.0949512273073196,0.127225503325462,0.0805837586522102,20.0810900722427,15994.3876953125,13541.9072265625,10962.1640625,15026.15234375,11368.333984375,,14514.0859375,,,2.49448800236644
ETH,Ethiopia,1954,,10528.1435546875,10943.76171875,10851.14453125,10962.4013671875,,5683.40625,0.834138810634613,0.126247823238373,0.0379130207002163,-0.0492189042270184,0.0109863728284836,0.0399328880012035,,,0.0353528633713722,8.31399726867676,,,,0.105819307348436,0.0968499705195427,0.0981983095407486,0.0375881543629399,0.0972016975283623,0.132353684671214,,0.10108494758606,0.128844723105431,0.0770731121301651,20.4371281308499,16306.9736328125,13994.5947265625,11021.244140625,15367.8515625,11454.1376953125,,15115.4462890625,,,2.48446989208516
FIN,Finland,1950,1991.22,19680.748046875,28144.47265625,28220.341796875,28534.7265625,,111452.484375,0.559957921504974,0.129754275083542,0.296611398458481,-0.137088909745216,-0.0182411074638367,0.169006481766701,,,0.0299558658152819,2.1858491897583,2.11924743652344,0.113578781485558,0.640154242515564,0.101628755805342,0.0963765904307365,0.0892489776015282,0.073710736656811,0.0882656648755074,0.0726751112495296,,0.0688111111521721,0.0508936457335949,0.0667465552687645,4.00889839907523,28007.5390625,37621.65625,28791.67578125,35580.78125,29556.458984375,,129762.453125,,,0.3885636354172
FIN,Finland,1951,1991.8,20860.337890625,32232.23828125,33925.44921875,32285.2421875,,119545.09375,0.530073761940002,0.116052344441414,0.352232158184052,-0.178783193230629,-0.0075362981297075,0.187961205840111,,,0.0297971405088902,2.18731904029846,2.12714982032776,0.140257552266121,0.640154242515564,0.129895115571072,0.123440593481064,0.108255244791508,0.0939592989772382,0.113754995167255,0.0803995982196677,,0.0818588808178902,0.0587148182094097,0.112628385424614,4.04729807850488,29826.98828125,42129.87109375,34263.08203125,38559.09375,33240.1640625,,140293.109375,,,0.386714192685116
FIN,Finland,1952,1992.39,22247.267578125,35104.44140625,34437.8046875,33286.01953125,,129357.4296875,0.54814887046814,0.120217844843864,0.386263519525528,-0.188552603125572,-0.0306150037795305,0.164537325501442,,,0.0301763601601124,2.19099903106689,2.13508152961731,0.127172499895096,0.640154242515564,0.133842253606678,0.127498492598534,0.111053004860878,0.0985732577829433,0.114895731210709,0.0825967447259785,,0.0869280993938446,0.0605015493929386,0.107476703822613,4.09049807549094,31633.166015625,45451.4921875,34649.57421875,40515.0078125,33993.62109375,,152292.15625,,,0.386882307586765
FIN,Finland,1953,1992.98,22357.392578125,32822.53125,33142.33203125,33139.3984375,,135858.21875,0.542995989322662,0.13165095448494,0.315791398286819,-0.136599540710449,-0.01482236944139,0.160983577370644,,,0.0303963404148817,2.19727897644043,2.14304304122925,0.115845158696175,0.640154242515564,0.134751086976545,0.127735927700996,0.11391893029213,0.0988018069753261,0.113929025828838,0.0844007518890164,,0.0833449959754944,0.0609877333045006,0.0880395621061325,4.13939818135447,31475.171875,43171.3046875,33419.7890625,40362.74609375,33777.1484375,,160645.15625,,,0.386882307586765
FIN,Finland,1954,1993.56,23637.966796875,36587.8984375,36880.3828125,36463.44921875,0.0118824671953917,145402.375,0.527951002120972,0.120313689112663,0.355148255825043,-0.152412712574005,-0.0169341303408146,0.165933907032013,0.586656272411346,0.588418483734131,0.0304001495242119,2.20235896110535,2.151034116745,0.115923270583153,0.640154242515564,0.134025360406963,0.127444952726364,0.113594651222229,0.0985692957715623,0.114893518388271,0.0883132208024351,0.895942986011505,0.080586738884449,0.0630925297737122,0.0912365838885307,4.1868982939384,33376.875,47790.01953125,37362.4296875,43652.73828125,37374.48828125,0.0824275389313698,172373.078125,0.476314216852188,0.497292131185532,0.386882307586765
FRA,France,1950,2350.96,254261.328125,334347.6875,345672.6875,344243.375,,1700799,0.592612147331238,0.145997062325478,0.232644572854042,-0.101275354623795,0.027885377407074,0.102136194705963,,,0.0255272891372442,19.5722675323486,2.18359756469727,0.0563751384615898,0.695767462253571,0.0832606568369595,0.0840616747736931,0.0829709246754646,0.0873130479374241,0.0833154246211052,0.0795079930024272,,0.0903898105025291,0.0532865300774574,0.0936061441898346,42.5903941539223,323219.25,422917.0625,358704.78125,422853.84375,358109.0625,,2590043.75,,,0.533426689082003
FRA,France,1951,2360.52,272184.8125,358903.15625,364032.59375,363733.09375,,1726936.625,0.59863156080246,0.149677589535713,0.238411992788315,-0.127991542220116,0.0245051495730877,0.116765253245831,,,0.0254466012120247,19.7065715789795,2.19197201728821,0.0522062554955483,0.693430006504059,0.0983016255052139,0.0990331918001175,0.0992700606584549,0.10195906054878,0.0993517935276032,0.100013522798527,,0.10248488932848,0.0685994029045105,0.103476859629154,42.9351446594794,346255.65625,450534.0625,374942.90625,446345.71875,377359.15625,,2654590,,,0.533579098154996
FRA,France,1952,2338.83,286845.25,373915.21875,377932.21875,376739.75,,1783459.75,0.604691743850708,0.156696617603302,0.231114357709885,-0.119310393929482,0.0225675459951162,0.104240171611309,,,0.0253475178033113,19.7865791320801,2.20037865638733,0.0467443466186523,0.711373388767242,0.109184246212575,0.110845819115639,0.111359313130379,0.117257827796806,0.111711777746677,0.11305098038263,,0.110802471637726,0.0792633593082428,0.114026993513107,43.2574149253536,362703.90625,467165.84375,387427.625,460802.28125,387785.71875,,2716462.75,,,0.533579098154996
FRA,France,1953,2313.31,302641.25,388587.03125,396398,393587.71875,,1821493.75,0.611656904220581,0.157272696495056,0.218364998698235,-0.105826705694199,0.0246767681092024,0.0938553735613823,,,0.0252345893532038,19.7126636505127,2.20881748199463,0.0550217591226101,0.704870104789734,0.107986985219547,0.110301360487938,0.110149554908276,0.119302319641498,0.110936045646667,0.109615009464304,,0.110124640166759,0.0753660574555397,0.118294447660446,43.56940610832,380246,485056.90625,406084.28125,477065.90625,403316,,2778104,,,0.533579098154996
FRA,France,1954,2316.43,311394.59375,407280.25,416972.34375,414146.53125,0.139283671975136,1879554.5,0.601567387580872,0.150327399373055,0.231525897979736,-0.103185378015041,0.0246037375181913,0.0951610058546066,0.612044930458069,0.601651608943939,0.0251297987997532,19.7525272369385,2.21728873252869,0.0596794933080673,0.708994388580322,0.109886037551787,0.112135902047157,0.111154191195965,0.121139203096161,0.111912615597248,0.107966013156337,0.683835387229919,0.110530823469162,0.0733064934611321,0.118252113461494,43.8965102180152,390986.09375,509565.25,428467.78125,504171.875,425794.375,0.0853735655546188,2861011.5,0.404649674892426,0.396763771772385,0.533579098154996
GBR,United Kingdom,1950,2022.62,513005.84375,596344.75,537520.4375,552285.5625,,1371291.25,0.757900476455689,0.170977398753166,0.15089824795723,-0.147507518529892,-0.0851817429065704,0.152913138270378,,,0.0272546745836735,23.2600975036621,2.43450427055359,0.188849315047264,0.618611693382263,0.0742592059827793,0.0727136135101318,0.0718471482396126,0.0658624046993314,0.0699263513088226,0.066513496592228,,0.0812248885631561,0.0464090183377266,0.0672619640827179,50.1556530972022,549597.5625,633622,557527.875,686435.5,582727.75,,1797670.375,,,0.357371402609925
GBR,United Kingdom,1951,2030.69,515849.34375,634314.125,548185.125,569086.125,,1463261.25,0.72360110282898,0.182851046323776,0.20816670358181,-0.172725990414619,-0.101506426930428,0.159613534808159,,,0.0290365498512983,23.6061477661133,2.44469380378723,0.155704110860825,0.618611693382263,0.0813864934591159,0.0791406854987145,0.0787747576832771,0.0702532773846789,0.0758815780282021,0.0771813547000925,,0.094843752682209,0.0557122007012367,0.0761977732181549,50.3187482885271,552192.4375,668173.5,565491.3125,715732.6875,601312.625,,1919560.375,,,0.357271356210102
GBR,United Kingdom,1952,2001.24,522643.28125,621362.0625,558459.875,572957.6875,,1521759.75,0.709999144077301,0.202185615897179,0.172296822071075,-0.148441135883331,-0.0841947793960571,0.148154258728027,,,0.0304058939218521,23.5931396484375,2.45492601394653,0.152015626430511,0.618611693382263,0.0864636662139428,0.0839741677045822,0.0835157036781311,0.0752319976083624,0.0814024657011032,0.0810884512565035,,0.09944137185812,0.0585027039051056,0.0840075463056564,50.4588277063044,554544.125,650278.875,572660.0625,721338,599530.8125,,1995394.125,,,0.357271356210102
GBR,United Kingdom,1953,2004.87,549075.8125,659308.3125,592999.3125,605765.9375,,1591043.125,0.707431077957153,0.198984682559967,0.181972071528435,-0.141191408038139,-0.0866483524441719,0.139451906085014,,,0.031178917735815,23.7061538696289,2.46520090103149,0.154077976942062,0.618611693382263,0.0874734056529543,0.0849735736846924,0.0847419500350952,0.0760861676783716,0.082956001162529,0.0835881808001056,,0.0965819135308266,0.0592698566615582,0.0828130021691322,50.6219190807514,579216.125,688453.5625,606508.6875,754612.3125,629886,,2087532.875,,,0.357371402609925
GBR,United Kingdom,1954,2008.71,566583.125,681328.75,613686.1875,627313.5625,0.138081327080727,1663400.875,0.710375428199768,0.192814216017723,0.182915925979614,-0.139729604125023,-0.0868790224194527,0.140503019094467,0.820801377296448,0.891113340854645,0.0319146886467934,24.0412044525147,2.47551894187927,0.155466631054878,0.618611693382263,0.0893545736915477,0.0868753641843796,0.0864724814891815,0.0777413272143617,0.0845940038561821,0.0844831460343224,1.03508031368256,0.0972277447581291,0.0590862073004246,0.0826373547315598,50.7940182869683,598154.875,713532.75,629196.75,777041.4375,653945.9375,0.102282702922821,2182580.75,0.744318425655365,0.655120551586151,0.357271356210102
GRC,Greece,1951,2329.28,24942.064453125,30351.666015625,29408.935546875,28675.9140625,,263984.90625,0.71055269241333,0.159238710999489,0.188646212220192,-0.121532216668129,0.0351408161222935,0.0279537793248892,,,0.0269686058163643,3.40477442741394,1.53098547458649,0.0920696407556534,0.486407995223999,0.127563627343288,0.12298683822155,0.112985268235207,0.102564345460474,0.115873426198959,0.0668710446030541,,0.0918369218707085,0.0494966693222523,0.120728649199009,7.60724316773683,37186.25,48606.44921875,30706.484375,42763.0546875,31071.599609375,,437614.59375,,,0.0439911765003439
GRC,Greece,1952,2319.65,25447.205078125,29487.74609375,29001.80078125,28430.345703125,,259382.90625,0.727849185466766,0.167222753167152,0.142120704054832,-0.102551683783531,0.0318220183253288,0.0335370302200317,,,0.0262685026973486,3.44192242622376,1.57154977321625,0.0988601073622704,0.486407995223999,0.134257530512423,0.128731608390808,0.120548561215401,0.104679650380259,0.122971601784229,0.0690119714846648,,0.097756989300251,0.0509010963141918,0.120805762708187,7.6936466598468,37694.1171875,47915.23828125,30123.673828125,42113.609375,30475.189453125,,428483.125,,,0.0439911765003439
GRC,Greece,1953,2310.06,26266.01953125,31845.90625,32478.21484375,32411.41796875,,256371.5625,0.667166113853455,0.143227949738503,0.172158032655716,-0.0704436674714088,0.049726739525795,0.0381648913025856,,,0.0255738999694586,3.47770595550537,1.61318874359131,0.120753444731236,0.486407995223999,0.0930614052272752,0.0880775675177574,0.0807662978768349,0.0648624962840591,0.0809327512979507,0.0463501950668771,,0.0941991806030273,0.0335746817290783,0.109704740345478,7.77706193670426,38795.29296875,50706.1953125,33659.0625,45792.4140625,34503.828125,,423456.03125,,,0.0762142135764253
GRC,Greece,1954,2300.5,29145.228515625,33129.08984375,33231.17578125,33218.59375,,252577.6875,0.725534081459045,0.15184286236763,0.119928650557995,-0.0834648609161377,0.0437640398740768,0.0423952266573906,,,0.024877842515707,3.51010251045227,1.65593099594116,0.115152925252914,0.486407995223999,0.0884129075915741,0.0845081210136414,0.0804837942123413,0.0658503201017627,0.0805142745375633,0.0510425054432515,,0.0981158241629601,0.0363823585212231,0.115884102880955,7.85298841121593,43111.44921875,54256.01171875,34512.5546875,47826.59375,35418.984375,,416281.15625,,,0.0880410859251651
GTM,Guatemala,1950,,7785.84228515625,8625.2275390625,8437.068359375,7788.03466796875,,9595.16796875,0.905063927173615,0.0946545302867889,0.107778772711754,-0.166593506932259,-0.0654160603880882,0.124512299895287,,,0.0510482601821423,1.12930810451508,1.17806899547577,0.382506608963013,0.462680697441101,0.0661034818777491,0.065130315721035,0.0671119540929794,0.0558251373076627,0.0727048739790916,0.085492932081039,,0.0451585426926613,0.0738183706998825,0.085596039891243,3.04385123633146,12826.2587890625,15913.5673828125,8456.4072265625,14356.1162109375,7908.427734375,,41787.94140625,,,1
GTM,Guatemala,1951,,7899.85205078125,8755.646484375,8531.39453125,7825.9091796875,,10071.001953125,0.904639542102814,0.104808911681175,0.109353967010975,-0.167604699730873,-0.0676551759243012,0.116457410156727,,,0.0483567677438259,1.15055310726166,1.17906618118286,0.348542630672455,0.462680697441101,0.0695952051351621,0.0684494450688362,0.0706067532300949,0.0585600380029415,0.0769717693328857,0.0905209087044719,,0.0472530052065849,0.0812948346138001,0.0953492224216461,3.14310061275243,13042.505859375,16118.0400390625,8547.5751953125,14558.84765625,8052.06640625,,44163.234375,,,1
GTM,Guatemala,1952,,8138.75634765625,8806.1552734375,8774.490234375,8111.9189453125,,10301.708984375,0.884989202022553,0.118319183588028,0.0822738930583,-0.136839643120766,-0.0674459934234619,0.118703328073025,,,0.0458955280482769,1.1722731590271,1.18006420135498,0.335212290287018,0.462680697441101,0.0678722889596975,0.0670762285590172,0.0689205750823021,0.0611219527640965,0.0745499134063721,0.091411887797969,,0.0522840097546577,0.0826516076922417,0.100364319980145,3.24560728075945,13344.7802734375,15995.0546875,8748.98046875,14860.9560546875,8276.302734375,,45560.4140625,,,1
GTM,Guatemala,1953,,8512.984375,9240.416015625,9175.2822265625,8468.6396484375,,10614.8564453125,0.889330506324768,0.115905806422234,0.0858970955014229,-0.136332869529724,-0.0668879076838493,0.112087346613407,,,0.0437614023685455,1.19457578659058,1.18106305599213,0.353694409132004,0.462680697441101,0.069517603259098,0.0686871409416199,0.0704997032880783,0.0623150811358049,0.0763823613524437,0.0917117558413928,,0.0543419905006886,0.0817846059799194,0.106840200722218,3.35167335744696,13887.2275390625,16754.083984375,9115.0556640625,15407.533203125,8563.3837890625,,47257.90625,,,1
GTM,Guatemala,1954,,8881.6064453125,9583.3271484375,9459.7060546875,8629.1201171875,0.0009071820531971,10911.2080078125,0.920625925064087,0.108633853495121,0.0813200548291206,-0.147237747907639,-0.0648396983742714,0.101497635245323,0.785028159618378,0.871480643749237,0.0421699583530426,1.21715319156647,1.1820627450943,0.36196693778038,0.462680697441101,0.0715174865971314,0.0710108950734139,0.0726925805211067,0.0667177567103681,0.0796895250678062,0.0939774877540898,2.8762264251709,0.055098183453083,0.0829848572611809,0.120576061308384,3.46143939081601,14509.525390625,17391.6484375,9412.478515625,15691.7529296875,8731.0703125,0.0567396990954876,48844.54296875,0.98962527513504,0.984238088130951,1
HND,Honduras,1950,,2749.8046875,3088.08374023438,3700.78442382813,3642.51586914063,,4188.4638671875,0.689046204090118,0.0658728629350662,0.0928696319460869,-0.125627428293228,0.101730331778526,0.176108434796333,,,0.0409177131950855,,1.2402606010437,,,0.0635106075807725,0.0642759799957275,0.0661384090781212,0.0722819950360125,0.0671964064240456,0.0812776643672486,,0.0620156601071358,0.0654060691595078,0.068593941628933,1.42628734026872,3643.17846679688,4336.6640625,3677.64038085938,5457.38671875,3624.609375,,11638.724609375,,,2.000000001
HND,Honduras,1951,,2864.85693359375,3309.9990234375,3820.98315429688,3729.07373046875,,4510.7685546875,0.696387052536011,0.0718618929386139,0.11937066167593,-0.167375788092613,0.0865505412220955,0.193205639719963,,,0.0415664836764336,,1.24216198921204,,,0.0677323861847897,0.0685675665736198,0.0705825835466385,0.076660963641732,0.0723222121596336,0.0835508805036183,,0.0604026578366756,0.0695960149168968,0.0699883475899696,1.46887718994881,3811.08837890625,4668.19677734375,3793.49340820313,5605.1845703125,3737.5546875,,12536.537109375,,,2.000000001
HND,Honduras,1952,,3090.16943359375,3633.95434570313,3891.65771484375,3768.78930664063,,4931.2822265625,0.74577534198761,0.0741615071892738,0.144286334514618,-0.189462304115295,0.0517981648445129,0.173440933227539,,,0.0425401329994202,,1.24406623840332,,,0.0655138270456739,0.0667125880718231,0.0694812536239624,0.0787674637262663,0.0717464461922646,0.0852147506119647,,0.0633587017655373,0.0709008872509003,0.0751769691705704,1.5119832557553,4087.7119140625,5119.7431640625,3848.88452148438,5390.890625,3757.19482421875,,13689.958984375,,,2.000000001
HND,Honduras,1953,,3340.66674804688,3868.87573242188,4212.0390625,4076.62060546875,,5315.96337890625,0.742799043655396,0.0766705572605133,0.129570320248604,-0.164437502622604,0.0577889978885651,0.157608583569527,,,0.0433716960251331,,1.24597334861755,,,0.0713376807072107,0.0721537694334984,0.0745078921318054,0.0800602025842703,0.0769829154014587,0.0893965649853081,,0.067488506436348,0.0730850696563721,0.0819805040955544,1.55658689471445,4397.5673828125,5427.9580078125,4158.22509765625,5749.314453125,4033.23291015625,,14763.2939453125,,,2.000000001
HND,Honduras,1954,,3457.388671875,3854.76147460938,3924.208984375,3795.8583984375,,5533.97216796875,0.818234622478485,0.0925972610712051,0.104685880243778,-0.166229143738747,0.0226495284587145,0.128061890602112,,,0.0435226745903492,,1.24788355827332,,,0.0707897226697036,0.0724781677126885,0.0747550502419472,0.0873980938042958,0.0772827789187431,0.0945653696698781,,0.0689832419157028,0.0763570889830589,0.0865542069077492,1.60515230833524,4560.09765625,5380.70263671875,3882.25415039063,5021.71435546875,3759.09252929688,,15392.0791015625,,,2.000000001
IND,India,1950,,380269.75,414630.03125,393644.625,394468.34375,,695706.875,0.893567383289337,0.0704383328557015,0.0871052592992783,-0.0395455881953239,-0.0478346906602383,0.0362692698836327,,,0.0305420197546482,153.753768920898,1.13054633140564,0.167713031172752,0.752550661563873,0.0671066834947962,0.0655619874596596,0.0664085298776627,0.0459663142297575,0.0662698522210121,0.0757773124528476,,0.0897126570343971,0.0436296910047531,0.0878114253282547,364.521367048538,372062.6875,355605,386324.4375,378834.875,389112.84375,,705088.625,,,4.76289987976872
IND,India,1951,,395461.375,437347.84375,409740.59375,409556.9375,,727384.25,0.894379317760468,0.0712040513753891,0.102272622287273,-0.0514235310256481,-0.0459757260978222,0.0295432135462761,,,0.0308290161192417,155.689331054688,1.13267874717712,0.164191260933876,0.752550661563873,0.068230494462988,0.0665470659732819,0.0673078969120979,0.0454018685639641,0.0673380866646767,0.0744911534696574,,0.096960224211216,0.044698353856802,0.119989953935146,370.732910839569,388582.59375,375896.125,402340.0625,385963.0625,405449.40625,,742463.5,,,4.76289987976872
IND,India,1952,,413611.9375,446949.5,423052.3125,424264.65625,,747427.75,0.899532079696655,0.0753592476248741,0.0785773023962975,-0.0309377424418926,-0.05033153668046,0.0278006475418806,,,0.0309892427176237,157.72785949707,1.13481521606445,0.166835531592369,0.752550661563873,0.0649031601136318,0.063200406730175,0.063734158873558,0.04287538204298,0.0635520368814468,0.0703562894129754,,0.105049900710583,0.0418731160461903,0.102831348776817,377.24563023304,404098.71875,381232.15625,413489.96875,405568.03125,417603.9375,,764626.9375,,,4.76289987976872
IND,India,1953,,433803.5625,472257.90625,446852.90625,448938.4375,,771369.5625,0.889560639858246,0.0767267793416977,0.0856561288237572,-0.0282310992479324,-0.050316832959652,0.026604425162077,,,0.0310092400759459,159.861938476563,1.13695573806763,0.170400813221931,0.752550661563873,0.0648175827987245,0.0630620568990707,0.0638050138950348,0.0427087101952597,0.0635086074471474,0.0721863090559204,,0.101403474807739,0.0419885106384754,0.0920005664229393,384.045660444378,421414.90625,401704.65625,435203.59375,428989.96875,439926.0625,,795213.0625,,,4.76289987976872
IND,India,1954,,439230.71875,490566.03125,465021.8125,467058.09375,0.0618955455720425,816013.9375,0.853936791419983,0.0864831507205963,0.109912045300007,-0.0324100144207478,-0.0450529530644417,0.0271309800446033,0.33259391784668,0.349191397428513,0.0313449166715145,162.076858520508,1.13910031318665,0.16665481030941,0.752550661563873,0.0581883189001889,0.0563235320150852,0.0572724118828774,0.0379105962402074,0.0570227168500423,0.0653911188473275,0.751905143260956,0.0969069674611092,0.0374853238463402,0.0950009077787399,391.10139217079,425172.90625,418026.78125,453831.53125,445109.34375,458555.6875,0.0127570535987616,846501.25,0.630581021308899,0.590198040008545,4.76289987976872
IRL,Ireland,1950,2445.34,18516.283203125,21322.87890625,18328.962890625,18440.62109375,,28028.638671875,0.879333794116974,0.124769173562527,0.15219634771347,-0.329828828573227,0.0161975789815187,0.157331928610802,,,0.0275924783200026,1.42624270915985,2.15882658958435,0.204735517501831,0.631123542785645,0.0605819722874448,0.0617326758801937,0.0637564808130264,0.0698424735902792,0.0633704289793968,0.0771083674722153,,0.073412761092186,0.0611846633255482,0.0815858393907547,2.97437048964458,20363.25390625,30549.892578125,18032.314453125,30132.5390625,18142.939453125,,73230.7890625,,,0.4536409764884
IRL,Ireland,1951,2433.38,18644.005859375,22091.859375,17861.330078125,18166.06640625,,30782.666015625,0.887493968009949,0.138815462589264,0.189796403050423,-0.399561375379562,0.0101358387619257,0.17331974208355,,,0.0297934580594301,1.41199970245361,2.168044090271,0.17820131778717,0.631123542785645,0.0659359523382266,0.0673370957374573,0.0692460760474205,0.0762950676901924,0.0680844783782959,0.079568765777419,,0.079114742577076,0.0648364797234535,0.0853625610470772,2.97064935478441,20581.083984375,31727.958984375,17513.556640625,31162.076171875,18362.79296875,,79854.3125,,,0.453513958996241
IRL,Ireland,1952,2421.47,18204.169921875,21105.515625,19218.041015625,19225.73828125,,32507.169921875,0.80975741147995,0.137107118964195,0.150909498333931,-0.298701763153076,0.0264611169695854,0.174466595053673,,,0.0313597284257412,1.39616703987122,2.17730069160461,0.184553161263466,0.631123542785645,0.0709405780646069,0.0717363208532333,0.0732743963599205,0.0764359816138396,0.0732450559735298,0.0829248736098013,,0.085157610476017,0.0675433874130249,0.0934557914733887,2.96346699968061,20003.44921875,30103.455078125,18740.525390625,30625.576171875,19057.18359375,,84295.296875,,,0.4536409764884
IRL,Ireland,1953,2409.63,18919.04296875,22104.263671875,20247.810546875,20004.216796875,,34501.4296875,0.807312786579132,0.13843996822834,0.15922749042511,-0.295138448476791,0.0248596053570509,0.165298596024513,,,0.0323238782584667,1.38147330284119,2.18659710884094,0.186729624867439,0.631123542785645,0.0739369201469902,0.07478928565979,0.0764234140515328,0.0797598718020468,0.0773540288209915,0.0861294928243119,,0.0869076550006867,0.0688239261507988,0.100632831454277,2.95860329356867,20672.044921875,31499.875,19693.72265625,31755.60546875,19493.984375,,89360.703125,,,0.453513958996241
IRL,Ireland,1954,2397.84,19218.884765625,22193.029296875,20427.572265625,20226.263671875,0.0032277209684252,36111.08203125,0.810010969638825,0.140183478593826,0.147043660283089,-0.283782482147217,0.0254251230508089,0.16111920773983,0.643806517124176,0.706120908260346,0.0330583602190018,1.36417627334595,2.1959331035614,0.184267476201057,0.631123542785645,0.0743356410365151,0.0750815719366074,0.0763741731643677,0.0793917393942895,0.0771343186497688,0.0847269141238171,1.25911557674408,0.08800358325243,0.0667817518115044,0.101455248892307,2.94802098722847,21006.36328125,31659.619140625,19916.111328125,31998.482421875,19742.109375,0.0297188349068165,93551.3046875,0.308014243841171,0.592704951763153,0.453513958996241
ISL,Iceland,1950,,1013.50891113281,1488.97766113281,1389.00695800781,1485.29125976563,,7093.900390625,0.587543487548828,0.0948202386498451,0.32011815905571,-0.220493346452713,-0.0188717450946569,0.23688317835331,,,0.0337634161114693,0.0652985200285912,1.969313621521,0.0554283149540424,0.67505693435669,0.12158994287585,0.121645845472813,0.108145140111446,0.121992218070454,0.101134613156319,0.0793670645312148,,0.100073777139187,0.0736643597483635,0.0704788416624069,0.143199918008426,1202.16430664063,1726.36450195313,1436.11791992188,1532.32141113281,1533.71911621094,,11491.2138671875,,,0.150880084253834
ISL,Iceland,1951,,974.578186035156,1454.99841308594,1343.92163085938,1456.78991699219,,7328.70458984375,0.572390973567963,0.0965992584824562,0.329780071973801,-0.30620664358139,-0.0149205541238189,0.322356909513474,,,0.0330716967582703,0.0658522471785545,1.97889351844788,0.057073924690485,0.67505693435669,0.144284940373286,0.142852142453194,0.122349321842194,0.134362208580135,0.112870015203953,0.0807574083163547,,0.102036185562611,0.0773868411779404,0.0732088834047318,0.14587079964749,1158.46923828125,1668.52990722656,1375.13232421875,1510.57165527344,1512.87145996094,,11870.4423828125,,,0.168923438504584
ISL,Iceland,1952,,932.50439453125,1446.73095703125,1347.29870605469,1452.98950195313,,7565.26953125,0.54108989238739,0.10069340467453,0.353909313678741,-0.279737442731857,-0.016971031203866,0.301015853881836,,,0.0324416048824787,0.0662320330739021,1.98852002620697,0.0535346120595932,0.67505693435669,0.163858429430678,0.161658853292465,0.137063667178154,0.149839129348179,0.127093613147736,0.0924624694363643,,0.110885262489319,0.0905860960483551,0.0790523663163185,0.148233124830878,1101.26049804688,1629.77380371094,1373.0869140625,1480.80944824219,1499.04626464844,,12305.416015625,,,0.168923438504584
ISL,Iceland,1953,,1085.31787109375,1665.99340820313,1567.55554199219,1682.82385253906,,7865.9716796875,0.553734242916107,0.0912042409181595,0.34506019949913,-0.302129954099655,-0.0124818738549948,0.324613124132156,,,0.0311790034174919,0.0669206231832504,1.99819350242615,0.0577739104628563,0.67505693435669,0.162000513904241,0.160868287086487,0.140612572431564,0.153994124154823,0.130981042981148,0.102753410302086,,0.109709210693836,0.0986657664179802,0.0818084627389908,0.15131274785832,1275.85473632813,1884.576171875,1602.01965332031,1700.88806152344,1727.53015136719,,12872.0224609375,,,0.168923438504584
ISL,Iceland,1954,,1172.44421386719,1801.55358886719,1733.04809570313,1852.24963378906,0.0006127686356194,8254.259765625,0.542255818843842,0.0907280966639519,0.339646130800247,-0.296863436698914,-0.0059109008871018,0.330144286155701,0.788826584815979,0.766923725605011,0.0302684269845486,0.067775271832943,2.00791382789612,0.0643886923789978,0.67505693435669,0.163858530829635,0.162459120154381,0.142111361026764,0.154095249493306,0.132965788245201,0.104190089394455,0.922289967536926,0.106311589479446,0.0989254340529442,0.0820549577474594,0.154846211168745,1378.64831542969,2045.04699707031,1780.62976074219,1862.96435546875,1909.2998046875,0.0566442497074604,13523.234375,0.495280593633652,0.479345947504044,0.168923438504584
ISR,Israel,1950,,6215.482421875,10175.857421875,8424.291015625,6869.375,,45221.70703125,0.559771239757538,0.345039218664169,0.576526165008545,-0.452922999858856,-0.075793482363224,0.0473798140883446,,,0.0308754313737154,0.426310151815414,2.37639093399048,0.120733991265297,0.53479677438736,0.120529456077791,0.0965370684862137,0.0808220654726028,0.0576132328168865,0.0991165265440941,0.0561586593267078,,0.034142829477787,0.0439346544444561,0.0499854199588299,1.26900760109502,6857.50439453125,10147.1552734375,9298.74609375,6825.14013671875,7901.2041015625,,41970.6796875,,,0.0000733933995290237
ISR,Israel,1951,,7608.3330078125,12451.689453125,10856.25,8992.71875,,48970.91015625,0.520211935043335,0.325842887163162,0.538586437702179,-0.4150390625,-0.0236773118376732,0.0540751181542873,,,0.0306814778596163,0.489735513925552,2.38178420066834,0.12428492307663,0.53479677438736,0.126132938047665,0.0993175506591797,0.0873713195323944,0.0565064719242294,0.105476975440979,0.0686052178584934,,0.0352947823703289,0.0557739324867725,0.0304239932447672,1.47016029487066,8374.2646484375,12274.6611328125,11763.8369140625,8881.009765625,10602.1953125,,45649.9296875,,,0.0000807060737463137
ISR,Israel,1952,,7973.14453125,12137.47265625,9984.365234375,8967.6611328125,,51988.03125,0.562191009521484,0.326908618211746,0.464371681213379,-0.36010730266571,-0.0611526072025299,0.0677886158227921,,,0.0306944083422422,0.528256475925446,2.38718962669373,0.0893229097127914,0.53479677438736,0.134062240760275,0.10783788561821,0.10090160369873,0.0627393639746825,0.112341269850731,0.0876211935758585,,0.0610539726912975,0.0712259784340859,0.0682974681258202,1.59933329141045,8823.796875,12163.220703125,10752.103515625,9272.083984375,10279.53125,,48477.5546875,,,0.0001150351005694
ISR,Israel,1953,,8354.185546875,11776.2841796875,9960.7568359375,9132.0048828125,,53955.68359375,0.573581278324127,0.341243594884872,0.374736785888672,-0.335422545671463,-0.0322774164378643,0.0781383067369461,,,0.0309150572866201,0.538664877414703,2.39260745048523,0.079083576798439,0.53479677438736,0.130910994155615,0.103993095457554,0.100901871919632,0.0587479965083258,0.110058963298798,0.0933554174431003,,0.0665711984038353,0.0747415497899056,0.0745047852396965,1.64490246424958,9155.1591796875,11873.2431640625,10734.5283203125,9137.705078125,10247.330078125,,50453.94140625,,,0.0001459855825973
ISR,Israel,1954,,9665.3291015625,13431.484375,11632.1650390625,10881.970703125,0.0044331988319754,56416.1953125,0.552556693553925,0.335639864206314,0.346091270446777,-0.306558340787888,-0.0199513863772154,0.0922218710184097,0.509685277938843,0.628841578960419,0.0309740249067545,0.548300266265869,2.39803743362427,0.0888534709811211,0.53479677438736,0.13354157728424,0.105433166027069,0.10412386059761,0.0591588905660179,0.111302085220814,0.10076370483905,0.897539794445038,0.0758012905716896,0.0796416774392128,0.0893650501966476,1.6888583316975,10554.4404296875,13568.36328125,12580.9267578125,10910.4619140625,12228.5224609375,0.0264272801578045,52817.85546875,0.570540070533752,0.646849751472473,0.0001597654974547
ITA,Italy,1950,2072.71,199832.875,249111.140625,243320.9375,235872.28125,,992284.3125,0.680779159069061,0.166428819298744,0.208919271826744,-0.102028243243694,0.0011296990560367,0.0447712987661362,,,0.0282348673790693,19.6478118896484,1.79351770877838,0.129202827811241,0.579223155975342,0.0714265842944406,0.0681933835148811,0.067480593919754,0.054967931518577,0.0696115791797638,0.0645900998100214,,0.0618218891322613,0.0407185740768909,0.102128401398659,46.8672299592732,327883.84375,436077.1875,246168.578125,396437.28125,238238.484375,,1627707.5,,,0.322622960779777
ITA,Italy,1951,2079.05,212501.625,270742.34375,264007.1875,256525.625,,1029596,0.652981996536255,0.175401642918587,0.227036640048027,-0.112521097064018,0.0069040087983012,0.0501968301832676,,,0.0289186630398035,19.6746253967285,1.80532491207123,0.129423335194588,0.579223155975342,0.0772448139988509,0.0736150145530701,0.0725032836198807,0.0601020753607193,0.0746178403496742,0.0684469381836957,,0.0716407001018524,0.0454839542508125,0.112404100596905,47.1786497713385,347974.75,469498.75,265307.9375,431099.125,259540.96875,,1696151.875,,,0.322262054649023
ITA,Italy,1952,2085.42,226373.6875,285636.4375,273571.125,267556.53125,,1068648.25,0.667779922485352,0.178298071026802,0.221496194601059,-0.112637221813202,-0.000006230240160221,0.0450692437589169,,,0.0294351819902658,19.8385143280029,1.81720972061157,0.134730085730553,0.579223155975342,0.0805849976125943,0.0772477611899376,0.0755059123039246,0.0647488044022362,0.0772032588720322,0.0688523247168737,,0.0743861570954323,0.0455504022538662,0.110368721187115,47.4253990470572,368577.4375,493401.28125,273495.96875,449655.15625,267948.25,,1761609.875,,,0.322210496630344
ITA,Italy,1953,2091.81,238524.09375,305468.53125,295546.5625,288715.90625,,1114638.5,0.655188620090485,0.170966401696205,0.231869548559189,-0.110677622258663,0.0035204016603529,0.0491326376795769,,,0.0298530161380768,20.0496120452881,1.82917284965515,0.14248614013195,0.579223155975342,0.0826383453938231,0.0790235176682472,0.0771147012710571,0.0651705235206437,0.0789391472935677,0.0703135965660794,,0.0746812075376511,0.0459634512662888,0.108635097742081,47.7149305450718,386385.65625,526644.1875,295147.84375,477373.78125,287074.59375,,1843348.625,,,0.322210496630344
ITA,Italy,1954,2098.21,244410.15625,316069,309194.84375,300345.09375,0.0883736908435822,1167833.875,0.64070063829422,0.173063814640045,0.238588377833366,-0.108559213578701,0.0055048512294888,0.0507016219198704,0.599766373634338,0.630908131599426,0.0302229337394238,20.3226585388184,1.84121477603912,0.145801812410355,0.579223155975342,0.0847088237510067,0.0813615545630455,0.0788627117872238,0.0689696240776272,0.0811864212155342,0.0703397847767592,0.819879651069641,0.072303332388401,0.0462311208248138,0.110396958887577,48.0552033072697,395491.4375,545455.5,309733.0625,496921.3125,299421.0625,0.0797965154051781,1932837.625,0.684570372104645,0.759116530418396,0.322210496630344
JAM,Jamaica,1953,,4246.8623046875,5237.556640625,5471.9541015625,5452.48681640625,,33891.62109375,0.726783037185669,0.0521023310720921,0.181695908308029,-0.206799373030663,0.0416423827409744,0.204575702548027,,,0.0399531237781048,0.528807044029236,1.7726902961731,0.0599362663924694,0.554144144058228,0.0769989168982707,0.0779833570122719,0.0748283565044403,0.0917154757452808,0.0750955268740654,0.0613036601369647,,0.0788988098502159,0.04605907574296,0.0801946222782135,1.39761692302633,4595.6337890625,6146.87109375,5636.8056640625,6729.6728515625,5641.4638671875,,61287.328125,,,0.714487360446339
JAM,Jamaica,1954,,4709.1796875,5849.79052734375,6158.1552734375,6048.78076171875,,34034.6640625,0.727389574050903,0.0511441752314568,0.188568711280823,-0.209504678845406,0.0423278175294399,0.200074419379234,,,0.0386118330061436,0.531193733215332,1.77771520614624,0.0666524022817612,0.554144144058228,0.0760617526971477,0.076915867626667,0.0747375562787056,0.0890633405708955,0.076088972389698,0.0657440936738724,,0.0803438574075699,0.0487691462039948,0.0870767310261726,1.41806290813004,5098.767578125,6876.77099609375,6364.05908203125,7484.6728515625,6278.31591796875,,61619.671875,,,0.714487360446339
JOR,Jordan,1954,,2041.68688964844,2353.35034179688,1959.73291015625,1985.66625976563,,4296.99755859375,0.640156030654907,0.388056486845017,0.156956553459167,-0.21542164683342,0.0147692402824759,0.0154833486303687,,,0.0402961522340775,0.136472806334496,1.16687893867493,0.226144388318062,0.483733803033829,0.0746561552556847,0.0672583654522896,0.067849911749363,0.0550546296841267,0.0669637769460678,0.071725120288795,,0.0721469819545746,0.0595707595348358,0.0712490826845169,0.686560858011321,3655.42749023438,4331.1162109375,2041.46423339844,4233.89794921875,2230.68090820313,,13676.494140625,,,0.357043072166123
JPN,Japan,1950,2076.03,216873.40625,255084.09375,266501.59375,265130.9375,,819103.875,0.493093758821487,0.32489225268364,0.144120067358017,-0.0499404445290566,0.0436058416962624,0.0442284941673279,,,0.027380870655179,37.316089630127,2.29000067710876,0.0959459096193314,0.508122503757477,0.0491777545841967,0.0377093032002449,0.0430499315261841,0.0203034654749701,0.0432724915444851,0.0733618753590122,,0.072163313627243,0.0508518591523171,0.0807358101010323,85.7063830920046,251440.5625,258597.421875,275786.5625,298069.40625,268969.65625,,914236.875,,,361.100006463613
JPN,Japan,1951,2058.21,223984.234375,284677.875,299083.375,294757.71875,,860338.25,0.491777777671814,0.268114924430847,0.205910265445709,-0.0752329528331757,0.0486056320369244,0.06082434207201,,,0.0273974258452654,38.2412605285645,2.32251930236816,0.119151137769222,0.508122503757477,0.0567353942226863,0.0460388362407684,0.0531128160655499,0.0264191509299578,0.0538922622799873,0.0792186902620128,,0.0828962624073029,0.0569546408951283,0.102143503725529,87.0960614624202,268142.8125,306017.21875,306800.375,324736.5,297181.25,,962466.3125,,,361.200012567228
JPN,Japan,1952,2040.55,265432.15625,318917.4375,329536.96875,327919.375,,892529.25,0.512521326541901,0.296922028064728,0.163104966282845,-0.0745331272482872,0.0454942956566811,0.0564905032515526,,,0.0275698937475681,39.1478271484375,2.35549974441528,0.115163058042526,0.508122503757477,0.0588875121758824,0.0475920550525188,0.0544323660433292,0.0280948092666281,0.0547008700668812,0.0883788781219575,,0.0808022916316986,0.0635182857513428,0.0937615409493446,88.4206202379883,312882.59375,328700.0625,335917.8125,364884.53125,327725.3125,,998158.3125,,,361.100006463613
JPN,Japan,1953,2023.04,290873.59375,342290.28125,347019.4375,345304.96875,,920008.875,0.55254077911377,0.289826452732086,0.148902282118797,-0.0879960358142853,0.0453927405178547,0.0513337999582291,,,0.0276232827454805,40.0189094543457,2.38894844055176,0.123069897294045,0.508122503757477,0.0629425776498788,0.0522770434617996,0.0585179030895233,0.0319436932612096,0.0588084496557713,0.093823564775062,,0.0779378563165665,0.0663478299975395,0.0972104892134666,89.6439026726603,345586.78125,351978.40625,352598.03125,389346.0625,342695.25,,1030681.9375,,,360.000000359
JPN,Japan,1954,2054.08,302362.03125,359588.71875,368143.46875,363030.59375,0.0727812200784683,955526.1875,0.549423694610596,0.283459395170212,0.15763595700264,-0.0862065479159355,0.0450732037425041,0.050614308565855,0.469821840524673,0.465177536010742,0.0276936553418636,40.4956359863281,2.4228720664978,0.140845283865929,0.508122503757477,0.066446235159031,0.0555209442973137,0.0612505488097668,0.0343446714478356,0.0621131956577301,0.0915234047740776,1.07617294788361,0.0761164128780365,0.0638647079467773,0.10284548252821,90.7675550921625,359971.96875,373739.625,374531.625,408716.5625,360660.375,0.0228193160146475,1071135.25,0.600435674190521,0.550569713115692,360.000000359
KEN,Kenya,1950,,11369.36328125,12832.7548828125,12462.4599609375,11734.021484375,,22401.318359375,0.921970725059509,0.0469522438943386,0.124713569879532,-0.199746415019035,0.0425830185413361,0.0635268911719322,,,0.0496345199644566,2.97790265083313,1.14369404315948,0.187845006585121,0.659813404083252,0.0523145334400036,0.0528033897280693,0.0537502765655518,0.062402717398855,0.0570870488882065,0.061106823928852,,0.0516998656094074,0.0408955737948418,0.0975918844342232,6.18736860323453,17135.859375,19408.7734375,12568.7822265625,18133.03125,12117.2197265625,,33722.3515625,,,7.14086062791882
KEN,Kenya,1951,,14345.5009765625,15927.0361328125,14764.3984375,13637.6025390625,,23575.5390625,0.999047100543976,0.0528607256710529,0.115968704223633,-0.252212792634964,0.0266471207141876,0.0576891601085663,,,0.0498355031013489,3.029212474823,1.14926648139954,0.188844129443169,0.659813404083252,0.0553861406066613,0.0558879226446152,0.057290144264698,0.0653714384143274,0.0620236955583096,0.0700091502274216,,0.0542262569069862,0.0487342104315758,0.123761303722858,6.35733906698608,21722.1640625,24011.0703125,14896.439453125,21294.525390625,14420.1298828125,,35674.09375,,,7.14086062791882
KEN,Kenya,1952,,13086.2958984375,14708.0087890625,13563.07421875,12808.4375,,24858.388671875,0.969511270523071,0.0521821267902851,0.126612886786461,-0.244454622268677,0.0263686664402485,0.0697796866297722,,,0.0500599183142185,3.08203506469727,1.15486598014832,0.150782763957977,0.659813404083252,0.0609734535051968,0.0614604465663433,0.0636066496372223,0.0705084619565962,0.0673541650176048,0.080925274950664,,0.064501479268074,0.0563073717057705,0.119030401110649,6.53393789731302,19727.6796875,22154.94921875,13625.1337890625,20071.443359375,13320.4716796875,,37603.99609375,,,7.14086062791882
KEN,Kenya,1953,,12578.7314453125,14250.599609375,13100.8427734375,12403.880859375,,26105.0703125,0.96197634935379,0.0521200969815254,0.134785890579224,-0.233061105012894,0.0218432247638702,0.0623355731368065,,,0.0504206009209156,3.13670754432678,1.16049289703369,0.142388001084328,0.659813404083252,0.0643099069560662,0.0647511333227158,0.0668693706393242,0.0728947724296072,0.0706266984343529,0.0828065066092745,,0.0632861256599426,0.0567427761852741,0.112431362271309,6.71813004403238,18868.640625,21473.3046875,13127.25390625,19187.978515625,12676.951171875,,39594.82421875,,,7.14086062791882
KEN,Kenya,1954,,14326.1728515625,16195.58984375,14846.1455078125,13679.224609375,0.0022551661822944,27624.6875,0.989949584007263,0.0573446229100227,0.136661037802696,-0.26048481464386,0.0196693539619446,0.0568601749837399,0.451595395803452,0.534450352191925,0.0507939532399178,3.19327926635742,1.16614711284637,0.168844193220139,0.659813404083252,0.0668324180262546,0.0672702416777611,0.0688077509403229,0.0748284447226866,0.074677474796772,0.0805903631116532,1.08819591999054,0.0573455505073071,0.0545431897044182,0.117498032748699,6.91027748382379,21518.236328125,24468.8359375,14915.873046875,20783.294921875,13979.236328125,0.0556816011667252,41955.703125,0.976270258426666,1.07743048667908,7.14086062791882
KOR,Republic of Korea,1953,2484.49,25634.890625,30142.82421875,28164.689453125,27520.486328125,,220988.65625,0.741276621818543,0.190207347273827,0.163802832365036,-0.112277738749981,0.0002799742214847,0.0167110003530979,,,0.0294177886098623,6.36104202270508,1.8266019821167,0.075233094394207,0.422018796205521,0.109909947186639,0.0963463038206101,0.098089374601841,0.0434860310481964,0.100385472178459,0.108001573007981,,0.0770246163010597,0.0636617764830589,0.0939210429787636,21.2572120080287,38378.05078125,39671.75390625,26509.615234375,36158.44140625,26430.84765625,,186662.53125,,,17.8248206781082
KOR,Republic of Korea,1954,2520.64,26617.73046875,30305.271484375,28791.888671875,28506.259765625,,221224.640625,0.753082931041718,0.180667445063591,0.12935896217823,-0.0763715505599976,0.0036224748473614,0.0096397520974278,,,0.0287928190082312,6.36476612091064,1.84198462963104,0.0916548445820808,0.422018796205521,0.146535690548268,0.133532091975212,0.133538261055946,0.0793287038382401,0.134876281023026,0.133582741392916,,0.114472053945065,0.0793569758534432,0.12078545987606,21.4574370881028,40128.2265625,40137.796875,27152.990234375,36962.6015625,27405.9609375,,184695.375,,,17.8248206781082
LKA,Sri Lanka,1950,,20232.23828125,22103.72265625,25423.978515625,22968.302734375,,24077.64453125,0.803011119365692,0.0778653621673584,0.0814811438322067,-0.0775260627269745,0.0304827261716127,0.0846856757998467,,,0.0653565302491188,2.49919199943543,1.48364841938019,0.560899913311005,0.383190482854843,0.0482210982968493,0.0462167784571648,0.0496918857097626,0.0255466024099285,0.0550047382712364,0.0872606007987618,,0.116613142192364,0.053449884057045,0.171779170632362,7.33513292176538,11008.4423828125,13507.5986328125,25357.48828125,13178.0166015625,22973.390625,,22397.904296875,,,4.76289879247833
LKA,Sri Lanka,1951,,22451.349609375,24741.6640625,27333.220703125,24801.876953125,,25266.814453125,0.827219665050507,0.0780081748962402,0.0923444032669067,-0.0887996032834053,0.0082755787298083,0.0829517915844917,,,0.0696207135915756,2.55527210235596,1.49301564693451,0.562664389610291,0.383190482854843,0.0515292862063875,0.049410492181778,0.0532775558531284,0.0269422501612312,0.0587152056396008,0.0911853735857576,,0.124419033527374,0.0583269447088242,0.194443643093109,7.55126516058912,12285.2490234375,15208.7998046875,27267.125,14071.486328125,24917,,23717.240234375,,,4.76189981865906
LKA,Sri Lanka,1952,,23174.615234375,25596.8359375,24299.71484375,23866.087890625,,26658.615234375,0.878279685974121,0.0927473455667496,0.101492173969746,-0.0881818383932114,-0.0696061924099922,0.0852688178420067,,,0.0732623860239983,2.61389470100403,1.50244200229645,0.416982173919678,0.383190482854843,0.0518446128544247,0.0494550205767155,0.0545159354805946,0.026826548354546,0.0555064417421818,0.102936294369408,,0.142057150602341,0.0659325793385506,0.157472714781761,7.77796361679202,12565.46484375,15643.6328125,24134.5703125,14925.83984375,23844.8203125,,25058.650390625,,,4.76289879247833
LKA,Sri Lanka,1953,,23147.447265625,25225.740234375,25584.83203125,24506.37109375,,27544.62890625,0.85176557302475,0.092782586812973,0.0848062261939049,-0.0827325880527496,-0.0306891780346632,0.0840673446655273,,,0.0754564926028252,2.6744396686554,1.51192784309387,0.442800849676132,0.383190482854843,0.0523207452980077,0.0499639362096787,0.0540669523179531,0.0283278787946956,0.0564462952315807,0.0997652013542783,,0.141023322939873,0.063017450273037,0.168814137578011,8.01357303858533,12471.7490234375,15203.123046875,25326.912109375,14264.4013671875,24341.515625,,25995.390625,,,4.76289879247833
LKA,Sri Lanka,1954,,22992.501953125,25169.83203125,28839.15625,26160.640625,0.0019198197405785,28525.068359375,0.782885074615479,0.096011683344841,0.0832292214035988,-0.0724002867937088,0.031101182103157,0.0791731625795364,1.01595675945282,0.977079927921295,0.0766933485865593,2.7329626083374,1.52147364616394,0.534781038761139,0.383190482854843,0.0516194228969984,0.048685185611248,0.0521799959242344,0.0247592370360764,0.0575225614011288,0.0890850353848362,3.4142439365387,0.130896508693695,0.0556564480066299,0.189543470740318,8.24640219454103,12329.447265625,15192.71484375,28594.119140625,15341.3203125,26020.359375,0.02404610440135,27000.1875,0.79960572719574,0.769297480583191,4.76189981865906
LUX,Luxembourg,1950,,2727.7451171875,3915.34692382813,4186.76904296875,4369.18408203125,,12165.4052734375,0.527432262897492,0.0968823060393333,0.271813184022903,-0.455702036619186,0.139745190739632,0.419829100370407,,,0.0332658104598522,0.136292085051537,1.43264675140381,0.241251051425934,0.477970361709595,0.0801462356787672,0.0839675441384316,0.0825775340199471,0.104770947060308,0.0791298970580101,0.0793848838123381,,0.0419121608138084,0.0522338524460793,0.0313730239868164,0.295724696668975,2951.27416992188,5146.4921875,4089.14819335938,6238.0869140625,4741.751953125,,19669.666015625,,,1.23921978896705
LUX,Luxembourg,1951,,2906.61352539063,3822.21484375,5252.12158203125,4632.3525390625,,12864.947265625,0.524360299110413,0.103099137544632,0.197653621435165,-0.650462806224823,0.3108851313591,0.514464616775513,,,0.034588810056448,0.135965600609779,1.46231186389923,0.281171053647995,0.477970361709595,0.0869433417326425,0.0911490246653557,0.0901966914534569,0.112539031616939,0.102264232933521,0.0871734958675082,,0.0449373796582222,0.0594009943306446,0.0491373538970947,0.297563551493389,3155.61279296875,5007.55224609375,5094.83056640625,5966.595703125,5121.3466796875,,20811.201171875,,,1.23921978896705
LUX,Luxembourg,1952,,3118.77099609375,4293.10693359375,5964.3994140625,5221.5390625,,13862.0419921875,0.494606405496597,0.102683216333389,0.224902257323265,-0.577245593070984,0.318827748298645,0.436225920915604,,,0.034737940877676,0.135624513030052,1.492591381073,0.357373058795929,0.477970361709595,0.0884457362508054,0.0924479588866234,0.0866544768214226,0.111725945860621,0.0989826694130898,0.0712682747907755,,0.0499049127101898,0.0486750081181526,0.0572754628956318,0.299402406317803,3371.51831054688,5578.70458984375,5767.58935546875,6303.2421875,5638.04736328125,,22471.83203125,,,1.23946762508088
LUX,Luxembourg,1953,,3244.14038085938,4646.86328125,5178.41845703125,4785.7119140625,,15233.166015625,0.559055328369141,0.118825070559978,0.293106436729431,-0.56902003288269,0.184803009033203,0.413230150938034,,,0.0357440896332264,0.135263442993164,1.52349770069122,0.231865018606186,0.477970361709595,0.0875279390266142,0.0916460454463959,0.0901895016431809,0.111021143079031,0.0975902900099754,0.0868209118991031,,0.0489766076207161,0.0579834617674351,0.048038974404335,0.301241261142218,3488.3984375,6016.724609375,5011.58984375,6451.75830078125,5060.96337890625,,24595.208984375,,,1.23946762508088
LUX,Luxembourg,1954,,3313.216796875,4624.2216796875,5196.61083984375,4646.125,0.0013257039245218,16393.263671875,0.590039610862732,0.123074419796467,0.282171696424484,-0.622354626655579,0.186071276664734,0.440997689962387,1.08641672134399,1.08085370063782,0.0370288491249085,0.134892359375954,1.55504405498505,0.209856435656548,0.477970361709595,0.0889064240532491,0.0926135629415512,0.0921470150351524,0.110386228174752,0.103064842522144,0.0909679309372411,1.33158040046692,0.0454220697283745,0.0598095469176769,0.0463573224842548,0.303080115966632,3559.8759765625,6011.82958984375,5047.9287109375,6400.162109375,4943.25634765625,0.0650758147239685,26423.31640625,0.944449603557587,1.0506626367569,1.23971522277612
MAR,Morocco,1950,,13031.9375,15031.5849609375,14520.3388671875,13907.5791015625,,20600.443359375,0.865384936332703,0.0716535896062851,0.143781155347824,-0.251762956380844,0.0245282985270023,0.146414995193481,,,0.0344824753701687,2.86899375915527,1.03222632408142,0.194958329200745,0.523455262184143,0.101798861864892,0.100052908062935,0.107564903795719,0.0789663931248986,0.112304143607616,0.156521520353692,,0.0918018594384193,0.148152709007263,0.112034693360329,8.88539848836345,11097.3642578125,14459.9111328125,14794.2080078125,16363.12109375,14442.7978515625,,69508.7421875,,,3.49933949249544
MAR,Morocco,1951,,13537.681640625,15997.7216796875,15128.59375,13739.431640625,,21626.484375,0.909224927425385,0.0760910585522652,0.179049655795097,-0.351401001214981,0.0191829726099968,0.167852386832237,,,0.0344751626253128,2.94667506217957,1.03394341468811,0.203322350978851,0.523455262184143,0.118103533078985,0.115862876176834,0.123781584203243,0.0890888521416579,0.136296853423119,0.167358486063677,,0.0921949148178101,0.163281127810478,0.13078536093235,9.16140932674935,11575.2421875,15483.5478515625,15387.658203125,16569.65234375,14588.0244140625,,72675.296875,,,3.50033870473532
MAR,Morocco,1952,,14901.083984375,17261.310546875,16273.4814453125,15000.19921875,,22416.400390625,0.915254652500153,0.0781377553939819,0.157346338033676,-0.316962897777557,0.017025189474225,0.149198949337006,,,0.0344908162951469,3.02835607528687,1.03566324710846,0.199963107705116,0.523455262184143,0.131795777663355,0.129257217049599,0.138487756252289,0.0995222643782694,0.150243178009987,0.196763895615511,,0.106137163937092,0.192313030362129,0.147210121154785,9.452025333572,12678.0927734375,16513.154296875,16480.396484375,17376.087890625,15649.8466796875,,75467.671875,,,3.50033870473532
MAR,Morocco,1953,,14763.0458984375,17450.890625,16787.423828125,15576.0048828125,,23516.26953125,0.859904110431671,0.0879028737545013,0.172563210129738,-0.304221302270889,0.023037264123559,0.160813882946968,,,0.0345084853470326,3.09745311737061,1.03738594055176,0.187573492527008,0.523455262184143,0.136749021580228,0.133542627096176,0.146956712007523,0.102176276665521,0.15838623046875,0.220633864006129,,0.106524921953678,0.211506515741348,0.13990506529808,9.70550898748196,12452.46875,16800.673828125,16967.7890625,18223.591796875,15961.2880859375,,79060.875,,,3.49933949249544
MAR,Morocco,1954,,15894.455078125,18373.90234375,17827.1796875,16434.935546875,0.0020261786412447,24400.30859375,0.870311558246613,0.0968023911118507,0.150864407420158,-0.294516563415527,0.0260205399245024,0.150517627596855,0.627185881137848,0.700894176959992,0.0345027782022953,3.17020893096924,1.03911149501801,0.192429885268211,0.523455262184143,0.135329387892871,0.131850525736809,0.14362721145153,0.100573512006604,0.155794247984886,0.219121519713549,4.2526798248291,0.105699688196182,0.207262352108955,0.14814592897892,9.97248228839443,13391.7734375,17525.923828125,18066.607421875,18645.708984375,16859.94140625,0.0501853786408901,82076.6875,0.627992033958435,0.552585124969482,3.50133887064949
MEX,Mexico,1950,1817.09,147990.109375,170084.90625,161840.640625,161522.4375,,338703.53125,0.886027336120606,0.0301927775144577,0.136790841817856,-0.0669537335634232,-0.0357452183961868,0.0496880263090134,,,0.0326582118868828,7.77186441421509,1.53093492984772,0.431746035814285,0.395217776298523,0.0392047438366324,0.0395614318549633,0.0398675389587879,0.0500286356125691,0.0399460755288601,0.0419178349316345,,0.0495504848659039,0.0243812650442123,0.0545522719621658,27.4271671500077,167986.890625,192042.34375,160765.9375,168484.8125,164087.125,,415028.5625,,,0.008650000086881
MEX,Mexico,1951,1816.75,163633.453125,191291.28125,175015.359375,173915.625,,360186,0.911762177944183,0.0291162151843309,0.15903015434742,-0.0877358317375183,-0.0581857673823834,0.0460130274295807,,,0.0330312624573708,7.86822080612183,1.53150415420532,0.440201222896576,0.395217776298523,0.0474426166716962,0.0477966107428074,0.0478444620966911,0.0588817882119982,0.0481470040977001,0.0481275759620326,,0.05063321813941,0.0291383285075426,0.0601196065545082,28.208096742305,186535.546875,215832.828125,173773.078125,184758.921875,177643.359375,,443939.5,,,0.0086510003273123
MEX,Mexico,1952,1816.41,166475.34375,196963.703125,184092.59375,182545.421875,,386926.28125,0.881992280483246,0.0299743916839361,0.167017966508865,-0.0766300857067108,-0.0459542796015739,0.0435997061431408,,,0.0332815051078796,7.95734739303589,1.5320737361908,0.426889330148697,0.395217776298523,0.0506133430661835,0.0509883649647236,0.0511243902146816,0.0620233173708184,0.0515576936304569,0.0518671290892058,,0.0527534745633602,0.0313359498977661,0.0643826797604561,29.0246802388905,189036.171875,221526.140625,182071.28125,191773.15625,185145.625,,475898.03125,,,0.008651999636421
MEX,Mexico,1953,1816.07,163101.203125,192833.546875,179418.109375,180470.125,,410378.15625,0.87262374162674,0.0311336144804955,0.16474936902523,-0.0688092261552811,-0.0483622848987579,0.0486647263169289,,,0.033403605222702,8.0521764755249,1.53264331817627,0.39795994758606,0.395217776298523,0.051648906307654,0.0520301163196564,0.0521046966314316,0.0627148376446583,0.0518009625375271,0.0525138126752812,,0.0601278096437454,0.0312305521219969,0.0569057427346706,29.8786972129204,184367.953125,216658.34375,177200.421875,190364.984375,182257.046875,,505845.21875,,,0.0086510003273123
MEX,Mexico,1954,1815.74,179816.578125,212723.3125,198775.953125,199850.984375,0.0324512086808682,437958.28125,0.869014143943787,0.0307391323149204,0.164656326174736,-0.0643429681658745,-0.0460130721330643,0.0459464862942696,1.17500388622284,1.25017440319061,0.0335937365889549,8.14266967773438,1.53321325778961,0.408521085977554,0.395217776298523,0.0431043909889981,0.0434151515364647,0.0436846911907196,0.0522005117094261,0.0434497073292732,0.0451575784223796,1.14282202720642,0.0589080341160297,0.0265074465423822,0.0596535839140415,30.7720686484211,203458.03125,239728.09375,196963.5,211174.09375,202351.453125,0.0432624667882919,540322.9375,1.44424748420715,1.58644676208496,0.0113500001193834
MLT,Malta,1954,,581.202209472656,670.381896972656,673.292541503906,285.872833251953,,1215.50085449219,1.74909436702728,0.28398522734642,0.311955720186234,-2.23256182670593,0.563519239425659,0.324007153511047,,,0.0524938479065895,0.0933279618620873,1.56199991703033,0.239699527621269,0.633094072341919,0.162901063643974,0.161972284317017,0.155456453561783,0.156251870299953,0.366133779287338,0.112991472796878,,0.102675169706345,0.113084986805916,0.0755787342786789,0.337846382838284,609.535888671875,742.889892578125,683.835083007813,790.571044921875,430.681854248047,,1322.24682617188,,,0.831919398096904
MUS,Mauritius,1950,,2235.95141601563,2455.1455078125,2661.95678710938,2598.65380859375,,2158.65844726563,0.7257519364357,0.134674906730652,0.084349125623703,-0.0760621502995491,0.0023247613571584,0.128961443901062,,,0.0476581901311874,0.108722329139709,1.3297917842865,0.320325881242752,0.505826890468597,0.0415050020509188,0.0394515097141266,0.0418363660573959,0.0283854144497405,0.0428554974496365,0.0661637805690119,,0.0889644101262093,0.070454478263855,0.0775169581174851,0.480216956981968,2057.8056640625,2476.54907226563,2835.6123046875,2504.72778320313,2742.35205078125,,5652.92822265625,,,4.76089994016171
MUS,Mauritius,1951,,2269.61059570313,2499.4091796875,2774.47314453125,2700.6123046875,,2269.8916015625,0.69121116399765,0.14919476211071,0.0850913152098656,-0.0810906812548637,0.0099270334467291,0.145666375756264,,,0.0488331168889999,0.111931823194027,1.33387219905853,0.31085816025734,0.505826890468597,0.0458481757622288,0.0431281849741936,0.045685064047575,0.0305266160706777,0.04693453758955,0.0709381494458815,,0.0920877903699875,0.0781322047114372,0.0800093561410904,0.497502070990743,2079.5361328125,2503.5537109375,2950.99853515625,2640.56420898438,2845.93896484375,,5941.0283203125,,,4.75990048949501
MUS,Mauritius,1952,,2437.31274414063,2647.95751953125,2909.44702148438,2791.86376953125,,2351.61767578125,0.704634070396423,0.168371513485909,0.075449526309967,-0.0842376574873924,0.006010019686073,0.129772514104843,,,0.0494742169976234,0.115242883563042,1.33796513080597,0.303020477294922,0.505826890468597,0.0496873948027808,0.0464147962629795,0.0489642024040222,0.0327189787367745,0.0510263964533806,0.0784627004389362,,0.095498837530613,0.0866188183426857,0.0949660167098045,0.515425789529194,2208.87548828125,2606.88305664063,3079.08032226563,2578.24951171875,2934.50317382813,,6169.24462890625,,,4.76189986766557
MUS,Mauritius,1953,,2382.95947265625,2646.28662109375,2914.88891601563,2769.78662109375,,2481.08520507813,0.704268217086792,0.15607225894928,0.0950713008642197,-0.0878857225179672,0.00278628221713,0.129687711596489,,,0.0501016639173031,0.118838869035244,1.34207057952881,0.297473102807999,0.505826890468597,0.0502012118600075,0.0470541343092918,0.0502135902643204,0.0328530998171296,0.0528441593050957,0.0788048961064616,,0.102495439350605,0.0855399891734123,0.105870865285397,0.534884091851302,2156.65795898438,2642.52490234375,3074.01953125,2623.37719726563,2899.18188476563,,6515.89501953125,,,4.76089994016171
MUS,Mauritius,1954,,2342.48022460938,2559.35717773438,2882.42626953125,2733.52368164063,0.0002156187256332,2563.43676757813,0.695565342903137,0.161379933357239,0.0793397054076195,-0.0835866704583168,0.0189775377511978,0.128324210643768,1.54184103012085,1.44301402568817,0.0505329333245754,0.122028827667236,1.34618878364563,0.283274859189987,0.505826890468597,0.0512751453830143,0.0478800013661385,0.0506308861076832,0.0332465614612635,0.0533888936042786,0.080343095315749,2.36202096939087,0.0947306156158447,0.0861480087041855,0.100440762937069,0.552764899733813,2115.462890625,2532.26586914063,3043.38891601563,2502.55810546875,2864.37036132813,0.055435985326767,6743.31298828125,0.979584693908691,0.947560489177704,4.75890056199115
MWI,Malawi,1954,,2661.94677734375,2851.59521484375,2642.9375,2647.68408203125,,1223.66711425781,0.862808763980866,0.142578050494194,0.0716280564665794,-0.0013892396818846,-0.0867662057280541,0.0111406221985817,,,0.0325198993086815,1.25024485588074,1.2892324924469,,,0.0846684189725916,0.0776475593447685,0.0804198831319809,0.0351609654609764,0.0802757143974304,0.119332811463407,,0.0747183710336685,0.193918764591217,0.0656446889042854,3.11326354654001,2306.55297851563,1970.13842773438,2681.23071289063,1247.22424316406,2657.13916015625,,665.776672363281,,,0.71428506228576
NGA,Nigeria,1950,,14896.4169921875,29969.056640625,64337.875,64053.12890625,,158543.765625,0.212710678577423,0.0198527704924345,0.235314667224884,-0.0483239367604256,0.519561648368835,0.060884166508913,,,0.0377653054893017,12.3079872131348,,0.112089954316616,0.330366373062134,0.0330337414355236,0.0319789946079254,0.0563398450613022,0.0206780032626365,0.0565903000533581,0.0804158743115153,,0.0527205131947994,0.0954132229089737,0.0554435104131699,31.9732421595727,50476.87890625,36542.42578125,61279.91015625,85820.2890625,63141.09765625,,375288.375,,,0.714386016304071
NGA,Nigeria,1951,,15930.2119140625,38034.421875,65224.9609375,64698.0078125,,169136.671875,0.223820984363556,0.0224031750112772,0.341652125120163,-0.0590740814805031,0.41106241941452,0.0601353645324707,,,0.0353299826383591,12.5558128356934,,0.109695620834827,0.330366373062134,0.0350538194616648,0.0337109565734863,0.0640745684504509,0.0202949515504206,0.0645964443683624,0.0859572277282099,,0.066382460296154,0.10642696171999,0.0714527666568756,32.6722449695832,54091.8515625,48283.328125,61569.40625,91046,63368.13671875,,403670.375,,,0.714386016304071
NGA,Nigeria,1952,,17445.630859375,43549.16015625,66423.515625,65181.45703125,,183023.40625,0.2394138276577,0.0282333306968212,0.4004747569561,-0.0723436325788498,0.336277067661285,0.0679446309804916,,,0.0333673432469368,12.8106384277344,,0.100597992539406,0.330366373062134,0.0338288390366502,0.0323771461844444,0.069387286901474,0.0200670223319592,0.0707094892859459,0.0941220774015996,,0.0575933270156384,0.11726788431406,0.0697458237409592,33.3918731362022,58598.3828125,56028.46875,62621.1484375,97126.9609375,63661.9140625,,439545.34375,,,0.714386016304071
NGA,Nigeria,1953,,17754.390625,45048.01171875,69172.3515625,67899.0546875,,198125.09375,0.237047970294952,0.0244341939687729,0.401973485946655,-0.0679349154233933,0.341085731983185,0.0633936002850533,,,0.0318737365305424,13.0726833343506,,0.100197985768318,0.330366373062134,0.0355322353142458,0.0346107818186283,0.0723016485571861,0.0256712968926999,0.0736574977636337,0.0968194058408564,,0.0596508793532848,0.119073525071144,0.0728373825550079,34.1328094404372,59586.90234375,59131.95703125,65584.046875,99493.0078125,66599.9453125,,478157.90625,,,0.714386016304071
NGA,Nigeria,1954,,19177.63671875,48336.37109375,77087.03125,75120.28125,0.0188865661621094,215205.84375,0.232074975967407,0.0232174079865217,0.388160616159439,-0.0702913850545883,0.360664337873459,0.0661740601062775,,,0.030757712200284,13.4306192398071,,0.106718063354492,0.330366373062134,0.0380457650418594,0.0369058586657047,0.0749603286385536,0.0255116590388295,0.0769228860735893,0.0999886667883248,1.4468195438385,0.0581998713314533,0.121546901762486,0.0761182010173798,35.1270574983858,64468.6875,64043.6640625,73495.421875,107756.03125,74031.375,0.0453723259270191,520549.6875,,,0.714386016304071
NIC,Nicaragua,1950,,4191.40283203125,4791.65478515625,5270.388671875,5220.2470703125,,7499.22216796875,0.747008919715881,0.0559038296341896,0.114985354244709,-0.0466455556452274,0.0950410589575768,0.0337064228951931,,,0.039544653147459,,1.22825920581818,,,0.0560029481853901,0.055905245244503,0.0559221096336842,0.0545997099389136,0.0564592443406582,0.0560398322445366,,0.136890858411789,0.0553490519523621,0.182394236326218,1.2961094612306,4541.98486328125,5400.1513671875,5245.85791015625,5293.29736328125,5262.189453125,,12631.626953125,,,1.4700029259080402e-9
NIC,Nicaragua,1951,,4371.91796875,5242.61767578125,5997.677734375,5952.46630859375,,7846.34716796875,0.685635447502136,0.0488362647593021,0.146275445818901,-0.0489839948713779,0.110023260116577,0.0582135394215584,,,0.0374999046325684,,1.23299121856689,,,0.0669699652201099,0.0670664981007576,0.0662577524781227,0.0684217448796775,0.0667610019445419,0.0621969071523527,,0.182970449328423,0.0639679953455925,0.172159910202026,1.33552813191152,4756.91943359375,5891.759765625,5961.72900390625,6031.4501953125,6010.177734375,,13297.5087890625,,,1.4700029259080402e-9
NIC,Nicaragua,1952,,5163.10498046875,6346.36669921875,6843.13134765625,6903.93359375,,8471.2177734375,0.699774324893951,0.0480754785239697,0.171389475464821,-0.0527281351387501,0.0794239491224289,0.0540649555623531,,,0.0359225086867809,,1.2377415895462,,,0.0671121116869565,0.0673950612545013,0.0663511455059052,0.0715135723611639,0.0657667964696884,0.0617960943481114,,0.194176256656647,0.0636139288544655,0.181065827608109,1.37623587744834,5590.97607421875,7092.34912109375,6778.68994140625,7131.87890625,6944.35888671875,,14369.8564453125,,,1.4700029259080402e-9
NIC,Nicaragua,1953,,5482.0126953125,6789.51611328125,7291.107421875,7309.20947265625,,9168.2412109375,0.699186623096466,0.0508277714252472,0.178884401917458,-0.0591699779033661,0.0775918662548065,0.0526792965829372,,,0.0347239077091217,,1.24251019954681,,,0.0747173480082671,0.0747854486107826,0.0730154812335968,0.0757222320232864,0.0728346556425095,0.0655944833835072,,0.179321274161339,0.0665948465466499,0.189253017306328,1.41840874943983,5906.98779296875,7575.25830078125,7217.69189453125,7428.71435546875,7334.49755859375,,15615.6962890625,,,1.4700029259080402e-9
NIC,Nicaragua,1954,,6273.2666015625,7858.75341796875,7705.51416015625,7911.7939453125,,10094.30859375,0.739260196685791,0.0536404214799404,0.200395375490189,-0.0691304132342339,0.0284395404160023,0.047394871711731,,,0.0338353887200356,,1.2472972869873,,,0.0749058219194374,0.0749183222651482,0.0732518285512924,0.0750906361690954,0.0713419690728188,0.0666580140613814,,0.180688500404358,0.0668958649039269,0.190808966755867,1.4622249104152,6765.22900390625,8786.4697265625,7653.4638671875,8355.2578125,7963.3154296875,,17233.8515625,,,1.4700029259080402e-9
NLD,Netherlands,1950,1972.29,71394.609375,96395.5625,90126.921875,94907.375,,394836.3125,0.590892255306244,0.161363363265991,0.263424783945084,-0.236689776182175,0.0394292399287224,0.181580156087875,,,0.0295416284352541,4.10914468765259,2.42432355880737,0.0656577125191689,0.694092690944672,0.064485940428964,0.0590840317308903,0.058736652135849,0.0393029242497171,0.0557781048119068,0.0577446603391121,,0.0924620851874352,0.0382546186447144,0.0870468690991402,10.1288483067928,105062.140625,141679.609375,93998.6171875,137120.125,103557.9140625,,560173.4375,,,1.72391109206421
NLD,Netherlands,1951,1982.78,70388.0078125,95596.453125,93740.609375,98915.1640625,,410931.71875,0.55265748500824,0.158942326903343,0.254849135875702,-0.233702823519707,0.0583107881247997,0.208943128585815,,,0.0302537977695465,4.12720346450806,2.43283414840698,0.0662800595164299,0.694092690944672,0.0716963058671322,0.0659744739532471,0.0644769966602325,0.0460791316859962,0.0611040070652962,0.0602956913067463,,0.106867551803589,0.041523851454258,0.096689023077488,10.2798602679864,103418.3515625,139102.90625,96876.6796875,140493.09375,108513.6796875,,585762.1875,,,1.7243649218414
NLD,Netherlands,1952,1989.13,72912.5546875,96477.734375,103608.328125,102341.328125,,425736.375,0.539434969425201,0.173009872436523,0.230260625481606,-0.238529697060585,0.0801944807171822,0.21562971174717,,,0.0306276977062225,4.11340141296387,2.44137501716614,0.0953629910945892,0.694092690944672,0.0714969291316902,0.0650499165058136,0.0608133748173714,0.0449484884970762,0.0615662522614002,0.0477051840671716,,0.0922442302107811,0.0328475050628185,0.098793737590313,10.3977152717027,105686.5703125,139412.890625,106561.078125,142922.96875,111122.1171875,,606770.375,,,1.72481863240929
NLD,Netherlands,1953,2010.34,78564.1640625,106818.2734375,111873.8984375,111429.71875,,445758.6875,0.526130437850952,0.178925335407257,0.25355988740921,-0.248530179262161,0.0726310983300209,0.217283442616463,,,0.0309382528066635,4.19413566589356,2.44994568824768,0.0945566520094872,0.694092690944672,0.0705866666772002,0.0637478306889534,0.0599611513316631,0.0436382094972407,0.0602001659572125,0.0494318035844168,,0.0869615152478218,0.03351029753685,0.0918644592165947,10.5090802415414,112697.421875,152829.875,115033.203125,156028.484375,120030.9609375,,636832.3125,,,1.7243649218414
NLD,Netherlands,1954,2035.57,84247.9375,115357.890625,115156.546875,117743.5,0.0376427620649338,469752.71875,0.532420694828033,0.183100238442421,0.264217972755432,-0.270586848258972,0.0613400600850582,0.229507893323898,0.745464026927948,0.730061709880829,0.0314244367182255,4.31417560577393,2.45854616165161,0.0746521651744843,0.694092690944672,0.0732051910464064,0.0662765949964523,0.0650848895311356,0.0461295413992537,0.0636549070477486,0.0618576682830622,0.430124849081039,0.0911011397838593,0.0413918793201447,0.0899092480540276,10.6314615543887,120756.0078125,165363.640625,118803.3359375,167594.890625,127136.8203125,0.0842746272683144,671776.0625,0.530714750289917,0.591149568557739,1.7243649218414
NOR,Norway,1950,2115.3,24252.294921875,35341.375,33874.77734375,33435.796875,,148125.375,0.598402202129364,0.126937001943588,0.331652909517288,-0.326059907674789,0.0838830918073654,0.185184672474861,,,0.0447634905576706,1.5061548948288,2.6010274887085,0.101495489478111,0.52678644657135,0.0774602079781443,0.0734246596693993,0.0727903768420219,0.0544004121559823,0.0737460553646088,0.0714031820462205,,0.0640289485454559,0.0551335848867893,0.0620916448533535,3.26340719635096,30290.771484375,48238.2734375,34233.7421875,60427.2265625,36488.23046875,,225044.46875,,,7.14389998799515
NOR,Norway,1951,2104.59,24736.48828125,35979.47265625,36684.91796875,34606.03515625,,153772.859375,0.578700959682465,0.136101737618446,0.324885040521622,-0.371890217065811,0.120961152017117,0.211241349577904,,,0.0485747791826725,1.50788640975952,2.59885048866272,0.0936346054077148,0.52678644657135,0.0868611805940124,0.0818022191524506,0.0829847455024719,0.0602916333726697,0.0879698693752289,0.0855865203962368,,0.0691875219345093,0.0688971877098084,0.0794393420219421,3.29413604132274,30817.53125,48496.01953125,36702.93359375,61767.05078125,38412.8671875,,233050.578125,,,7.14290006046454
NOR,Norway,1952,2093.93,26003.853515625,37947.21484375,38140.0859375,36967.953125,,160051.59375,0.561968684196472,0.141447454690933,0.323073327541351,-0.320073813199997,0.106526806950569,0.187057584524155,,,0.0510536804795265,1.50990390777588,2.59667539596558,0.0972358137369156,0.52678644657135,0.0934645829858007,0.0881123840808868,0.0882726535201073,0.0668481588961982,0.0910714715719223,0.088621590926772,,0.0779568329453468,0.0710785686969757,0.083989791572094,3.3259762851883,32107.73828125,50840.8046875,37999.41796875,64932.14453125,40297.0546875,,241560.09375,,,7.14190013293394
NOR,Norway,1953,2083.33,27534.55078125,40576.3125,39303.94921875,39218.46484375,,166960.3125,0.55273699760437,0.149344325065613,0.332541346549988,-0.300257831811905,0.0869023501873016,0.178732797503471,,,0.0528550632297993,1.51225256919861,2.59450197219849,0.103063873946667,0.52678644657135,0.0938590097580964,0.088230162858963,0.0866678953170776,0.0673972842154918,0.0868568122386932,0.0833695470903267,,0.0794571414589882,0.0658148229122162,0.0755194872617722,3.35911880069933,33683.65234375,54312.32421875,39218.77734375,69447.7109375,42252.3125,,251514.796875,,,7.14290006046454
NOR,Norway,1954,2072.78,28466.109375,41941.29296875,40385.125,40139.26953125,0.0143049079924822,174203.78125,0.556106388568878,0.153077140450478,0.335710734128952,-0.319625198841095,0.0837255045771599,0.191005483269691,0.625568330287933,0.653386056423187,0.0544826649129391,1.51445066928864,2.59233069419861,0.09755739569664,0.52678644657135,0.0981082537600405,0.0917307585477829,0.0918554291129112,0.0685622618796551,0.0924180522561073,0.0921188004304054,0.866594076156616,0.079742357134819,0.0704461708664894,0.0742845684289932,3.39245933775427,34796.125,56357.12109375,40480.34375,72116.7265625,43344.28515625,0.0925531685352325,261777.03125,0.569796681404114,0.591893255710602,7.14290006046454
NZL,New Zealand,1950,,18801.564453125,25772.48046875,27334.642578125,25434.162109375,,51392.9453125,0.601928949356079,0.137295916676521,0.274076879024506,-0.151548385620117,-0.0610157027840614,0.199262395501137,,,0.0240390580147505,0.843784153461456,2.73010182380676,0.12575176358223,0.628498494625092,0.0862422810907252,0.0815534517168999,0.0802780911326408,0.060996801774465,0.0862765908241272,0.0768382740211703,,0.0756317973136902,0.0932313427329063,0.108684688806534,1.90434714454129,23548.9296875,29761.578125,28387.611328125,30486.548828125,26085.220703125,,57280.44921875,,,0.714222359387259
NZL,New Zealand,1951,,19642.373046875,26328.5859375,25742.771484375,23342.232421875,,54470.6484375,0.674566686153412,0.166928380727768,0.28644272685051,-0.257422477006912,-0.111443899571896,0.240928560495377,,,0.0243499968200922,0.851836919784546,2.7433352470398,0.105004653334618,0.628498494625092,0.0964618539686086,0.0904516726732254,0.0887551009654999,0.0661641883458223,0.0978827625513077,0.0837710289297268,,0.0786778181791306,0.105361685156822,0.120095372200012,1.94334494172847,24556.37109375,30135.923828125,26517.642578125,29910.55859375,23980.513671875,,60577.140625,,,0.714322375979484
NZL,New Zealand,1952,,18594.87890625,24903.646484375,25174.134765625,24599.974609375,,57200.5078125,0.585736870765686,0.170153304934502,0.256454259157181,-0.187740385532379,-0.0903272405266762,0.265723198652267,,,0.024545393884182,0.88105833530426,2.75663280487061,0.0936170816421509,0.628498494625092,0.103426166164709,0.0959874540567398,0.0947137027978897,0.0703803814781176,0.0969243049621582,0.0909593695179468,,0.0912851765751839,0.113560616970062,0.101362012326717,1.99065150215239,22905.67578125,28188.328125,25808.359375,29907.884765625,25106.20703125,,63445.8125,,,0.71442239257171
NZL,New Zealand,1953,,19786.48046875,25345.640625,26853.75390625,25542.734375,,59250.73046875,0.605508983135223,0.169133275747299,0.217641577124596,-0.153308287262917,-0.0623638294637203,0.223388314247131,,,0.0246807336807251,0.892343521118164,2.76999497413635,0.105078406631947,0.628498494625092,0.107413443697562,0.0998274981975555,0.0979173704981804,0.0726692941190842,0.102943114936352,0.0911186943438508,,0.0926112905144692,0.111183792352676,0.118176765739918,2.0431392029069,24289.013671875,28795.626953125,27515.650390625,30544.080078125,26015.607421875,,65667.3984375,,,0.714122342795033
NZL,New Zealand,1954,,21654.240234375,29811.75,29365.869140625,27971.251953125,0.0053557530045509,63509.5078125,0.625374913215637,0.148785665631294,0.291639059782028,-0.177434757351875,-0.0805271342396736,0.192162230610847,0.914769113063812,0.974562764167786,0.0249952524900436,0.912081480026245,2.78342175483704,0.109382160007954,0.628498494625092,0.109552061060368,0.103065051138401,0.100497335195541,0.0757988961063977,0.105508022010326,0.0936812967234696,1.44562196731567,0.0923593193292618,0.112928628921509,0.121158093214035,2.08843293081886,26824.90234375,34048.18359375,30189.3359375,34144.85546875,28591.869140625,0.0688258856534958,70105.4140625,0.866346716880798,0.804536640644074,0.714322375979484
PAK,Pakistan,1950,,53346.7734375,54604.02734375,54860.08203125,52023.71875,,32429.62890625,0.926537394523621,0.0988943800330162,0.0241669602692127,-0.096602700650692,-0.0105544459074736,0.0575583949685097,,,0.0406689867377281,11.7267427444458,1.11996483802795,,,0.0823499147008368,0.0785044431686401,0.0796206519007683,0.04247640549468,0.0839616134762764,0.126982481503494,,0.07391756772995,0.0690447390079498,0.146263435482979,36.1226059393988,47139.3828125,49755.5234375,55865.1015625,40280.671875,53462.82421875,,39391.7265625,,,3.30962518744545
PAK,Pakistan,1951,,56027.55078125,57791.98046875,54555.1875,52416.57421875,,33529.55078125,0.963115155696869,0.105774819850922,0.0336616784334183,-0.116862758994102,-0.0283591523766518,0.0426702462136745,,,0.0410031788051128,11.8719520568848,1.12027418613434,,,0.0909791568345405,0.0863681584596634,0.0877072364091873,0.0443834419287867,0.091285727918148,0.130228328178421,,0.0761032849550247,0.0741495192050934,0.142169058322907,36.9778437582707,49664.85546875,52965.16796875,55686.78515625,40823.78125,54474.7890625,,41209.02734375,,,3.30962518744545
PAK,Pakistan,1952,,53077.37890625,55189.20703125,53245.6484375,51935.0390625,,35247.08984375,0.91649204492569,0.105503499507904,0.0406628400087357,-0.103085488080978,-0.0239094365388155,0.0643365681171417,,,0.0419016256928444,12.0198602676392,1.12058353424072,,,0.0898671066193501,0.0850545912981033,0.0865944102406502,0.043249009712079,0.0887796506285667,0.12529530235611,,0.0657394006848335,0.0717817544937134,0.0879568085074425,37.860900664162,46729.94921875,50441.19140625,54071.83203125,41911.265625,53476.11328125,,43588.47265625,,,3.31062535339647
PAK,Pakistan,1953,,53981.4375,56412.5859375,55008.73828125,54554.81640625,,37227.22265625,0.88592404127121,0.103565819561481,0.0445634014904499,-0.0688315406441689,-0.0221750363707542,0.0569532588124275,,,0.0430857092142105,12.1705026626587,1.12089312076569,,,0.086882381589583,0.0820976942777634,0.0837342962622643,0.0411684330379061,0.0844310149550438,0.120073683210109,,0.078260563313961,0.0682760402560234,0.0896232277154923,38.7727966436887,47253.09765625,51448.6328125,55608.51171875,45791.296875,55720.4375,,46520.01953125,,,3.30862502149444
PAK,Pakistan,1954,,55839.34765625,58302.82421875,55700.484375,55040.44921875,,39205.94921875,0.911292850971222,0.103221856057644,0.0447575636208057,-0.0717673525214195,-0.028719199821353,0.0412142276763916,,,0.0442422889173031,12.3242177963257,1.12120270729065,,,0.0831238465028782,0.0786609053611755,0.0803149193525314,0.0392598581258604,0.0812780484557152,0.117806215033575,,0.0749890506267548,0.0666096806526184,0.0950807854533196,39.7156450252847,49005.55859375,53326.10546875,56375.88671875,45402.921875,56268.8046875,,49400.55859375,,,3.30962518744545
PAN,Panama,1950,,2125.40747070313,2452.76220703125,2281.19091796875,2029.14282226563,,2612.07104492188,0.906980991363525,0.140460073947907,0.16132664680481,-0.400005131959915,0.0843114629387856,0.106925956904888,,,0.0404558852314949,,1.66475367546082,,,0.139372906570258,0.130544289946556,0.129080817103386,0.0735359679333084,0.145114466547966,0.119578972932837,,0.0827285200357437,0.110397323966026,0.0929874032735825,0.882027732559009,3182.66357421875,4010.86889648438,2293.04052734375,3248.02221679688,2127.03393554688,,6099.34423828125,,,1
PAN,Panama,1951,,2152.64233398438,2422.1923828125,2196.54370117188,1932.91271972656,,2724.5908203125,0.949300289154053,0.164377748966217,0.139452740550041,-0.429575324058533,0.0640147030353546,0.11242987960577,,,0.0398202054202557,,1.67639875411987,,,0.15136080129527,0.138982817530632,0.137657091021538,0.0674985270224654,0.156432196497917,0.127069787693111,,0.0849124118685722,0.121370017528534,0.0924326181411743,0.904815124392698,3211.994140625,3940.5751953125,2202.58764648438,3219.201171875,2104.80126953125,,6360.21044921875,,,1
PAN,Panama,1952,,2441.84643554688,2720.45849609375,2420.83178710938,2149.22119140625,,2851.7421875,0.949459731578827,0.186694338917732,0.129633992910385,-0.420923203229904,0.0585673004388809,0.0965677797794342,,,0.0390934087336063,,1.6881251335144,,,0.142013417720799,0.131173059344292,0.130729243159294,0.0760429492050485,0.147250309586525,0.126839451811762,,0.0866238102316856,0.120693385601044,0.0995437204837799,0.929047341331006,3592.44653320313,4372.3203125,2413.73754882813,3392.12817382813,2271.7841796875,,6632.22119140625,,,1
PAN,Panama,1953,,2380.85424804688,2780.8173828125,2566.68188476563,2357.29516601563,,3080.06225585938,0.861756443977356,0.148237675428391,0.169670358300209,-0.348647028207779,0.0794054940342903,0.0895771086215973,,,0.0387739390134811,,1.69993352890015,,,0.141429617113959,0.131112679839134,0.130671858787537,0.0711368315962668,0.142278790473938,0.12804775805018,,0.0936789512634277,0.119223773479462,0.105975896120071,0.950895903153385,3516.35473632813,4489.07470703125,2551.11010742188,3598.88891601563,2425.84985351563,,7136.24951171875,,,1
PAN,Panama,1954,,2670.388671875,2995.35083007813,2753.37524414063,2508.8642578125,,3240.23754882813,0.918724000453949,0.145657479763031,0.129525616765022,-0.340603947639465,0.0665338635444641,0.0801629275083542,,,0.0385693609714508,,1.71116721630096,,,0.137667327147617,0.128720819950104,0.127933442592621,0.0722913330610414,0.14040170609951,0.121463229630523,,0.0900979936122894,0.111242339015007,0.112362399697304,0.973505401485119,3967.49877929688,4875.87939453125,2742.76416015625,3727.95776367188,2582.046875,,7487.6181640625,,,1
PER,Peru,1950,2508.68,17302.1796875,19248.171875,19345.732421875,19284.357421875,,24848.271484375,0.787482380867004,0.109730780124664,0.100910358130932,-0.083070695400238,-0.0380483418703079,0.122995525598526,,,0.0367465019226074,2.52790188789368,1.38978123664856,0.239263892173767,0.64063286781311,0.049946652158753,0.0492631047964096,0.0515378415584564,0.0443576428887427,0.0517018660902977,0.0717629265722673,,0.0987826585769653,0.0471874810755253,0.0848311558365822,7.81094211184063,26384.603515625,31421.1796875,19477.951171875,34803.93359375,19573.8671875,,72489.90625,,,1.47999997907694e-8
PER,Peru,1951,2496.58,18710.466796875,21480.48828125,21138.70703125,20755.298828125,,27007.232421875,0.794528305530548,0.106950677931309,0.13346092402935,-0.117055431008339,-0.0377772450447083,0.119892776012421,,,0.042898278683424,2.573162317276,1.39902317523956,0.259732216596603,0.64063286781311,0.0562256556732014,0.0554407276213169,0.0569291710853577,0.0496095452679635,0.0579808130860329,0.0669830765170412,,0.0924130752682686,0.048144742846489,0.100676186382771,8.00917050067134,28631.84765625,35303.0390625,21250.859375,37653.52734375,21101.599609375,,80270.9765625,,,1.5199998920941e-8
PER,Peru,1952,2484.54,19385.955078125,22572.470703125,21598.361328125,22079.51953125,,29431.412109375,0.764397203922272,0.113609030842781,0.144319951534271,-0.11481012403965,-0.0316229350864887,0.124106928706169,,,0.0485923811793327,2.62418270111084,1.40832650661469,0.188698500394821,0.64063286781311,0.0570591833544646,0.0561940371990204,0.0597993060946465,0.0503730547816393,0.0584961473941803,0.0817328704644426,,0.103128783404827,0.060526542365551,0.089050680398941,8.21333425399437,29474.15234375,37041.80078125,21609.86328125,40002.125,22299.556640625,,88611.359375,,,1.54999989347034e-8
PER,Peru,1953,2472.56,20254.99609375,23648.23828125,22455.740234375,23338.2421875,,31808.9375,0.756851077079773,0.111037619411945,0.145394086837769,-0.10954200476408,-0.0262047238647938,0.122463926672935,,,0.0528824999928474,2.67671394348145,1.41769170761108,0.158706143498421,0.64063286781311,0.0470248487769192,0.0462895333766937,0.0502176694571972,0.0412775076512297,0.048318762332201,0.0736655704925395,,0.0882765427231789,0.0552216283977032,0.0683485418558121,8.42455964174712,30633.44921875,38827.8671875,22415.619140625,42136.8125,23466.08203125,,97025.5,,,1.97999991319653e-8
PER,Peru,1954,2460.64,22094.4296875,24988.603515625,24392.212890625,24815.44921875,0.002917701145634,33437.05859375,0.76582932472229,0.124520488083363,0.116627886891365,-0.089536227285862,-0.0391489416360855,0.121707461774349,0.688303351402283,0.692823112010956,0.0552301667630672,2.73125147819519,1.42711925506592,0.184861898422241,0.64063286781311,0.0530217088965925,0.0519053190946579,0.0544558241963387,0.0450392580427549,0.0535270646214485,0.0739266638948423,1.15534174442291,0.108179099857807,0.0548251830041409,0.0860484465956688,8.64448385441481,33376.68359375,40556.87109375,24402.96875,44855.33203125,25012.396484375,0.0491079390048981,102867.8515625,1.40422177314758,1.25416254997253,1.88999990906779e-8
PHL,Philippines,1950,,26923.267578125,32180.64453125,33807.5703125,31898.638671875,,73939.703125,0.716270446777344,0.127755090594292,0.164815098047256,-0.160832732915878,0.0376932099461556,0.114298850297928,,,0.0384237393736839,6.57990407943726,1.28723609447479,0.276328712701798,0.440351277589798,0.11418721466511,0.107836656272411,0.112566277384758,0.0722316835207386,0.119302652776241,0.136786885645471,,0.0752878785133362,0.083785243332386,0.116825930774212,20.5940057466507,38036.1328125,44142.94921875,34017.91796875,45417.96484375,32684.14453125,,95670.140625,,,1.9994307226029
PHL,Philippines,1951,,28725.216796875,34184.87890625,34816.40625,32405.7734375,,77033.9921875,0.755678832530975,0.130744010210037,0.168478012084961,-0.214551210403442,0.0213204491883516,0.138329923152924,,,0.0387687496840954,6.76772308349609,1.31666076183319,0.279248356819153,0.440351277589798,0.125307999098426,0.117966532707214,0.121687546372414,0.0755340474299392,0.130739763379097,0.141265176325687,,0.0752201676368713,0.0880518779158592,0.113660216331482,21.2215383604536,40780.6875,46730.15625,34903.109375,50198.796875,33529.7734375,,101070.96875,,,1.9994307226029
PHL,Philippines,1952,,31494.259765625,36790.05859375,36793.9921875,35880.65625,,80882.8203125,0.74614554643631,0.131604805588722,0.147594839334488,-0.161147758364677,-0.0025784606114029,0.138381004333496,,,0.0387684442102909,6.96088409423828,1.34675812721252,0.285352259874344,0.440351277589798,0.125083339246461,0.117438830435276,0.120448134839535,0.0740975707222262,0.123514115810394,0.1383446105883,,0.0794636830687523,0.0861655026674271,0.0949340909719467,21.8681911536025,44442.59375,49897.87109375,36711.54296875,53386.0234375,36773.63671875,,105934.640625,,,2.00040370885642
PHL,Philippines,1953,,34966.65625,41536.015625,42286.453125,40393.94140625,,86578.8203125,0.743421733379364,0.122219368815422,0.162632256746292,-0.145607948303223,0.0020208123605698,0.115313775837421,,,0.0391984581947327,7.15953731536865,1.37754344940186,0.287613868713379,0.440351277589798,0.1115689102763,0.106437042355537,0.111174888908863,0.075221502633575,0.116383589804173,0.136392987384893,,0.080639511346817,0.085197851061821,0.117696031928062,22.5345496653248,49247.73046875,56604.9140625,42103.14453125,58166.86328125,41075.91015625,,112974.09375,,,1.9994307226029
PHL,Philippines,1954,,37898.953125,45047.87109375,45050.296875,43235.90625,0.0077543370425701,92393.796875,0.756142497062683,0.120419502258301,0.165346771478653,-0.150429040193558,-0.0044516888447105,0.112971961498261,0.496142685413361,0.516724646091461,0.0405041240155697,7.36382722854614,1.4090324640274,0.314213842153549,0.440351277589798,0.110334951797182,0.105312578380108,0.108044221997261,0.0737759261158284,0.11257828772068,0.122525603941354,2.48077511787415,0.0783897936344147,0.0762487128376961,0.10887061804533,23.2212124468308,53481.5546875,61655.62109375,44966.44140625,62549.30078125,44040.58984375,0.0271584130823612,120733.4609375,1.23987019062042,1.12977111339569,1.99845773634939
PRT,Portugal,1950,1795.04,23603.421875,27698.234375,26639.8046875,26383.0390625,,59417.1015625,0.80732935667038,0.0873144492506981,0.155206233263016,-0.165842905640602,0.0130271706730127,0.102965705096722,,,0.0254288725554943,3.23255634307861,1.24187684059143,0.116519384086132,0.700506508350372,0.0647904353204422,0.0656952112913132,0.0675348415970802,0.074060979880028,0.0681921020150185,0.0781388985526517,,0.0564400143921375,0.0575858131051064,0.0559649951756001,8.09298949235206,30946.70703125,37180.6015625,26713.8984375,35571.109375,26789.021484375,,152027.1875,,,0.143454269737393
PRT,Portugal,1951,1783.63,25844.75,29969.78515625,29387.50390625,29168.36328125,,61601.87109375,0.803105711936951,0.0829484164714813,0.141421586275101,-0.156214639544487,0.024127347394824,0.104611538350582,,,0.0251760706305504,3.23114705085754,1.24789369106293,0.116197057068348,0.700506508350372,0.0648624893476593,0.0655390620231628,0.0676339045166969,0.0720896308860497,0.0681420341134071,0.0807587806099056,,0.0670083090662956,0.0617428459227085,0.0714398473501205,8.13852136566601,33973.67578125,40001.62109375,29408.16015625,38848.00390625,29870.66796875,,158014.375,,,0.143404395550473
PRT,Portugal,1952,1772.3,27280.556640625,31844.33984375,30551.169921875,30625.201171875,,64486.37890625,0.810543060302734,0.0802447870373726,0.149020537734032,-0.138683840632439,0.0161636043339968,0.0827118456363678,,,0.0249316301196814,3.22508907318115,1.25393974781036,0.116499312222004,0.700506508350372,0.0645105367966841,0.0650767832994461,0.067206397652626,0.0707963986990001,0.0670439451932907,0.0799364458190783,,0.0754926651716232,0.0610041245818138,0.0791676566004753,8.17283824868111,35666.83203125,42365.61328125,30438.498046875,40429.79296875,31081.1484375,,165125.625,,,0.143454269737393
PRT,Portugal,1953,1761.04,28702.916015625,33949.09375,32598.41796875,32426.587890625,,68015.9375,0.805806338787079,0.0793597176671028,0.161786288022995,-0.132573217153549,0.0122549356892705,0.0733658894896507,,,0.0247277095913887,3.22529983520508,1.26001501083374,0.118367999792099,0.700506508350372,0.0647952241523784,0.0653109773993492,0.0679404512047768,0.0705478874095314,0.0683004707098007,0.0823267969447861,,0.0717414692044258,0.0617544017732143,0.0796560272574425,8.22354704488897,37326.08203125,45231.55859375,32417.341796875,42557.02734375,32638.396484375,,174288.859375,,,0.143404395550473
PRT,Portugal,1954,1749.85,30214.669921875,35388.21875,34268.62109375,33752.62109375,0.0054900697432458,71530.84375,0.811974704265595,0.0832052901387215,0.153278380632401,-0.146533519029617,0.017561687156558,0.080513522028923,0.879296004772186,0.92152863740921,0.0245517119765282,3.18784856796265,1.26611971855164,0.12202811986208,0.700506508350372,0.0632023521582018,0.0638577342033386,0.0661591067910194,0.0702533941437296,0.0671705231070519,0.0795996503416245,0.87339985370636,0.0673451945185661,0.0588342398405075,0.0806591957807541,8.27449535262752,39329.3125,47208.9375,34172.84375,44455.765625,34045.44921875,0.0422363504767418,183145.53125,0.743416786193848,0.707925200462341,0.143404395550473
PRY,Paraguay,1951,,3107.32348632813,3423.24853515625,3692.5068359375,4072.0556640625,,4100.12548828125,0.607722938060761,0.155361771583557,0.0775836780667305,-0.0768252313137054,0.0649411603808403,0.171215683221817,,,0.0411965250968933,0.557894110679627,1.41813921928406,0.246890544891357,0.465143918991089,0.110496925402989,0.106950655579567,0.118958376348019,0.0930788340341392,0.107870489358902,0.237061991503442,,0.131782069802284,0.191661536693573,0.0641582012176514,1.46099739463799,4372.67529296875,4523.96240234375,3600.51953125,5932.74072265625,4044.22509765625,,10811.0595703125,,,6.30342388153076
PRY,Paraguay,1952,,3146.01684570313,3588.30346679688,3619.14501953125,3948.86962890625,,4350.11669921875,0.657907009124756,0.138780951499939,0.112003333866596,-0.0843202993273735,0.0203748662024736,0.155254185199738,,,0.0425719432532787,0.567794978618622,1.42834758758545,0.230573192238808,0.465143918991089,0.126477198195995,0.121840536594391,0.140384241938591,0.0998599173754098,0.12866236269474,0.272287024976769,,0.159820675849915,0.220213398337364,0.076977513730526,1.50012034771474,4426.474609375,4903.34423828125,3510.62670898438,5975.92626953125,3913.99389648438,,11475.1748046875,,,9.86074924468994
PRY,Paraguay,1953,,3101.56591796875,3645.78857421875,3486.24926757813,3752.29418945313,,4682.0380859375,0.704229295253754,0.122349269688129,0.145037293434143,-0.079484336078167,-0.0200533829629421,0.127921909093857,,,0.044440284371376,0.577784895896912,1.4386293888092,0.208978980779648,0.465143918991089,0.0909131632739851,0.0879950225353241,0.104544512927532,0.0711985036688339,0.0971321016550064,0.198861321776358,,0.124542705714703,0.158232629299164,0.0578635893762112,1.54017463821464,4364.87451171875,5146.923828125,3372.9072265625,5857.58837890625,3711.4365234375,,12371.9189453125,,,24.2838554382324
PRY,Paraguay,1954,,3251.16479492188,3706.25170898438,3777.44262695313,4102.482421875,,4912.96240234375,0.659161567687988,0.133325576782227,0.110929638147354,-0.0702143684029579,0.0237791985273361,0.143018394708633,,,0.0457779802381992,0.587849617004395,1.44898521900177,0.209288358688355,0.465143918991089,0.102018120958721,0.0991974100470543,0.114999532699585,0.0852518365311181,0.105888120830059,0.227890714049054,,0.141513884067535,0.179023489356041,0.0658235773444176,1.58117762167897,4559.08349609375,5088.74853515625,3662.39526367188,6222.615234375,4067.38842773438,,12996.9931640625,,,28.6259326934814
SLV,El Salvador,1950,,3663.41333007813,3898.93505859375,4225.42529296875,3770.60327148438,,2598.7197265625,0.859349846839905,0.112222380936146,0.0624625980854034,-0.271262645721436,0.0048476331867277,0.232380196452141,,,0.0430631004273891,,1.22176742553711,,,0.0602921866576124,0.059329230338335,0.0629582181572914,0.0519553401810808,0.0705524310469627,0.119405166231626,,0.0490253306925297,0.0971362665295601,0.0792157575488091,1.97472641638483,8755.8955078125,10089.5810546875,4405.423828125,8833.8251953125,3980.51342773438,,16077.20703125,,,1
SLV,El Salvador,1951,,3905.22973632813,4193.46044921875,4469.95947265625,3671.70483398438,,2803.88671875,0.939920008182526,0.123681165277958,0.0785004571080208,-0.379676461219788,0.0048340437933802,0.232740744948387,,,0.0474860407412052,,1.22731792926788,,,0.0691655424296332,0.0680074021220207,0.0724125653505325,0.0592060446165432,0.0881555750966072,0.132098094413611,,0.0479599423706532,0.110149629414082,0.099837139248848,2.02558184515029,9363.0615234375,10920.123046875,4662.40087890625,9181.6201171875,3983.4326171875,,17184.125,,,1
SLV,El Salvador,1952,,4207.986328125,4513.41015625,4755.27197265625,4018.13354492188,,2997.9658203125,0.921853005886078,0.125396013259888,0.0760113373398781,-0.342852890491486,0.0048073311336338,0.214785203337669,,,0.0512345209717751,,1.23289358615875,,,0.0677973260525917,0.0665012523531914,0.0709381476044655,0.0569731445766326,0.0839519500732422,0.132067569037598,,0.0527521409094334,0.10954425483942,0.102207191288471,2.07964713140867,10032.4306640625,11684.505859375,4937.064453125,9856.5673828125,4291.71728515625,,18279.05078125,,,1
SLV,El Salvador,1953,,4592.05908203125,4905.45068359375,5112.62353515625,4402.32470703125,,3190.19018554688,0.91463166475296,0.12846702337265,0.0711877644062042,-0.31626757979393,0.004772016312927,0.197209134697914,,,0.0541004277765751,,1.23849475383759,,,0.0719848443673024,0.0705431923270226,0.075027734041214,0.0602792406592501,0.0871331840753555,0.140738715358833,,0.0542836263775826,0.114058569073677,0.102850921452045,2.13692506634042,10883.421875,12617.00390625,5288.05908203125,10607.3466796875,4610.19775390625,,19349.671875,,,1
SLV,El Salvador,1954,,4891.68603515625,5194.99462890625,5419.1318359375,4452.05859375,,3352.28637695313,0.955147206783295,0.143599823117256,0.0681276917457581,-0.352311491966248,0.0047519654035568,0.180684819817543,,,0.0561091080307961,,1.2441211938858,,,0.0754285507413874,0.0737695395946503,0.0778801143169403,0.062734690713722,0.0947971865534782,0.144174542960076,,0.0569888167083263,0.114944018423557,0.130327418446541,2.19741916925999,11585.3173828125,13307.005859375,5611.86279296875,10884.427734375,4654.9697265625,,20282.259765625,,,1
SWE,Sweden,1950,1799.86,63557.82421875,82124.2421875,82144.6171875,78920.5703125,,264431,0.660359621047974,0.144979491829872,0.235254496335983,-0.238117456436157,0.0084975725039839,0.189026206731796,,,0.0261221118271351,3.41047310829163,2.31756186485291,0.077801488339901,0.624727666378021,0.0857479753366049,0.0835581123828888,0.0864831507205963,0.0735836294885853,0.0900161489844322,0.0964963469558239,,0.0625305697321892,0.0832997411489487,0.0748416185379028,7.01398529133846,92699.359375,112828.9765625,86332.71875,99905.0546875,83715.1875,,480072.25,,,5.16999993651098
SWE,Sweden,1951,1791.83,63628.22265625,87424.5703125,88074.0546875,80968.1875,,276864.4375,0.633655726909638,0.152186527848244,0.293897479772568,-0.29931104183197,0.0060012214817106,0.213570073246956,,,0.0270770229399204,3.44402861595154,2.33160853385925,0.0799430087208748,0.595321357250214,0.0970315735256143,0.0948363468050957,0.0992970764636993,0.0856961217510461,0.108011513948441,0.111224476074041,,0.0722736418247223,0.104387648403645,0.101983435451984,7.07281014052308,92782.8984375,119817.9765625,91855.3203125,102769.71875,86440.84375,,499860.0625,,,5.17319999059316
SWE,Sweden,1952,1791.83,66484.4453125,89021.421875,88094.6015625,82950.171875,,287130.34375,0.642549991607666,0.158948615193367,0.271692961454392,-0.258513778448105,0.0002297227329108,0.185092508792877,,,0.02796302549541,3.41566348075867,2.34574031829834,0.0601521544158459,0.640455603599548,0.103428506280922,0.102208390831947,0.107971683144569,0.0972760604431454,0.114667899906635,0.124973506157969,,0.0795183256268501,0.114221654832363,0.104401022195816,7.12465268300312,96325.8203125,121024.4140625,91458.4453125,104381.09375,87264.328125,,515726.90625,,,5.17220006309944
SWE,Sweden,1953,1773.97,69499.921875,91230.765625,90960.2109375,86861.8046875,,295114.65625,0.634198009967804,0.165922611951828,0.250177174806595,-0.229293316602707,0.0037427975330501,0.175252735614777,,,0.0284328199923039,3.40765953063965,2.35995769500732,0.0593108795583248,0.650445282459259,0.104355080318728,0.102988757193089,0.108119763433933,0.0977663339092882,0.113221190869808,0.124529843402179,,0.0785920917987824,0.112401224672794,0.0984869748353958,7.1714407659415,100030.6640625,123690.84375,94412.6015625,107961.9140625,90481.28125,,529938.6875,,,5.17419991808688
SWE,Sweden,1954,1783.79,72245.734375,97472.0078125,95843.7265625,90952.1875,0.0292211826890707,307430.78125,0.627500534057617,0.166826009750366,0.277357488870621,-0.252483874559402,-0.0012122087646275,0.182012021541595,0.79198545217514,0.848411560058594,0.0288688354194164,3.43589353561401,2.37426114082336,0.0675727725028992,0.645982146263123,0.106535588319795,0.104595005512238,0.108741715550423,0.0972956835730637,0.114590011537075,0.120617508003133,0.891670942306519,0.078671857714653,0.105927512049675,0.0991996452212334,7.21346955070202,103957.6953125,133122.8125,99820.890625,114228.359375,95127.203125,0.107569299638271,549681.375,0.576840996742249,0.664372324943543,5.17220006309944
THA,Thailand,1950,,20848.115234375,23307.427734375,25859.38671875,26238.6484375,,50556.5234375,0.694170296192169,0.100387156009674,0.0937286391854286,-0.0600567013025284,0.0505193993449211,0.121251195669174,,,0.0404909215867519,8.74141597747803,1.2117041349411,0.299632430076599,0.424443364143372,0.0430509445085267,0.0432265624403954,0.0451311431825161,0.0444409594558049,0.0444788038730621,0.0612766945126637,,0.120933212339878,0.038162425160408,0.0775682404637337,19.4275536754955,25167.61328125,28952.97265625,26011.732421875,31619.109375,27190.65625,,68703.625,,,21.8818348536021
THA,Thailand,1951,,20673.32421875,23277.75390625,25817.91015625,25398.900390625,,51888.26171875,0.709040880203247,0.104904778301716,0.102541029453278,-0.0915321856737137,0.0487058982253075,0.126339629292488,,,0.0406276695430279,8.95013999938965,1.2247679233551,0.298659116029739,0.424443364143372,0.0492037485861258,0.0492576695978642,0.0510116182267666,0.0496221200713457,0.0518531687557697,0.0649340655621114,,0.104888685047627,0.0420500822365284,0.0963817313313484,20.0205168291857,25020.859375,28902.974609375,25936.41796875,30150.580078125,26298.44921875,,70845.890625,,,21.5618008144591
THA,Thailand,1952,,21151.2734375,23933.224609375,25414.150390625,25510.658203125,,53674.27734375,0.720560491085053,0.108554638922215,0.109050557017326,-0.121094830334187,0.0521780848503113,0.130751073360443,,,0.0407274477183819,9.16590690612793,1.23797249794006,0.292700380086899,0.424443364143372,0.0625629979748939,0.0625072792172432,0.0644861832261086,0.06213740547963,0.0642422214150429,0.0795318724675203,,0.0874833092093468,0.0514561012387276,0.0840164795517921,20.637096079543,25461.197265625,29616.25390625,25418.3046875,29387.724609375,26290.013671875,,73218.4140625,,,18.8715846487685
THA,Thailand,1953,,20120.5703125,22940.271484375,23845.525390625,23732.00390625,,55340.109375,0.722526609897614,0.12529768049717,0.118814311921597,-0.149793803691864,0.0472732111811638,0.135882005095482,,,0.0408007800579071,9.39465427398682,1.25131940841675,0.249068528413773,0.424443364143372,0.0709069335144927,0.0707119330763817,0.0739412307739258,0.0695874646893323,0.074294924736023,0.096984580206482,,0.0848947167396545,0.0617586597800255,0.0884960368275642,21.2911767225799,24079.37109375,28383.03515625,23785.5234375,26537.7734375,24293.76171875,,75647.4140625,,,18.2315299219234
THA,Thailand,1954,,22056.333984375,24994.6640625,25703.837890625,25848.05859375,0.0043603964149951,57222.5625,0.725234270095825,0.128072887659073,0.11367704719305,-0.136493429541588,0.0480415113270283,0.121467746794224,0.351609587669373,0.339862167835236,0.0408587604761124,9.63917541503906,1.26481020450592,0.26897469162941,0.424443364143372,0.0608742338989866,0.060728382319212,0.0632204636931419,0.0599024719899791,0.0628677159547806,0.0819270226062567,1.51472938060761,0.0803553462028503,0.0514828860759735,0.0797104313969612,21.9899084839531,26402.841796875,30941.98046875,25686.962890625,29073.455078125,26499.201171875,0.0085647106170654,78273.7109375,0.684225499629974,0.752340018749237,21.1317642534763
TTO,Trinidad and Tobago,1950,,2886.142578125,3322.68920898438,3242.05151367188,4297.103515625,,4096.51416015625,0.631486535072327,0.0401618778705597,0.101590886712074,-0.184216156601906,0.0106999957934022,0.400276869535446,,,0.0424334965646267,0.212305411696434,1.81829464435577,0.177730098366737,0.587395310401917,0.0364227109129543,0.0400029830634594,0.0467626973986626,0.0962975024872006,0.0352812223136425,0.0914532379175581,,0.169434159994125,0.0611566789448261,0.0748418718576431,0.656135823863279,2692.00756835938,3468.91064453125,3246.23291015625,3508.03198242188,4472.36865234375,,10377.357421875,,,1.71429002370718
TTO,Trinidad and Tobago,1951,,3234.83642578125,3738.11743164063,3595.32421875,4767.96826171875,,4542.728515625,0.634859383106232,0.0435923635959625,0.105554610490799,-0.201081976294518,0.0107231559231877,0.406352430582047,,,0.0455328039824963,0.216498792171478,1.83298897743225,0.173737555742264,0.587395310401917,0.0430890898291909,0.0469715483486652,0.0548584386706352,0.103513892884645,0.0413664430379868,0.105551417791536,,0.178387880325317,0.0721229016780853,0.0831398591399193,0.673473557911156,3042.669921875,3906.0986328125,3596.56689453125,3863.734375,4946.4072265625,,11362.4892578125,,,1.71429002370718
TTO,Trinidad and Tobago,1952,,3479.822265625,3993.7451171875,3707.96850585938,4997.01513671875,,4942.724609375,0.644475162029266,0.0519050061702728,0.102845951914787,-0.190959125757217,0.0106654148548841,0.381067603826523,,,0.0480297654867172,0.219324350357056,1.84780216217041,0.157960817217827,0.587395310401917,0.045505177726261,0.0500552840530872,0.058271486312151,0.10655136893691,0.0432395748794079,0.113904224896804,,0.199870988726616,0.0774465203285217,0.0902031660079956,0.688163964356672,3296.85595703125,4168.8388671875,3693.26000976563,4017.05297851563,5185.11083984375,,12302.794921875,,,1.71529007043772
TTO,Trinidad and Tobago,1953,,3624.0078125,4072.12548828125,4192.76123046875,5144.50927734375,,5231.37646484375,0.648206472396851,0.0562354102730751,0.0871060192584992,-0.177895858883858,0.0108411191031337,0.375506848096848,,,0.0493250451982021,0.222499340772629,1.86273503303528,0.168234139680862,0.587395310401917,0.0464011136768603,0.0511835217475891,0.0585801787674427,0.106308709290702,0.0477426834404469,0.118398266463266,,0.203600466251373,0.0790273696184158,0.0987352430820465,0.704203993648954,3435.20556640625,4182.12158203125,4165.9150390625,4095.69189453125,5364.38427734375,,13013.8544921875,,,1.71429002370718
TTO,Trinidad and Tobago,1954,,4004.52954101563,4467.0771484375,4456.205078125,5471.1826171875,0.0005520139238797,5524.4794921875,0.672306537628174,0.0596247278153896,0.0845425650477409,-0.179903522133827,0.0108172167092562,0.352612495422363,1.37001812458038,1.11812818050385,0.0498247854411602,0.226802542805672,1.87778866291046,0.164981409907341,0.587395310401917,0.0466644765785529,0.0514681302011013,0.0588758513331413,0.105632348385349,0.0479535944759846,0.123008551320541,1.3848534822464,0.201992988586426,0.0809764936566353,0.101254291832447,0.724137199088942,3803.70947265625,4573.94189453125,4437.115234375,4271.65625,5702.9296875,0.0593876205384731,13744.4892578125,0.830253005027771,1.03257477283478,1.71529007043772
TUR,Türkiye,1950,,60808.4765625,71352.8828125,76459.4765625,77607.1015625,,163139.71875,0.707938015460968,0.0756046622991562,0.135869145393372,-0.0483071021735668,0.0852312222123146,0.0436640493571758,,,0.0441400855779648,8.74670028686523,1.14176940917969,0.369288235902786,0.435904085636139,0.064115680020631,0.0657691583037376,0.0626457333564758,0.0812518076673031,0.0617193467915058,0.0446332817233577,,0.114930629730225,0.0398944690823555,0.101082473993301,21.6414843515777,70118.9296875,71726.0078125,76353.0546875,79897.265625,77956.2421875,,88921.8125,,,0.00000279996003627634
TUR,Türkiye,1951,,76001.8671875,87447.015625,93631.4296875,95973.578125,,168184.09375,0.726182460784912,0.0657215565443039,0.119253136217594,-0.0474557094275951,0.0995460525155067,0.0367524437606335,,,0.0445332005620003,8.8690185546875,1.14955532550812,0.388273239135742,0.435904085636139,0.0631129557312458,0.0644278898835182,0.0623525120317936,0.0789571346182948,0.0608308576047421,0.0485708968028164,,0.132295414805412,0.0449948236346245,0.115383237600327,22.2026593669929,87602.2890625,87996.0390625,93347.796875,98736.078125,96522.0078125,,91903.2109375,,,0.00000279996003627634
TUR,Türkiye,1952,,81597.15625,97300.671875,103164.3671875,107879.359375,,177531.578125,0.692378699779511,0.0639954060316086,0.145565524697304,-0.0534875057637692,0.109997935593128,0.0415499396622181,,,0.0452926829457283,8.9935884475708,1.15739417076111,0.406639605760574,0.435904085636139,0.0672840348992345,0.06852937489748,0.0657002329826355,0.0820029637578722,0.0628287270665169,0.0509997058905476,,0.143827244639397,0.0472798310220242,0.104765854775906,22.7829414975944,93610.0625,96732.328125,102451.4609375,106992.5234375,107960.7734375,,97089.4140625,,,0.00000279996003627634
TUR,Türkiye,1953,,92165.3671875,109594,116611.375,120971.671875,,188359.5,0.694854021072388,0.0670216083526611,0.144071996212006,-0.0449387766420841,0.100368194282055,0.0386229418218136,,,0.0464175380766392,9.1240816116333,1.1652866601944,0.444420963525772,0.435904085636139,0.0685646630538346,0.0699226185679436,0.0670562386512756,0.0840014071381272,0.0646392703056335,0.0518983573752143,,0.152660608291626,0.0472825579345226,0.110361434519291,23.3924207541937,105245.875,108823.859375,115640.3828125,120836.421875,120690.0859375,,103057.984375,,,0.00000279996003627634
TUR,Türkiye,1954,,82622.5390625,101356.7421875,106552.5390625,110110.3125,0.0171179138123989,200208.390625,0.667639434337616,0.0827221050858498,0.170140311121941,-0.0395830422639847,0.0894094780087471,0.02967176027596,0.878754317760468,0.808564901351929,0.0474358722567558,9.26402378082275,1.17323279380798,0.371524959802628,0.435904085636139,0.075889732229866,0.0776211246848106,0.0741038396954536,0.0915949562571019,0.071709468960762,0.0585917315385018,1.8374856710434,0.17345766723156,0.0526342876255512,0.133164629340172,24.0413083137213,94841.2265625,100604.0390625,105957.140625,109303.5703125,110128.6796875,0.0109894834458828,109535.375,1.12407994270325,1.07804548740387,0.00000279996003627634
TWN,Taiwan,1951,2298.79,11995.5751953125,13750.5810546875,13133.69140625,12850.39453125,,35037.58203125,0.636336624622345,0.297142535448074,0.136572152376175,-0.159008100628853,0,0.088956817984581,,,0.0258738771080971,2.65951418876648,1.45118296146393,0.0930698439478874,0.746274173259735,0.106548041348112,0.0898713245987892,0.0911241322755814,0.0541578072769892,0.0931330174207687,0.0996871000324835,,0.0872368067502976,0.0653361901640892,0.10675847530365,7.758202,12144.10546875,12980.7587890625,14008.0224609375,10274.6591796875,14141.1142578125,,44700.6015625,,,10.3
TWN,Taiwan,1952,2295.94,14075.6689453125,16472.58984375,15526.1875,15010.5595703125,,36361.796875,0.639458298683167,0.298259496688843,0.159682273864746,-0.171186059713364,0,0.0737860426306725,,,0.0261682886630297,2.736576795578,1.46479260921478,0.123146876692772,0.746274173259735,0.129417786280926,0.107918791472912,0.108022943139076,0.0618256706072485,0.111733637750149,0.108634546030272,,0.0921529605984688,0.071842685341835,0.121494024991989,8.046915,14165.705078125,15487.474609375,16445.466796875,11507.9990234375,16302.515625,,46235.4375,,,10.3
TWN,Taiwan,1953,2293.09,15441.802734375,18107.212890625,17220.615234375,16792.732421875,,37318.25,0.630963444709778,0.288589239120483,0.15872398018837,-0.154341951012611,0,0.0760653167963028,,,0.0266730356961489,2.81118774414063,1.47852993011475,0.156601309776306,0.746274173259735,0.105916677033765,0.0872480347752571,0.0860256627202034,0.046431427192811,0.0882176086306572,0.0789439778567296,,0.0786544904112816,0.050341933965683,0.0998856797814369,8.333009,15491.794921875,17020.09375,18175.59765625,12600.5634765625,18020.552734375,,48607.83984375,,,15.55
TWN,Taiwan,1954,2290.25,17312.095703125,20108.171875,18563.138671875,18377.2421875,,38990.12890625,0.629287242889404,0.312752634286881,0.152148842811584,-0.145126655697823,1.39666614163161e-16,0.0509378910064697,,,0.027071014046669,2.89298748970032,1.49239599704742,0.133261203765869,0.746274173259735,0.104415874697198,0.0865851864218712,0.0876993015408516,0.0507081994819355,0.0885864347219467,0.094597422406454,,0.0902048349380493,0.0597079657018185,0.112253621220589,8.645264,17165.09375,18748.962890625,19618.05078125,13815.375,19727.736328125,,51125.69140625,,,15.55
UGA,Uganda,1950,,5433.0869140625,5961.27294921875,5583.26904296875,5398.21923828125,,2739.92260742188,0.895190060138702,0.111269026994705,0.0978445187211037,-0.0061953226104378,-0.111794948577881,0.0136866541579366,,,0.048981461673975,2.6993670463562,1.11112689971924,,,0.0247170546640132,0.0235501937568188,0.0388553850352764,0.0141624775128927,0.0401873365044594,0.19628930252472,,0.277657419443131,0.245962664484978,0.255147665739059,5.84971621585831,5743.6171875,5022.3857421875,5550.59619140625,5978.19775390625,5360.6025390625,,3296.94921875,,,0.07143000007143
UGA,Uganda,1951,,6480.234375,7040.2216796875,7049.11376953125,6725.712890625,,3110.798828125,0.87554794549942,0.087953545153141,0.0832606256008148,-0.0071862270124256,-0.0517862662672997,0.0122103877365589,,,0.0541232600808144,2.7630729675293,1.11508142948151,,,0.0265398567376498,0.0254732053726912,0.0410237424075604,0.0148550484318656,0.0429963320493698,0.220976294446943,,0.303959399461746,0.28735676407814,0.365686863660812,6.00779035858606,6940.3134765625,5645.296875,7008.32275390625,6744.85595703125,6680.74072265625,,3753.70825195313,,,0.07143000007143
UGA,Uganda,1952,,6642.4814453125,7455.44775390625,6597.13232421875,6367.01904296875,,3680.04638671875,0.93068265914917,0.112581267952919,0.127683967351913,-0.0071332864463329,-0.176703214645386,0.0128886280581355,,,0.0584528222680092,2.82853746414185,1.11905014514923,,,0.0285338583716562,0.027162242680788,0.0491718165576458,0.0158234239982881,0.0509489513933659,0.229004847638109,,0.346861660480499,0.298422515392303,0.376178681850433,6.17075392873122,7027.302734375,6766.1328125,6527.08203125,7291.384765625,6293.76953125,,4450.28857421875,,,0.07143000007143
UGA,Uganda,1953,,6547.67724609375,7346.1904296875,5325.53076171875,5268.05908203125,,4203.27001953125,1.11122441291809,0.131676763296127,0.151576399803162,-0.0096551813185215,-0.399185687303543,0.0143632246181369,,,0.0618187263607979,2.97853326797485,1.12303304672241,,,0.030141910104589,0.028723731637001,0.0542829297482967,0.0167556759321909,0.0548751279711723,0.263864092354635,,0.340148448944092,0.338509798049927,0.304134905338287,6.33877261822408,6898.5146484375,6706.091796875,5250.203125,6867.5341796875,5188.2548828125,,5095.57275390625,,,0.07143000007143
UGA,Uganda,1954,,6377.52197265625,7147.3525390625,5866.64892578125,5737.25244140625,,4672.77490234375,0.979731976985931,0.131866633892059,0.134181052446365,-0.0097525008022785,-0.250804036855698,0.0147769059985876,,,0.0636280551552773,3.04059529304504,1.12703001499176,,,0.033944206439518,0.0319600962102413,0.0560473427176476,0.0172187044283848,0.0573114193975925,0.255593784137928,,0.306324481964111,0.324033558368683,0.328224658966064,6.51266680418269,6683.04296875,6526.77197265625,5798.619140625,6692.33349609375,5664.77783203125,,5675.5400390625,,,0.07143000007143
URY,Uruguay,1950,,14956.4462890625,18069.763671875,16299.671875,15769.296875,,9117.134765625,0.80960875749588,0.138844802975655,0.197429046034813,-0.145333036780357,-0.0835632383823395,0.083013616502285,,,0.0319571942090988,0.793092310428619,1.72168636322021,0.319959878921509,0.516889154911041,0.0578098031877619,0.0546005927026272,0.12643925845623,0.0358875829984341,0.130691826343536,0.471553818796354,,0.0588104762136936,0.292947083711624,0.0635488852858543,2.16874554633597,13186.333984375,20987.3046875,16413.609375,17500.919921875,15874.8681640625,,17041.369140625,,,0.0000026299999618599
URY,Uruguay,1951,,18100.5390625,22094.03515625,19925.5625,18412.6875,,13734.634765625,0.844511687755585,0.138535469770432,0.216888278722763,-0.16899861395359,-0.0836619585752487,0.0527251474559307,,,0.0365932993590832,0.807138741016388,1.72894477844238,0.244895786046982,0.516889154911041,0.0664066330406323,0.0631399676203728,0.144817680120468,0.043226366621506,0.156716585159302,0.515022268080879,,0.0607097372412682,0.334720939397812,0.119787313044071,2.19719563682869,16045.6015625,25841.57421875,19970.068359375,20216.771484375,18692.986328125,,25956.51953125,,,0.00000232000005280937
URY,Uruguay,1952,,16658.8125,20213.134765625,18229.15234375,17675.8671875,,17511.771484375,0.805042564868927,0.137418240308762,0.201083332300186,-0.118067190051079,-0.0836494863033295,0.0581725239753723,,,0.0388793386518955,0.816085338592529,1.73623371124268,0.151351794600487,0.516889154911041,0.0709518725318988,0.0670663416385651,0.154631808400154,0.0443035864449038,0.159472048282623,0.565043825970081,,0.088513009250164,0.367942065000534,0.110601849853992,2.22675278608028,14666.21875,23219.77734375,18177.478515625,19462.55078125,17741.515625,,33174.6953125,,,0.00000275000005867708
URY,Uruguay,1953,,18144.560546875,21087.8359375,19019.06640625,18704.810546875,,20304.822265625,0.829813718795776,0.140234127640724,0.157353982329369,-0.111993670463562,-0.0837041810154915,0.0682960078120232,,,0.039762556552887,0.825354397296906,1.74355363845825,0.0931016057729721,0.516889154911041,0.0652598641986402,0.0617937669157982,0.149267166852951,0.0412836717462987,0.151774987578392,0.688518793322834,,0.088501863181591,0.440877854824066,0.0894160196185112,2.25734771455156,15897.474609375,21416.40234375,18923.923828125,20482.53125,18629.6953125,,38549.73046875,,,0.00000301999993545521
URY,Uruguay,1954,,20114.9453125,23983.06640625,21628.78515625,20587.837890625,0.0020613763481378,24106.232421875,0.840908229351044,0.136122316122055,0.187883839011192,-0.137773960828781,-0.0836585387587547,0.0565181747078896,1.3573145866394,1.58051061630249,0.0406905896961689,0.835169911384583,1.75090420246124,0.108709953725338,0.516889154911041,0.0641019901253809,0.0610623508691788,0.143350705504417,0.0422847094241167,0.15059868991375,0.571265273506448,5.13143444061279,0.0716408267617226,0.362630814313889,0.107514262199402,2.28959121328189,17669.634765625,26749.744140625,21577.443359375,22322.486328125,20549.025390625,0.134669363498688,45967.08984375,1.01409840583801,1.25920391082764,0.00000331000005574322
USA,United States,1950,2021.98,2099141.5,2726872.25,2733053.75,2729368.5,,10670372,0.666463732719421,0.102630466222763,0.229991167783737,-0.0395496338605881,-0.0029530604369938,0.0434173345565796,,,0.031029986217618,62.4649085998535,2.58321285247803,0.0823155343532562,0.628362953662872,0.105501773791315,0.109942436218262,0.109575375914574,0.138779269314525,0.109723322093487,0.108347927768976,,0.069847472012043,0.0840021893382072,0.0768042057752609,154.308932479468,2351130.5,2784190,2700581.25,2709030.5,2725352,,10666936,,,1
USA,United States,1951,2063.8,2212705.5,2923648.25,2944962.25,2949529.75,,11005063,0.622727513313294,0.127461731433868,0.241035953164101,-0.0427656583487988,-0.0015990835381671,0.0531395189464092,,,0.0310796070843935,64.9348526000977,2.59599995613098,0.0828734412789345,0.633731722831726,0.113344460700864,0.118243500590324,0.117645531892776,0.142178247989349,0.117463357746601,0.115784460964523,,0.0752319395542145,0.0920337960124016,0.0800782144069672,156.950833583773,2505866.5,2985773.25,2890876,2927341,2929048.5,,11002892,,,1
USA,United States,1952,2060.12,2354055.25,3061067.5,3070013.25,3067400.75,,11362810,0.620100498199463,0.147342547774315,0.230492323637009,-0.041953232139349,-0.0029915203340351,0.0470094196498394,,,0.0313129648566246,65.8290939331055,2.6088502407074,0.0785230249166489,0.644851565361023,0.115225077223183,0.120569631457329,0.11948236823082,0.143062518318821,0.119584120810032,0.115862249240248,,0.0772774592041969,0.0944524705410004,0.0839879959821701,159.661622383463,2662803.75,3124445.25,2999928,3046543.25,3029993.75,,11361193,,,1
USA,United States,1953,2053.91,2485624,3227474.75,3222314.5,3213299.75,,11765013,0.623018860816956,0.150523662567139,0.230868816375732,-0.0407429225742817,-0.0037374112289398,0.0400689914822578,,,0.0316295474767685,66.7851028442383,2.62176442146301,0.0803598761558533,0.644496023654938,0.116211352597625,0.121645458042622,0.120645999908447,0.144137280239657,0.120984464883804,0.117297229479702,,0.079435370862484,0.0948280021548271,0.0872208774089813,162.327846797497,2795537.75,3292979.75,3147087,3189561,3169125.25,,11763683,,,1
USA,United States,1954,2030.68,2492735,3194806,3196945,3193499.75,1,12144666,0.639230012893677,0.141335234045982,0.219843730330467,-0.0385523252189159,-0.003399463603273,0.0415427982807159,1,1,0.0318604595959187,65.5197067260742,2.63474249839783,0.0792563110589981,0.637051999568939,0.117341395072388,0.122908599674702,0.122040249407291,0.148087899425648,0.12217190861702,0.118957146758222,1,0.0813018828630447,0.0946017876267433,0.0874144285917282,165.207878206838,2793808.75,3261871.25,3132158.75,3171575.5,3160244.5,0.102432027459145,12143445,0.636467099189758,0.618935286998749,1
VEN,Venezuela (Bolivarian Republic of),1950,2179,18543.0859375,35385.91796875,34887.32421875,32856.38671875,,102619.359375,0.370222508907318,0.194145277142525,0.512619733810425,-0.226092904806137,-0.109620355069637,0.258725792169571,,,0.0436537861824036,1.68378841876984,1.2224303483963,0.114847861230373,0.521732687950134,0.119464360696826,0.121020153164864,0.1101458594203,0.123986943680859,0.116954259574413,0.098173828714854,,0.0636000037193298,0.114746987819672,0.0986705720424652,5.30223282755622,1223.69116210938,2047.38012695313,36551.25,1687.62817382813,35697.359375,,10038.5458984375,,,3.71120420848985e-14
VEN,Venezuela (Bolivarian Republic of),1951,2162.98,20422.484375,38984.4609375,39131.58203125,36619.125,,109451.5390625,0.364203959703445,0.193496003746986,0.50689297914505,-0.235537156462669,-0.104822799563408,0.275767058134079,,,0.0448597073554993,1.73910355567932,1.23207259178162,0.109738186001778,0.521732687950134,0.127147774704764,0.130195572972298,0.122621543705463,0.135932239116671,0.131034642457962,0.114288340098836,,0.0657581090927124,0.137728288769722,0.107759542763233,5.52242396220307,1343.66918945313,2218.37841796875,40268.83203125,1861.52893066406,39431.58203125,,10671.0947265625,,,3.30303054466048e-14
VEN,Venezuela (Bolivarian Republic of),1952,2147.08,20459.26171875,45145.28515625,44274.6328125,42146.42578125,,119480.4296875,0.303861677646637,0.181571215391159,0.585720419883728,-0.208528250455856,-0.111464112997055,0.248839095234871,,,0.0462971068918705,1.79623973369598,1.24179100990295,0.112967424094677,0.521732687950134,0.133253333248529,0.133613005280495,0.124386839568615,0.134214928554575,0.130667805671692,0.116740381393009,,0.0776378288865089,0.140147000551224,0.113265544176102,5.75799991240668,1336.42810058594,2535.40600585938,45380.5390625,2131.16040039063,45045.62890625,,11608.1845703125,,,3.2634009473539e-14
VEN,Venezuela (Bolivarian Republic of),1953,2131.29,23136.25390625,47568.5078125,46463.87109375,43303.640625,,128854.2890625,0.351109087467194,0.183170586824417,0.564207792282105,-0.21046456694603,-0.113240301609039,0.225217387080193,,,0.0477090589702129,1.85524594783783,1.25158596038818,0.110035672783852,0.521732687950134,0.130765885731144,0.134000331163406,0.126270040869713,0.140200240318226,0.135485023260117,0.118949793092411,,0.0824513956904411,0.139979034662247,0.130871057510376,6.00642985581793,1498.3193359375,2695.27392578125,47920.390625,2185.76049804688,46477.01953125,,12493.5029296875,,,3.16730408896663e-14
VEN,Venezuela (Bolivarian Republic of),1954,2115.62,24616.076171875,52269.41796875,51371.6875,47593.3828125,0.011641095392406,139873.09375,0.341835677623749,0.175380676984787,0.581033289432526,-0.209150344133377,-0.110200814902782,0.221101477742195,1.04738807678223,1.14982402324677,0.0488459095358849,1.91619372367859,1.26145827770233,0.112003110349178,0.521732687950134,0.112173280632165,0.11784140765667,0.112271383404732,0.128889195405487,0.121184289455414,0.107313134768972,1.67335104942322,0.070004977285862,0.124255836009979,0.117043323814869,6.2651824653365,1591.62023925781,2974.8369140625,53349.671875,2406.54223632813,51341.59765625,0.083382748067379,13531.6298828125,5.51843929290772,7.34250164031982,3.6260024850616904e-14
ZAF,South Africa,1950,,64899.4609375,78888.234375,83650.109375,85402.3359375,,130981.796875,0.683959305286408,0.0759667679667473,0.163798481225967,-0.139722898602486,0.096279501914978,0.119718804955482,,,0.0301899909973145,6.85059976577759,1.65220057964325,0.169077649712563,0.6030113697052,0.0413175777187197,0.0428505390882492,0.0457944944500923,0.056652421461123,0.0448549129068852,0.0594526527933259,,0.0565350390970707,0.0533937439322472,0.0512371174991131,13.3208510352077,57442.16015625,70094.9375,85477.7109375,86096.703125,87019.4140625,,200135.59375,,,0.714185923519859
ZAF,South Africa,1951,,66328.6328125,87083.15625,85533.2265625,88452.0625,,144311.015625,0.675521969795227,0.0743602812290192,0.234641522169113,-0.190710783004761,0.0758900418877602,0.130297005176544,,,0.0318756997585297,6.96274995803833,1.66984343528748,0.173125043511391,0.6030113697052,0.0453832337607032,0.0467288084328175,0.0486679784953594,0.0589526175834026,0.0470619797706604,0.0548653012862428,,0.0601428486406803,0.0510916821658611,0.0540730245411396,13.6446407711694,58841.76171875,78086.03125,87011.1953125,90010.1875,90662.4453125,,220903.34375,,,0.714285999714286
ZAF,South Africa,1952,,68170.9609375,82188.375,79846.3203125,83360.1875,,150869.125,0.733028173446655,0.0847598686814308,0.168154746294022,-0.163193270564079,0.0382266491651535,0.13902385532856,,,0.0329483039677143,7.0763578414917,1.68767488002777,0.108241349458694,0.6030113697052,0.04929463389646,0.0509142838418484,0.0559233836829662,0.0649214867377057,0.0535660535097122,0.0802841859749639,,0.0685071721673012,0.0745013207197189,0.0543867759406567,13.9764120263909,60231.296875,71792.7890625,80891.015625,92945.3046875,84666.8828125,,230822.5625,,,0.714185923519859
ZAF,South Africa,1953,,71239.984375,88447.3203125,89328.1015625,92534.2109375,,160015.6875,0.687714219093323,0.0821630582213402,0.185956433415413,-0.14831006526947,0.0687314048409462,0.123744927346706,,,0.0336051546037197,7.19722127914429,1.70569658279419,0.136565059423447,0.6030113697052,0.0511103496931143,0.0528055876493454,0.056780818849802,0.066994920631542,0.0548134855926037,0.0732386494335454,,0.0688460767269135,0.0668845847249031,0.056435614824295,14.3278530266302,62650.171875,78158.765625,90394.3671875,96858.7890625,93419.9140625,,245077.8125,,,0.714185923519859
ZAF,South Africa,1954,,72912.71875,93480.8984375,96327.2890625,100099.7109375,0.014131611213088,171958.65625,0.651765525341034,0.0766353607177734,0.205476939678192,-0.143169224262238,0.0785214453935623,0.130769968032837,0.718246638774872,0.670481383800507,0.0345958098769188,7.31977319717407,1.72026550769806,0.157639190554619,0.6030113697052,0.0526074116221038,0.0540196672081947,0.0566912889480591,0.0660305559154562,0.054554782807827,0.0661619967811569,1.08335149288178,0.0681179836392403,0.0596706084907055,0.0541464202105999,14.6883342046778,64120.23828125,83507.296875,97797.421875,103218.2109375,101380.4375,0.0690886154770851,263609.40625,0.771799862384796,0.628008604049683,0.714085966534716
ZWE,Zimbabwe,1954,,6054.3076171875,7642.7333984375,6835.38134765625,6835.38330078125,,16857.83203125,0.711221218109131,0.174509346485138,0.232382863759995,-0.00000495861968374811,-0.118117861449718,0.00000939124674914638,,,0.0397974662482739,1.13627779483795,1.1799898147583,0.108974501490593,0.660198390483856,0.111087443145488,0.108074001967907,0.108898907899857,0.0957925951002563,0.108898885548115,0.112043045207148,,0.0726798325777054,0.0936455577611923,0.0862506255507469,3.12818061361716,2473.93872070313,1981.82263183594,7207.791015625,4098.39208984375,7077.17138671875,,67428.953125,,,1
