iso3,Country,year,avh,ccon,cda,cgdpe,cgdpo,ck,cn,csh_c,csh_g,csh_i,csh_m,csh_r,csh_x,ctfp,cwtfp,delta,emp,hc,irr,labsh,pl_c,pl_con,pl_da,pl_g,pl_gdpo,pl_i,pl_k,pl_m,pl_n,pl_x,pop,rconna,rdana,rgdpe,rgdpna,rgdpo,rkna,rnna,rtfpna,rwtfpna,xr
ARG,Argentina,1955,2053.41,55217.0234375,62035.58203125,60920.40234375,62066.5703125,0.0063200341537594,87915.890625,0.813142716884613,0.0764992013573647,0.109858825802803,-0.0557954646646977,-0.0340836867690086,0.0903784036636353,0.713897585868835,0.713176310062408,0.0306254159659147,7.04640626907349,1.88896262645721,0.296887934207916,0.467761695384979,0.209275105095886,0.216720178723335,0.23083670437336,0.295857011084966,0.226573929190636,0.345153047764262,7.46448993682861,0.0988441929221153,0.253009885549545,0.100576870143414,18.8614799396842,207336.453125,234510.109375,63132.42578125,272821.5,62780.80078125,0.118500299751759,621233.8125,1.331747174263,1.15477192401886,1.7525134954796799e-12
ARG,Argentina,1956,2057.31,54525.296875,61000.23046875,62097.38671875,63257.1953125,0.0064057162962853,92227.296875,0.778127133846283,0.0838348045945168,0.10235882550478,-0.0482477881014347,-0.0159122496843338,0.0998392701148987,0.698377430438995,0.675900459289551,0.0309733003377914,7.15833282470703,1.90176832675934,0.275130569934845,0.467761695384979,0.220714379792338,0.225106418132782,0.240343555808067,0.265871890226609,0.235936909914017,0.36865522106819,7.68066453933716,0.205360889434814,0.273121178150177,0.178598195314407,19.2039662070337,207023.859375,231730.75,64723.91015625,280016.5625,64423.17578125,0.124545775353909,652221.9375,1.31603074073792,1.09864509105682,2.17526043704227e-12
ARG,Argentina,1957,2061.22,57468.5859375,64640.9765625,64835.4765625,66336.203125,0.0064793382771313,95449.0390625,0.788771152496338,0.0775519534945488,0.108121827244759,-0.0512840636074543,-0.0225337166339159,0.0993728414177895,0.70762026309967,0.694175899028778,0.0312631241977215,7.25468111038208,1.91466104984283,0.271043717861176,0.467761695384979,0.225402834745688,0.228130266070366,0.247009709477425,0.255870593447208,0.241421595215797,0.398280721050361,7.68534421920776,0.20901258289814,0.281106054782867,0.169899329543114,19.5418053519996,218621.109375,246382.890625,67724.3671875,290777.5,67787.7265625,0.13140980899334,687526.4375,1.31452333927155,1.12359428405762,2.5170132178956598e-12
ARG,Argentina,1958,2065.14,61924.35546875,69620.09375,69943.4453125,71508.25,0.0065453150309622,101316.9765625,0.790921270847321,0.0750536695122719,0.107620246708393,-0.0466365516185761,-0.0190616231411695,0.0921029299497604,0.740639448165894,0.719294846057892,0.0314646512269974,7.3543872833252,1.92764103412628,0.270970642566681,0.467761695384979,0.222441216960247,0.229761376976967,0.249577105045319,0.306901809372762,0.244115620851517,0.409025801970278,8.10673999786377,0.193332955241203,0.290268421173096,0.160670250654221,19.8766281439092,234570.9375,264858.65625,72930.5078125,309981.78125,72934.3828125,0.138946905732155,726628.5625,1.34623491764069,1.16035330295563,3.2757059775308097e-12
ARG,Argentina,1959,2069.07,57278.546875,64245.9296875,66200.796875,67262.96875,0.0064736679196357,104813.0703125,0.770776689052582,0.0807847008109093,0.103584237396717,-0.0430030263960362,-0.0143805146217346,0.102237947285175,0.67246025800705,0.640907108783722,0.0315318293869495,7.47857570648193,1.940709233284,0.267428934574127,0.467761695384979,0.234969305368937,0.237051263451576,0.254438012838364,0.256915455213812,0.250420093536377,0.397373706468206,7.16812038421631,0.237213969230652,0.270528793334961,0.207328364253044,20.2100672527532,217670.71875,245013.734375,69163.3515625,294969.59375,68688.625,0.14486563205719,757487.875,1.23810946941376,1.03744173049927,6.5174088583135795e-12
ARG,Argentina,1960,2073,59501.93359375,69635.28125,71488.1015625,71913.46875,0.0067372014746069,112766.4140625,0.745109975337982,0.0823002010583878,0.140910267829895,-0.0562317222356796,-0.006370167247951,0.094281442463398,0.684322774410248,0.663261413574219,0.0321842730045319,7.57764291763306,1.95386576652527,0.293105393648148,0.467761695384979,0.24215692811389,0.245261058211327,0.264830589294434,0.273364515409658,0.263264119625092,0.379740839951904,7.59666395187378,0.19498573243618,0.259991049766541,0.2064528465271,20.5437515471954,224570.484375,270156.0625,74293.7578125,327019.34375,73660.765625,0.156958356499672,816702.75,1.3019425868988,1.08498704433441,7.608072719363979e-12
ARG,Argentina,1961,2066.2,62663.27734375,73757.828125,74786.78125,74134.265625,0.0070157791487872,121368.71875,0.763968050479889,0.0812993422150612,0.149654805660248,-0.0622316524386406,-0.0121093867346644,0.0794188305735588,0.672287285327911,0.67005467414856,0.0334839150309563,7.67295646667481,1.96492779254913,0.228722900152206,0.467761695384979,0.235022638693601,0.234010696411133,0.264259666204453,0.224501481409205,0.266585618257523,0.435109349790005,7.28390741348267,0.142934173345566,0.310648858547211,0.198832258582115,20.8771526427683,236776.6875,287411.65625,77830.71875,337660.5625,76072.3203125,0.170516222715378,878633.75,1.27740728855133,1.09684419631958,9.09709445807927e-12
ARG,Argentina,1962,2059.42,63267.61328125,73266.640625,71199.703125,75637.703125,0.0070791258476674,127703.4609375,0.756413221359253,0.0800428539514542,0.132196381688118,-0.0545363798737526,-0.0232118554413319,0.109095856547356,0.653266549110413,0.633799612522125,0.0344976782798767,7.77618455886841,1.9760525226593,0.260040044784546,0.467761695384979,0.258043593056984,0.267160534858704,0.28278198838234,0.353316634828153,0.266189932823181,0.381624880578252,6.76128482818604,0.252730846405029,0.26898992061615,0.112142235040665,21.2091852605842,238823.578125,283664.53125,74166.7265625,339820.9375,77441.1796875,0.180678367614746,925532.4375,1.23744094371796,1.04200744628906,1.1508433824825299e-11
ARG,Argentina,1963,2052.67,61285.6640625,69499.515625,70506.890625,73112.4921875,0.0069523733109235,131694.5,0.754967629909515,0.0832702815532684,0.112345442175865,-0.0490783005952835,-0.0050333668477833,0.103528276085854,0.611697614192963,0.583929836750031,0.0347849652171135,7.88867855072022,1.98724031448364,0.242244377732277,0.467761695384979,0.262215663671588,0.264655709266663,0.278191387653351,0.286778396725377,0.268277168273926,0.379184517542323,6.30878305435181,0.269427239894867,0.270794332027435,0.177791103720665,21.5406400766804,232031.1875,267799.9375,73608.4140625,327342.6875,74763.6953125,0.1859170794487,952883.25,1.16485679149628,0.961328446865082,1.4099805891478199e-11
ARG,Argentina,1964,2045.94,65539.6171875,76065.015625,75054.9453125,76554.5234375,0.0067715332843363,138274.78125,0.775854706764221,0.0802620947360992,0.13748887181282,-0.0611349195241928,-0.0256921444088221,0.0932213291525841,0.613199234008789,0.614184260368347,0.0349067710340023,7.98553991317749,1.99849140644073,0.242286220192909,0.467761695384979,0.273554322660869,0.269047290086746,0.285970330238342,0.225479999206222,0.280368596315384,0.39134685272883,6.56479787826538,0.181325286626816,0.28250190615654,0.155709564685822,21.872313469085,248876.40625,296439.375,78562.5390625,352784.5,78508.4453125,0.195851609110832,999868.4375,1.21279573440552,1.0280294418335,1.7768543782188097e-11
ARG,Argentina,1965,2039.22,74323.1328125,85147.4765625,86574.796875,86069.3515625,0.0067854621447622,144819.625,0.790679216384888,0.0728469118475914,0.125763043761253,-0.0711303427815437,0.0065902518108487,0.0752509236335754,0.661006450653076,0.656034529209137,0.0352137088775635,8.0875244140625,2.00980615615845,0.226494163274765,0.467761695384979,0.249755397951527,0.251766234636307,0.275663316249847,0.273591659047498,0.277282178401947,0.439747894695712,6.62879037857056,0.154060393571854,0.317199766635895,0.182089954614639,22.2049999151625,281891.0625,330079.8125,90604.4765625,385236.90625,88292.5234375,0.205814629793167,1047281.5625,1.28079688549042,1.10703885555267,2.15266043653893e-11
ARG,Argentina,1966,2032.54,73600.5390625,83944.7890625,86165.890625,88071.0703125,0.0066881193779408,150639.921875,0.762870311737061,0.07282455265522,0.11745347827673,-0.0484033301472664,0.0106772286817431,0.0845777466893196,0.647745549678803,0.617384433746338,0.0353551767766476,8.19963932037354,2.02271342277527,0.229757696390152,0.467761695384979,0.255866548274108,0.26525017619133,0.285422712564468,0.3635479308481,0.279248356819153,0.42895247741373,6.38345193862915,0.208857551217079,0.311991214752197,0.169382318854332,22.5323530993144,278677.3125,324676.21875,90113.4140625,386146.21875,90167.03125,0.21406227350235,1088177.25,1.24735879898071,1.05798995494843,2.6391828897180097e-11
ARG,Argentina,1967,2025.87,76035.546875,86774.0703125,90032.453125,91089.390625,0.0066174482926726,156569.328125,0.762927293777466,0.0718081817030907,0.117889925837517,-0.0529661737382412,0.0220068302005529,0.0783339813351631,0.655133485794067,0.622936189174652,0.0353216007351875,8.2967119216919,2.03570342063904,0.220343828201294,0.467761695384979,0.259292290564738,0.266154706478119,0.288939863443375,0.339064614570208,0.285587161779404,0.450273255360312,6.57970094680786,0.227069735527039,0.329370468854904,0.205247983336449,22.8538427364096,287503.625,335357.1875,94126.8515625,396909,93238.2890625,0.222439229488373,1130581.375,1.2474809885025,1.06326627731323,3.32999714579017e-11
ARG,Argentina,1968,2019.22,79348.7265625,90988.734375,92677.296875,93855.328125,0.0065830806270241,163418.84375,0.766869962215424,0.0785666033625603,0.124020725488663,-0.0494980588555336,0.0112458067014813,0.068794921040535,0.647933304309845,0.624303877353668,0.0352286919951439,8.40144634246826,2.04877686500549,0.223585575819016,0.467761695384979,0.278865965365081,0.283974438905716,0.30740025639534,0.333836924424244,0.303541928529739,0.467091780815674,6.69744968414307,0.251671761274338,0.342244029045105,0.211849302053452,23.1789873495146,299979.09375,352771.40625,96810.046875,417411.03125,95967.5390625,0.232072159647942,1179486.625,1.27328789234161,1.08554422855377,3.4999967698253795e-11
ARG,Argentina,1969,2012.6,84525.828125,98939.984375,100415,102630.75,0.0067184413783252,173333.203125,0.750796258449554,0.0727953463792801,0.14044676721096,-0.0530850104987621,0.0134660350158811,0.0755806267261505,0.684190511703491,0.655522525310516,0.0352551378309727,8.48287391662598,2.06193423271179,0.236012637615204,0.467761695384979,0.303894855625185,0.310317248106003,0.336967706680298,0.376556526781177,0.32969269156456,0.493248097534237,7.39800071716309,0.288298010826111,0.367006838321686,0.20782558619976,23.5173092630226,320800.9375,388147.53125,105260.90625,455670.46875,105325.7578125,0.246425554156303,1249613.125,1.33828699588776,1.14997029304504,3.4999967698253795e-11
AUS,Australia,1955,1937.4,105871.1953125,155901.34375,152570,151932.921875,0.0620506405830383,596411.875,0.604659497737885,0.0921690687537193,0.329291015863419,-0.10131224244833,-0.0292770285159349,0.10446971654892,0.800389468669891,0.820874989032745,0.0229208413511515,3.80841636657715,2.70269584655762,0.0433208793401718,0.679780185222626,0.0888101692304918,0.0923891812562943,0.0933971107006073,0.115868665704965,0.0937887504696846,0.0955300542141845,0.463500589132309,0.0860902220010757,0.0778132081031799,0.0901695191860199,9.23257163136818,114466.34375,156457.5,151278.75,181980.1875,155349.921875,0.0581919737160206,901560.1875,0.729746520519257,0.671527743339539,0.892999931828589
AUS,Australia,1956,1919.48,105358.40625,150716.578125,155930.1875,154029.25,0.0629632323980331,616186.3125,0.593400597572327,0.0906149670481682,0.294477671384811,-0.0835662037134171,-0.0074180723167955,0.112491011619568,0.786620676517487,0.772493422031403,0.0231581311672926,3.89250016212463,2.71145153045654,0.0427283495664597,0.679780185222626,0.0946424427571023,0.0982214510440826,0.0980921611189842,0.121658946823555,0.0993027687072754,0.0977918576754732,0.481814980506897,0.0902807787060738,0.0808397457003593,0.103130877017975,9.45501746263896,114720.5703125,151303.5,154758.40625,182397.890625,157831.296875,0.0605831854045391,932533.0625,0.71434623003006,0.634245693683624,0.892999931828589
AUS,Australia,1957,1901.73,109356.3984375,156874.5,155897.5625,154877.421875,0.0640242546796799,635874.25,0.612791240215302,0.0932923257350922,0.306811034679413,-0.0920356586575508,-0.020267216488719,0.0994082689285278,0.76495087146759,0.780027747154236,0.0233273152261972,3.94345593452454,2.72023558616638,0.038595512509346,0.679780185222626,0.0965617525806906,0.0997892245650291,0.0996081233024597,0.12098890451165,0.100264221429825,0.09919132730269,0.453731447458267,0.0915253534913063,0.082792840898037,0.0988586097955704,9.66596402055549,119356.21875,157368.109375,154666.40625,186392.984375,158968.484375,0.0630796551704407,964544.875,0.717217683792114,0.648123502731323,0.893099948420815
AUS,Australia,1958,1884.14,113242.5390625,167635.34375,166126.578125,167085.0625,0.0645810887217522,663181.8125,0.583496391773224,0.0942574515938759,0.325539588928223,-0.0816674828529358,-0.0216956064105034,0.100069686770439,0.814290881156921,0.814947426319122,0.0235147252678871,3.97842645645142,2.72904777526855,0.0406016632914543,0.679780185222626,0.098322319624234,0.101418279111385,0.101216398179531,0.12058365035208,0.100635759532452,0.100796100572784,0.476158738136292,0.0966049432754517,0.0833108574151993,0.0915248170495033,9.86768914071121,123281.7734375,168396.5,164922.15625,199036.453125,171387.46875,0.0664693266153336,1006757.375,0.751721322536469,0.680733144283295,0.893099948420815
AUS,Australia,1959,1866.72,121648.3046875,179703.578125,177668.515625,177714.8125,0.0675892010331154,693266.8125,0.59647524356842,0.0880388766527176,0.32667663693428,-0.0903185307979584,-0.023486103862524,0.102613814175129,0.816379487514496,0.823729336261749,0.0237215030938387,4.0273814201355,2.73788905143738,0.0427748039364815,0.679780185222626,0.101151438005136,0.10509891808033,0.104754753410816,0.131843625578439,0.104727476835251,0.104033606234912,0.456414580345154,0.0973779112100601,0.0854287669062614,0.0979896634817123,10.083112594667,132234.59375,180741.703125,176933.609375,211228.671875,182577.375,0.0701352581381798,1052758.625,0.780886352062225,0.715176045894623,0.892999931828589
AUS,Australia,1960,1849.46,124906.40625,184956.640625,180139.421875,178392.6875,0.0731752291321755,719208.25,0.609460055828095,0.0907166376709938,0.336618274450302,-0.115596652030945,-0.0286512523889542,0.107452906668186,0.768373847007752,0.797389209270477,0.0239195544272661,4.15227031707764,2.74675846099854,0.0376757420599461,0.685091435909271,0.104814714606637,0.109071888029575,0.109289810061455,0.137672759427262,0.11035992205143,0.109743101308954,0.430331557989121,0.0856848582625389,0.0905373021960259,0.0941401124000549,10.3115548281376,134896.53125,185727.953125,179025.03125,216140.953125,185371.875,0.0741365849971771,1100372.25,0.772082090377808,0.710106194019318,0.892899974841007
AUS,Australia,1961,1846.05,128170.34375,182641.21875,184762.71875,183670.0625,0.0721914023160934,736212.625,0.604632496833801,0.0931967794895172,0.296569168567657,-0.0929535627365112,-0.0161340963095427,0.114689223468304,0.772482216358185,0.769511580467224,0.0240623950958252,4.16426372528076,2.76815295219421,0.043940644711256,0.679827272891998,0.105717355607144,0.110197991132736,0.107755534350872,0.139267016092253,0.108396582305431,0.102008411554461,0.428974330425262,0.088065505027771,0.0862566530704498,0.0974766761064529,10.5479561988109,138573.796875,183810.734375,183802.375,219088.328125,191043.9375,0.0769790932536125,1135589.375,0.768686830997467,0.690272748470306,0.892899974841007
AUS,Australia,1962,1842.64,135325.578125,196828.90625,195007.34375,193776.796875,0.0675890371203423,763174.375,0.605998814105988,0.092359185218811,0.31739267706871,-0.0922007709741592,-0.0228273272514343,0.0992774441838265,0.787664711475372,0.80134916305542,0.0242121666669846,4.26416921615601,2.78971362113953,0.0458806343376637,0.669902265071869,0.107046979713575,0.11147429049015,0.110418617725372,0.14052331594858,0.111119814217091,0.108095830140391,0.469712734222412,0.0996489524841309,0.0914449915289879,0.107640869915485,10.7431686073656,146084.359375,198398.6875,194545.03125,232842.765625,201463.375,0.0813151970505714,1182194.125,0.786637127399445,0.717414498329163,0.892899974841007
AUS,Australia,1963,1839.24,144616.125,209026.21875,211222.015625,208057.90625,0.0638882219791412,796409.4375,0.605886578559876,0.0891897678375244,0.309577763080597,-0.118476949632168,-0.0041513750329613,0.117974191904068,0.818157553672791,0.825443089008331,0.0244003068655729,4.38606357574463,2.81144237518311,0.0512351505458355,0.660960078239441,0.108308505641226,0.113113790750504,0.112615518271923,0.145757198543645,0.114328168332577,0.111496777185119,0.530352711677551,0.098929688334465,0.0941929519176483,0.113448716700077,10.9486929674716,156189.5625,210872.453125,211106.921875,248562.109375,215830.296875,0.0860125869512558,1231092.375,0.805624604225159,0.731538712978363,0.892899974841007
AUS,Australia,1964,1835.85,152274.359375,224811.625,220135.359375,217890.59375,0.0637378618121147,839476.5625,0.605075895786285,0.0937810316681862,0.332906812429428,-0.131430998444557,-0.0253988672047853,0.125066086649895,0.8189737200737,0.851790368556976,0.0245858822017908,4.54341506958008,2.83334064483643,0.0463602021336556,0.667436480522156,0.112301054249972,0.117508813738823,0.117975994944572,0.151109315508127,0.119191408157349,0.11895672529862,0.527305841445923,0.102239660918713,0.0996452942490578,0.111403860151768,11.1644732823371,165065.609375,227526.546875,220510.265625,264281.46875,226461.875,0.0917023196816444,1290835.375,0.815736591815949,0.751683354377747,0.892899974841007
AUS,Australia,1965,1832.46,158350.96875,228682.703125,223535.734375,220539.015625,0.0619542896747589,875363.3125,0.613977432250977,0.104040496051311,0.318908363580704,-0.14249986410141,-0.0090195480734109,0.114593110978603,0.803748548030853,0.836115419864655,0.0247423499822617,4.68104219436646,2.8554093837738,0.0405547507107258,0.679783999919891,0.116289934545081,0.121514774858952,0.122120015323162,0.15234828177554,0.12377941608429,0.123482730085568,0.499623239040375,0.106705568730831,0.102452106773853,0.117562986910343,11.3844932187008,171636.84375,232077.09375,224177.796875,270176.1875,229682.859375,0.0966307073831558,1344057.5,0.800296068191528,0.735792875289917,0.892899974841007
AUS,Australia,1966,1829.08,166409.203125,241031.609375,238340.625,236441.203125,0.0577707625925541,912683.875,0.599234640598297,0.104573383927345,0.315606623888016,-0.123808197677135,-0.007475861813873,0.111869432032108,0.826775372028351,0.842808723449707,0.0248849429190159,4.84978771209717,2.87764978408813,0.0421524792909622,0.675305664539337,0.120011787668878,0.125549077987671,0.127627700567245,0.157279333721495,0.128652974963188,0.132263048491106,0.55762106180191,0.109205305576324,0.109672196209431,0.116472713649273,11.5991564450273,179816.09375,244721.84375,239058.3125,286878,245454.8125,0.102633021771908,1402941.625,0.810403048992157,0.739939451217651,0.892899974841007
AUS,Australia,1967,1825.71,176168.40625,254090.53125,248353.484375,247571.296875,0.0584692135453224,954724.8125,0.60040682554245,0.11117972433567,0.314746171236038,-0.122026033699512,-0.0204037874937058,0.116097055375576,0.822969019412994,0.843069434165955,0.0250555910170078,5.00150632858276,2.90006351470947,0.0445667095482349,0.669578015804291,0.124827066793893,0.130585566163063,0.131684064865112,0.161683320894206,0.132100120186806,0.134167593244085,0.581204950809479,0.114393383264542,0.111908368766308,0.11716715246439,11.8152955189987,190296.03125,257894.40625,248794.890625,301614.90625,256643.234375,0.108718164265156,1463248.5,0.815716981887817,0.746531665325165,0.892899974841007
AUS,Australia,1968,1822.34,185585.6875,272464.1875,268455.53125,266799.65625,0.0576025135815144,1000830.0625,0.587442219257355,0.108157224953175,0.325632005929947,-0.124650500714779,-0.0024947032798081,0.105913795530796,0.842365145683289,0.854990959167481,0.0252581257373095,5.12361621856689,2.92265176773071,0.0478117242455483,0.663482964038849,0.128917093175362,0.134672164916992,0.136596739292145,0.165930136950274,0.137444511055946,0.140707902119865,0.622921347618103,0.115991085767746,0.118290975689888,0.120370149612427,12.0435906422539,199793.046875,276378.90625,268782.0625,323228.96875,275991.59375,0.115891918540001,1535040.75,0.838782429695129,0.767650604248047,0.892899974841007
AUS,Australia,1969,1818.98,196857.125,289961.90625,288864.28125,286984.21875,0.0570738799870014,1057249.75,0.57637095451355,0.10958006978035,0.324424713850021,-0.114129781723022,-0.0047881109640002,0.108542211353779,0.870336830615997,0.873949885368347,0.0254738871008158,5.26686716079712,2.94541621208191,0.0517363213002682,0.656078159809113,0.135146113459034,0.141208276152611,0.143055334687233,0.17309412522801,0.143992483615875,0.146960685963072,0.687242746353149,0.12225266546011,0.122692920267582,0.129857122898102,12.3199822640646,212843.5625,294332.28125,289335.46875,346807.96875,297068.5625,0.122979789972305,1611390.25,0.862702906131744,0.783663749694824,0.892899974841007
AUT,Austria,1955,1936.07,50895.9453125,62987.46484375,59961.6015625,60829.76953125,0.0127114010974765,155096.453125,0.669273197650909,0.167421489953995,0.198776349425316,-0.117069453001022,0.0071636517532169,0.0744347646832466,0.690921127796173,0.715062081813812,0.0334966257214546,3.10609316825867,2.47556614875793,0.101063638925552,0.569767951965332,0.0668998614800505,0.0643439441919327,0.0729009285569191,0.0541265945230576,0.0718604922294617,0.10891922822255,0.932527005672455,0.095020242035389,0.0821096375584602,0.0938119068741798,6.94617169305744,72155.1640625,98355.21875,59711.47265625,88421.90625,61913.9296875,0.0817645639181137,349587.09375,0.54067075252533,0.585318326950073,1.88949369018117
AUT,Austria,1956,1933.6,53175.734375,64581.92578125,64664.59765625,65166.78515625,0.0126730632036924,160844.515625,0.656938016414642,0.15905636548996,0.175030738115311,-0.117449015378952,0.0339450426399708,0.0924788415431976,0.71785706281662,0.713992655277252,0.0341104976832867,3.20088076591492,2.46107220649719,0.107706509530544,0.569767951965332,0.0694088957694489,0.067672498524189,0.075158916413784,0.0605007896136607,0.0745797231793404,0.110060611348694,1.02193379402161,0.0970655158162117,0.0840067714452744,0.0969301536679268,6.95164522146753,75975.6484375,100137.2421875,64582.6640625,93872.5703125,66485.3359375,0.0849093198776245,362155.03125,0.557430446147919,0.578721106052399,1.88949369018117
AUT,Austria,1957,1931.14,55360.828125,67582.828125,67978.6796875,68490.234375,0.0127582466229796,167068.640625,0.645529448986054,0.16277302801609,0.178448766469955,-0.125714212656021,0.0378279574215412,0.101135052740574,0.730917274951935,0.726085960865021,0.0343943387269974,3.27375364303589,2.44666337966919,0.110449388623238,0.569767951965332,0.0725643817683139,0.0714149326086044,0.0791476592421532,0.0668564289957666,0.0785565078258514,0.114173866938025,1.05994594097137,0.0991705730557442,0.0877596214413643,0.0984126701951027,6.96514452546359,79216.9765625,104935.65625,67905.03125,99323.234375,69958.0859375,0.0883166491985321,375817.6875,0.574842691421509,0.591075539588928,1.88949369018117
AUT,Austria,1958,1928.69,58751.44140625,70887.046875,71347.5703125,71811.640625,0.0126986596733332,172822.375,0.652723968029022,0.165408596396446,0.168992176651955,-0.115343973040581,0.0356954522430897,0.0925238505005837,0.759310364723206,0.74767529964447,0.0346145071089268,3.30004024505615,2.43233871459961,0.113274201750755,0.569767951965332,0.072506312866174,0.071034848690033,0.0783282220363617,0.0652282437824767,0.0778220295906067,0.11363721268471,1.08133745193481,0.0998619347810745,0.0864514261484146,0.0998974516987801,6.9866405209661,83689.09375,109415.34375,71131.53125,102957.0078125,72854.5546875,0.0914857387542725,388830.84375,0.586617588996887,0.606735110282898,1.88949369018117
AUT,Austria,1959,1926.23,61351.34375,73850.5546875,73973.203125,74247.2890625,0.0125161604955792,178763.046875,0.661789000034332,0.164521887898445,0.168345645070076,-0.120118357241154,0.033193800598383,0.0922680646181107,0.761275172233582,0.755568563938141,0.0347755216062069,3.34935641288757,2.41809797286987,0.110310398042202,0.569767951965332,0.0739453363441791,0.0723315477371216,0.0803503021597862,0.065840083384024,0.0800536870956421,0.119709692739248,1.05754280090332,0.0988302454352379,0.0904587134718895,0.101300239562988,7.01361052166688,87519.3515625,114185.859375,73901.40625,105985.1484375,75349.484375,0.0947778597474098,402292.125,0.592157065868378,0.620906054973602,1.88949369018117
AUT,Austria,1960,1923.78,65244.6875,81460.328125,79628.453125,78335.203125,0.0128403892740607,189012.359375,0.67480593919754,0.158085122704506,0.207003250718117,-0.159746140241623,0.0244797524064779,0.0953720733523369,0.77207338809967,0.803623676300049,0.035293810069561,3.41788744926453,2.40394067764282,0.116579063236713,0.569767951965332,0.0748878083048904,0.0737366825342178,0.0833360254764557,0.0688229582085556,0.0847118347883225,0.121959600799949,1.12932777404785,0.0888016298413277,0.0912122800946236,0.106563426554203,7.04671344884318,92544.6875,127934.640625,79258.2109375,115675.21875,80616.734375,0.100770503282547,424683.6875,0.624787986278534,0.672515332698822,1.88949369018117
AUT,Austria,1961,1911.96,68337.671875,85351.4765625,84259.9609375,82855.953125,0.0131430234760046,199678.75,0.669822573661804,0.154954269528389,0.205341935157776,-0.150011241436005,0.027153767645359,0.0927386656403542,0.788410365581513,0.813590824604034,0.035978302359581,3.43663644790649,2.42698168754578,0.114061012864113,0.569767951965332,0.0779605322019772,0.0767655745148659,0.0873807221651077,0.0716001281477104,0.0888614058494568,0.13001754662754,1.17090821266174,0.0939232856035233,0.0969242975115776,0.113496385514736,7.0855712094611,96915.59375,134120.890625,83856.8515625,121731.515625,85023.234375,0.106691122055054,447721.53125,0.638320446014404,0.684469163417816,1.88949369018117
AUT,Austria,1962,1900.21,70609.546875,86767.484375,86713.3828125,86168.5859375,0.0131928427144885,208534.5625,0.666220307350159,0.153214573860168,0.187515437602997,-0.136026903986931,0.0336063429713249,0.0954702347517014,0.791172385215759,0.797943592071533,0.036297582089901,3.42055082321167,2.45024347305298,0.113596446812153,0.569767951965332,0.0812974612917177,0.0802016630768776,0.090264230966568,0.0754368353595921,0.0908349230885506,0.134237235756578,1.14008963108063,0.104877084493637,0.0987129062414169,0.116861596703529,7.12913200877563,100026.4140625,135612.8125,86406.65625,124154.03125,87435.4765625,0.111651718616486,467712.0625,0.638897120952606,0.679191946983337,1.88949369018117
AUT,Austria,1963,1888.54,74312.2265625,90882.3828125,90514.171875,89723.0859375,0.0130739631131291,217037.875,0.67438805103302,0.153851702809334,0.184681043028831,-0.175775602459908,0.0373401157557964,0.125514730811119,0.804564535617828,0.818408489227295,0.0363695286214352,3.39713144302368,2.47372841835022,0.112687595188618,0.569767951965332,0.08354413421502,0.0829531997442246,0.093202643096447,0.0803629005222185,0.0940244048833847,0.139168358542968,1.16637325286865,0.10622426122427,0.103118360042572,0.117741271853447,7.17507388830619,105450.078125,141939.078125,90331.1171875,129604.703125,91046.265625,0.116601832211018,487781.21875,0.655917584896088,0.699120759963989,1.88949369018117
AUT,Austria,1964,1876.94,76757.953125,96258.1953125,94820.1484375,93952.0703125,0.0129266604781151,229193.6875,0.661383211612701,0.155607387423515,0.207555249333382,-0.179239988327026,0.0309232696890831,0.12377092987299,0.814846336841583,0.841569006443024,0.0364361219108105,3.39149236679077,2.49743819236755,0.118388332426548,0.569767951965332,0.0872757621531575,0.0865194350481033,0.097412571310997,0.0833048074285849,0.098312608897686,0.140290708086528,1.1962833404541,0.109839059412479,0.102562993764877,0.122455157339573,7.22305928201493,109069.15625,152349.234375,94783.921875,137477.875,95370.140625,0.123301461338997,514539.3125,0.678575098514557,0.731858491897583,1.88949369018117
AUT,Austria,1965,1865.4,80425.078125,100231.8046875,98166.0859375,97258.234375,0.0129167046397924,239560.21875,0.672417998313904,0.154505103826523,0.203650891780853,-0.185991793870926,0.0298277642577887,0.12559001147747,0.818657994270325,0.846406877040863,0.0365687049925327,3.36869359016418,2.52137541770935,0.111705802381039,0.569767951965332,0.09089692635073,0.0904363915324211,0.102292656898499,0.0884320910661922,0.103247508406639,0.150434945679887,1.18438827991486,0.115281514823437,0.112467631697655,0.128904566168785,7.27014211568184,113887.9140625,158240.015625,98023.2890625,141111.65625,98385.78125,0.130048617720604,541062.875,0.682037472724915,0.744360566139221,1.88949369018117
AUT,Austria,1966,1853.94,84285.9140625,106385.03125,103234.078125,102667.015625,0.012847701087594,253954.703125,0.66429603099823,0.156667828559876,0.215250432491303,-0.188902005553246,0.0297032184898853,0.122984476387501,0.834195137023926,0.864386796951294,0.0367564335465431,3.34071493148804,2.54554200172424,0.110987812280655,0.569767951965332,0.0930299201538755,0.0928381532430649,0.10596839338541,0.092025020432023,0.106553688645363,0.156047073042299,1.19483077526093,0.119337178766727,0.116039149463177,0.131120353937149,7.32131388485789,118843.3515625,168851.734375,102892.1640625,148984.84375,103309.09375,0.138274878263474,572496.625,0.703323781490326,0.775783360004425,1.88949369018117
AUT,Austria,1967,1842.55,87494.0859375,109247.8359375,106812.2890625,106394.3359375,0.0128193944692612,266964.65625,0.662023007869721,0.160333633422852,0.20446340739727,-0.172959119081497,0.0210941508412361,0.125044941902161,0.8555748462677,0.876887261867523,0.0367735922336578,3.28626155853272,2.56668210029602,0.112854771316051,0.569767951965332,0.0968497107192295,0.0971400067210197,0.108925200998783,0.0983386493591515,0.109353095293045,0.156325554704806,1.22791695594788,0.124596163630486,0.115903869271278,0.133950620889664,7.37624036102256,123043.453125,172231.125,106231.2734375,153829.890625,106499.359375,0.145366579294205,601295.9375,0.71656197309494,0.780811846256256,1.88949369018117
AUT,Austria,1968,1831.23,91120.515625,113865.078125,111929.0859375,111399.40625,0.0128296231850982,279716.59375,0.657515466213226,0.160446837544441,0.204171285033226,-0.174508959054947,0.0243810620158911,0.12799434363842,0.87120521068573,0.885045349597931,0.0365871302783489,3.24312829971313,2.58321928977966,0.115342117846012,0.569767951965332,0.099259303493278,0.0998287945985794,0.111676417291164,0.102162592442077,0.112207412719727,0.15914101218981,1.21884417533875,0.127478569746017,0.116447485983372,0.137268662452698,7.41464135855539,127728.75,179357.09375,111117.7421875,160491.8125,111102.046875,0.152747750282288,631600.375,0.737253069877625,0.801869988441467,1.88949369018117
AUT,Austria,1969,1819.98,93102.5546875,117550.4375,117250.21875,117023.953125,0.0127710904926062,294814.34375,0.637345790863037,0.158239647746086,0.208913490176201,-0.175622940063477,0.0283721424639225,0.142751887440681,0.901388943195343,0.899866104125977,0.0364571809768677,3.23713517189026,2.59986281394959,0.118837811052799,0.569767951965332,0.103670618221965,0.104930721223354,0.11639591306448,0.110006075206254,0.11662095785141,0.160057742039787,1.26886701583862,0.136714443564415,0.118114151060581,0.142924889922142,7.44029065597256,130906.828125,185965.421875,116521.5078125,170787.5,116624.3046875,0.161010190844536,664459.625,0.767662107944489,0.813519358634949,1.88949369018117
BDI,Burundi,1960,,1992.15673828125,2138.11499023438,2119.41284179688,2097.166015625,,5957.220703125,0.93515145778656,0.01477653067559,0.0695978775620461,-0.108288034796715,-4.04069027126752e-8,0.0887621492147446,,,0.0403455346822739,,1.09549450874329,,,0.0930914038354061,0.0942786633968353,0.0935720801353455,0.1694158101963,0.0945646911859512,0.0839280663049613,,0.115588873624802,0.0706606954336166,0.131615027785301,2.82221490931733,2257.21655273438,2457.33447265625,2236.57788085938,2446.83618164063,2280.17333984375,,7228.82177734375,,,50.00000005
BDI,Burundi,1961,,1720.4296875,1859.1865234375,1828.0380859375,1813.64428710938,,5857.09521484375,0.934106111526489,0.0144975818693638,0.0765071883797646,-0.114201888442039,6.07184844625408e-8,0.0890909358859062,,,0.0396355390548706,,1.09549450874329,,,0.111949601412046,0.113290227949619,0.112365201115608,0.199669411350786,0.113256990909576,0.100895936668692,,0.143635451793671,0.084895096719265,0.162458956241608,2.90115361493704,1954.56921386719,2140.86450195313,1935.07788085938,2098.01953125,1975.353515625,,7115.4970703125,,,50.00000005
BDI,Burundi,1962,,1889.14978027344,2049.22045898438,1984.90747070313,1995.50280761719,,5802.44775390625,0.928394615650177,0.0183090250939131,0.0802156627178192,-0.113629378378391,5.25546006713284e-8,0.0867099910974503,,,0.0390984378755093,,1.09549450874329,,,0.108113670831898,0.109728150069714,0.108842812478542,0.191593336431247,0.108264908194542,0.0983940981062515,,0.154356569051743,0.0817233324050903,0.161821618676186,2.96907941824864,2151.66259765625,2366.23388671875,2101.96044921875,2275.58081054688,2153.67724609375,,7039.47265625,,,50.00000005
BDI,Burundi,1963,,2043.60009765625,2179.28100585938,2042.74035644531,2081.296875,,5717.3603515625,0.956604182720184,0.0252836737781763,0.0651905313134193,-0.0984531864523888,5.11563449379082e-8,0.0513747707009316,,,0.0385369546711445,,1.09549450874329,,,0.113954312069045,0.116157971322536,0.115350179374218,0.199533122736407,0.113213285803795,0.103183315227269,,0.162266135215759,0.0856277793645859,0.163664355874062,3.01573488101076,2345.4287109375,2539.06787109375,2169.73315429688,2411.03857421875,2246.62231445313,,6939.77001953125,,,50.00000005
BDI,Burundi,1964,,1929.55480957031,2057.62719726563,2099.42846679688,2086.59765625,,5633.64013671875,0.892630994319916,0.032106339931488,0.0613786168396473,-0.086521603167057,-2.72287046243491e-8,0.100405693054199,,,0.037755336612463,,1.09549450874329,,,0.123714259925398,0.12667453289032,0.125593900680542,0.208976979347149,0.126366198062897,0.10931309946428,,0.174480676651001,0.0905351564288139,0.175412401556969,3.09629827651524,2235.90771484375,2419.48974609375,2237.89379882813,2568.5380859375,2259.1181640625,,6840.06103515625,,,50.00000005
BDI,Burundi,1965,,2073.21142578125,2214.5244140625,2167.67114257813,2181.19506835938,,5567.201171875,0.908471643924713,0.042021743953228,0.0647869482636452,-0.0865080207586289,-1.8670844426083e-8,0.0712276771664619,,,0.0368648022413254,,1.09549450874329,,,0.0727154062676863,0.0748268365859985,0.0741922035813332,0.120474095635189,0.0737321972846985,0.0648814596214425,,0.105616629123688,0.0533032603561878,0.105899758636951,3.17832241114532,2414.59252929688,2617.2958984375,2310.62133789063,2694.09326171875,2360.92797851563,,6768.732421875,,,84.375000084375
BDI,Burundi,1966,,2079.57104492188,2251.86303710938,2203.57983398438,2255.20141601563,,5548.794921875,0.878614783287048,0.0435073673725128,0.0763975828886032,-0.0878516361117363,1.6644545297595e-8,0.0893318727612495,,,0.0360768027603626,,1.09549450874329,,,0.0747172556856499,0.0768398270010948,0.0759328901767731,0.119704401613303,0.0741947889328003,0.0649860363191491,,0.10849241912365,0.0529717318713665,0.0884962379932404,3.26147986137316,2422.41528320313,2658.23291015625,2347.908203125,2802.97119140625,2435.52392578125,,6746.83837890625,,,87.5000000875
BDI,Burundi,1967,,2308.48559570313,2498.751953125,2472.22045898438,2536.06860351563,,5548.40869140625,0.866601645946503,0.0436598472297192,0.0750241726636887,-0.0748458206653595,7.421511849514671e-9,0.0895601883530617,,,0.0355800129473209,,1.09549450874329,,,0.0714616624796788,0.0736456662416458,0.0729267820715904,0.11699579016413,0.0710907727479935,0.0642046864148762,,0.111646063625813,0.0523757673799992,0.0847843810915947,3.33904601712405,2689.96313476563,2950.75634765625,2635.23510742188,3200.478515625,2738.14697265625,,6752.2978515625,,,87.5000000875
BDI,Burundi,1968,,2337.78271484375,2561.82080078125,2486.30908203125,2563.27709960938,,5578.32568359375,0.865275502204895,0.0467534214258194,0.0874029994010925,-0.0844858139753342,1.41147742382941e-8,0.0850539281964302,,,0.0353572927415371,,1.09549450874329,,,0.072853692830897,0.075231246650219,0.0745086222887039,0.119233206385941,0.0722713395953178,0.0669681905817288,,0.113076940178871,0.0545343346893787,0.0865149721503258,3.40900089032705,2725.84912109375,3023.79052734375,2648.78515625,3190.3515625,2764.54052734375,,6803.67724609375,,,87.5000000875
BDI,Burundi,1969,,2189.74633789063,2415.22509765625,2358.40502929688,2453.26879882813,,5607.5537109375,0.841609716415405,0.0509734377264977,0.0919095426797867,-0.0784397125244141,-1.76793584216739e-8,0.0939470157027245,,,0.0353007428348064,,1.09549450874329,,,0.0801150863533187,0.082737073302269,0.0815406069159508,0.126028035591762,0.0783875584602356,0.069921039150258,,0.119545437395573,0.057453628629446,0.0797103717923164,3.4685135819405,2575.76513671875,2870.04174804688,2524.93603515625,3132.34887695313,2658.14697265625,,6853.1640625,,,87.5000000875
BEL,Belgium,1955,2072.86,71974.7265625,95594.796875,99973.8828125,96790.9453125,0.0334527306258678,430744.3125,0.613617062568665,0.129993051290512,0.244031801819801,-0.352598696947098,0.0344976931810379,0.330459028482437,0.722244024276733,0.712953329086304,0.0379104763269424,3.45467042922974,2.28218054771423,0.0765291452407837,0.66414213180542,0.0960307730130888,0.0977432802319527,0.0945965349674225,0.105826961341642,0.0977073162794113,0.085007820658966,0.598455011844635,0.0884425044059753,0.0617925263941288,0.0971189588308334,8.86176115495342,100084.3515625,136117.328125,100899.2890625,120430.1875,97957.734375,0.104231059551239,616553,0.53222531080246,0.562708258628845,1.23922002738563
BEL,Belgium,1956,2062.75,72921.703125,100188.9765625,104186.8046875,99380.3359375,0.0335023887455463,444561.03125,0.604353249073029,0.129410669207573,0.274372935295105,-0.384941518306732,0.032096553593874,0.344708174467087,0.730099558830261,0.73870861530304,0.0382529757916927,3.45713305473328,2.28719329833984,0.0747091248631477,0.66414213180542,0.0986599881800043,0.100388653576374,0.096924364566803,0.108461589064594,0.10161204636097,0.0876597233093389,0.627017915248871,0.0918721854686737,0.0646035000681877,0.104445017874241,8.91708956811452,102093.46875,142476.71875,105310.46875,124222.96875,100738.5078125,0.108149573206902,636531.875,0.542938768863678,0.582508981227875,1.23946762508088
BEL,Belgium,1957,2052.68,74872.03125,102306.0859375,105089.625,100734.53125,0.0335181802511215,456625.96875,0.613597631454468,0.129663228988647,0.272340148687363,-0.386536329984665,0.0310206543654203,0.339914709329605,0.721826612949371,0.738019526004791,0.0386436283588409,3.48168253898621,2.29221701622009,0.0704780295491219,0.66414213180542,0.103090141724528,0.104621961712837,0.101240634918213,0.111870907079784,0.105617605149746,0.0920124182063269,0.622803330421448,0.0954615697264671,0.0684957057237625,0.10714615881443,8.9823058148092,105024.953125,145489.046875,106172.8828125,126638.6484375,102494.109375,0.111725963652134,655205.625,0.545892953872681,0.586652994155884,1.23946762508088
BEL,Belgium,1958,2042.66,75851.0546875,99127.546875,104927.4609375,101013.015625,0.0329735726118088,464015.90625,0.609274923801422,0.141628816723824,0.230430617928505,-0.345390260219574,0.0356385968625546,0.328417301177979,0.727986574172974,0.712627232074738,0.038705762475729,3.44435930252075,2.29725193977356,0.0666743665933609,0.66414213180542,0.103226206302984,0.104738123714924,0.102684006094933,0.111242253680658,0.106663204729557,0.0959902795146224,0.626758813858032,0.0944274514913559,0.0707593038678169,0.105685219168663,9.04585344194746,106038.2109375,141438.359375,105943.84375,125966.6640625,101406.765625,0.113406777381897,666287.9375,0.545137584209442,0.572568476200104,1.23922002738563
BEL,Belgium,1959,2032.69,77345.0546875,103805.59375,105905.8359375,104207.3984375,0.0326963774859905,475541.9375,0.597438216209412,0.144784078001976,0.253921866416931,-0.364515721797943,0.0306231863796711,0.337748378515244,0.731691062450409,0.727292239665985,0.0386904254555702,3.4158821105957,2.30229759216309,0.0684265047311783,0.66414213180542,0.106608661171087,0.107932150363922,0.104741923511028,0.11339342216778,0.106449067592621,0.0954167499843804,0.589794456958771,0.0954517871141434,0.0698351860046387,0.0996152386069298,9.09683734536689,108290.765625,148214.71875,107192.1796875,130397.953125,104320.15625,0.116424240171909,682695.8125,0.563461244106293,0.5990931391716,1.23922002738563
BEL,Belgium,1960,2022.77,82354.8359375,110913.3515625,112906.4140625,104181.15625,0.0324310623109341,488752.375,0.638165056705475,0.152331456542015,0.27412360906601,-0.463531255722046,0.0299041215330362,0.369007050991058,0.708782196044922,0.755287408828735,0.0388986691832542,3.49445271492004,2.30735445022583,0.0706419721245766,0.66414213180542,0.10438868422253,0.106620229780674,0.10414157807827,0.115968868599002,0.112863518297672,0.0969938316895353,0.618488371372223,0.0849733203649521,0.0704311802983284,0.10299264639616,9.11179679128151,114557.9765625,157858.21875,113989.828125,137849.265625,109669.7734375,0.120135419070721,702283.9375,0.581620514392853,0.623034715652466,1.23946762508088
BEL,Belgium,1961,2010.78,83853.1015625,116384.3515625,117838.53125,110276.0390625,0.0324422717094421,506010.65625,0.610994815826416,0.149397909641266,0.294998317956924,-0.449170082807541,0.0248060580343008,0.368972927331924,0.734833478927612,0.776905953884125,0.0392495319247246,3.52063274383545,2.30882883071899,0.0703663229942322,0.66414213180542,0.107543148923698,0.108765810728073,0.106198236346245,0.113766152497341,0.11348108202219,0.0995800076548343,0.629400908946991,0.0904180854558945,0.0722408220171928,0.106236763298512,9.15886120170521,116561.1640625,165305.3125,118962.203125,144828.984375,115459.1875,0.125131174921989,727756,0.601901769638062,0.642638444900513,1.23946762508088
BEL,Belgium,1962,1998.85,88129.2578125,121668.6171875,123833.0390625,119656.015625,0.0323926955461502,524394.0625,0.586359202861786,0.150162577629089,0.280298143625259,-0.389759957790375,0.0218483190983534,0.351091712713242,0.76693069934845,0.78107613325119,0.0397276021540165,3.57501149177551,2.31030416488647,0.0701732337474823,0.66414213180542,0.108613757473602,0.109931237995625,0.108206212520599,0.115075774692796,0.111983552575111,0.103673479296041,0.620540380477905,0.101456388831139,0.0743202194571495,0.111236743628979,9.21142128830356,122396.6484375,173273.578125,125296.671875,152506.671875,121689.96875,0.130616888403893,754090.0625,0.620600044727325,0.65957635641098,1.23946762508088
BEL,Belgium,1963,1987,93183.765625,126850.3203125,127817.8515625,125015.4140625,0.0322648771107197,541743.25,0.584368467330933,0.161009773612022,0.269299238920212,-0.401875376701355,0.0218508057296276,0.36534708738327,0.780374884605408,0.795179307460785,0.0401098169386387,3.60019254684448,2.31178045272827,0.0679505467414856,0.66414213180542,0.11301236463004,0.113782569766045,0.112731464207172,0.116577939035255,0.115258529782295,0.109822149758447,0.630172431468964,0.105658516287804,0.0786073580384255,0.111717119812965,9.27607243425755,129653.0234375,181047.421875,129500.8125,159137.390625,126494.703125,0.135785147547722,779135.25,0.638471186161041,0.679471373558044,1.23946762508088
BEL,Belgium,1964,1975.22,95868.453125,136349.546875,136898.734375,133538.96875,0.032078430056572,566403.5625,0.559789478778839,0.158116698265076,0.303140699863434,-0.408070981502533,0.0117621226236224,0.37526199221611,0.809555172920227,0.833249092102051,0.0402297489345074,3.6515531539917,2.31325745582581,0.0693506971001625,0.66414213180542,0.11811369274933,0.118486687541008,0.117786183953285,0.119807206932944,0.120749600231647,0.116127235046777,0.656958937644959,0.111300744116306,0.0829616263508797,0.118537791073322,9.35990841682468,133538.796875,194715.96875,138896.078125,170304.9375,135056.3125,0.142672181129456,815040.3125,0.668074369430542,0.714510977268219,1.23946762508088
BEL,Belgium,1965,1963.51,100697.203125,140797.484375,142755.28125,138551,0.0317922905087471,589735.0625,0.561854660511017,0.164933353662491,0.289426177740097,-0.408251583576202,0.0133759472519159,0.378661453723907,0.817874312400818,0.833814680576325,0.0401465855538845,3.66565299034119,2.31473565101624,0.0699832513928413,0.66414213180542,0.123477532928666,0.123446002602577,0.122995689511299,0.123338600651307,0.1267279535532,0.121864869766994,0.65682989358902,0.115489825606346,0.0862759873270989,0.124627910554409,9.4409474842587,139652.875,201027.609375,144785.4375,176237.6875,139871.875,0.149068430066109,849186.5,0.681896865367889,0.727587759494782,1.23946762508088
BEL,Belgium,1966,1951.86,104458.5,147628.828125,147402.140625,143731.65625,0.03166713565588,616140.8125,0.55715423822403,0.169606298208237,0.300353616476059,-0.416925221681595,0.0102723343297839,0.379538655281067,0.816341400146484,0.83845853805542,0.0401480384171009,3.6787428855896,2.32342505455017,0.0687098354101181,0.66414213180542,0.128641294302954,0.128290638327599,0.128015339374542,0.127138720798303,0.131284475326538,0.127349208599621,0.652742922306061,0.120495364069939,0.089456133544445,0.128279581665993,9.50060230106691,144112.171875,210454.953125,149285.578125,181472.453125,143659.078125,0.15708464384079,887856.5,0.689283788204193,0.747749745845795,1.23946762508088
BEL,Belgium,1967,1940.29,108544.7265625,152051.234375,153419.328125,150270.421875,0.0313756838440895,641602.4375,0.5478196144104,0.174509629607201,0.289521425962448,-0.40103480219841,0.0088932672515511,0.380290865898132,0.844002366065979,0.85241574048996,0.0401647835969925,3.66262531280518,2.33214712142944,0.0674929469823837,0.66414213180542,0.132004249990555,0.131540849804878,0.131781294941902,0.130086122396142,0.134542748332024,0.132381201124438,0.680581629276276,0.124870657920837,0.0929928421974182,0.131690561771393,9.54926576552583,149207.75,216205.71875,154990.203125,188452.171875,149156.296875,0.164394691586494,925111.5,0.708034694194794,0.759854316711426,1.23946762508088
BEL,Belgium,1968,1928.78,114476.2109375,158148.609375,160062.3125,157612.0625,0.0309811774641275,666156.75,0.550714075565338,0.175602227449417,0.277087867259979,-0.425814926624298,0.0120972199365497,0.410313487052918,0.861535489559174,0.859183967113495,0.0400435291230679,3.65859794616699,2.34090185165405,0.068800613284111,0.66414213180542,0.135683353615113,0.13505807518959,0.135145112872124,0.133097100726821,0.13724610209465,0.135373299779226,0.681870579719544,0.127906486392021,0.0947426185011864,0.132691502571106,9.58254000256245,156751.203125,224489.375,161426.96875,197176.8125,155543.125,0.171326830983162,961204.8125,0.732213020324707,0.779807031154633,1.23946762508088
BEL,Belgium,1969,1917.35,120538.671875,168931.234375,171442.109375,167750.796875,0.0310468524694443,695194.3125,0.540947735309601,0.177610233426094,0.288478910923004,-0.448882162570953,0.0079591842368245,0.433886080980301,0.892153739929199,0.892896771430969,0.0400287993252277,3.72104096412659,2.34968948364258,0.0704991295933723,0.66414213180542,0.140697554668209,0.13982081413269,0.140015497803688,0.137150504153492,0.143096506595612,0.140500468320302,0.716673851013184,0.134841501712799,0.0990085527300835,0.141707122325897,9.60542324722723,165398.671875,239693.515625,172830.90625,209391.296875,165099.125,0.17989693582058,1003458.75,0.757483065128326,0.811111092567444,1.23946762508088
BEN,Benin,1959,,3633.84985351563,3795.88549804688,3714.083984375,3762.66625976563,,2338.10131835938,0.584741652011871,0.381022959947586,0.0430640205740929,-0.0394168011844158,0.0153929479420185,0.0151952551677823,,,0.0419477969408035,,1.06324589252472,,,0.0465110658830773,0.0422708578407764,0.0493376590311527,0.0357635727985756,0.0487006269395351,0.207819526823283,,0.122017413377762,0.0709223747253418,0.196592584252357,2.35179915458932,3132.83349609375,3076.619140625,3933.14575195313,2473.064453125,4065.74291992188,,6089.37548828125,,,245.294448692632
BEN,Benin,1960,,3963.92797851563,4123.6923828125,4022.95703125,4094.78271484375,,2685.94262695313,0.611911594867706,0.356131911277771,0.0390166267752647,-0.0705759674310684,0.0407052077353001,0.0228106286376715,,,0.0436567291617394,,1.06519985198975,,,0.0469182694910066,0.0430734343826771,0.0496892258524895,0.0364671768998795,0.0488176383078098,0.213834000262997,,0.10834077745676,0.0723136812448502,0.194502398371696,2.40435346900683,3422.7626953125,3307.08569335938,4243.32470703125,2629.70385742188,4434.912109375,,6992.6220703125,,,245.195098717111
BEN,Benin,1961,,4071.03930664063,4229.12646484375,4092.48999023438,4169.1162109375,,3009.5625,0.608692169189453,0.367783218622208,0.0379185676574707,-0.054151464253664,0.0228329263627529,0.0169245973229408,,,0.0445605590939522,,1.06924843788147,,,0.0480934638086742,0.043606523424387,0.0500524044036865,0.0361805035046642,0.0491324663162231,0.216046028369573,,0.113760598003864,0.0729667320847511,0.200777396559715,2.45906398088117,3495.87377929688,3361.17822265625,4297.451171875,2663.7861328125,4488.822265625,,7839.09228515625,,,245.260101158475
BEN,Benin,1962,,4095.01245117188,4248.51220703125,3938.49877929688,4084.912109375,,3310.98999023438,0.613538920879364,0.388933658599854,0.0375772155821323,-0.0519608370959759,0.0003630882129073,0.0115479733794928,,,0.0450295470654964,,1.07331252098084,,,0.0495673066754611,0.044839184731245,0.0513920336961746,0.037380620981285,0.0495500154793263,0.226206757076411,,0.126801058650017,0.0755025967955589,0.23124748468399,2.51761910718598,3499.4765625,3354.47900390625,4129.1416015625,2565.71508789063,4372.484375,,8623.33984375,,,245.013900597112
BEN,Benin,1963,,4356.29345703125,4523.39453125,4134.4228515625,4322.56640625,,3634.24462890625,0.626912593841553,0.380889922380447,0.0386578179895878,-0.060311321169138,0.0012696931371465,0.0125813381746411,,,0.0454810373485088,,1.07739210128784,,,0.0499374908490551,0.0454048700630665,0.0523484200239182,0.0379445593633911,0.0500699058175087,0.233365513981578,,0.12817756831646,0.0778164565563202,0.23497898876667,2.57714633544901,3734.2158203125,3591.87109375,4334.01220703125,2708.67919921875,4622.56640625,,9470.4033203125,,,245.016403038517
BEN,Benin,1964,,4468.6103515625,4618.80029296875,4391.54345703125,4572.21337890625,,3893.70703125,0.643528044223785,0.333812654018402,0.0328484065830708,-0.0515250377357006,0.0287516005337238,0.0125843491405249,,,0.0454532727599144,,1.0814870595932,,,0.0501113078031197,0.0457674637436867,0.0517965108156204,0.0373933518778992,0.0497497767210007,0.231179065311962,,0.133484661579132,0.0769749656319618,0.228293716907501,2.63913631498584,3868.61450195313,3641.51611328125,4600.17919921875,2822.39770507813,4882.43359375,,10154.8974609375,,,245.027206261166
BEN,Benin,1965,,4735.205078125,4875.80615234375,4763.7421875,4990.35693359375,,4119.7685546875,0.631736099720001,0.317134916782379,0.0281745456159115,-0.0485624261200428,0.0604950301349163,0.0110217742621899,,,0.0447544492781162,,1.08559763431549,,,0.0509580218181668,0.0464692115783691,0.0520284846425056,0.037527455419189,0.0496658496558666,0.239255363709005,,0.141849711537361,0.0789739564061165,0.246391713619232,2.70343005064116,4085.6904296875,3786.9921875,4957.91748046875,2970.57275390625,5291.46484375,,10753.78125,,,245.060897667394
BEN,Benin,1966,,5047.66552734375,5192.5771484375,4928.00439453125,5169.78759765625,,4355.4619140625,0.675652384757996,0.300725311040878,0.0280304793268442,-0.0506340488791466,0.0368792824447155,0.009346604347229,,,0.0439688079059124,,1.08601605892181,,,0.0495286266992378,0.0457054488360882,0.051199808716774,0.0371157577869852,0.0488052666187286,0.242583115632624,,0.127335473895073,0.0794659554958344,0.216910004615784,2.7703946259665,4361.58056640625,4028.16357421875,5092.50048828125,3075.94140625,5438.65283203125,,11375.89453125,,,245.678405601562
BEN,Benin,1967,,5388.34423828125,5584.70703125,5123.47607421875,5409.86328125,,4731.13818359375,0.66418731212616,0.331834971904755,0.036297183483839,-0.061847385019064,0.0173206701874733,0.0122072324156761,,,0.0439503975212574,,1.08643472194672,,,0.0481011811072789,0.044196642935276,0.0512142404913902,0.036381483254465,0.0485030636191368,0.243782443281083,,0.12960484623909,0.0798514038324356,0.230127841234207,2.83987020898995,4605.76220703125,4414.95361328125,5265.3447265625,3287.06176757813,5654.21826171875,,12360.0263671875,,,246.000900108188
BEN,Benin,1968,,5557.34033203125,5770.4677734375,5631.25244140625,5872.61962890625,,5135.17724609375,0.631250560283661,0.315063089132309,0.036291740834713,-0.0653954967856407,0.0685303509235382,0.0142597816884518,,,0.0445590876042843,,1.08685350418091,,,0.0477321369760046,0.044067993760109,0.0516913644969463,0.0367266311324697,0.0495668277144432,0.250472127805081,,0.12873837351799,0.081765428185463,0.266251653432846,2.91196614374813,4729.34130859375,4580.2646484375,5756.56884765625,3458.04638671875,6100.16650390625,,13423.0146484375,,,247.564697104238
BEN,Benin,1969,,5539.84423828125,5765.32763671875,5842.69873046875,6114.37255859375,,5548.47802734375,0.592826783657074,0.313209623098373,0.0368776246905327,-0.0649459362030029,0.104547582566738,0.0174843091517687,,,0.044913537800312,,1.08727240562439,,,0.0488894553326282,0.0443263873457909,0.0521963834762573,0.0356896526579775,0.0498771965503693,0.245552219375841,,0.137802243232727,0.0807660818099976,0.251405268907547,2.98708326539571,4704.875,4601.919921875,5972.42431640625,3653.4248046875,6345.16015625,,14513.154296875,,,259.960601637173
BFA,Burkina Faso,1959,,6045.34326171875,6202.5888671875,4656.201171875,5477.68603515625,,2779.94360351563,1.05534470081329,0.0482861995697022,0.0287066120654345,-0.047406729310751,-0.0930242314934731,0.0080934716388583,,,0.0403846800327301,2.68088936805725,,0.241971597075462,0.460462599992752,0.0605848939819283,0.0626053065061569,0.0657999441027641,0.106763522274381,0.0559319704771042,0.188618267412614,,0.308356881141663,0.186568275094032,0.153882771730423,5.09271047683687,5530.74609375,4694.08447265625,4701.0869140625,4307.736328125,5659.9912109375,,2423.9814453125,,,245.195098717111
BFA,Burkina Faso,1960,,5280.00341796875,5428.2080078125,5151.02587890625,5438.73779296875,,2783.17724609375,0.910875260829926,0.0599388442933559,0.0272498019039631,-0.019278310239315,0.0154436156153679,0.0057708006352186,,,0.039744071662426,2.71149873733521,1.00703823566437,0.279176265001297,0.460462599992752,0.0641636163227922,0.0672142058610916,0.0708597376942635,0.11357325050685,0.0671112164855003,0.200737010315791,,0.289992362260819,0.196437269449234,0.163373649120331,5.14701016670097,4858.05712890625,4147.6953125,5154.13232421875,4326.49365234375,5602.00146484375,,2421.80126953125,,,245.195098717111
BFA,Burkina Faso,1961,,5043.90234375,5230.2041015625,4984.6474609375,5127.435546875,,2809.51000976563,0.917863249778748,0.0658453330397606,0.0363342501223087,-0.0438161008059979,0.0181800797581673,0.0055932253599166,,,0.0393220968544483,2.7032790184021,1.00707519054413,0.351223170757294,0.460462599992752,0.070744467839989,0.074027381837368,0.0775145813822746,0.119790126860684,0.0753559619188309,0.171926563866524,,0.143001541495323,0.167982578277588,0.211607426404953,5.17334062112662,4663.224609375,4067.45751953125,4998.61181640625,3760.66381835938,5287.0087890625,,2445.16040039063,,,245.260101158475
BFA,Burkina Faso,1962,,5424.53564453125,5630.35498046875,5377.77294921875,5523.18994140625,,2855.98999023438,0.916217088699341,0.0659210309386253,0.0372645854949951,-0.0462137050926685,0.019734337925911,0.0070766103453934,,,0.0392299219965935,2.69706082344055,1.00711226463318,0.387977600097656,0.460462599992752,0.071187606776793,0.0743780955672264,0.0778623968362808,0.118721725892613,0.0758124068379402,0.169694123399463,,0.135678425431252,0.16363812983036,0.171459704637527,5.20395742859832,5011.18359375,4384.60009765625,5391.1552734375,3939.95361328125,5664.310546875,,2481.78637695313,,,245.013900597112
BFA,Burkina Faso,1963,,5245.92919921875,5440.65185546875,5204.4208984375,5354.26953125,0.0001566817081766,2890.53051757813,0.915006220340729,0.0647594407200813,0.0363677181303501,-0.0474560223519802,0.0200356021523476,0.0112870754674077,0.650633811950684,0.663927853107452,0.0390156507492065,2.69280624389648,1.00714933872223,0.357153803110123,0.460462599992752,0.0763218930455946,0.0796477645635605,0.0835329592227936,0.126640085073545,0.0811951383948326,0.188202116738615,6.28971147537231,0.14403273165226,0.181147262454033,0.134927839040756,5.23893120448749,4853.96826171875,4239.494140625,5231.337890625,3865.7705078125,5502.93994140625,0.0226362310349941,2510.54125976563,0.975848019123077,1.07120335102081,245.016403038517
BFA,Burkina Faso,1964,,5461.044921875,5660.7255859375,5471.0048828125,5563.009765625,0.000148622013512,2930.46459960938,0.9183509349823,0.063320018351078,0.0358943343162537,-0.0663060694932938,0.0275666229426861,0.0211741141974926,0.66033536195755,0.677344501018524,0.0386182144284248,2.69053936004639,1.00718629360199,0.32746434211731,0.460462599992752,0.0747801471897925,0.0778715461492539,0.0825078561902046,0.122707110552327,0.081143282353878,0.209305999665028,6.37680053710938,0.106988593935966,0.200801983475685,0.0964998304843903,5.27835122679945,5061.08935546875,4414.9873046875,5516.84716796875,3934.25,5730.947265625,0.0229047983884811,2542.68286132813,0.984991192817688,1.1063985824585,245.027206261166
BFA,Burkina Faso,1965,,5183.64306640625,5472.3271484375,5458.19287109375,5545.93505859375,0.0001478732010582,3030.97387695313,0.890619158744812,0.0440551154315472,0.052053302526474,-0.0559311024844646,0.0470535159111023,0.0221500024199486,0.634809136390686,0.628402948379517,0.0387588143348694,2.69021821022034,1.00722336769104,0.534349620342255,0.460462599992752,0.0805893372809391,0.0830081328749657,0.0857438296079636,0.131906488290552,0.0843872800469399,0.134866329082504,6.04673528671265,0.119720280170441,0.128309905529022,0.113175928592682,5.32231080870358,4745.029296875,4305.43505859375,5500.99169921875,3875.39135742188,5703.79833984375,0.023743586614728,2632.42114257813,0.947149217128754,1.05325043201447,245.060897667394
BFA,Burkina Faso,1966,,5225.0029296875,5511.42431640625,5525.66162109375,5608.20068359375,0.0001454564480809,3130.2275390625,0.891474962234497,0.0401969216763973,0.0510718636214733,-0.0538196675479412,0.0480512343347073,0.0230246502906084,0.618955731391907,0.608262121677399,0.0393161624670029,2.69186043739319,1.00726044178009,0.569293081760407,0.460462599992752,0.0827432168839651,0.0849326848983765,0.0871508345007896,0.133490032011088,0.0858681872487068,0.127615135658223,5.82604742050171,0.124501422047615,0.120393685996532,0.121426373720169,5.37092091721214,4763.5673828125,4320.9287109375,5565.8642578125,3863.77734375,5758.14111328125,0.024526322260499,2717.16357421875,0.925748586654663,1.03626263141632,245.678405601562
BFA,Burkina Faso,1967,,5912.978515625,6181.25146484375,6074.27587890625,6169.44775390625,0.0001428354007657,3212.17822265625,0.920354783535004,0.0380743741989136,0.0434840843081474,-0.0437498390674591,0.018598947674036,0.0232376232743263,0.676852583885193,0.676886141300201,0.0395882949233055,2.69544625282288,1.00729739665985,0.514645576477051,0.460462599992752,0.0779812087112134,0.0798512548208237,0.0825677961111069,0.125055112014722,0.0812940672039986,0.142442782970341,5.95764970779419,0.133726581931114,0.1342483907938,0.125092029571533,5.42429907647903,5380.2275390625,4811.5673828125,6121.81103515625,4195.47021484375,6331.697265625,0.0251496788114309,2785.92114257813,0.996389806270599,1.14379179477692,246.000900108188
BFA,Burkina Faso,1968,,6127.50830078125,6409.166015625,6238.50732421875,6342.244140625,0.0001403072965331,3299.48291015625,0.912507116794586,0.0536348335444927,0.0444097779691219,-0.0484630092978478,0.0110515262931585,0.0268597453832626,0.67722088098526,0.680183708667755,0.0397034510970116,2.70100116729736,1.0073344707489,0.509591042995453,0.460462599992752,0.0763091625048438,0.0789413526654244,0.0817505419254303,0.123723630388522,0.080413393676281,0.142864835846373,5.7025294303894,0.133401408791542,0.134089112281799,0.125711694359779,5.482581473292,5620.58984375,5029.92919921875,6282.83203125,4378.623046875,6500.80908203125,0.0258358288556337,2861.11767578125,1.02475070953369,1.17829585075378,247.564697104238
BFA,Burkina Faso,1969,,6222.712890625,6564.52490234375,6290.681640625,6453.4130859375,0.0001409763062838,3427.11889648438,0.91084611415863,0.0534053295850754,0.0529660731554031,-0.0532313399016857,0.0115845762193203,0.0244292579591274,0.67406564950943,0.68144702911377,0.0400447174906731,2.70852279663086,1.00737154483795,0.508284389972687,0.460462599992752,0.0784906902224013,0.080999381840229,0.0841810554265976,0.123785965736105,0.082058310508728,0.142103663067258,5.59342002868652,0.145068004727364,0.134246557950974,0.130966946482658,5.54591286916249,5737.98681640625,5205.55126953125,6370.37646484375,4449.380859375,6645.98828125,0.0268463436514139,2970.40698242188,1.01837837696075,1.19258141517639,259.960601637173
BGD,Bangladesh,1959,,91399.671875,92566.5234375,89372.453125,87592.953125,,51794.36328125,1.03063976764679,0.0128194224089384,0.0133213000372052,-0.0405759103596211,-0.0199349503964186,0.0037303494755178,,,0.0380122251808643,19.3400783538818,1.12912881374359,,,0.0328623416706435,0.0326042845845223,0.0331118814647198,0.011857229336666,0.0337845683097839,0.0728720120866739,,0.0251053497195244,0.0616573356091976,0.129945799708366,54.8307705715259,131203.9375,116006.4140625,85007.3359375,91878.703125,83594.2734375,,102824.9296875,,,6.82542580727406
BGD,Bangladesh,1960,,99772.640625,101148.390625,97367.5546875,94496.1640625,,51029.3671875,1.04280149936676,0.0130364298820496,0.0145587744191289,-0.0570894591510296,-0.0163057465106249,0.0029984242282807,,,0.0366434566676617,19.6051959991455,1.129225730896,,,0.034033314922604,0.0337674841284752,0.0343648083508015,0.0125034489825914,0.0354090258479118,0.0776840111853766,,0.0235159546136856,0.0656526982784271,0.181740060448647,55.9933522625456,142007.34375,125904.5859375,91829.5546875,97154.53125,90018.296875,,102070.109375,,,6.82542580727406
BGD,Bangladesh,1961,,99053.7578125,100684.8046875,97064.5546875,93846.140625,,50851.94140625,1.04139375686646,0.0140973180532455,0.0173800326883793,-0.0730948895215988,-0.0023747319355607,0.0025985210668295,,,0.0355820208787918,19.8406677246094,1.13452041149139,,,0.0340514082918564,0.033759817481041,0.0345540456473827,0.0122194115152596,0.0357390642166138,0.0827876710064811,,0.0261997357010841,0.0700813457369804,0.256670743227005,57.1382295645505,141371.21875,126108.4375,91847.5625,94047.328125,89479.8046875,,102063.4921875,,,6.82542580727406
BGD,Bangladesh,1962,,102258.75,104879.5234375,103014.328125,100185.703125,,51979.859375,1.0062381029129,0.0144539894536138,0.0261591169983149,-0.0603008270263672,0.0105993999168277,0.0028502012137323,,,0.0349294431507587,20.0617847442627,1.13984000682831,,,0.0360818960917697,0.0357527919113636,0.0369660034775734,0.0128417679134234,0.0380096957087517,0.0843037543093216,,0.0289861392229795,0.070661723613739,0.23043954372406,58.2606369646521,145797.375,132894.484375,97449.6015625,100992.6015625,94750.0234375,,104505.15625,,,6.82542580727406
BGD,Bangladesh,1963,,111270.453125,113264.609375,109413.171875,106636.3125,,52382.9296875,1.0252605676651,0.0181968491524458,0.0187005158513784,-0.0657749250531197,0.0007494842866435,0.0028674893546849,,,0.0344177484512329,20.3774356842041,1.14518451690674,,,0.0332702814877032,0.0328940227627754,0.0339933596551418,0.0116945741220892,0.0348785631358624,0.0953345441750225,,0.0281869061291218,0.0798844546079636,0.209275916218758,59.6789795850663,158803.71875,142007.1875,103823.0390625,106316.9453125,101118.7578125,,105451.7890625,,,6.82542580727406
BGD,Bangladesh,1964,,111027.453125,113525.234375,108625.0625,105712.1171875,,53426.49609375,1.030144572258,0.020136708393693,0.0236281789839268,-0.07583437114954,-0.0010405530920252,0.0029654707759618,,,0.0339300408959389,20.6118335723877,1.15055406093597,,,0.0362447607193943,0.0357922241091728,0.0370649583637714,0.0126415074914227,0.0380862951278687,0.0936385166104743,,0.0302522201091051,0.0783373117446899,0.207616120576859,60.8815516761126,158889.578125,143788.125,103470.78125,105828.515625,100515.9375,,107608.859375,,,6.82542580727406
BGD,Bangladesh,1965,,108996.7890625,111763.4921875,107010.9375,104151.359375,,54792.40625,1.01649069786072,0.0300323311239481,0.0265642609447241,-0.0744743123650551,-0.0013849628157913,0.0027720548678189,,,0.0336716733872891,20.7543125152588,1.15594875812531,,,0.0392314416254052,0.038490679115057,0.0397372134029865,0.0134183646236035,0.0408282354474068,0.0888455699522298,,0.0324545241892338,0.0736763924360275,0.238204151391983,61.8309959988268,154997.15625,141334.65625,101922.9765625,103755.59375,98814.8046875,,110405.796875,,,6.82542580727406
BGD,Bangladesh,1966,,110981.2421875,113837.734375,108809.984375,105346.9765625,,56241.15625,1.02255296707153,0.0309299156069756,0.027115086093545,-0.0752138495445252,-0.0085350638255477,0.0031508726533502,,,0.0335700958967209,20.9889278411865,1.15830588340759,,,0.044064278308291,0.0431397035717964,0.0439068749547005,0.0125729345060747,0.0453502051532269,0.0737133523339227,,0.0327856354415417,0.0607185773551464,0.240415453910828,63.0738675831002,157711.921875,143968.046875,103587.8125,106044.046875,99760.96875,,113351.75,,,6.82542580727406
BGD,Bangladesh,1967,,107074.265625,110309.953125,105926.484375,101867.1875,,58125.7578125,1.01963424682617,0.0314821377396584,0.031763818114996,-0.0883153229951859,0.0026109642349183,0.0028241663239896,,,0.0335512608289719,21.2358322143555,1.16066777706146,,,0.0447064836339667,0.0437894649803638,0.0450584776699543,0.0140893615377747,0.0468540042638779,0.0870521049783925,,0.032380998134613,0.071643628180027,0.282731294631958,64.3758072692425,152285.46875,140107.875,100926.265625,99996.109375,96327.6953125,,117125.9765625,,,6.82542580727406
BGD,Bangladesh,1968,,107619.671875,111953.9765625,108910.5078125,105279.078125,,61334.55078125,0.991152763366699,0.0310795567929745,0.041169673204422,-0.0794088467955589,0.0131862331181765,0.0028206403367221,,,0.0337019674479961,21.4876823425293,1.16303443908691,,,0.0440062201327411,0.0432989858090878,0.0450537912547588,0.0207446975845353,0.0466078519821167,0.0886251656290636,,0.0331272296607494,0.0725305676460266,0.252981960773468,65.7158827962086,152963.328125,143465.78125,103717.3828125,105077.78125,99364.2421875,,123417.984375,,,6.82542580727406
BGD,Bangladesh,1969,,112852.734375,116881.6171875,112947.1484375,109365.671875,,64005.73828125,0.999918699264526,0.0319657623767853,0.0368386283516884,-0.0808336734771729,0.009318308904767,0.0027922603767365,,,0.0338260047137737,21.7444725036621,1.16540598869324,,,0.0455290203587745,0.0447627939283848,0.0465071871876717,0.0207945612899701,0.048030186444521,0.0953692281455236,,0.0356405377388001,0.0784845873713493,0.27228182554245,67.095197509347,161439.671875,149933.390625,108223.5078125,108662.21875,103702.703125,,128655.7265625,,,6.82542580727406
BOL,Bolivia (Plurinational State of),1955,,4700.4052734375,6307.34521484375,6257.3828125,6785.1181640625,0.001064101117663,14480.7548828125,0.66905027627945,0.0237019062042236,0.23683300614357,-0.168558448553085,-0.0082486048340797,0.247221872210503,0.376676112413406,0.349973171949387,0.0397230684757233,1.90988075733185,1.38313186168671,0.228878825902939,0.513199985027313,0.0993745978071505,0.0977087691426277,0.090681828558445,0.0506862972466947,0.0836287438869476,0.0701275457617294,1.63616251945496,0.0152420522645116,0.0689399987459183,0.0104815065860748,3.24675797701894,14253.6572265625,18148.16015625,6493.7587890625,18511.357421875,7170.09521484375,0.0948802754282951,37597.890625,1.32166409492493,1.2396274805069,0.00000417561402202498
BOL,Bolivia (Plurinational State of),1956,,4430.41259765625,5877.65185546875,5764.2138671875,6340.87890625,0.0010851997649297,15402.90625,0.658546268939972,0.0401601195335388,0.228239566087723,-0.161936447024345,-0.021715585142374,0.256706088781357,0.342988580465317,0.319084316492081,0.0390367843210697,1.88473212718964,1.40209138393402,0.199076920747757,0.513199985027313,0.108512860429337,0.105301044881344,0.0972520709037781,0.052633610932221,0.088407576084137,0.0726118486264421,1.55752265453339,0.0455879420042038,0.0723327994346619,0.0294591300189495,3.31824177233595,13396.3125,16875.30078125,6001.3125,17686.0625,6746.42626953125,0.10073034465313,39983.640625,1.23095083236694,1.12366497516632,0.00000775999987138459
BOL,Bolivia (Plurinational State of),1957,,4625.83642578125,5970.888671875,5580.26025390625,6109.78369140625,0.001087597454898,16121.99609375,0.660102665424347,0.0970168635249138,0.220147237181664,-0.200251042842865,-0.053215179592371,0.27619943022728,0.325470954179764,0.320211917161942,0.0383360460400581,1.87489223480225,1.42131066322327,0.181059271097183,0.513199985027313,0.114809738249143,0.106930702924728,0.0994448065757752,0.0533217796200398,0.0908261239528656,0.0736996790228419,1.45104241371155,0.0734812542796135,0.0742936134338379,0.0477554723620415,3.39189374997586,13506.8310546875,16750.060546875,5814.27783203125,17723.30078125,6552.17138671875,0.105648793280125,42017.453125,1.20868277549744,1.09284818172455,0.00000833000021589016
BOL,Bolivia (Plurinational State of),1958,,4863.30908203125,6106.23193359375,5637.5556640625,6044.09033203125,0.0010818365262821,16804.7421875,0.695995569229126,0.108643122017384,0.205642685294151,-0.161624670028687,-0.0527271553874016,0.204070508480072,0.321251273155212,0.323749393224716,0.0376607365906239,1.85486602783203,1.44079351425171,0.182251483201981,0.513199985027313,0.110679321193738,0.102490998804569,0.0957293212413788,0.0500345040617064,0.0892904102802277,0.0692722125784197,1.38689529895782,0.0737871304154396,0.0690706521272659,0.0451350100338459,3.46780027465089,14100.376953125,17182.88671875,5869.2685546875,17492.0234375,6486.05908203125,0.109844267368317,43774.86328125,1.17926919460297,1.10826802253723,0.00000971000018832971
BOL,Bolivia (Plurinational State of),1959,,5001.0400390625,5968.091796875,5647.5966796875,6199.228515625,0.0010487256804481,17237.4453125,0.699958026409149,0.106761671602726,0.155995532870293,-0.189698576927185,-0.0451809391379356,0.272164255380631,0.322124004364014,0.309442460536957,0.0369366146624088,1.84343123435974,1.46054327487946,0.192063316702843,0.513199985027313,0.102491533608177,0.0951851308345795,0.0897000283002853,0.0472823884219907,0.0817181766033173,0.0613342561783588,1.21716475486755,0.0615169554948807,0.0606044642627239,0.0394040197134018,3.54604418598294,14543.6416015625,17109.02734375,5894.2158203125,17915.775390625,6645.77490234375,0.11214205622673,44805.01171875,1.18317425251007,1.0809713602066,0.0000118999997887032
BOL,Bolivia (Plurinational State of),1960,,5148.07666015625,6468.1083984375,6058.38427734375,6382.0869140625,0.0010483354562893,18029.947265625,0.690916359424591,0.115728385746479,0.206833854317665,-0.216868981719017,-0.0460129156708717,0.249403282999992,0.329056471586227,0.333802610635757,0.0363661088049412,1.8005588054657,1.48056387901306,0.210287660360336,0.513199985027313,0.11555909397359,0.105484507977963,0.0969405099749565,0.0453376934382559,0.0920236334204674,0.0636191958968053,1.38518178462982,0.0535428933799267,0.0621866770088673,0.038582369685173,3.62670001445251,14751.7275390625,18014.45703125,6295.0126953125,18697.470703125,6973.7744140625,0.11693374812603,46762.28515625,1.22191476821899,1.12630236148834,0.0000118999997887032
BOL,Bolivia (Plurinational State of),1961,,5585.9794921875,6652.6298828125,6341.92236328125,6530.75634765625,0.0010195551440119,18470.87109375,0.727313339710236,0.12802092730999,0.163327232003212,-0.216271102428436,-0.0386394374072552,0.236249089241028,0.33016362786293,0.33691880106926,0.0359232500195503,1.8361485004425,1.49660634994507,0.231155380606651,0.513199985027313,0.121833632158899,0.11056886613369,0.103051781654358,0.0465713853233092,0.100072085857391,0.0636853111301007,1.51598453521729,0.0560939870774746,0.062287375330925,0.0469649918377399,3.7098241615043,15973.9609375,18861.373046875,6593.6494140625,19042.2734375,7147.73974609375,0.119882859289646,48012.8125,1.21514666080475,1.15148675441742,0.0000118999997887032
BOL,Bolivia (Plurinational State of),1962,,5390.50927734375,7232.89794921875,6657.27587890625,6874.98291015625,0.0010412405245006,19767.61328125,0.650577366352081,0.133498638868332,0.267984509468079,-0.215764477849007,-0.0548773817718029,0.218581363558769,0.328253954648972,0.345894783735275,0.0357526764273644,1.83774983882904,1.51282262802124,0.253598213195801,0.513199985027313,0.13530953487211,0.12016885727644,0.104627199470997,0.046383949917078,0.101314008235931,0.0591550072712437,1.45449900627136,0.0653279721736908,0.0571123845875263,0.0498449206352234,3.79551130099192,15180.1484375,19298.36328125,6932.87109375,20242.869140625,7515.55908203125,0.128207236528397,51309.37890625,1.23632884025574,1.1276079416275,0.0000118999997887032
BOL,Bolivia (Plurinational State of),1963,,5894.8798828125,7565.98583984375,7028.44189453125,7343.95361328125,0.0010532177984714,20815.626953125,0.666951060295105,0.135733723640442,0.227548539638519,-0.207327604293823,-0.0469444543123245,0.224038735032082,0.335002183914185,0.346590578556061,0.035901665687561,1.86364126205444,1.52921462059021,0.223582983016968,0.513199985027313,0.132126760855059,0.117901280522347,0.106807768344879,0.0480019100696988,0.102219082415104,0.0676750557597285,1.4577784538269,0.0677918940782547,0.0652458816766739,0.0492589399218559,3.88392635678269,16657.689453125,20614.251953125,7332.20947265625,21603.50390625,7963.169921875,0.135222494602203,54046.21875,1.27324330806732,1.16233289241791,0.0000118999997887032
BOL,Bolivia (Plurinational State of),1964,,6052.72119140625,7871.0078125,7606.921875,7860.94775390625,0.0010415173601359,21994.61328125,0.636140108108521,0.133833318948746,0.2313062697649,-0.171455278992653,-0.0460001192986965,0.216175675392151,0.340057909488678,0.34323462843895,0.0359986498951912,1.88879787921906,1.54578423500061,0.23220007121563,0.513199985027313,0.137022242525094,0.121983110904694,0.10975256562233,0.050498708457497,0.10620591044426,0.0690394824300779,1.51848220825195,0.0761743709445,0.0663750171661377,0.0659596920013428,3.97520428947643,17098.091796875,21342.84375,7950.97412109375,22639.015625,8539.05078125,0.142941132187843,57070.62109375,1.27948105335236,1.15399610996246,0.0000118999997887032
BOL,Bolivia (Plurinational State of),1965,,7052.43212890625,8711.080078125,8372.2294921875,8198.73046875,0.0010416790610179,22939.09375,0.71038556098938,0.149800330400467,0.202305421233177,-0.224608033895493,-0.0350806228816509,0.197197362780571,0.336579412221909,0.358765602111816,0.0362064316868782,1.91793572902679,1.56253325939178,0.179161325097084,0.513199985027313,0.125002518499606,0.113522335886955,0.109299853444099,0.05908082694503,0.111612819135189,0.0913462131098855,1.51430869102478,0.0726724416017532,0.0870380252599716,0.0797218382358551,4.06945865733904,19888.076171875,23950.6953125,8744.7236328125,23681.81640625,8949.2548828125,0.149835258722305,59614.1015625,1.28388702869415,1.24224054813385,0.0000118999997887032
BOL,Bolivia (Plurinational State of),1966,,7445.71630859375,9156.455078125,8866.5048828125,8880.2255859375,0.0010485033271834,23938.10546875,0.692089557647705,0.146370679140091,0.192645907402039,-0.20912130177021,-0.0443293452262878,0.222344532608986,0.343419849872589,0.354095011949539,0.0367230661213398,1.94447040557861,1.57946395874023,0.161071747541428,0.513199985027313,0.123833180868866,0.11311374604702,0.111354790627956,0.0624286564825451,0.111182734370232,0.10369924317494,1.49510502815247,0.0745294615626335,0.0979444831609726,0.0759113729000092,4.16678690393793,20947.599609375,25171.7890625,9244.4853515625,25343.109375,9604.0791015625,0.15744049847126,62210.546875,1.32143306732178,1.25566875934601,0.0000118999997887032
BOL,Bolivia (Plurinational State of),1967,,7855.1474609375,9460.8369140625,9325.9912109375,9497.203125,0.0010508018312975,24714.603515625,0.683017492294312,0.144083589315414,0.169069677591324,-0.198710769414902,-0.0284907910972834,0.231030777096748,0.359232395887375,0.357191413640976,0.0373428836464882,1.95115482807159,1.59657800197601,0.1912582218647,0.513199985027313,0.135488224425367,0.122800417244434,0.118353441357613,0.0626548161134234,0.11621980369091,0.0965985076876027,1.60801351070404,0.0799057632684708,0.0914454385638237,0.0757860019803047,4.26731769506883,22092.775390625,26070.361328125,9705.3798828125,27402.47265625,10280.8037109375,0.163726404309273,64346.26953125,1.39997291564941,1.27424430847168,0.0000118999997887032
BOL,Bolivia (Plurinational State of),1968,,7118.482421875,8757.4931640625,8416.8359375,8379.0400390625,0.0010353317484259,25518.05078125,0.694221377372742,0.155336856842041,0.195608362555504,-0.236316531896591,-0.0599398165941238,0.251089721918106,0.305117875337601,0.31694969534874,0.0375813171267509,1.96916520595551,1.61387753486633,0.155552297830582,0.513199985027313,0.125160494429338,0.112469002604485,0.10872058570385,0.0557490075912722,0.109211012721062,0.0924406509322879,1.25108444690704,0.0771729797124863,0.0872131511569023,0.0810993537306786,4.37124138560761,19885.275390625,23922.283203125,8743.806640625,23681.814453125,9019.4814453125,0.169166743755341,66485.03125,1.17973244190216,1.1401104927063,0.0000118999997887032
BOL,Bolivia (Plurinational State of),1969,,7368.91259765625,8989.94921875,8743.640625,8605.0908203125,0.0010151980677619,26286.56640625,0.698423385620117,0.157920002937317,0.188381165266037,-0.232869580388069,-0.0609627515077591,0.249107748270035,0.310006499290466,0.321876049041748,0.0374572277069092,1.95371329784393,1.63136446475983,0.14731752872467,0.513199985027313,0.126270280867384,0.113347195088863,0.110715441405773,0.0561930270329026,0.112498044967651,0.0987520174856839,1.281121134758,0.0823146104812622,0.0937651693820953,0.0917581915855408,4.47875462523424,20672.630859375,24644.32421875,9097.0390625,24399.572265625,9310.2646484375,0.174088358879089,68488.4140625,1.1964944601059,1.15616858005524,0.0000118999997887032
BRA,Brazil,1955,2416.21,105570.9453125,129072.671875,134264.171875,130039.0625,0.0250661633908749,324777.71875,0.664977073669434,0.14686319231987,0.180728226900101,-0.0826960280537605,0.0115718031302094,0.0785557255148888,0.511853218078613,0.507789254188538,0.0482300408184528,18.0616817474365,1.33914458751678,0.259502053260803,0.525693595409393,0.130403539170874,0.126753017306328,0.123078748583794,0.110223901695513,0.127077713608742,0.10657377644286,1.97087943553925,0.100267857313156,0.0762446224689484,0.149382576346397,61.5742840870702,175527.421875,222256.359375,140591.328125,241101.546875,135190.34375,0.0439090505242348,781589.0625,0.968268096446991,0.889931976795197,1.7859892759619702e-14
BRA,Brazil,1956,2426.88,109572.8046875,132253.265625,138606,134508.390625,0.0248898304998875,337118.9375,0.653727054595947,0.160889849066734,0.168617457151413,-0.0844584107398987,0.0196110047399998,0.0816130563616753,0.508523344993591,0.501810073852539,0.0484326928853989,18.6091060638428,1.35034668445587,0.261419087648392,0.525693595409393,0.141647542317486,0.136759594082832,0.132452324032784,0.116898878339678,0.136487305164337,0.111643263980119,2.16687202453613,0.0919765904545784,0.0811829939484596,0.139036223292351,63.4267374009808,182951.40625,228512.8125,145569,249853.703125,140308.703125,0.0456672050058842,813658.1875,0.963096022605896,0.878216087818146,2.05984109806849e-14
BRA,Brazil,1957,2437.6,116566.9140625,146835.984375,150508.78125,146006.40625,0.0254492461681366,357563.6875,0.642732679843903,0.155635833740234,0.207313284277916,-0.0888012424111366,0.0134457889944315,0.0696737095713615,0.523932933807373,0.530454576015472,0.0486969016492367,19.1768646240234,1.36164247989655,0.276191979646683,0.525693595409393,0.152450724411334,0.146780222654343,0.139931738376617,0.123362662089565,0.144246786832809,0.113557987522994,2.29310131072998,0.0989078283309937,0.0836099684238434,0.148745059967041,65.339724801314,195191.8125,252141.140625,158085.703125,274940.40625,152460.96875,0.0487784631550312,866949.0625,1.00433003902435,0.918308556079865,2.17890688843483e-14
BRA,Brazil,1958,2448.37,127132.953125,156706.734375,159686.265625,155666.296875,0.0256873313337564,376827.5625,0.659510552883148,0.157191321253777,0.189981922507286,-0.0732148513197899,0.0067841568961739,0.0597469136118889,0.536895334720612,0.539143681526184,0.0492701418697834,19.7679214477539,1.37303268909454,0.235722318291664,0.525693595409393,0.130242652745357,0.125784829258919,0.124077096581459,0.107081634138246,0.127281293272972,0.116735807526306,2.08938336372376,0.105701811611652,0.0852133631706238,0.154825404286385,67.3153718254008,212096,269481.53125,167468.953125,292487.03125,161706.609375,0.0516033880412579,916122.6875,1.01697182655334,0.934196650981903,2.7504234890155503e-14
BRA,Brazil,1959,2459.18,131919.859375,167941.140625,166835.75,162487.640625,0.026342885568738,404656.125,0.651197075843811,0.160679191350937,0.221686273813248,-0.0823325365781784,-0.0169243048876524,0.0656943097710609,0.525293827056885,0.541748821735382,0.0502459518611431,20.3830833435059,1.38451826572418,0.210629805922508,0.525693595409393,0.103587139173905,0.100403323769569,0.100589908659458,0.0875000331298306,0.103281661868095,0.101273257893589,1.56402444839478,0.0897886604070664,0.0733307674527168,0.128720343112946,69.3558876632043,220131.953125,289007.34375,175361.703125,315040.78125,168958.59375,0.0556786917150021,983107.375,1.03277993202209,0.944619536399841,4.34590750039138e-14
BRA,Brazil,1960,2470.04,147995.171875,182461.421875,184323.25,177550.828125,0.0266022589057684,428107.125,0.662704885005951,0.170832052826881,0.194120451807976,-0.0937625914812088,0.0052281878888607,0.0608770400285721,0.547230541706085,0.562889754772186,0.0510850474238396,21.0227394104004,1.3960999250412,0.231905534863472,0.525693595409393,0.0717846086791443,0.0692994445562363,0.0689493119716644,0.0596587903304419,0.0715792775154114,0.0674459097803221,1.15091931819916,0.051336232572794,0.0484916754066944,0.084797166287899,71.4635461453578,245030.3125,312648.9375,193100.171875,339493.78125,185530.5625,0.0590632520616055,1041793.6875,1.05768120288849,0.971151351928711,8.09648504042319e-14
BRA,Brazil,1961,2471.31,170786.359375,208413.859375,208400.0625,202835.578125,0.0271637830883265,454077.625,0.677576243877411,0.16441784799099,0.185507372021675,-0.0768237635493279,-0.0051514902152121,0.0544738173484802,0.595773756504059,0.613239407539368,0.0516137219965458,21.5700263977051,1.40659320354462,0.213632419705391,0.525693595409393,0.0596806456593889,0.0590797699987888,0.060575220733881,0.0566035176132718,0.0622370094060898,0.0673628772550569,1.07087814807892,0.056861262768507,0.0484115555882454,0.0860007926821709,73.5947414362397,282945.96875,357265.65625,218244.171875,387271.46875,211669.578125,0.063034750521183,1107400.625,1.14931464195251,1.05711376667023,1.1668463188935999e-13
BRA,Brazil,1962,2472.58,181176.0625,220153.03125,221355.125,219158.484375,0.027289817109704,481226.625,0.670753955841065,0.155935719609261,0.177848324179649,-0.0643988847732544,0.0148641085252166,0.044996727257967,0.608621954917908,0.612360894680023,0.051887784153223,22.1415843963623,1.41716527938843,0.239390850067139,0.525693595409393,0.0797838640512343,0.0755970776081085,0.0760349407792091,0.0575876956743759,0.0767970383167267,0.0780702672316447,1.30657362937927,0.0580452419817448,0.0555182322859764,0.0669733658432961,75.7941136221942,300162.625,378120.875,232053.875,407305.25,227966.328125,0.0668723955750465,1174712.625,1.15444111824036,1.06853675842285,1.67883000412059e-13
BRA,Brazil,1963,2473.85,197731.484375,232966.765625,236090.84375,233727.828125,0.0274861659854651,502201.1875,0.688316404819489,0.157673910260201,0.150753483176231,-0.0589472949504852,0.0070124845951795,0.0551909953355789,0.615950644016266,0.616542518138886,0.0513109788298607,22.7384376525879,1.42781686782837,0.205202713608742,0.525693595409393,0.0816880862124806,0.0791535377502441,0.0820071250200272,0.0680891163939862,0.0828362256288528,0.0980206893716531,1.40369510650635,0.120620161294937,0.0696295574307442,0.138165265321732,78.0639745577783,328369.5,399655.375,247872.640625,433560.9375,243233.71875,0.0697376132011414,1227664.125,1.18293368816376,1.08718371391296,2.48847842748068e-13
BRA,Brazil,1964,2475.13,204919.171875,243121.0625,248086.046875,244362.203125,0.0268465857952833,527170.375,0.690115213394165,0.148472636938095,0.156333059072495,-0.0484152436256409,0.008445980027318,0.0450483672320843,0.612533450126648,0.614328801631928,0.0501213036477566,23.3606548309326,1.4385484457016,0.224486455321312,0.525693595409393,0.0729094741846532,0.070258155465126,0.0718609467148781,0.0579345875764421,0.0729560405015945,0.0804585133931508,1.22565221786499,0.0806535109877586,0.0570524521172047,0.105414628982544,80.4067349597503,341578.9375,418983.71875,260893.796875,451610.53125,254632.984375,0.0728742778301239,1289220.5,1.18473327159882,1.09587419033051,5.417501186991899e-13
BRA,Brazil,1965,2476.4,219653.234375,261393.625,266231.375,260344.09375,0.0270443670451641,556680.375,0.710443794727325,0.133259758353233,0.160327792167664,-0.0378021933138371,-0.0087929861620068,0.0425638034939766,0.617529153823853,0.622017681598663,0.048795398324728,24.0123405456543,1.44936072826386,0.212697118520737,0.525693595409393,0.0663511041119434,0.0650089979171753,0.0676492601633072,0.0578538901501435,0.0691790506243706,0.0815432586231044,1.11851441860199,0.0976054221391678,0.0572835057973862,0.130511239171028,82.8248815927156,366326.125,451671.15625,279635.4375,483087.34375,270944.65625,0.0767419040203095,1362310.75,1.21372866630554,1.13142383098602,8.21555054840173e-13
BRA,Brazil,1966,2477.67,229959.796875,274115.71875,277767.9375,273822.21875,0.0271161291748285,588890.1875,0.704117953777313,0.135696291923523,0.161257579922676,-0.0463886857032776,-0.0000581302811042406,0.0453749820590019,0.61027318239212,0.610914885997772,0.0480465553700924,24.6957607269287,1.46191036701202,0.219013035297394,0.525693595409393,0.0804355593387934,0.0785509869456291,0.081211194396019,0.0687720809085902,0.0823814198374748,0.0950652753957405,1.2869416475296,0.101243391633034,0.0662780702114105,0.127482667565346,85.2814628076885,382094.6875,473094.375,291242.75,502236.28125,284169.84375,0.0812062472105026,1441968.75,1.20465886592865,1.13138592243195,9.60862217154973e-13
BRA,Brazil,1967,2478.95,251245.34375,292779.375,300835.78125,298040,0.0269073005765677,615767.0625,0.703624248504639,0.139367803931236,0.139357194304466,-0.0443752519786358,0.0224253945052624,0.0396006554365158,0.640512466430664,0.628036916255951,0.0474316589534283,25.411678314209,1.47456860542297,0.24179707467556,0.525693595409393,0.0877945317907046,0.085177056491375,0.086878202855587,0.0719622683629853,0.0876931622624397,0.0971686729464953,1.4488160610199,0.10583584010601,0.0678360760211945,0.128239586949348,87.7658014869129,416565.25,502759.46875,314906.46875,531033.6875,308580.9375,0.0848034769296646,1509781.625,1.22331702709198,1.15474009513855,1.15255841598142e-12
BRA,Brazil,1968,2480.22,278415.375,327861.1875,332145.15625,330074.125,0.0271558985114098,652816.75,0.708181858062744,0.13531169295311,0.149802163243294,-0.0485409386456013,0.0140407104045153,0.0412045046687126,0.668174743652344,0.659638702869415,0.0468879714608192,26.1540565490723,1.48733639717102,0.2414830327034,0.525693595409393,0.0862879307409889,0.083952896296978,0.0865805670619011,0.0717319864569314,0.0871238261461258,0.101376274274555,1.46048843860626,0.111197374761105,0.0705355703830719,0.128579452633858,90.2769394275134,460947.78125,563553.0625,347090.90625,590508.4375,340961.90625,0.0899924710392952,1602325.625,1.29643309116364,1.23357570171356,1.46451128293693e-12
BRA,Brazil,1969,2481.5,270213.15625,339916.53125,338299.59375,334897.25,0.0285800360143185,714404.0625,0.6612828373909,0.145571082830429,0.208133608102798,-0.051996011286974,-0.0106059173122048,0.0476144105195999,0.636874258518219,0.642437040805817,0.0471339523792267,26.9343070983887,1.50021481513977,0.255678832530975,0.525693595409393,0.0950340161525589,0.0905888676643372,0.0912266671657562,0.0703959948147269,0.0921534672379494,0.0936991718792331,1.41354429721832,0.111856646835804,0.0657422468066216,0.133426278829575,92.8138880074755,447280.1875,587086.625,354136.21875,628390.4375,346400.96875,0.0989074632525444,1755663,1.29270255565643,1.20414352416992,1.7621761662980398e-12
BRB,Barbados,1960,,2734.80151367188,2926.27514648438,2343.77880859375,2110.69848632813,,1586.63806152344,1.2231639623642,0.0725215375423431,0.0907158106565476,-0.404957354068756,-0.0736151188611984,0.0921711474657059,,,0.0411935336887836,0.0793246850371361,1.87696743011475,0.149927854537964,0.73346871137619,0.0391006498135801,0.0399014018476009,0.0444252826273441,0.0534070457351956,0.0493310801684856,0.109039450539848,,0.0336408242583275,0.0905491784214973,0.0541863925755024,0.242684266112509,1978.71105957031,2305.89428710938,2383.37109375,806.424011230469,2356.16015625,,2547.40991210938,,,1.71429002370718
BRB,Barbados,1961,,2639.38842773438,2812.74682617188,2400.97314453125,2182.82836914063,,1707.69934082031,1.12450265884399,0.0846572443842888,0.0794191956520081,-0.35606449842453,-0.0280544832348824,0.0955398976802826,,,0.0417448654770851,0.0783885270357132,1.92393147945404,0.139914736151695,0.73346871137619,0.0408227780432194,0.0416642390191555,0.0461089499294758,0.0528413615711567,0.0507169365882874,0.113779837220251,,0.0353416278958321,0.0943109467625618,0.055564608424902,0.239820181967346,1921.65234375,2215.59521484375,2447.76684570313,864.223022460938,2417.7705078125,,2741.69067382813,,,1.71429002370718
BRB,Barbados,1962,,2746.1904296875,2916.45239257813,2492.10913085938,2321.7431640625,,1817.93725585938,1.10014355182648,0.0826705396175385,0.0733336359262466,-0.340059757232666,-0.0218658000230789,0.105777785181999,,,0.0416547954082489,0.0780983120203018,1.97207069396973,0.150451526045799,0.73346871137619,0.0412978765447322,0.0420222841203213,0.0456994622945786,0.051662373905617,0.0490528270602226,0.105009481776684,,0.0387141034007072,0.0862526819109917,0.0556377060711384,0.2389323270889,1997.69812011719,2288.42041015625,2540.63720703125,906.773498535156,2490.662109375,,2926.0849609375,,,1.71429002370718
BRB,Barbados,1963,,2767.18408203125,2947.087890625,2636.05078125,2295.84423828125,,1936.99963378906,1.12897419929504,0.0763271003961563,0.0783606842160225,-0.381893783807755,-0.152505218982697,0.250737011432648,,,0.0415238402783871,0.0787780806422234,2.02141427993774,0.136818841099739,0.73346871137619,0.0425627544129877,0.0433688051998615,0.0479035675525665,0.0552912979925818,0.0550020933151245,0.117654805795995,,0.0414442308247089,0.0965825021266937,0.0706936120986939,0.241011983518763,2014.33801269531,2323.30517578125,2695.15795898438,865.391235351563,2459.59497070313,,3120.47631835938,,,1.71429002370718
BRB,Barbados,1964,,2743.56420898438,2919.779296875,2566.01831054688,2300.32299804688,0.0001093438404495,2045.9990234375,1.11524605751038,0.0774404406547546,0.0766044780611992,-0.410991042852402,-0.0838027894496918,0.2255028039217,1.40378761291504,1.79616022109985,0.0414845421910286,0.0796422138810158,2.07199263572693,0.126084193587303,0.73346871137619,0.0439886919067207,0.0447744205594063,0.0492425449192524,0.0560899766524656,0.0549302287399769,0.118808605200608,1.19854998588562,0.0425253659486771,0.0974363535642624,0.0643360614776611,0.243655687648431,2003.82067871094,2306.66186523438,2632.61547851563,899.000244140625,2466.59448242188,0.117420107126236,3300.88159179688,0.960633039474487,1.39789307117462,1.71429002370718
BRB,Barbados,1965,,2813.98388671875,3003.72021484375,2593.79956054688,2429.92163085938,0.0001102327369153,2167.61547851563,1.07571387290955,0.0823416039347649,0.0780832916498184,-0.370871812105179,-0.0430806316435337,0.177813678979874,1.3958535194397,1.731032371521,0.041282132267952,0.0802263766527176,2.12383651733398,0.149419605731964,0.73346871137619,0.0464742219616432,0.0481461808085442,0.0517676882445812,0.0699887318238616,0.0552589893341064,0.105478344030392,1.14966130256653,0.0488709695637226,0.0857873782515526,0.0662063583731651,0.245442868559459,2056.55688476563,2386.13403320313,2659.39331054688,991.316467285156,2588.68383789063,0.124509654939175,3500.99047851563,1.01099252700806,1.38013875484467,1.71429002370718
BRB,Barbados,1966,,2971.86865234375,3162.26171875,2725.9580078125,2595.619140625,0.0001108565265894,2285.48022460938,1.05476343631744,0.0901921391487122,0.0733516961336136,-0.362874656915665,-0.0009336578659713,0.145501002669334,1.39204156398773,1.69589817523956,0.0409985259175301,0.0806521251797676,2.19698619842529,0.116299070417881,0.73346871137619,0.0457845394818232,0.0483927465975285,0.0534675344824791,0.078894759719351,0.0561524070799351,0.132680551259926,1.14294648170471,0.0540480352938175,0.107186667621136,0.0733851045370102,0.24674539709938,2176.03198242188,2508.91870117188,2791.29809570313,1020.44036865234,2740.43994140625,0.131585940718651,3698.35815429688,0.993185937404633,1.38491082191467,1.71429002370718
BRB,Barbados,1967,,3227.25122070313,3444.52392578125,3077.97631835938,2903.8017578125,0.0001120335364248,2428.78344726563,1.0131950378418,0.0981932282447815,0.0748235359787941,-0.471980452537537,0.0965840071439743,0.189184620976448,1.49329602718353,1.76807105541229,0.0406774394214153,0.0813339278101921,2.27265548706055,0.131878584623337,0.73346871137619,0.04431514628847,0.0483809448778629,0.0534047670662403,0.0903334058809815,0.0566080622375011,0.128025866246313,1.22978591918945,0.0561327524483204,0.103564992547035,0.0755073502659798,0.248831310522408,2377.74169921875,2759.474609375,3150.68896484375,1173.15051269531,3038.47314453125,0.140073165297508,3936.33203125,1.09797501564026,1.46472954750061,1.73809897986533
BRB,Barbados,1968,,3347.52514648438,3626.08178710938,3155.46142578125,3044.22607421875,0.0001159279418061,2634.38061523438,1.00084102153778,0.0987898632884026,0.091503232717514,-0.488584995269775,0.121170371770859,0.176280498504639,1.45815575122833,1.72624242305756,0.0403531938791275,0.081895224750042,2.35093092918396,0.134001985192299,0.73346871137619,0.0435720540888838,0.0461311638355255,0.0514626353979111,0.0720575474758074,0.0533430762588978,0.115533037052302,1.08560025691986,0.0564820282161236,0.0932458341121674,0.0747492834925652,0.250548512723805,2462.953125,2960.58959960938,3225.71606445313,1269.98388671875,3158.40454101563,0.15231466293335,4277.3388671875,1.1296192407608,1.49349701404572,2.000000001
BRB,Barbados,1969,,3898.02880859375,4181.77001953125,3530.736328125,3513.6708984375,0.0001202790881507,2837.82250976563,1.00268936157227,0.106699839234352,0.080753467977047,-0.464780956506729,0.140989720821381,0.133648529648781,1.600017786026,1.89251792430878,0.0401013866066933,0.0817084684967995,2.43190240859985,0.12325169891119,0.73346871137619,0.0440516684859162,0.0467556864023209,0.0523548983037472,0.0721661429677116,0.052609171718359,0.129276699310344,1.13050007820129,0.0595640018582344,0.105088569223881,0.0790598839521408,0.249977149633981,2891.05932617188,3388.27880859375,3627.5205078125,1390.8955078125,3636.44409179688,0.16442734003067,4611.24853515625,1.1839257478714,1.63569140434265,2.000000001
BWA,Botswana,1960,,350.702819824219,381.326049804688,284.798309326172,298.329437255859,,780.328796386719,0.909143328666687,0.266412168741226,0.102649040520191,-0.362392872571945,-0.162957817316055,0.247146114706993,,,0.0319501534104347,0.170688405632973,1.19057202339172,0.328528940677643,0.349185019731522,0.0947131109467141,0.0846919640898705,0.0821890458464623,0.050494360189504,0.0784612447023392,0.0535251036017028,,0.0871411934494972,0.0508928969502449,0.0719091221690178,0.502082990047028,538.240234375,368.243438720703,323.971557617188,535.476379394531,322.371124267578,,1336.41247558594,,,0.714286051385305
BWA,Botswana,1961,,375.677917480469,416.048553466797,305.44775390625,324.680755615234,,784.384033203125,0.87319403886795,0.283874571323395,0.12433946877718,-0.37310791015625,-0.16397799551487,0.255677759647369,,,0.031440757215023,0.171412527561188,1.19119691848755,0.35174235701561,0.349185019731522,0.0971330491894095,0.0857174023985863,0.0826528966426849,0.0506030526922988,0.0777568221092224,0.054135436231374,,0.090429425239563,0.0514362789690495,0.0717116147279739,0.510058594090128,571.116149902344,395.706024169922,346.841552734375,576.679138183594,347.954254150391,,1344.7646484375,,,0.714286051385305
BWA,Botswana,1962,,402.406433105469,454.306427001953,328.932739257813,361.608062744141,,799.5830078125,0.820999622344971,0.291825205087662,0.143525511026382,-0.347712695598602,-0.164640083909035,0.256002455949783,,,0.0312159210443497,0.17218291759491,1.19182217121124,0.378296703100204,0.349185019731522,0.0987020098685033,0.0862956643104553,0.0826222896575928,0.0513925729022407,0.0751564353704453,0.0541407719314566,,0.0993223339319229,0.0508786328136921,0.071340337395668,0.518326265901072,605.482238769531,425.483245849609,373.452209472656,620.867614746094,374.858856201172,,1371.69079589844,,,0.714286051385305
BWA,Botswana,1963,,424.157989501953,484.5107421875,346.454833984375,380.502563476563,,822.9287109375,0.80252081155777,0.312210142612457,0.158613249659538,-0.362077414989471,-0.164521917700768,0.253255128860474,,,0.0311812330037355,0.172971412539482,1.19244766235352,0.383004397153854,0.349185019731522,0.101545015214413,0.0876806303858757,0.0836858972907066,0.0520429066573318,0.0761976018548012,0.055610982565434,,0.102572619915009,0.0521504357457161,0.0762553513050079,0.526891217210014,633.028686523438,448.631713867188,393.824127197266,646.637939453125,392.475708007813,,1410.78295898438,,,0.714286051385305
BWA,Botswana,1964,,447.054809570313,526.577697753906,371.830200195313,406.370239257813,0.0000425406033173204,863.685668945313,0.766952753067017,0.333164274692535,0.195690721273422,-0.364728569984436,-0.167177587747574,0.236098438501358,0.34467476606369,0.45022839307785,0.031331978738308,0.173791900277138,1.19307351112366,0.384211719036102,0.349185019731522,0.106143185485603,0.0900113806128502,0.0851633921265602,0.0528755501880044,0.0779248028993607,0.0579094020308086,1.88518309593201,0.107170939445496,0.0540707558393478,0.0833762809634209,0.53571488723894,659.588806152344,477.805023193359,422.914459228516,683.692626953125,418.122344970703,0.0071004824712872,1477.67541503906,1.07254183292389,0.694350183010101,0.714286051385305
BWA,Botswana,1965,,474.830383300781,501.012756347656,356.090515136719,394.443511962891,0.0000406941726396326,852.075256347656,0.799533545970917,0.404264688491821,0.0663780197501183,-0.411790102720261,-0.161119118332863,0.302732974290848,0.325452238321304,0.414714217185974,0.0310785658657551,0.178614243865013,1.19369971752167,0.0941610187292099,0.349185019731522,0.109945403511836,0.0910690203309059,0.0972151756286621,0.0537363019580906,0.087762638926506,0.208678698118459,1.96045517921448,0.111956186592579,0.193317160010338,0.0810117274522781,0.543937129633287,684.228393554688,429.654602050781,402.302673339844,651.867553710938,401.754974365234,0.0069895614869892,1461.95556640625,1.01946699619293,0.622454762458801,0.714286051385305
BWA,Botswana,1966,,461.462158203125,563.785522460938,377.685943603516,433.108520507813,0.0000411647743021604,917.14306640625,0.658811390399933,0.40665403008461,0.236253455281258,-0.391165047883987,-0.17984975874424,0.269295871257782,0.338625699281693,0.440786302089691,0.0309426616877317,0.179439708590508,1.19433605670929,0.248191699385643,0.349185019731522,0.128953570532754,0.101178593933582,0.100749455392361,0.0561809479251362,0.0878570750355721,0.0988141077430915,1.96216201782227,0.127644762396812,0.0904343128204346,0.0833316072821617,0.551887458291424,641.934265136719,505.299468994141,422.877838134766,698.668212890625,433.917724609375,0.0075183575972914,1565.43017578125,1.0385195016861,0.695772051811218,0.714286051385305
BWA,Botswana,1967,,563.383178710938,702.291381835938,436.906585693359,510.609191894531,0.0000440560579590965,1016.48095703125,0.697515904903412,0.405839085578918,0.272044032812119,-0.38207533955574,-0.199132695794106,0.205809041857719,0.379297882318497,0.520715832710266,0.0315650552511215,0.178716093301773,1.19497275352478,0.248337209224701,0.349185019731522,0.116757258868307,0.0934568643569946,0.0941083505749703,0.0534104669929026,0.0805245041847229,0.0967506521810065,1.91008508205414,0.134464398026466,0.0877920240163803,0.0898822322487831,0.559545628804893,788.947814941406,632.902587890625,485.242553710938,833.9951171875,504.573974609375,0.0083066234365105,1721.07055664063,1.16793549060822,0.821044564247131,0.714286051385305
BWA,Botswana,1968,,640.723754882813,856.252075195313,515.582153320313,571.084594726563,0.0000497946566611063,1187.71423339844,0.738662123680115,0.383279860019684,0.377401769161224,-0.521744072437286,-0.214235827326775,0.236636146903038,0.379792928695679,0.565959393978119,0.0325625613331795,0.181727305054665,1.19560980796814,0.27855372428894,0.349185019731522,0.111511071363506,0.0913274958729744,0.0897558704018593,0.052429436458483,0.0810326933860779,0.0850837178878332,1.75869452953339,0.1028868034482,0.0760579258203507,0.0739467665553093,0.568036772374668,909.917541503906,780.054626464844,569.337646484375,953.034790039063,558.385070800781,0.0096709346398711,1987.85876464844,1.20237171649933,0.911652803421021,0.714286051385305
BWA,Botswana,1969,,743.333923339844,873.827087402344,520.949462890625,552.845642089844,0.0000518669730809052,1273.11547851563,0.929402351379395,0.415157198905945,0.236039102077484,-0.611974775791168,-0.226928994059563,0.258305162191391,0.34724548459053,0.545474410057068,0.0332562774419785,0.187943398952484,1.19624710083008,0.105126358568668,0.349185019731522,0.101577614215169,0.0859953537583351,0.103697597980499,0.0511117177989704,0.09771478921175,0.204535681867371,1.87077176570892,0.106045566499233,0.181486740708351,0.0808425769209862,0.578077516959643,1080.70861816406,767.096130371094,574.333068847656,950.892395019531,535.418762207031,0.0103191211819649,2111.37353515625,1.13619983196259,0.849078118801117,0.714286051385305
CAF,Central African Republic,1960,,1881.18908691406,2385.4775390625,2150.84057617188,2232.2177734375,,6189.73974609375,0.532382726669312,0.310361683368683,0.225913643836975,-0.0486853383481503,-0.0583678744733334,0.0383951663970947,,,0.0422941744327545,,1.07182037830353,,,0.0991606726348512,0.0794101506471634,0.0760955363512039,0.0455308445036519,0.0733214095234871,0.0637307792739426,,0.187550991773605,0.0596841610968113,0.140952721238136,1.67350275439643,2885.1064453125,3883.03442382813,2356.85693359375,3494.15942382813,2457.62670898438,,23625.509765625,,,245.195098717111
CAF,Central African Republic,1961,,1967.32897949219,2553.21508789063,2336.57885742188,2423.82104492188,,6478.86083984375,0.506911516189575,0.304752796888351,0.241720035672188,-0.0498274117708206,-0.046440564095974,0.0428836233913899,,,0.0454064197838306,,1.07183730602264,,,0.10072800179741,0.0804496631026268,0.0769034996628761,0.0467196248801667,0.0741354674100876,0.0649959485828327,,0.193850100040436,0.0611582957208157,0.145241051912308,1.70475140467427,2999.16357421875,4121.966796875,2551.45434570313,3661.6640625,2658.00366210938,,24891.263671875,,,245.260101158475
CAF,Central African Republic,1962,,2046.74682617188,2662.42749023438,2353.74047851563,2430.1533203125,,6779.5361328125,0.528176307678223,0.314053177833557,0.253350526094437,-0.0634410157799721,-0.0717670917510986,0.0396280586719513,,,0.0483604148030281,,1.07185423374176,,,0.0983737005194769,0.079733744263649,0.0771786272525787,0.0483849750977552,0.0747518613934517,0.0686844938903753,,0.161860659718514,0.0641830638051033,0.147113502025604,1.73739923404459,3121.19848632813,4307.99755859375,2573.47436523438,3478.87036132813,2654.13403320313,,26169.3671875,,,245.013900597112
CAF,Central African Republic,1963,,1910.44360351563,2505.63598632813,2212.49780273438,2288.73022460938,,7025.42041015625,0.516026914119721,0.318690806627274,0.26005357503891,-0.0504969246685505,-0.108901113271713,0.0646267533302307,,,0.0506949312984943,,1.07187128067017,,,0.114979199628962,0.0904097184538841,0.0853351131081581,0.0506266083610567,0.0824927911162376,0.0690466867043099,,0.225773110985756,0.0647251531481743,0.146297976374626,1.77148621128442,2899.6591796875,4035.12231445313,2419.66284179688,3483.72314453125,2495.98168945313,,27241.326171875,,,245.016403038517
CAF,Central African Republic,1964,,1971.76257324219,2610.43310546875,2323.3525390625,2390.66967773438,,7282.88134765625,0.465421468019486,0.359352707862854,0.267151325941086,-0.0518432594835758,-0.120425522327423,0.0803432464599609,,,0.0524824596941471,,1.07188820838928,,,0.126321796520017,0.0948434323072434,0.0892064720392227,0.0540737155032001,0.0866945758461952,0.0718035581740317,,0.238297834992409,0.0675114691257477,0.150381356477737,1.80712082307426,2878.90747070313,4069.0478515625,2539.359375,3544.8642578125,2605.921875,,28387.994140625,,,245.027206261166
CAF,Central African Republic,1965,,1973.83154296875,2600.94555664063,2352.32568359375,2425.73486328125,,7513.265625,0.462660282850266,0.351044297218323,0.258525341749191,-0.0447052456438541,-0.101741082966328,0.0742163956165314,,,0.0538755245506763,,1.0719051361084,,,0.131058117254133,0.099256344139576,0.0934117212891579,0.0573430668077214,0.0905848443508148,0.0750158606151173,,0.251111060380936,0.0701614394783974,0.146439075469971,1.85607319450822,2877.0703125,4059.96826171875,2558.81665039063,3588.24145507813,2634.15844726563,,29409.84375,,,245.060897667394
CAF,Central African Republic,1966,,2071.78564453125,2704.97119140625,2369.13989257813,2438.8525390625,,7733.49755859375,0.492325067520142,0.357166916131973,0.259624361991882,-0.0485305711627007,-0.14193519949913,0.0813494324684143,,,0.0549528487026691,,1.07192206382751,,,0.137526639703296,0.103500358760357,0.0972793251276016,0.0565979478012784,0.0944986715912819,0.0769240671600461,,0.259455502033234,0.0716508850455284,0.15499547123909,1.92172354215795,3028.701171875,4246.66162109375,2561.26245117188,3613.41748046875,2629.38232421875,,30387.953125,,,245.678405601562
CAF,Central African Republic,1967,,2150.60522460938,2687.40600585938,2228.44604492188,2440.57836914063,,7859.3095703125,0.56746643781662,0.313720226287842,0.219948172569275,-0.0651940181851387,-0.159725055098534,0.123784214258194,,,0.055473767220974,,1.07193899154663,,,0.132353421724973,0.109782226383686,0.107278496026993,0.0689547725153134,0.0979539677500725,0.0972477181494767,,0.251911669969559,0.0905965641140938,0.0960923582315445,1.97706915058976,3272.63037109375,4389.54541015625,2394.36499023438,3720.57690429688,2617.11376953125,,30902.798828125,,,246.000900108188
CAF,Central African Republic,1968,,2296.9287109375,2878.22900390625,2732.86987304688,2781.99584960938,,7988.82080078125,0.478556364774704,0.347084224224091,0.208950847387314,-0.049945741891861,-0.0540564134716988,0.0694107040762901,,,0.0555836670100689,,1.07195591926575,,,0.145225218237516,0.108555197715759,0.102400578558445,0.0579949231401083,0.100592337548733,0.0780814545851327,,0.255271077156067,0.0728798285126686,0.184941753745079,2.01062470623296,3331.95727539063,4518.0615234375,2922.64086914063,3812.7001953125,2969.61645507813,,31570.296875,,,247.564697104238
CAF,Central African Republic,1969,,2420.68334960938,3019.85522460938,2738.75537109375,2793.93310546875,,8154.21875,0.511431753635407,0.354975312948227,0.214454650878906,-0.0455006398260593,-0.104889415204525,0.0695283338427544,,,0.0555645599961281,,1.07197284698486,,,0.141821657411827,0.106442168354988,0.100193977355957,0.0554690566448194,0.0982152223587036,0.0749509966016212,,0.275408178567886,0.0705104097723961,0.183412671089172,2.04667667906185,3551.24975585938,4786.07275390625,2921.25903320313,4122.138671875,2975.47705078125,,32259.28515625,,,259.960601637173
CAN,Canada,1955,2185.54,191684.671875,247588.71875,244392.328125,246887.453125,0.065549835562706,706074.5625,0.656645178794861,0.119759909808636,0.226435348391533,-0.200098663568497,-0.0141882644966245,0.211446508765221,0.904367327690125,0.90647166967392,0.0356958322227001,6.33985090255737,2.57092189788818,0.0553857944905758,0.720642685890198,0.118377972210805,0.124015808105469,0.126618832349777,0.154928141871415,0.125339180231094,0.135544115166028,0.831227779388428,0.0933026894927025,0.117439016699791,0.0889529138803482,15.8216181648978,213109.875,263602.28125,245084.328125,277947.1875,251928.390625,0.065735787153244,879827.8125,0.718259036540985,0.678490042686462,0.988247723050954
CAN,Canada,1956,2172.99,203377.46875,274274.53125,264571.46875,266148.71875,0.0677554830908775,756506.25,0.649850189685822,0.114299573004246,0.2663813829422,-0.214099779725075,-0.0247947238385677,0.208363339304924,0.924733817577362,0.956421136856079,0.0357989370822907,6.61156368255615,2.58254599571228,0.0543522052466869,0.720642685890198,0.121564341812467,0.128135249018669,0.131861820816994,0.16549414474241,0.131080389022827,0.142552005453291,0.890906691551209,0.0978648737072945,0.123849146068096,0.0930855795741081,16.2107242661604,227269.28125,293051.59375,265917.875,303683.03125,272450.53125,0.0705211758613586,939586.4375,0.747258186340332,0.718240201473236,0.986144247085417
CAN,Canada,1957,2153.41,208542.84375,277665.15625,269499.3125,272005.59375,0.0694824829697609,799581.75,0.655634701251984,0.111051179468632,0.254120856523514,-0.202916651964188,-0.0195872578769922,0.201697155833244,0.911459147930145,0.936682879924774,0.0360224731266499,6.69389629364014,2.59422278404236,0.051760844886303,0.720642685890198,0.129460577106629,0.136301174759865,0.13911934196949,0.176687342072908,0.137837484478951,0.147621794479473,0.880624949932098,0.103515550494194,0.128667160868645,0.0968204587697983,16.767738638254,233141.828125,295857.65625,270863.71875,311403.8125,279435.9375,0.0746206268668175,993514.875,0.750009000301361,0.709742546081543,0.961002306758028
CAN,Canada,1958,2137.83,216789.609375,280968.59375,274736.34375,280032.9375,0.0694806352257729,833781,0.661499083042145,0.112658441066742,0.229183673858643,-0.170572891831398,-0.0196409299969673,0.186872541904449,0.950634300708771,0.951445996761322,0.0358162596821785,6.49629259109497,2.60595202445984,0.0522405579686165,0.720642685890198,0.130825261198041,0.137590125203133,0.139526978135109,0.17731150069594,0.136887952685356,0.14606948614075,0.880216598510742,0.110740169882774,0.125960096716881,0.0988516137003899,17.2131482060448,241339.15625,298784.8125,275981.25,316550.96875,286273.9375,0.0775618553161621,1039354.4375,0.7722088098526,0.725980699062347,0.973022509789273
CAN,Canada,1959,2134.6,226510.953125,295172,286479.9375,291173.84375,0.0696767643094063,873364.125,0.67039555311203,0.107527904212475,0.235807776451111,-0.177083298563957,-0.0223085973411798,0.185660690069199,0.94155341386795,0.952416002750397,0.0354350358247757,6.60333490371704,2.61773467063904,0.0520084910094738,0.720642685890198,0.134197620733662,0.141259774565697,0.143674954771996,0.185289649807033,0.141358852386475,0.151642605958101,0.854184746742249,0.113473132252693,0.129622831940651,0.102115087211132,17.617335122943,251799.453125,314162.71875,288533.125,329418.90625,297572.40625,0.0811136439442635,1090730.75,0.782625019550324,0.743421852588654,0.961503307390812
CAN,Canada,1960,2120.78,235751.609375,303176.6875,296789,295599.625,0.0698481872677803,909815.875,0.689318180084229,0.108218722045422,0.228095978498459,-0.197479724884033,-0.0193170066922903,0.191163793206215,0.93729954957962,0.962221026420593,0.0352463498711586,6.57863283157349,2.62957048416138,0.0528458058834076,0.720642685890198,0.132964563561192,0.140759706497192,0.142831146717072,0.190412213422072,0.143405854701996,0.150073943651351,0.861132681369782,0.0999230369925499,0.127545595169067,0.101569831371307,18.0064412242057,260103.265625,321278.5,297850.84375,339713.21875,308196.125,0.0847805738449097,1139645.5,0.800473988056183,0.754035770893097,0.971720241707647
CAN,Canada,1961,2096.12,243000.375,310448.28125,307292.25,307736,0.0694262385368347,944921.9375,0.66997641324997,0.119662694633007,0.219174548983574,-0.183698937296867,-0.0149788651615381,0.189864128828049,0.960645914077759,0.970824599266052,0.0350667648017406,6.59509134292603,2.64926934242249,0.0570677816867828,0.720642685890198,0.127996551345748,0.136634990572929,0.136860907077789,0.185000479773379,0.136663571000099,0.137674877806364,0.822140336036682,0.101891838014126,0.117055550217628,0.10197239369154,18.3694054902113,269666.5,330539.375,308605.40625,349327.78125,320938.28125,0.0882171243429184,1187119.375,0.815060436725617,0.768166601657867,1.01509042084688
CAN,Canada,1962,2094.65,254337.0625,327274.5,325936.71875,329370.15625,0.0691195502877235,986939.3125,0.654732942581177,0.117459207773209,0.221445232629776,-0.157069772481918,-0.0109778642654419,0.174410209059715,0.976057350635529,0.971396625041962,0.0349015556275845,6.75977182388306,2.66911578178406,0.0595808923244476,0.718753397464752,0.123664264484244,0.132181942462921,0.132678687572479,0.179660589210769,0.131295621395111,0.134410860851512,0.785947740077972,0.112991571426392,0.113502018153667,0.106931887567043,18.7152771624077,281947.34375,349088.25,327892.1875,373364.0625,341460.5,0.0925909355282784,1241848.5,0.840187430381775,0.782446026802063,1.07090156968839
CAN,Canada,1963,2079.75,264502.9375,340351.84375,341453.03125,347765.8125,0.0688104182481766,1031824.4375,0.645003914833069,0.115573853254318,0.218103408813477,-0.151904404163361,-0.0052719395607709,0.178495168685913,0.990447342395783,0.973432540893555,0.034855455160141,6.90796947479248,2.68911075592041,0.0611374229192734,0.714493215084076,0.125398001285227,0.134044378995895,0.134709879755974,0.182298783304633,0.132264569401741,0.137030636059498,0.801844000816345,0.115209929645061,0.115512490272522,0.104343049228191,19.0671804087918,293600.375,363516.09375,344100.59375,392593.125,359458.8125,0.097383052110672,1298774.75,0.857286036014557,0.790646255016327,1.08066211750559
CAN,Canada,1964,2068.34,278569.46875,361968.375,364493.59375,371343.9375,0.0672260224819183,1083106.25,0.635093212127686,0.115072451531887,0.224586725234985,-0.158169656991959,-0.0080490326508879,0.191466301679611,1.02329921722412,1.00549459457397,0.0349248200654984,7.1467490196228,2.70925569534302,0.060744870454073,0.715605854988098,0.127767688322913,0.136859580874443,0.138230308890343,0.187038424639404,0.135680302977562,0.142808804861245,0.829427480697632,0.117928065359592,0.120470747351646,0.1080332249403,19.4301465549639,309780.875,387445.8125,368056.5,418231.875,384599.3125,0.102982230484486,1364242.25,0.876031696796417,0.808330893516541,1.08076230571916
CAN,Canada,1965,2050.19,295354.875,391509.8125,389005.625,393700.75,0.0692025125026703,1151885.625,0.634395003318787,0.115806452929974,0.244233533740044,-0.166519597172737,-0.008618495427072,0.180703043937683,1.0197526216507,1.0173465013504,0.0352236442267895,7.45139455795288,2.72955131530762,0.0572492927312851,0.72273588180542,0.130662390550035,0.140195980668068,0.142867982387543,0.192421614952545,0.141164183616638,0.151075425205122,0.788496315479279,0.121812894940376,0.125473320484161,0.113955579698086,19.7850655884418,327231.15625,419263.96875,392802.03125,445473.03125,408582.5625,0.110486038029194,1446952.75,0.888648688793182,0.833051204681397,1.08013604003695
CAN,Canada,1966,2023.71,312947.75,417648.65625,414853.28125,421939.875,0.0707972943782806,1226679.25,0.621352851390839,0.120335139334202,0.248141750693321,-0.170763239264488,-0.0135613009333611,0.194494768977165,1.02722334861755,1.01675474643707,0.0357742458581924,7.70663166046143,2.74999904632568,0.0552462115883827,0.727008104324341,0.135887385544543,0.146813690662384,0.149992570281029,0.203231861406025,0.147473409771919,0.159494171265201,0.782576858997345,0.126670271158218,0.13212114572525,0.116388007998466,20.1570790958953,346234.0625,447905.28125,418590.15625,475919,435732.875,0.119645409286022,1539131.25,0.910050928592682,0.853088974952698,1.0794686745525
CAN,Canada,1967,2014.06,327444,425571.15625,427878.34375,435124.4375,0.0714880377054215,1285581,0.623019456863403,0.129510074853897,0.225515156984329,-0.17824549973011,0.0008215307025238,0.199379295110703,1.0335328578949,1.00896155834198,0.036258652806282,7.84659862518311,2.77060008049011,0.0473580472171307,0.742672801017761,0.141594009130704,0.153826236724854,0.156052485108376,0.212670445808997,0.15345373749733,0.163481323428121,0.755835711956024,0.132158294320107,0.138058319687843,0.121667601168156,20.5230591489947,362671.625,456110.84375,431054.96875,488738.375,448797.71875,0.126884803175926,1614439.375,0.906240344047546,0.842389345169067,1.08086249393273
CAN,Canada,1968,1989.6,342978.125,444557.3125,448177.59375,459689.4375,0.0707099512219429,1348038,0.613420724868774,0.132687643170357,0.220973491668701,-0.18002887070179,-0.0073398021049797,0.220286816358566,1.06070899963379,1.01952230930328,0.0364661179482937,7.85483026504517,2.79135537147522,0.0516045950353146,0.740289688110352,0.148410234834694,0.161742269992828,0.162763342261314,0.223376879328105,0.158687338232994,0.166210954026998,0.779059052467346,0.13812880218029,0.138203859329224,0.123991794884205,20.8417849770138,379393.1875,476398.5625,450912.21875,514377.09375,472663.4375,0.133688926696777,1692662.75,0.943577587604523,0.870446264743805,1.07962699813851
CAN,Canada,1969,1970.31,358256.59375,470235.34375,470484.59375,482616.0625,0.0716588199138641,1419906.75,0.608860850334168,0.133461281657219,0.232024475932121,-0.186839878559113,-0.0071613155305385,0.219654589891434,1.07539618015289,1.04135298728943,0.0365667305886745,8.10184001922607,2.81226634979248,0.0493315123021603,0.748302578926086,0.15509756059043,0.170302391052246,0.170666113495827,0.23966800221995,0.16637609899044,0.171829794527383,0.778380155563355,0.145682141184807,0.142911002039909,0.129743963479996,21.1424104419706,397472.875,504316.40625,473837.84375,541618.25,497372.71875,0.141549587249756,1782433.125,0.958457350730896,0.888910591602325,1.07892556151365
CHE,Switzerland,1955,2004.68,70317.3125,109469.2265625,110309.2890625,114183.015625,0.0311795510351658,368641.03125,0.564769923686981,0.0510600097477436,0.342887341976166,-0.13042838871479,0.0393969975411892,0.132314130663872,0.917499959468842,0.879172682762146,0.0405546426773071,2.49791288375855,2.96654939651489,0.0614279694855213,0.642336785793304,0.0697796347961839,0.0710479170084,0.0643121227622032,0.0850762846983823,0.0621303021907806,0.0522145531060139,0.512926518917084,0.0989480316638947,0.0680225342512131,0.0826143100857735,4.91159896339653,86734.296875,144422.578125,102729.7109375,170312.171875,107968.7265625,0.101544253528118,543590.5625,0.758265852928162,0.801775574684143,4.37300007127372
CHE,Switzerland,1956,1997.17,73021.0390625,118801.9921875,116891.328125,122210.8984375,0.0316377095878124,386419.6875,0.54841160774231,0.0490886531770229,0.374606132507324,-0.138160109519959,0.0310757346451283,0.134977996349335,0.944793879985809,0.921769559383392,0.0414744094014168,2.57040333747864,2.97167205810547,0.0615682378411293,0.642336785793304,0.0718909320142087,0.0732094570994377,0.0652529001235962,0.0879398421376455,0.0624125823378563,0.0525621093549555,0.534079492092133,0.10273577272892,0.0692316144704819,0.0832305550575256,4.97570623497122,90776.1328125,155638.828125,108876.4921875,181600.140625,115543.71875,0.106431044638157,564968.125,0.781585276126862,0.83525687456131,4.37300007127372
CHE,Switzerland,1957,1989.69,75177.5078125,123926.6484375,120765.5625,126664.328125,0.0327365323901176,406968.34375,0.540577054023743,0.0529405437409878,0.384868741035461,-0.142755761742592,0.0286469887942076,0.135722398757935,0.933471739292145,0.919440507888794,0.0426020808517933,2.62898755073547,2.97680354118347,0.0588746219873428,0.642336785793304,0.0739199555979868,0.0753409415483475,0.0671866461634636,0.0898506988043043,0.0640577599406242,0.0546116491279648,0.517879605293274,0.106189221143723,0.0706628859043121,0.0858172550797463,5.05559354095458,93907.671875,162074.53125,112377.3515625,188825.171875,119806.2421875,0.11157663911581,587399.125,0.788614869117737,0.844037532806397,4.37300007127372
CHE,Switzerland,1958,1982.23,76901.0234375,116184.3046875,118698.8359375,123019.2578125,0.0334152989089489,418573.28125,0.56718909740448,0.0579245649278164,0.319326281547546,-0.12743516266346,0.0475163944065571,0.135478839278221,0.896682977676392,0.844763457775116,0.043245229870081,2.60719108581543,2.9819438457489,0.0572248175740242,0.642336785793304,0.0754493720742204,0.0769981890916824,0.0702787488698959,0.0921640044506566,0.0678105652332306,0.057124759391579,0.509939134120941,0.10891418159008,0.0705712512135506,0.0892677754163742,5.12759082973361,95791.640625,154628.328125,110645.7109375,184780.609375,116010.015625,0.114117033779621,600036.875,0.770643591880798,0.804133534431458,4.37300007127372
CHE,Switzerland,1959,1974.8,79887.7265625,125896.3515625,126752.5,131785.734375,0.0326862148940563,430833.78125,0.554211497306824,0.0519825033843517,0.349116891622543,-0.135965839028358,0.0397005751729012,0.140954375267029,0.935377180576325,0.891642272472382,0.0435233898460865,2.60748696327209,2.98709297180176,0.0592249482870102,0.642336785793304,0.0753232311155977,0.0769244879484177,0.0698971077799797,0.0939962563392325,0.0672275498509407,0.0576950151956533,0.501798808574677,0.107215620577335,0.0715124681591988,0.0877076461911202,5.1867666641977,99486.8125,166583.609375,118542.9375,196454.671875,124476.5078125,0.118034616112709,618951.625,0.810496687889099,0.856965005397797,4.37300007127372
CHE,Switzerland,1960,1967.4,84046.96875,139163.828125,137210.75,139551.6875,0.0334507115185261,450239.9375,0.554388582706451,0.0478754863142967,0.394956648349762,-0.166115269064903,0.0274737719446421,0.141420751810074,0.94498884677887,0.943240344524384,0.0440816134214401,2.67978024482727,2.99225115776062,0.0586334355175495,0.642336785793304,0.0755966716599106,0.0773426666855812,0.0710217207670212,0.0975609734077893,0.0698303580284119,0.0613829892111346,0.52922785282135,0.0961775854229927,0.0749821439385414,0.0923774316906929,5.28835210535263,103720.828125,182119.9375,128139.734375,210187.734375,134352.796875,0.12393032759428,646215.5,0.838420927524567,0.905845582485199,4.37300007127372
CHE,Switzerland,1961,1970.21,90322.3203125,154978.3125,148068.921875,151197.71875,0.0354094915091991,477959.09375,0.544624865055084,0.0527539849281311,0.427625417709351,-0.177519887685776,0.0152110382914543,0.137304559350014,0.950718760490418,0.976211130619049,0.0450031943619251,2.80503582954407,3.01036620140076,0.0571684129536152,0.642336785793304,0.0779962483484599,0.079973578453064,0.074038065969944,0.100387238457319,0.0725059658288956,0.0657463419892428,0.537962555885315,0.100077942013741,0.080169640481472,0.096716120839119,5.43629192665671,111877.265625,202530.71875,138523.265625,227229.984375,145480.828125,0.131843164563179,681305.875,0.856803119182587,0.952243864536285,4.37300007127372
CHE,Switzerland,1962,1973.03,96322.3828125,163009.765625,155159.03125,160323.3125,0.0378924757242203,505325.46875,0.546699821949005,0.054101038724184,0.415955573320389,-0.166218474507332,0.0152547722682357,0.134207218885422,0.92318856716156,0.940157771110535,0.0460952110588551,2.91313052177429,3.0285906791687,0.0560104697942734,0.642336785793304,0.081786534759183,0.0840758085250855,0.0783522501587868,0.107209284964337,0.0758283957839012,0.070085216893564,0.512533962726593,0.112599447369576,0.0844152122735977,0.102249376475811,5.5881765214191,119258.9765625,214201.90625,145812.453125,238113.484375,152630.59375,0.140276312828064,716747.4375,0.852977871894836,0.956795394420624,4.37300007127372
CHE,Switzerland,1963,1975.85,101077.203125,169931.1875,162445.828125,167665.171875,0.038298737257719,531523.875,0.546296894550324,0.0565546192228794,0.410663604736328,-0.165851354598999,0.0162324458360672,0.136103793978691,0.922371208667755,0.938792645931244,0.0470186807215214,2.95790672302246,3.04692554473877,0.0535682626068592,0.642336785793304,0.0849957588664804,0.0875585824251175,0.0822940915822983,0.112314491122422,0.079732321202755,0.0745658603308956,0.524522721767426,0.11632376909256,0.0903386250138283,0.105244770646095,5.70948724072872,125560.96875,224024.3125,152974.671875,249732.375,159675.140625,0.148573741316795,752001.1875,0.863703846931458,0.966111183166504,4.37300007127372
CHE,Switzerland,1964,1978.67,105358.0078125,180426.5,171929.390625,177116.375,0.0388676524162293,560336.75,0.539376020431519,0.0554758533835411,0.423837095499039,-0.167979344725609,0.0153058851137757,0.133984461426735,0.928021609783173,0.952977180480957,0.0476427599787712,3.00416278839111,3.06537127494812,0.0535039305686951,0.642336785793304,0.0889583323718129,0.0917718783020973,0.0861877575516701,0.119127220984406,0.0836636796593666,0.0783504863532369,0.530620098114014,0.120680697262287,0.0945785120129585,0.110882148146629,5.80614124477305,131165.234375,237981.21875,162335.078125,262858.78125,168949,0.157414138317108,791367.0625,0.877453804016113,0.990572810173035,4.37300007127372
CHE,Switzerland,1965,1981.5,109313.796875,180600.921875,177125.1875,181589.015625,0.0380077622830868,585838.625,0.544255673885346,0.0577289275825024,0.392573952674866,-0.160889938473701,0.0265092961490154,0.139822110533714,0.930179178714752,0.928099513053894,0.0479644984006882,2.98374700546265,3.08392906188965,0.0534329004585743,0.642336785793304,0.0925209445406878,0.0951680392026901,0.0895999744534493,0.12012429256916,0.0873974189162254,0.081061735830129,0.528843641281128,0.125655740499496,0.0969315394759178,0.115753516554832,5.86137183549111,135887.484375,239614.796875,167723.171875,271223.65625,173410.796875,0.164719328284264,825452.5,0.890436351299286,0.980913817882538,4.37300007127372
CHE,Switzerland,1966,1984.33,112720.359375,183493.375,181993.8125,186343.46875,0.0368661917746067,608884.5625,0.546213805675507,0.0586926117539406,0.379798710346222,-0.159929886460304,0.0308389365673065,0.144385829567909,0.926867246627808,0.912671566009522,0.048074945807457,2.97230648994446,3.10259890556335,0.0533611178398132,0.642336785793304,0.0968565880803016,0.0993739292025566,0.0936436653137207,0.122801169649101,0.0914578288793564,0.0845170670650547,0.539275467395783,0.131455436348915,0.0996959581971169,0.120854087173939,5.91364384611544,139782.671875,244097,172639.28125,277897.15625,177754.4375,0.171617165207863,857869.5625,0.896968185901642,0.982420265674591,4.37300007127372
CHE,Switzerland,1967,1987.16,115938.2265625,189868.78125,189130.28125,193118.328125,0.035964198410511,635198.9375,0.541674911975861,0.0586732253432274,0.382825136184692,-0.15545155107975,0.0303359571844339,0.141942322254181,0.944806158542633,0.927180707454681,0.0481590554118156,2.98808670043945,3.12138175964355,0.054509699344635,0.642336785793304,0.101251572933588,0.103663414716721,0.0969972163438797,0.125929672826962,0.0949941426515579,0.0865432487314276,0.573731005191803,0.136542066931725,0.100978128612041,0.126621976494789,5.97972397470701,143643.75,252279.0625,179344.984375,286390.71875,183748.875,0.178905740380287,891832.375,0.903301656246185,0.992194950580597,4.37300007127372
CHE,Switzerland,1968,1990,120633.5,195264.8125,197045.21875,200620.203125,0.03589728474617,659801,0.541723370552063,0.0595795065164566,0.372002959251404,-0.16009646654129,0.0367948673665524,0.149995759129524,0.941565573215485,0.910829842090607,0.0482399500906467,3.00613522529602,3.14027833938599,0.0558664724230766,0.642336785793304,0.103846184030509,0.106300555169582,0.0994136184453964,0.128616755588457,0.0976421162486076,0.0882816493846631,0.567517697811127,0.139929965138435,0.102036386728287,0.131282463669777,6.04777601974001,149205.9375,259842.484375,186939.375,296667.53125,190717.921875,0.185936525464058,925047.5625,0.914943695068359,0.999255239963532,4.37300007127372
CHE,Switzerland,1969,1992.85,126510.7890625,205976.59375,207159.734375,212167.359375,0.0357318446040154,684294.3125,0.536393105983734,0.0598851814866066,0.374543011188507,-0.168213725090027,0.0366586297750473,0.160733759403229,0.966162145137787,0.932191610336304,0.048280656337738,3.05584311485291,3.15928936004639,0.0568221770226955,0.642336785793304,0.107474725868545,0.110025271773338,0.102458648383617,0.132870576343563,0.100040383636951,0.0904124658257129,0.586357831954956,0.147560685873032,0.106024630367756,0.135166004300118,6.12667713235879,157250.328125,274157.9375,196619.734375,313378.84375,201538.671875,0.193508207798004,960949.1875,0.938287675380707,1.02355003356934,4.37300007127372
CHL,Chile,1955,2545.05,38393.359375,42229.65234375,40799.08203125,38753.4609375,0.0060429037548601,77085.78125,0.821133613586426,0.16957426071167,0.0989922359585762,-0.0738998949527741,-0.0671357214450836,0.0513354539871216,0.757315814495087,0.824824392795563,0.0251350495964289,2.10775208473206,1.91872370243073,0.117146976292133,0.443323403596878,0.132387042898457,0.128476455807686,0.141824588179588,0.10954011056542,0.149310886859894,0.275411896750269,3.35973477363586,0.140209794044495,0.245052680373192,0.295121312141418,7.08644843289024,32156.708984375,34909.87890625,40692.67578125,39610.91796875,38470.7265625,0.0376274548470974,95291.0546875,0.939993560314179,0.775572001934052,0.0001584999966523
CHL,Chile,1956,2531.4,38073.55859375,42221.16796875,40380.03125,37962.4375,0.0059180906973779,78591.1484375,0.835820436477661,0.167106628417969,0.109255604445934,-0.0745458751916885,-0.0857572183012962,0.04812041670084,0.731142282485962,0.816111028194428,0.0244584064930677,2.12511205673218,1.92343735694885,0.0930258259177208,0.443323403596878,0.100244269480135,0.0974334254860878,0.111552484333515,0.0833743914604229,0.118656575679779,0.241160308784702,2.62435030937195,0.133992955088615,0.22279866039753,0.306608200073242,7.23943110455152,32148.728515625,35342.8984375,40485.8359375,39855.56640625,37883.46484375,0.0387208387255669,98553.8046875,0.928662061691284,0.770965039730072,0.0003292220011979
CHL,Chile,1957,2517.81,42909.66015625,47025.0390625,43354.5625,41835.41796875,0.0057325758971273,79284.3125,0.863049566745758,0.162628293037415,0.098370723426342,-0.0750809013843536,-0.0944678038358688,0.0455000996589661,0.791937112808228,0.896165370941162,0.0239298734813929,2.19255375862122,1.92816269397736,0.0860205665230751,0.443323403596878,0.0818679959114638,0.0797348618507385,0.091491810977459,0.0684145562401533,0.0948141068220139,0.214077538250507,2.25025296211243,0.155501455068588,0.204698145389557,0.277030855417252,7.40713572317729,36383.1875,38850.42578125,43537.15234375,42928.05078125,41836.69921875,0.0397287122905254,101489.25,0.973747432231903,0.825020492076874,0.0005127440011489
CHL,Chile,1958,2504.3,44472.4453125,48609.48828125,44823.97265625,43769.1640625,0.0056048701517283,81617.8671875,0.840945363044739,0.175122618675232,0.0945195555686951,-0.0622486807405949,-0.0926394239068031,0.0443005301058292,0.821758449077606,0.91037255525589,0.0235021021217108,2.22733283042908,1.93289959430695,0.0842100009322166,0.443323403596878,0.0769379743432515,0.0745911672711372,0.0860804319381714,0.0633216946153702,0.0881549045443535,0.20958794921995,2.18862366676331,0.142005696892738,0.198209866881371,0.215829089283943,7.5872131112132,37469.75390625,39898.09375,44869.77734375,44931.01953125,43494.48828125,0.0407665111124516,104417.34375,0.998965740203857,0.830462992191315,0.0006849089881383
CHL,Chile,1959,2490.86,44163.04296875,47918.41796875,45341.609375,43370.328125,0.005430469289422,84458.5390625,0.837792277336121,0.180485531687737,0.0865885317325592,-0.0632084161043167,-0.0911064818501473,0.0494485795497894,0.804322361946106,0.886745750904083,0.023182213306427,2.21702909469605,1.93764817714691,0.0740971192717552,0.443323403596878,0.0752537239609484,0.072698213160038,0.0849500969052315,0.0608358305838862,0.0888112708926201,0.229031801405735,2.04376411437988,0.147012531757355,0.213272139430046,0.249480992555618,7.77643565504413,37219.91015625,38947.82421875,45466.6640625,44229.40625,43124.9140625,0.0416471548378468,106893.171875,0.975000441074371,0.80378657579422,0.0009767919395873
CHL,Chile,1960,2477.49,48314.8671875,53310.64453125,48158.17578125,45985.87890625,0.0052853431552648,87165.0390625,0.869155824184418,0.181489884853363,0.108637198805809,-0.0965316221117973,-0.110389187932014,0.0476379245519638,0.84017425775528,0.974907398223877,0.022930758073926,2.26099681854248,1.94240832328796,0.086870439350605,0.443323403596878,0.0773562181768258,0.0748055130243301,0.0882043987512589,0.0625901769932253,0.0923710241913796,0.217786916348531,2.2723982334137,0.117600776255131,0.201996847987175,0.244891747832298,7.97138381805939,40472.87109375,44370.703125,48013.58203125,48892.7265625,45936.76171875,0.0432152450084686,111227.5703125,1.0480580329895,0.890432894229889,0.0010489689723495
CHL,Chile,1961,2457.87,50616.4296875,56269.13671875,46836.16015625,44607.26171875,0.0051801335066556,91925.671875,0.945417761802673,0.189295038580894,0.126721680164337,-0.107429191470146,-0.204122632741928,0.0501173324882984,0.798213601112366,1.00867176055908,0.0227046012878418,2.30426073074341,1.96002614498138,0.127932295203209,0.443323403596878,0.0976436160957491,0.104416735470295,0.113241620361805,0.138244508704691,0.118899993598461,0.192262879676444,2.76903128623962,0.108816184103489,0.177093848586082,0.239703863859177,8.16891467329204,42355.79296875,47183.3984375,46695.72265625,51245.8515625,44461.2265625,0.0450847297906876,116473.6953125,1.0634183883667,0.91663932800293,0.0010501360359328
CHL,Chile,1962,2438.25,52954.61328125,58117.73046875,58049.828125,56179.80859375,0.0050876936875283,94883.703125,0.783476948738098,0.159114629030228,0.091903418302536,-0.0707665011286736,-0.0034355255775153,0.0397070273756981,0.971935570240021,1.00706911087036,0.0224617049098015,2.33038067817688,1.9778037071228,0.138508230447769,0.443323403596878,0.0928915129201987,0.0990985184907913,0.108862176537514,0.129661682454566,0.112485803663731,0.209001477691176,3.08839440345764,0.130233496427536,0.191496342420578,0.238522991538048,8.3664234799299,44285.3984375,48302.82421875,57879.77734375,53598.98046875,55539.54296875,0.046664971858263,121038.7421875,1.0851948261261,0.915561497211456,0.0010576359765109
CHL,Chile,1963,2394.09,54655.34765625,60830.5703125,61386.3203125,58334.203125,0.0050084632821381,97919.5,0.783297121524811,0.153637737035751,0.105859383940697,-0.131485134363174,0.024480177089572,0.0642107427120209,0.977447211742401,1.02358937263489,0.0222065821290016,2.38208079338074,1.99574267864227,0.254905045032501,0.443323403596878,0.102120620193877,0.0992046520113945,0.100702509284019,0.0843380405092964,0.10597138851881,0.113959698530705,2.88673949241638,0.0830947309732437,0.106184266507626,0.144694104790688,8.56198549586839,45760.3359375,50991.3203125,61309.6640625,56997.94140625,57685.625,0.0488619655370712,126987.265625,1.11852037906647,0.936795473098755,0.0016217860143979
CHL,Chile,1964,2389.19,54639.1640625,62056.2734375,62758.3203125,60222.6015625,0.0049209790304303,105724.71875,0.751448452472687,0.155838191509247,0.12316158413887,-0.0941152796149254,0.0084791490808129,0.0551878921687603,0.957768261432648,0.99487715959549,0.0220015738159418,2.40398573875427,2.01384425163269,0.205662459135056,0.443323403596878,0.103531127725423,0.0954714268445969,0.100001350045204,0.0566077297604783,0.104211986064911,0.133371682156235,2.76268076896668,0.107410959899426,0.121711850166321,0.188286811113358,8.75437652299203,45735.21484375,52270.57421875,62791.73828125,58305.23046875,59587.6796875,0.0517419762909412,134711.984375,1.10037362575531,0.923535764217377,0.0023074329010423
CHL,Chile,1965,2403.91,55730.6953125,62905.44921875,63288.3671875,58389.40625,0.0048923683352768,112044.9375,0.77491569519043,0.179550141096115,0.122877664864063,-0.125226706266403,-0.0071200407110154,0.0550032407045364,0.888998627662659,0.960844397544861,0.0218472965061665,2.43011951446533,2.03210997581482,0.172717422246933,0.443323403596878,0.0983979495387491,0.0938239991664887,0.10036539286375,0.0740833940961461,0.108786210417748,0.151176468302489,2.55934500694275,0.0826369673013687,0.136051043868065,0.214189484715462,8.94303933317786,46253.53125,52555.96484375,63197.17578125,58828.14453125,57556.9140625,0.0544585511088371,142115.609375,1.06670427322388,0.892163991928101,0.0031566579806701
CHL,Chile,1966,2423.53,62272.19140625,72462.59375,70132.921875,65684.7265625,0.0050446903333067,123199.7265625,0.767578482627869,0.180468276143074,0.155141085386276,-0.113008037209511,-0.0496593192219734,0.0594795607030392,0.927923858165741,1.02365243434906,0.0217547994107008,2.47436857223511,2.05054140090942,0.20145308971405,0.443323403596878,0.105787920638894,0.100985080003738,0.107232213020325,0.0805573441599322,0.114494010806084,0.145407632823403,2.70673179626465,0.101229578256607,0.128126561641693,0.223979413509369,9.12800098606495,51477.25,61226.23828125,69837.7734375,65364.609375,64398.953125,0.0589689649641514,154043.265625,1.11631453037262,0.978915750980377,0.0038511379961377
CHL,Chile,1967,2242.01,64189.10546875,73427.4765625,73772.0625,69731.0234375,0.0050766677595675,130342.7109375,0.744213342666626,0.17631097137928,0.132485762238503,-0.0950464084744453,-0.0201109312474728,0.0621472783386707,0.986116707324982,1.03645968437195,0.0216952860355377,2.52424049377441,2.06913995742798,0.185108408331871,0.443323403596878,0.098647667664094,0.0948255881667137,0.10129552334547,0.0786924725159171,0.107165776193142,0.146249303460897,2.57685804367065,0.109011501073837,0.129748538136482,0.209452927112579,9.3097565728273,52950.16015625,61514.72265625,73295.3359375,67456.265625,68065.7734375,0.062819242477417,164295.28125,1.13653671741486,0.970295667648315,0.0050682690146971
CHL,Chile,1968,2325.41,67011.4375,77017.8203125,77519.625,71783.1640625,0.0051478971727192,139597.921875,0.751840472221375,0.181685373187065,0.139397397637367,-0.115182004868984,-0.0187796223908663,0.0610384196043015,0.941347777843475,1.00382030010223,0.0216372814029455,2.57638168334961,2.08790731430054,0.196741685271263,0.443323403596878,0.0990430698128969,0.0930683314800263,0.0982163622975349,0.0683440015151309,0.106065206229687,0.132692062322551,2.39399671554565,0.0899351984262466,0.117015019059181,0.213592693209648,9.48915797099101,55093.2265625,64511.03125,76845.5234375,69809.3984375,69810.328125,0.0670660510659218,175538.90625,1.10142004489899,0.952877044677734,0.0068764657587975
CHL,Chile,1969,2354.85,70542.0078125,81339.0859375,82988.859375,76747.3515625,0.0052702706307172,149317.234375,0.735014975070953,0.184130847454071,0.140683352947235,-0.110280103981495,0.0019442499615252,0.0485066771507263,0.957809925079346,1.00886154174805,0.0215896684676409,2.61909413337708,2.10684466362,0.212368026375771,0.443323403596878,0.108970723484323,0.103273063898087,0.107474848628044,0.0805291026640727,0.116215273737907,0.134926934264776,2.60007929801941,0.107271455228329,0.119736708700657,0.286852300167084,9.66728556170098,58130.546875,68247.421875,82410.2265625,72423.984375,74656.40625,0.071628600358963,187629.4375,1.083136677742,0.955544471740723,0.0086175816671857
CHN,China,1955,2197.75,233657.609375,293490.3125,306253.59375,306805.53125,,478677.6875,0.634426474571228,0.127155691385269,0.195018351078033,-0.00604162318632,0.0439987443387508,0.0054423767141997,,,0.0485806949436665,255.780746459961,1.1573771238327,0.197893649339676,0.592194736003876,0.117775219965187,0.116322830319405,0.124062612652779,0.109076319201262,0.123839437961578,0.154287889712662,,0.176996797323227,0.131591901183128,0.143620356917381,608.878593014988,180173.1875,218928.515625,298235.5,216307.8125,298683.9375,,491488.34375,,,2.46180842198822
CHN,China,1956,2253.32,248341.625,318296.28125,335751.625,336142.25,0.034654576331377,510586.09375,0.615204334259033,0.123594842851162,0.208110272884369,-0.0058283382095396,0.0504192933440208,0.008499601855874,0.264697343111038,0.251552999019623,0.0501770935952663,263.356689453125,1.17162132263184,0.207289695739746,0.592194736003876,0.122264920404451,0.120463497936726,0.127717807888985,0.111496744132832,0.127569392323494,0.15347088861789,3.12547707557678,0.179319500923157,0.13327819108963,0.14652094244957,621.328783523545,192865.203125,238927.484375,327788,244697.3125,328099.84375,0.0030818940140307,526665.4375,0.294006258249283,0.299936503171921,2.46180842198822
CHN,China,1957,2262.89,257097.984375,334200.65625,352222.9375,352404.125,0.0357851274311543,543994.5625,0.608338177204132,0.121216222643852,0.218790501356125,-0.0057518482208252,0.0492495931684971,0.0081573324277997,0.262111157178879,0.250244081020355,0.0517155379056931,271.753112792969,1.18604075908661,0.199354380369186,0.592194736003876,0.120995284560617,0.119043223559856,0.126496881246567,0.109246574743599,0.126431852579117,0.151351018934964,2.96625733375549,0.175052508711815,0.133352145552635,0.153154581785202,635.457260496672,200202.359375,251524.546875,343889.875,256734.890625,344055.46875,0.0033237768802791,564802.3125,0.290752083063126,0.297614574432373,2.46180842198822
CHN,China,1958,2356.06,263627.75,379704.375,393562.78125,393972.53125,0.0386933237314224,606484.1875,0.557197690010071,0.111954890191555,0.294631272554398,-0.0052678794600069,0.0333485379815102,0.0081354556605219,0.260660082101822,0.250597149133682,0.0538623072206974,291.992095947266,1.20063769817352,0.213956341147423,0.592194736003876,0.132379520346971,0.130064740777016,0.137720689177513,0.118544143862772,0.137577459216118,0.155108536302237,3.26248860359192,0.192209392786026,0.136114031076431,0.15598464012146,648.993559603395,204432.578125,290597.59375,384154.78125,293452.46875,384550.84375,0.0037683346308767,633749.5,0.293322771787643,0.303484052419663,2.46180842198822
CHN,China,1959,2453.15,232267.046875,392873.6875,395109,395800.78125,0.043105062097311,699535.25,0.475255757570267,0.111572429537773,0.40577644109726,-0.0066353669390082,0.0035129215102642,0.0105178412050009,0.232686027884483,0.230465307831764,0.0569047182798386,303.800628662109,1.21541428565979,0.18454484641552,0.592194736003876,0.142602099629553,0.13951875269413,0.148435026407242,0.126384839593729,0.148175597190857,0.161329622114184,2.87198543548584,0.198559895157814,0.14154240489006,0.155477583408356,656.667003826331,179868.890625,306392.09375,386880.09375,308740.28125,387521.6875,0.0044316528365016,735937.6875,0.273499965667725,0.28358119726181,2.46180842198822
CHN,China,1960,2176.6,240822.71875,386561.03125,386058.15625,386667.65625,0.0462099723517895,773397.4375,0.483202248811722,0.139613538980484,0.376908421516418,-0.0097780330106616,-0.0021158689633011,0.0121696973219514,0.235263153910637,0.23541758954525,0.0591875500977039,294.125854492188,1.23037278652191,0.15654319524765,0.592194736003876,0.147851551374489,0.144441768527031,0.151978984475136,0.132640485117783,0.151739403605461,0.164433715986096,2.62995147705078,0.204962328076363,0.143906503915787,0.174822986125946,652.965034642676,184589.734375,299477.53125,377860.4375,302222.4375,378813.59375,0.0049621299840509,818756.8125,0.277719229459763,0.287527471780777,2.46180842198822
CHN,China,1961,2164.38,246214.4375,314149.28125,332046.5,332398.78125,0.0446671694517136,782938.875,0.603303074836731,0.13741697371006,0.204377561807632,-0.0071882805787026,0.0520201474428177,0.0100704841315746,0.203575119376183,0.192738100886345,0.0592349506914616,284.456817626953,1.25271499156952,0.122066847980022,0.592194736003876,0.151668366463104,0.148201689124107,0.152583211660385,0.132981879846176,0.15242150425911,0.168463049068227,2.24723529815674,0.222397714853287,0.147228583693504,0.187194347381592,646.953216522326,189466.34375,239031.5,324959.0625,245150.078125,325621.1875,0.0049932431429624,829186.875,0.227520599961281,0.231781989336014,2.46180842198822
CHN,China,1962,2163.27,265620.46875,310018.90625,339316.5,339389.46875,0.0418925397098064,775554.5,0.66412627696991,0.118515729904175,0.130818575620651,-0.0049011707305908,0.0827589333057404,0.0086816661059856,0.20633390545845,0.188779100775719,0.0579154118895531,279.537719726563,1.27546286582947,0.1221968755126,0.592194736003876,0.142655746054213,0.139997705817223,0.143891006708145,0.125102826681716,0.143860071897507,0.16718329454497,2.12289047241211,0.263525635004044,0.144190475344658,0.208161562681198,655.615992240727,205055.75,234287.921875,332428.03125,244256.328125,332805.34375,0.0049035754054784,820127.375,0.228367298841476,0.228862062096596,2.46180842198822
CHN,China,1963,2247.64,271380.4375,335910.96875,359376.71875,359741.5,0.0403076410293579,785436.4375,0.621577978134155,0.132798254489899,0.179380238056183,-0.0061959838494658,0.0619985871016979,0.0104409046471119,0.209157913923264,0.196128860116005,0.0567305125296116,280.674987792969,1.298623919487,0.126381978392601,0.592194736003876,0.139967063423017,0.136699959635735,0.143355280160904,0.121407872316577,0.143209919333458,0.17134397387626,2.18991017341614,0.27183935046196,0.147522553801537,0.206542462110519,676.636775214796,209228.84375,256344.53125,352629.84375,264542.65625,353205.96875,0.0049434658139944,830423.9375,0.237868174910545,0.240824446082115,2.46180842198822
CHN,China,1964,2248.63,295051.28125,380266.84375,402542.875,403029.96875,0.0384494476020336,811463.625,0.59506893157959,0.137013763189316,0.211437284946442,-0.0076413238421082,0.051362968981266,0.0127583490684628,0.226753830909729,0.215669453144074,0.055972583591938,286.261535644531,1.32220542430878,0.15195295214653,0.592194736003876,0.148528466140327,0.144392639398575,0.150427773594856,0.126430215799683,0.15024596452713,0.171323894384213,2.49922251701355,0.27270120382309,0.147376671433449,0.210142686963081,698.530267150441,227532.96875,292364.09375,395619.84375,298682.03125,396361.90625,0.005106293130666,859110.5625,0.259119361639023,0.265002936124802,2.46180842198822
CHN,China,1965,2249.11,320683.625,430734.34375,450042,450639.21875,0.0388370640575886,857036.8125,0.57164865732193,0.139970764517784,0.244210228323936,-0.0092835333198308,0.0401003807783127,0.0133534716442227,0.239502340555191,0.229661449790001,0.0556058995425701,291.360473632813,1.34621524810791,0.17087060213089,0.592194736003876,0.156039474728638,0.151143163442612,0.157238662242889,0.131146364413074,0.157030284404755,0.175000732528436,2.63121247291565,0.274889796972275,0.149433508515358,0.224051684141159,718.080773179416,246124.9375,332581.90625,442058.1875,335528.9375,443071.96875,0.0054064462892711,909331.5625,0.278407365083694,0.288326919078827,2.46180842198822
CHN,China,1966,2249.09,338130.84375,471508.90625,486578.1875,486441.96875,0.0397322438657284,920521.4375,0.550086140632629,0.145024180412292,0.27419114112854,-0.009607751853764,0.0264733899384737,0.013832907192409,0.239771515130997,0.232406035065651,0.0553862638771534,299.956024169922,1.36638224124908,0.170297712087631,0.592194736003876,0.155107043866284,0.149351164698601,0.157468512654305,0.127518748456705,0.157512605190277,0.178047029790924,2.56499004364014,0.286507844924927,0.151096612215042,0.25019696354866,738.510235805712,257951.171875,365064.34375,477380.25,361677.8125,477560.46875,0.0058234087191522,978724.375,0.283671081066132,0.29915651679039,2.46180842198822
CHN,China,1967,2249.19,356451.03125,456944.1875,484715.1875,484780.8125,0.0392722077667713,953009.5625,0.607688724994659,0.127594158053398,0.207296058535576,-0.0094926124438643,0.0536908470094204,0.0132228527218103,0.227687329053879,0.214214190840721,0.0550731644034386,313.570617675781,1.38685119152069,0.158009171485901,0.592194736003876,0.151978207725149,0.146862462162972,0.153391137719154,0.122497826343687,0.15337036550045,0.176548460492263,2.42794322967529,0.296610474586487,0.150019183754921,0.254721343517303,757.995325413368,273237.09375,350835.65625,474682.03125,349710.84375,475116.46875,0.0060346885584294,1014783.125,0.260998874902725,0.273570418357849,2.46180842198822
CHN,China,1968,2249.25,344668.03125,444765.375,470671.4375,470494.71875,0.0387348309159279,984283.25,0.602802336215973,0.129762813448906,0.212749153375626,-0.00927759334445,0.0505857802927494,0.0133775155991316,0.207631513476372,0.195077314972878,0.0545930787920952,327.481292724609,1.4076269865036,0.142334148287773,0.592194736003876,0.150948754475246,0.145399525761604,0.153175994753838,0.119621066010149,0.153233528137207,0.179952916422921,2.20706248283386,0.287134975194931,0.152439340949059,0.250162452459335,778.901752152789,263366,341395.9375,460331.1875,340278.59375,460459.59375,0.0062308581545949,1049282.875,0.242160826921463,0.253841996192932,2.46180842198822
CHN,China,1969,2248.77,375201.03125,489686.90625,516630.21875,516274.5625,0.0388408489525318,1024861.8125,0.582445085048676,0.14430196583271,0.221753880381584,-0.008270775899291,0.0479062795639038,0.0118635799735785,0.215950071811676,0.203566893935204,0.0541658326983452,343.213073730469,1.42871379852295,0.158556297421455,0.592194736003876,0.156501026827572,0.149500012397766,0.155902534723282,0.121241885651812,0.156009912490845,0.17688528742662,2.33392548561096,0.30383762717247,0.151156038045883,0.267655044794083,801.469131230156,286448.21875,375602.34375,505722.71875,374077.0625,505772.25,0.0064983814954757,1094459.875,0.252317994832993,0.264698415994644,2.46180842198822
CIV,Côte d'Ivoire,1960,,5880.568359375,6508.5869140625,7121.07861328125,6453.552734375,,2403.39892578125,0.792411208152771,0.118802912533283,0.0973135828971863,-0.198308914899826,0.0023638471029698,0.187417358160019,,,0.0429443083703518,1.2303683757782,1.03838741779327,0.289289504289627,0.681114554405212,0.0731320302527562,0.0723659545183182,0.079544723033905,0.0672562619522831,0.0877724662423134,0.146764530709475,,0.0823417007923126,0.180563673377037,0.126301109790802,3.46874569720779,7612.48095703125,9509.5439453125,7295.69970703125,10235.2763671875,6454.13232421875,,10720.3017578125,,,245.195098717111
CIV,Côte d'Ivoire,1961,,6134.65673828125,6948.59814453125,7212.6796875,6795.41748046875,,2965.40844726563,0.771979868412018,0.130783915519714,0.119778014719486,-0.256716549396515,-0.0134829860180616,0.247657731175423,,,0.0466876365244389,1.26917886734009,1.03855872154236,0.254242867231369,0.681114554405212,0.0808158645172333,0.0797408521175385,0.0882117450237274,0.0733953706803227,0.0936282575130463,0.152056647344101,,0.0838952288031578,0.181722074747086,0.105903171002865,3.59400385015038,7937.2041015625,10336.89453125,7393.99755859375,11615.8369140625,6785.7060546875,,12871.9072265625,,,245.260101158475
CIV,Côte d'Ivoire,1962,,6617.54736328125,7187.76953125,7600.80712890625,7270.470703125,,3276.49877929688,0.776879906654358,0.133315280079842,0.0784298479557037,-0.192185059189796,-0.0072464584372937,0.210806503891945,,,0.0485325753688812,1.31049025058746,1.03873002529144,0.233323290944099,0.681114554405212,0.0834882220471443,0.082240641117096,0.0882974490523338,0.0749704853009892,0.0923092737793922,0.158588021072431,,0.100156612694263,0.186050996184349,0.118277780711651,3.72751183940085,8551.9912109375,10368.4443359375,7793.2509765625,11604.9111328125,7141.1455078125,,14124.4619140625,,,245.013900597112
CIV,Côte d'Ivoire,1963,,7399.5703125,8236.8427734375,8912.65234375,8307.6416015625,,3779.60400390625,0.749700665473938,0.140993803739548,0.100783422589302,-0.197020947933197,-0.0012726346030831,0.206815659999847,,,0.0490722209215164,1.35854172706604,1.03890132904053,0.232092499732971,0.681114554405212,0.0813218913986723,0.0799770206212997,0.0884251445531845,0.0728260069298965,0.0948647856712341,0.163087234341006,,0.103609919548035,0.18985877931118,0.134067460894585,3.88147293808713,9569.568359375,12133.7421875,9153.7509765625,13215.5146484375,8106.7060546875,,16190.873046875,,,245.016403038517
CIV,Côte d'Ivoire,1964,,8574.685546875,9778.4736328125,10650.5859375,9649.9833984375,0.0003101708425674,4573.8251953125,0.730298042297363,0.158271923661232,0.124745056033134,-0.255551874637604,0.0221967045217752,0.220040142536163,0.954638779163361,0.975138485431671,0.0505205951631069,1.4097386598587,1.0390727519989,0.224857121706009,0.681114554405212,0.0799202748443004,0.0784983038902283,0.0895951166749001,0.0719370681173433,0.0988851934671402,0.168638673490369,3.81762790679932,0.0993257686495781,0.1933903247118,0.142178952693939,4.04584988005742,11087.8505859375,14714.3232421875,10956.8359375,15717.2412109375,9425.8486328125,0.0502067394554615,19345.875,1.41860806941986,1.30337798595428,245.027206261166
CIV,Côte d'Ivoire,1965,,8154.94091796875,9311.4228515625,9587.6123046875,9229.8623046875,0.0003496331337373,5282.5361328125,0.720407843589783,0.163130939006805,0.125297844409943,-0.196347191929817,-0.0145082520321012,0.20201887190342,0.819988310337067,0.829900920391083,0.0519133135676384,1.46576571464539,1.03924417495728,0.179713800549507,0.681114554405212,0.0899461556140756,0.0878000482916832,0.0986939892172813,0.0783225563741197,0.102519378066063,0.175512712029063,3.05604982376099,0.130320593714714,0.197978988289833,0.148643180727959,4.22561920856595,10503.5947265625,14013.2900390625,9845.34765625,15310.927734375,8994.0087890625,0.0577854327857494,22189.912109375,1.27760982513428,1.14757442474365,245.060897667394
CIV,Côte d'Ivoire,1966,,9109.595703125,10364.0576171875,10810.1923828125,10422.78515625,0.0003815410018432,6016.841796875,0.714134871959686,0.15987291932106,0.120357684791088,-0.181035563349724,-0.0092304367572069,0.19590051472187,0.836526215076447,0.831795275211334,0.0524270944297314,1.52856171131134,1.03941547870636,0.170818373560905,0.681114554405212,0.0877548133270633,0.0860505104064941,0.0973895266652107,0.0784375918737847,0.101009413599968,0.179730634252228,2.86991262435913,0.136398270726204,0.200756296515465,0.152087077498436,4.42663649660394,11691.5224609375,15536.21875,11071.9951171875,17067.27734375,10084.2568359375,0.0658739134669304,25232.470703125,1.32324469089508,1.1821300983429,245.678405601562
CIV,Côte d'Ivoire,1967,,9805.5732421875,10991.125,11426.5732421875,11016.7080078125,0.0004045949026476,6659.7998046875,0.724136054515839,0.165927693247795,0.107614018023014,-0.169372260570526,-0.0176840499043465,0.18937848508358,0.831559240818024,0.828085064888001,0.0524738244712353,1.59720885753632,1.03958702087402,0.159224420785904,0.681114554405212,0.089946691935355,0.0875752046704292,0.0977945029735565,0.0772256475568346,0.101432852447033,0.182317214773184,2.76967549324036,0.140839189291,0.203265726566315,0.155843690037727,4.64649707403069,12553.39453125,16236.232421875,11678.98046875,17742.474609375,10625.0810546875,0.0727544352412224,27879.587890625,1.30353546142578,1.17067933082581,246.000900108188
CIV,Côte d'Ivoire,1968,,10788.12890625,11999.48828125,13233.947265625,12602.7177734375,0.0004188530147075,7279.1943359375,0.684237241744995,0.171778798103333,0.0961189046502113,-0.163424968719482,0.0059553324244916,0.205334708094597,0.882717847824097,0.835329234600067,0.0519585870206356,1.67225551605225,1.0397584438324,0.168982997536659,0.681114554405212,0.0927088650582681,0.0899573862552643,0.10006595402956,0.0789975819153357,0.105077937245369,0.19009082985227,2.93159317970276,0.148843884468079,0.211297318339348,0.163151577115059,4.88705983088186,13743.2255859375,17549.38671875,13495.5556640625,20389.501953125,12112.5947265625,0.0793641656637192,30504.009765625,1.41374695301056,1.19418346881866,247.564697104238
CIV,Côte d'Ivoire,1969,,12521.4609375,13986.791015625,14934.0029296875,13821.9541015625,0.0004473198787309,8078.66015625,0.719177484512329,0.186733603477478,0.106014646589756,-0.190240055322647,-0.0246719494462013,0.202986285090446,0.901926398277283,0.907059609889984,0.0514036118984222,1.75077545642853,1.03992998600006,0.166601657867432,0.681114554405212,0.0856971838663722,0.0838162451982498,0.0942098423838615,0.0765720756395016,0.101789511740208,0.18302467949339,2.76808190345764,0.127058908343315,0.204722836613655,0.163258299231529,5.14006036129594,15994.068359375,20551.919921875,15256.4501953125,21915.71875,13313.4716796875,0.0879337564110756,33828.61328125,1.42470443248749,1.31118953227997,259.960601637173
CMR,Cameroon,1960,,8744.0576171875,9974.55078125,9059.19140625,8856.07421875,,10389.0556640625,0.835518062114716,0.15183337032795,0.138943418860435,-0.10243097692728,-0.116208709776402,0.092344768345356,,,0.0410019457340241,2.11721777915955,1.13174211978912,0.248372733592987,0.555014967918396,0.0712382567898844,0.0686021745204926,0.0692599043250084,0.0540961987907252,0.0708484053611755,0.0739338080116016,,0.0923462510108948,0.0868633612990379,0.114068709313869,5.37784673423742,12475.2314453125,13699.669921875,9399.298828125,15541.716796875,9432.775390625,,14132.876953125,,,245.195098717111
CMR,Cameroon,1961,,8898.310546875,10160.0732421875,9383.994140625,9118.64453125,,10938.5732421875,0.820794701576233,0.155042260885239,0.138371735811234,-0.0940055176615715,-0.102795459330082,0.0825922936201096,,,0.0415137521922588,2.13809776306152,1.13907909393311,0.230528801679611,0.555014967918396,0.0801886053383153,0.0758825317025185,0.0772432535886765,0.053086127104924,0.0794910192489624,0.086839491007072,,0.102336242794991,0.101425006985664,0.13581645488739,5.46452974015952,12687.9677734375,13952.0810546875,9739.5712890625,15766.2783203125,9715.859375,,14819.2587890625,,,245.260101158475
CMR,Cameroon,1962,,9205.9931640625,10519.291015625,9305.572265625,9171.982421875,,11499.1630859375,0.840595006942749,0.163113072514534,0.143185824155808,-0.0830892771482468,-0.132704392075539,0.0688997954130173,,,0.0419963113963604,2.16007089614868,1.14646375179291,0.214130699634552,0.555014967918396,0.0861579794480801,0.0814322233200073,0.0831234380602837,0.0570782702896862,0.084334135055542,0.0949785771144268,,0.13312229514122,0.109350204467773,0.163322865962982,5.55510859610489,13097.544921875,14442.8779296875,9663.1259765625,16231.5205078125,9782.931640625,,15537.15625,,,245.013900597112
CMR,Cameroon,1963,,9496.361328125,10873.8681640625,9951.2568359375,9791.5205078125,,12063.6787109375,0.807494699954987,0.162360936403275,0.14068366587162,-0.0900115817785263,-0.104100897908211,0.0835731700062752,,,0.042280524969101,2.18319892883301,1.15389621257782,0.268263012170792,0.555014967918396,0.0864853386987466,0.0826206877827644,0.0821748822927475,0.0634000094886406,0.0835154578089714,0.0791015509113656,,0.123697757720947,0.0908800587058067,0.144607275724411,5.64978813024047,13518.291015625,14941.384765625,10353.064453125,16754.470703125,10413.236328125,,16285.685546875,,,245.016403038517
CMR,Cameroon,1964,,9736.4072265625,11234.2626953125,10306.3525390625,10142.0791015625,0.0006776278605684,12696.5986328125,0.79822701215744,0.161774054169655,0.147687241435051,-0.100486606359482,-0.0971749275922775,0.0899732634425163,0.567047655582428,0.633169174194336,0.0424285605549812,2.20753645896912,1.161376953125,0.264946669340134,0.555014967918396,0.0904941475712683,0.0863149240612984,0.0857815071940422,0.0656937705944758,0.0871709138154984,0.0823141629953094,2.25920057296753,0.131365552544594,0.0942744165658951,0.153635203838348,5.74883900835827,13887.0439453125,15462.7001953125,10743.6806640625,17375.568359375,10806.8916015625,0.0524332411587238,17125.859375,1.35665023326874,1.18654406070709,245.027206261166
CMR,Cameroon,1965,,10069.4306640625,12123.8701171875,10786.4560546875,10714.6083984375,0.0007209315081126,13866.3466796875,0.755452156066895,0.184333086013794,0.191741928458214,-0.0894458070397377,-0.106839627027512,0.06475830078125,0.555317997932434,0.6303830742836,0.0435660779476166,2.23315644264221,1.16890609264374,0.231289222836494,0.555014967918396,0.0904963248200701,0.0858117267489433,0.0866410881280899,0.0666128293495934,0.0872220695018768,0.0907060624402378,2.04263687133789,0.140697002410889,0.101750895380974,0.171234518289566,5.85249440538047,14211.912109375,16565.744140625,11224.55078125,18179.638671875,11425.3388671875,0.0570798628032208,18500.41015625,1.34551000595093,1.20498692989349,245.060897667394
CMR,Cameroon,1966,,10415.96875,12874.82421875,11325.076171875,11264.9482421875,0.0007644752622582,15277.8701171875,0.733213305473328,0.191422030329704,0.218274876475334,-0.0816062837839127,-0.136519849300385,0.0752159133553505,0.539225995540619,0.616273999214172,0.0456543900072575,2.25937342643738,1.1764839887619,0.242618203163147,0.555014967918396,0.0920018365258049,0.0879774019122124,0.0872877165675163,0.0725624242974757,0.0877536162734032,0.0843661068778548,1.87674713134766,0.143241986632347,0.0930788889527321,0.155035793781281,5.96099846916676,14607.51953125,17528.34765625,11754.1279296875,19079.73828125,11942.0615234375,0.0628940761089325,20206.681640625,1.33561611175537,1.20592391490936,245.678405601562
CMR,Cameroon,1967,,9347.189453125,11555.1806640625,10221.349609375,10307.0068359375,0.0007973387255333,16369.9541015625,0.693514227867127,0.213362991809845,0.214222341775894,-0.10392913967371,-0.093982420861721,0.0768119841814041,0.47310733795166,0.529414176940918,0.0472773462533951,2.2859001159668,1.18411111831665,0.188420444726944,0.555014967918396,0.116377899325632,0.106200687587261,0.106278479099274,0.073120709871605,0.10539523512125,0.106607792252273,1.90651500225067,0.166486874222755,0.116951331496239,0.17516303062439,6.07467261534515,12965.876953125,15592.6689453125,10577.4287109375,16964.927734375,10907.5009765625,0.0673936158418655,21536.837890625,1.14745485782623,1.03651058673859,246.000900108188
CMR,Cameroon,1968,,10253.771484375,12477.2333984375,10874.634765625,10775.4755859375,0.000813849561382,17390.76953125,0.734925270080566,0.216658890247345,0.206344708800316,-0.0929221957921982,-0.148367196321487,0.0833605527877808,0.468982934951782,0.539729356765747,0.0481673926115036,2.31273150444031,1.19178771972656,0.181687831878662,0.555014967918396,0.120253158452105,0.109629236161709,0.110554419457912,0.0735920068985478,0.111571781337261,0.114821013897773,1.91137981414795,0.178115472197533,0.125011309981346,0.199879914522171,6.19379573941081,14231.15234375,16851.330078125,11223.4462890625,18168.068359375,11348.890625,0.0716601237654686,22807.07421875,1.18492531776428,1.08015513420105,247.564697104238
CMR,Cameroon,1969,,10739.3125,12872.8681640625,11714.798828125,11476.2646484375,0.0008132975781336,18206.189453125,0.699469983577728,0.236314699053764,0.185910269618034,-0.101330243051052,-0.114912882447243,0.0945481806993485,0.485787451267242,0.541548311710358,0.0483141243457794,2.33987951278687,1.19951403141022,0.212864324450493,0.555014967918396,0.123298805786605,0.109396018087864,0.107967972755432,0.0682450404745228,0.110212080180645,0.100779856330193,1.90992200374603,0.178159639239311,0.110682919621468,0.209657251834869,6.31872857668451,14792.046875,17259.2421875,12099.279296875,18795.24609375,12120.9814453125,0.0750001668930054,23893.02734375,1.18881487846375,1.07289600372314,259.960601637173
COD,D.R. of the Congo,1955,,25446.439453125,35880.74609375,41082.00390625,43285.234375,,47234.50390625,0.412915378808975,0.1749626994133,0.241059273481369,-0.0071534696035087,0.167735621333122,0.0104805119335651,,,0.0294454302638769,5.75229549407959,1.05632984638214,,,0.0802827743561315,0.0702748969197273,0.0759892165660858,0.0466561120656839,0.0721213519573212,0.0899248970918589,,1.09339463710785,0.130473777651787,0.463268905878067,13.8242970090767,27521.056640625,26423.791015625,42900.01953125,38153.01171875,45765.30078125,,20427.779296875,,,1.6700000271050499e-13
COD,D.R. of the Congo,1956,,26806.08203125,37522.79296875,42347.80078125,44741.0859375,,51940.4296875,0.41956889629364,0.179569035768509,0.239527314901352,-0.0077794739045202,0.158372610807419,0.0107415914535522,,,0.0283605139702559,5.86169719696045,1.05919694900513,,,0.0808333523690602,0.0724242106080055,0.0785786136984825,0.0527759815110956,0.0743753015995026,0.0939728521381967,,1.09613394737244,0.137918874621391,0.486191779375076,14.1078647993437,29150.826171875,27566.57421875,44210.71484375,40294.234375,47298.31640625,,22417.34375,,,1.6700000271050499e-13
COD,D.R. of the Congo,1957,,27566.439453125,37902.55078125,41444.78125,44352.53125,,56094.36328125,0.428426086902618,0.193104147911072,0.233044445514679,-0.007672119885683,0.142417430877686,0.0106800207868218,,,0.0274030584841967,5.97533369064331,1.06207180023193,,,0.082181802584507,0.0731981545686722,0.0805847719311714,0.0532667956084241,0.0753016397356987,0.100284902781682,,1.19191575050354,0.148677751421928,0.45469805598259,14.4024734026132,29897.4921875,27612.361328125,43194.3125,40694.54296875,46821.97265625,,24262.322265625,,,1.6700000271050499e-13
COD,D.R. of the Congo,1958,,27886.228515625,36369.5859375,41989.9921875,44340.30859375,,59402.48046875,0.424729377031326,0.204184353351593,0.191323801875114,-0.0059898230247199,0.175671651959419,0.0100806411355734,,,0.0264952350407839,6.09336853027344,1.06495440006256,,,0.0837020182007489,0.0760947093367577,0.0782011821866036,0.0602705417173052,0.0740560218691826,0.0851255093587947,,1.25920808315277,0.12472528219223,0.440980702638626,14.7085672023506,29943.630859375,26156.119140625,43692.87890625,39815.9453125,46738.28515625,,25660.19140625,,,1.6700000271050499e-13
COD,D.R. of the Congo,1959,,28356.08984375,35366.6953125,42531.42578125,44402.62109375,,61941.4921875,0.428220480680466,0.210392475128174,0.157887205481529,-0.0081584956496954,0.19991035759449,0.011747919023037,,,0.0255989190191031,6.21598339080811,1.0678448677063,,,0.0829031242056868,0.0757801905274391,0.0778438001871109,0.0612825996702505,0.0745633468031883,0.0861905597536526,,0.892829596996307,0.125156417489052,0.420406669378281,15.0266152699914,30432.203125,25355.60546875,44333.59375,40676,46876.125,,26702.255859375,,,1.6700000271050499e-13
COD,D.R. of the Congo,1960,,31285.623046875,35846.6328125,44834.44921875,47384.03125,,63150.67578125,0.454458981752396,0.20579768717289,0.096256285905838,-0.0110439211130142,0.241694360971451,0.0128366556018591,,,0.0246861316263676,6.34334802627564,1.07074320316315,,,0.0766222325134705,0.0720394626259804,0.0750977620482445,0.0619194234898065,0.071056991815567,0.0960757413047265,,0.78160834312439,0.137977063655853,0.444236546754837,15.3571096015152,33532.453125,25308.556640625,46626.40234375,44388.3984375,49970.95703125,,27158.4609375,,,1.6700000271050499e-13
COD,D.R. of the Congo,1961,,28540.763671875,32325.111328125,39305.27734375,40091.44921875,,63703.8515625,0.48998162150383,0.221909895539284,0.094392865896225,-0.0143837304785848,0.194831356406212,0.0132679557427764,,,0.0237740688025951,6.46176290512085,1.0747994184494,,,0.075993695757532,0.0728460550308228,0.0771423950791359,0.0658959912520043,0.0756296813488007,0.10954455141979,,0.314917325973511,0.157297238707542,0.243113398551941,15.6841670148883,30514.951171875,22689.984375,40788.47265625,39710.3125,42192.0546875,,27440.27734375,,,1.72000004414716e-13
COD,D.R. of the Congo,1962,,37726.83984375,40181.6875,48686.3515625,49509.2421875,,63779.10546875,0.491890728473663,0.270125359296799,0.0495836026966572,-0.0094109093770384,0.188730165362358,0.0090810442343354,,,0.0228950493037701,6.64348363876343,1.07887101173401,,,0.0739017642035829,0.0709190219640732,0.0733827650547028,0.0654875356443775,0.0721630752086639,0.111246342856812,,0.36662083864212,0.1576027572155,0.268309533596039,16.1669667254587,40046.921875,27277.783203125,50497.515625,45367.1953125,52049.19921875,,27420.888671875,,,2.1300000483671e-13
COD,D.R. of the Congo,1963,,36970.71484375,44169.63671875,49005.296875,47687.953125,,66599.140625,0.522449433803558,0.252813756465912,0.150958940386772,-0.001486099907197,0.0717113986611366,0.0035525618586689,,,0.0222847368568182,6.83119964599609,1.08295810222626,,,0.0561281438145604,0.0537998788058758,0.0709832385182381,0.0489884275089143,0.0729440972208977,0.15922992156872,,1.42867231369019,0.225003004074097,1.15130341053009,16.6668963605628,39402.33203125,33564.90625,50842.9609375,46556.1640625,50138.28125,,28598.673828125,,,4.56709113754951e-13
COD,D.R. of the Congo,1964,,35219.63671875,42945.90234375,46002.72265625,43294.40625,,69757.1328125,0.556050717830658,0.257440835237503,0.178458765149117,-0.0043828207999467,0.0015883380547165,0.0108441561460495,,,0.0219829212874174,6.96673059463501,1.08706057071686,,,0.0614315305367002,0.0600771903991699,0.0770947709679604,0.0571519256593596,0.0819174870848656,0.154668190657842,,1.38307654857636,0.217626050114632,1.04894971847534,17.0417849529614,37573.53515625,33439.23046875,47734.73046875,46748.60546875,45527.8359375,,29894.51171875,,,4.53790154801945e-13
COD,D.R. of the Congo,1965,,37936.62890625,45628.6796875,49726.84375,49557.71875,,72714.046875,0.489975720643997,0.275528222322464,0.155213996767998,-0.0055352048948407,0.0787830799818039,0.0060341595672071,,,0.0217127986252308,7.10801792144775,1.0911785364151,,,0.0613003740432888,0.0564614795148373,0.0711076855659485,0.0478564033892286,0.0713503584265709,0.143341688221423,,1.02446305751801,0.19990848004818,0.982679486274719,17.4327348334652,39959.8671875,34865.46484375,51412.82421875,45773.6796875,51930.75390625,,31179.884765625,,,6.28820798516654e-13
COD,D.R. of the Congo,1966,,41888.90625,48814.44921875,57207.62109375,53249.0859375,,75307.546875,0.501811742782593,0.284847915172577,0.130059406161308,-0.0029233752284199,0.0789913237094879,0.0072130053304135,,,0.0214178860187531,7.27292156219482,1.09601986408234,,,0.0704729818847573,0.0664843916893005,0.067442998290062,0.0594577539504213,0.0724567025899887,0.0732410804356925,,1.22286546230316,0.101263888180256,1.17591345310211,17.8837963947913,43790,36495.45703125,58850.15234375,48581.35546875,55499.3828125,,32267.859375,,,6.8344395930413e-13
COD,D.R. of the Congo,1967,,41625.7890625,47806.9140625,53360.34375,49080.1171875,,77551.109375,0.53502357006073,0.313095569610596,0.12593948841095,-0.0069471187889576,0.0142370080575347,0.0186514966189861,,,0.0210753493010998,7.47804021835327,1.1008825302124,,,0.0682530244140538,0.0632185637950897,0.0735581740736961,0.0546155830164414,0.0799731016159058,0.143188585694797,,0.750612556934357,0.197522535920143,0.66478043794632,18.4363854705406,43225.05859375,35290.62890625,54633.1484375,48026.9453125,50903.171875,,33155.2109375,,,9.79212144963439e-13
COD,D.R. of the Congo,1968,,46144.8203125,52586.65625,57375.30078125,53206.9453125,,79782.4140625,0.483659029006958,0.383611559867859,0.121071301400661,-0.0090802386403083,-0.0082814311608672,0.0290197636932135,,,0.0207418072968721,7.69390153884888,1.10576689243317,,,0.0792569283616163,0.0685501247644424,0.0759261175990105,0.0550509382384702,0.0818743482232094,0.12876259711752,,0.660410940647125,0.176915854215622,0.465479582548142,19.0184378754139,46681.33984375,37833.94921875,58469.07421875,51125.70703125,54901.07421875,,34107.77734375,,,1.46278718408638e-12
COD,D.R. of the Congo,1969,,49595.8671875,58761.69140625,64031.87109375,59373.98046875,,83626.9609375,0.469338655471802,0.365974515676498,0.154374450445175,-0.0097773959860205,-0.0061516487039625,0.0262414272874594,,,0.0205634254962206,7.9005560874939,1.11067283153534,,,0.0817090710350393,0.0682352632284164,0.0770213305950165,0.0509559725458337,0.0830636546015739,0.124562340770885,,0.615004122257233,0.172211155295372,0.509145975112915,19.5807293234903,50266.47265625,43361.796875,65101.28515625,55167.6328125,61141.296875,,35724.2734375,,,1.67e-12
COG,Congo,1960,,1933.79443359375,2441.39282226563,1157.716796875,1300.44152832031,,2540.00463867188,1.07006430625916,0.416964918375015,0.390327781438828,-1.0361829996109,0.0064255092293024,0.15240053832531,,,0.0459741093218327,0.385360091924667,1.08025991916657,,,0.102596817774716,0.0874674916267395,0.131564855575562,0.0486408431595929,0.117125473916531,0.299562269740413,,0.143463417887688,0.276134252548218,0.118326731026173,1.10085153354422,3289.68115234375,5701.94775390625,1214.09533691406,4047.62548828125,2310.40112304688,,9517.75390625,,,245.195098717111
COG,Congo,1961,,1889.34301757813,2584.29907226563,1220.97778320313,1259.92028808594,,3156.89379882813,1.04822039604187,0.451353073120117,0.551587343215942,-1.14759767055511,-0.0647667497396469,0.161203593015671,,,0.0546928979456425,0.392344146966934,1.08426916599274,,,0.1104322967514,0.0916763320565224,0.149375855922699,0.0481175691768325,0.144758850336075,0.306240712820249,,0.15044404566288,0.28037017583847,0.126484334468842,1.12545065853574,3171.7431640625,6585.43994140625,1275.806640625,4769.61181640625,2158.90161132813,,11773.1103515625,,,245.260101158475
COG,Congo,1962,,2083.775390625,2494.15893554688,1412.0771484375,1709.02905273438,,3416.21557617188,0.855964541435242,0.363309860229492,0.240126773715019,-0.621290981769562,-0.0066819554194808,0.168571710586548,,,0.0580198355019093,0.399595618247986,1.0882933139801,,,0.104951173237016,0.0882572382688522,0.1263307929039,0.0489260159859543,0.104380212724209,0.319654169625324,,0.169238865375519,0.289312422275543,0.153388410806656,1.15106039257047,3501.1484375,5401.7802734375,1479.09106445313,4679.41015625,2747.90771484375,,12743.6552734375,,,245.013900597112
COG,Congo,1963,,2154.60522460938,2420.611328125,1512.67993164063,1913.43200683594,,3503.11474609375,0.786676824092865,0.339365422725678,0.139020398259163,-0.519729971885681,0.0621749125421047,0.19249239563942,,,0.0567927956581116,0.407139509916306,1.09233224391937,,,0.10672901848356,0.0907425433397293,0.115887545049191,0.0536845876685669,0.0916158705949783,0.319557830710565,,0.171742901206017,0.289388000965118,0.148445323109627,1.17772342268496,3618.71923828125,4725.92822265625,1586.25561523438,4446.48779296875,3031.13623046875,,13092.6201171875,,,245.016403038517
COG,Congo,1964,,2280.0576171875,2518.796875,1613.28295898438,2044.625,,3563.1357421875,0.769962549209595,0.345184564590454,0.116764381527901,-0.497639507055283,0.0718832612037659,0.193844690918922,,,0.0546412691473961,0.414995431900024,1.09638631343842,,,0.110096495083407,0.0917423665523529,0.115543372929096,0.0508019639515566,0.0911678746342659,0.342852560793879,,0.176600724458694,0.310352176427841,0.155581966042519,1.20548701887981,3816.5244140625,4757.890625,1692.20690917969,4584.1708984375,3224.52685546875,,13342.9052734375,,,245.027206261166
COG,Congo,1965,,2310.568359375,2573.47827148438,1648.71008300781,2032.083984375,,3660.83813476563,0.76997983455658,0.367063909769058,0.129379510879517,-0.476263254880905,0.0303152780979872,0.179524675011635,,,0.052754107862711,0.423153340816498,1.10045528411865,,,0.114085797167219,0.093418300151825,0.121384337544441,0.0500646593528009,0.0984839126467705,0.367162091736346,,0.18647663295269,0.329292446374893,0.170374140143394,1.23439858209743,3820.736328125,4912.6728515625,1716.64428710938,4787.1044921875,3195.146484375,,13713.8369140625,,,245.060897667394
COG,Congo,1966,,2277.90258789063,2677.2734375,1643.28955078125,1927.77465820313,,3911.841796875,0.743602097034454,0.438020706176758,0.207166761159897,-0.524804890155792,-0.0412993840873241,0.177314698696136,,,0.0520754307508469,0.431633830070496,1.11325526237488,,,0.129612261054219,0.101710245013237,0.140650406479836,0.0543426207251764,0.11989438533783,0.362754541870025,,0.191040769219399,0.32265692949295,0.167900681495667,1.26450839400052,3625.16333007813,5502.349609375,1695.04943847656,5071.4609375,2961.89233398438,,14644.8466796875,,,245.678405601562
COG,Congo,1967,,2273.78979492188,2827.88427734375,1692.76171875,1984.80505371094,,4324.86279296875,0.68820196390152,0.457396596670151,0.27916818857193,-0.58579695224762,-0.0166917312890291,0.177721917629242,,,0.0524753704667091,0.440466284751892,1.12620401382446,,,0.151159402129606,0.113095335662365,0.148338124155998,0.0558238749825097,0.126511693000793,0.292960898790009,,0.195381477475166,0.260219931602478,0.17853769659996,1.29587158109947,3528.13623046875,6142.2587890625,1730.28051757813,5691.01123046875,3015.62646484375,,16153.0419921875,,,246.000900108188
COG,Congo,1968,,2549.19750976563,3067.54809570313,1836.64123535156,2274.52978515625,,4684.458984375,0.682921767234802,0.4378362596035,0.227893501520157,-0.558537840843201,0.00697952369228,0.202906861901283,,,0.0524497330188751,0.449636220932007,1.13930332660675,,,0.143431845269019,0.110936418175697,0.144774079322815,0.0602511760881046,0.116902425885201,0.311184421176719,,0.194036975502968,0.2743159532547,0.143976032733917,1.32854405555564,3969.30712890625,6457.8583984375,1863.47521972656,6231.18994140625,3392.75659179688,,17445.95703125,,,247.564697104238
COG,Congo,1969,,2767.49926757813,3256.92895507813,1984.77453613281,2503.09326171875,,4990.03173828125,0.690441012382507,0.415190756320953,0.195529952645302,-0.550028324127197,0.0254922360181808,0.223374336957932,,,0.0515150725841522,0.459140151739121,1.15255510807037,,,0.137958376510673,0.108642525970936,0.139480844140053,0.0598917670696559,0.110598362982273,0.313857323655373,,0.187751725316048,0.277946084737778,0.13233657181263,1.36244895451488,4369.72705078125,6720.33056640625,2008.22192382813,6908.77734375,3731.22802734375,,18553.544921875,,,259.960601637173
COL,Colombia,1955,2723.18,49568.37890625,68349.9140625,60156.3203125,59858.87109375,0.0200560167431831,271759.09375,0.750946521759033,0.0771409273147583,0.313763618469238,-0.0971705466508865,-0.116521291434765,0.071840763092041,0.529403686523438,0.604190468788147,0.0339003764092922,3.77015423774719,1.51420760154724,0.239455312490463,0.47197362780571,0.141100511895477,0.138026863336563,0.125550791621208,0.108105780985943,0.126174673438072,0.0926238141959346,1.25330674648285,0.112402282655239,0.050423126667738,0.117462478578091,13.1966130152516,54582.3984375,66988.7109375,60003.8046875,65726.6015625,60331.28125,0.0563147999346256,201757.390625,0.975387692451477,0.942191064357758,2.5106315630252
COL,Colombia,1956,2710.61,49745.9375,68782.4765625,61298.83984375,61011.53515625,0.0208565164357424,291166.78125,0.741810083389282,0.0735429599881172,0.312015384435654,-0.085934653878212,-0.112694263458252,0.0712605342268944,0.511772274971008,0.579047441482544,0.0339950919151306,3.84954786300659,1.52740108966827,0.217142060399055,0.47197362780571,0.154962264082838,0.151279255747795,0.138104572892189,0.114129575563701,0.138754919171333,0.103676772593083,1.32748222351074,0.123398631811142,0.0573612041771412,0.130525067448616,13.624816235722,55281.53125,67669.734375,61291.25,67412.375,61679.18359375,0.0603026710450649,216162.8125,0.95363986492157,0.907278299331665,2.5106315630252
COL,Colombia,1957,2698.11,50169.37109375,67590.453125,60869.68359375,60752.3125,0.0209901910275221,297786.65625,0.759395718574524,0.0664061307907105,0.28675588965416,-0.0730044171214104,-0.10990334302187,0.0703500062227249,0.49159562587738,0.550608277320862,0.0333601646125317,3.92877316474915,1.54070961475372,0.166540667414665,0.47197362780571,0.116222297252025,0.114020891487598,0.109810151159763,0.0888463962801483,0.11002229899168,0.0976840436289453,0.982299327850342,0.124852195382118,0.0535416454076767,0.128766790032387,14.06832175628,56104.9296875,67022.21875,60893.859375,67763.21875,61516.578125,0.0634298846125603,227867.140625,0.922652661800385,0.864896774291992,3.79793054323015
COL,Colombia,1958,2685.65,51244.3203125,66184.9140625,60358.47265625,60797.6875,0.0204152632504702,301441.90625,0.772546350955963,0.0703199058771133,0.245742827653885,-0.0582739785313606,-0.102525629103184,0.072190523147583,0.48643296957016,0.528222441673279,0.0322980806231499,4.00957632064819,1.55413401126862,0.143590793013573,0.47197362780571,0.0784228019024861,0.0767544209957123,0.076115608215332,0.0584253272167902,0.0755657255649567,0.0739245454091067,0.678627610206604,0.124768175184727,0.0398332104086876,0.106991186738014,14.5269878718101,57091.11328125,65786.796875,60388.01171875,68437.703125,61468.91796875,0.0654859468340874,235389.625,0.905778110027313,0.825213670730591,6.40151138862358
COL,Colombia,1959,2673.26,53769.75390625,69400.9921875,63313.6171875,64281.0234375,0.0200859922915697,318060.875,0.769067704677582,0.0674116909503937,0.24317030608654,-0.0555763691663742,-0.102789811789989,0.078716441988945,0.494292676448822,0.532508254051209,0.0313172899186611,4.08767509460449,1.56767535209656,0.149998098611832,0.47197362780571,0.0851527257547898,0.0835948958992958,0.0828853920102119,0.0658223604471988,0.0816380009055138,0.0804447836926681,0.714071750640869,0.127847045660019,0.0426372922956944,0.0971542671322823,15.0013573221654,60034.23828125,69206.3984375,63529.328125,73020.859375,65111.43359375,0.0676131993532181,243766.84375,0.939848840236664,0.844225764274597,6.40151138862358
COL,Colombia,1960,2660.92,57198.2578125,75301.96875,66986.3125,67748.8671875,0.0203100331127644,339103.4375,0.773837327957153,0.0704315528273583,0.267217874526978,-0.071532130241394,-0.11417318880558,0.0742185413837433,0.500032246112824,0.556297361850739,0.03074936196208,4.18358373641968,1.58133471012115,0.152207747101784,0.47197362780571,0.0884696047664819,0.0869248807430267,0.0861744210124016,0.0699529099321965,0.0852044746279717,0.0838033594701387,0.762261211872101,0.1119264960289,0.0441900417208672,0.0964334756135941,15.4927656549023,63324.18359375,74705.15625,66927.9453125,77214.6328125,68963.7265625,0.0709104686975479,255918.640625,0.9567711353302,0.877324640750885,6.63538397649338
COL,Colombia,1961,2655.11,61024.94140625,80913.96875,71104.890625,71978.7421875,0.0200489554554224,360395.65625,0.776580572128296,0.0712383687496185,0.276318043470383,-0.0678950399160385,-0.119470536708832,0.0632285624742508,0.515636503696442,0.580669760704041,0.0305878613144159,4.29408884048462,1.59134590625763,0.157231733202934,0.47197362780571,0.094603083947278,0.0932061150670052,0.0916684940457344,0.0779775214388862,0.0905556008219719,0.0869506561184736,0.833992063999176,0.117157004773617,0.0462572984397411,0.0993342027068138,16.0010711649055,67688.140625,80398.9296875,71179.2578125,81723.546875,73380.140625,0.0747393220663071,270040.34375,0.970971941947937,0.90533858537674,6.70038731624862
COL,Colombia,1962,2649.31,65526.72265625,83875.90625,74528.0625,75515.5859375,0.0197383221238852,380407.65625,0.793802320957184,0.0739221200346947,0.242985412478447,-0.0596049018204212,-0.112992957234383,0.061887938529253,0.517693400382996,0.575926005840302,0.0303252059966326,4.40686798095703,1.60142040252686,0.155624076724052,0.47197362780571,0.097397127235143,0.0960208103060722,0.0952128022909164,0.0812414653971987,0.0939676910638809,0.092327293408294,0.84787791967392,0.122743718326092,0.0485464036464691,0.0993361622095108,16.5194432951515,72611.59375,83615.984375,74780.8515625,85689.84375,76846.0078125,0.0776560828089714,282011.125,0.983672261238098,0.909728229045868,6.90160706811918
COL,Colombia,1963,2643.52,68607.53125,86301.640625,76596.9140625,77726.21875,0.0196372102946043,394908.40625,0.806274175643921,0.0764078199863434,0.227646574378014,-0.053337998688221,-0.118107408285141,0.0611168965697289,0.508953034877777,0.567495584487915,0.0299048591405153,4.52068519592285,1.61155879497528,0.148971036076546,0.47197362780571,0.0913290119930153,0.0902102068066597,0.090209923684597,0.0784042837003628,0.0888992473483086,0.0902088517852321,0.780618190765381,0.12205720692873,0.0472366400063038,0.0940253064036369,17.0401160496207,76202.4609375,86239.9921875,77047.6796875,88255.4375,79102.75,0.0802086740732193,292915.65625,0.982141494750977,0.909583568572998,9.00052053178368
COL,Colombia,1964,2637.74,74666.96875,94642.8359375,83403.6328125,83982.984375,0.0194495990872383,417534.3125,0.816725373268127,0.0723472163081169,0.237856134772301,-0.0554823316633701,-0.130295768380165,0.0588493905961514,0.517638683319092,0.588038444519043,0.0296028163284063,4.63522863388062,1.62176120281219,0.165328860282898,0.47197362780571,0.105513675100701,0.103834830224514,0.102538675069809,0.0848824469204679,0.101831309497356,0.0976938209465855,0.903482258319855,0.125824108719826,0.0513361878693104,0.110905878245831,17.5684149473486,83257.453125,94896.65625,84153.25,95229.9375,85725.09375,0.0838456749916077,306541.4375,1.02108728885651,0.964365303516388,9.00052053178368
COL,Colombia,1965,2631.97,73719.640625,92884.828125,83237.9609375,84057.421875,0.0193938724696636,432385.8125,0.798604667186737,0.0784105956554413,0.228001162409782,-0.0427208878099918,-0.126244515180588,0.0639490038156509,0.494038254022598,0.54768031835556,0.02934311889112,4.76037216186523,1.63202834129334,0.15219683945179,0.47197362780571,0.102096437658087,0.099618211388588,0.0994184985756874,0.0743777198428192,0.0984492897987366,0.0986503146594682,0.797841846942902,0.126286953687668,0.0512596145272255,0.100298471748829,18.1085540947023,81945.4296875,93096.7578125,84054.6015625,96211.046875,85923.71875,0.0869828015565872,318967.84375,0.997207462787628,0.9145268201828,10.4756062226511
COL,Colombia,1966,2626.22,80353.8828125,101317.0390625,87282.84375,88825.0625,0.0191357862204313,447465.6875,0.825188517570496,0.0794422924518585,0.236004963517189,-0.0579081401228905,-0.139484062790871,0.0567564703524113,0.49451807141304,0.564053297042847,0.029123343527317,4.92188787460327,1.64236044883728,0.138084411621094,0.47197362780571,0.0893342618262526,0.0873676687479019,0.0895615667104721,0.0669401207552905,0.0880065709352493,0.0979710305190685,0.703541219234467,0.131061762571335,0.0501048117876053,0.100684441626072,18.6480930792152,89221.6875,101636.84375,88142.8203125,101569.0703125,90688.9765625,0.0910187587141991,333577.34375,1.00980317592621,0.95769602060318,13.5007807976755
COL,Colombia,1967,2620.48,80434.1015625,101918.9453125,90978.5703125,92237.75,0.0189670938998461,468449,0.789587378501892,0.0824428498744965,0.232928976416588,-0.0392405167222023,-0.12184951454401,0.0561308637261391,0.496124655008316,0.54717755317688,0.028910169377923,5.086021900177,1.6527578830719,0.153411403298378,0.47197362780571,0.0920414274276266,0.0897028744220734,0.0899040624499321,0.0673056285588243,0.0886767283082008,0.0906572711183186,0.716073036193848,0.13727405667305,0.0463656075298786,0.0984901934862137,19.1941745796351,89149.5234375,102123.4609375,91836.2890625,105590.2734375,94132.5234375,0.0947478339076042,348338.34375,1.0100017786026,0.925816774368286,14.5072286220158
COL,Colombia,1968,2614.76,85515.0546875,110371.3984375,96558.578125,98243.765625,0.0191822908818722,494003.84375,0.78939813375473,0.0810393020510674,0.253006845712662,-0.0456601120531559,-0.133039727807045,0.0552555806934834,0.497574687004089,0.555580317974091,0.0287142395973206,5.2592945098877,1.66322124004364,0.146508678793907,0.47197362780571,0.0885853897796005,0.0864659696817398,0.0879061296582222,0.0658208687538625,0.0863982662558556,0.0928608077071047,0.679391443729401,0.143397331237793,0.0473356805741787,0.102841429412365,19.7357344828497,94697.03125,110681.53125,97423.203125,112503.65625,100181.28125,0.0999191403388977,367322.15625,1.02793538570404,0.958463609218597,16.2916125961995
COL,Colombia,1969,2609.04,91821.6953125,117424.0234375,103008.8671875,104605.7109375,0.0193457156419754,518075.78125,0.794655323028565,0.0831332504749298,0.244750738143921,-0.0435739085078239,-0.13096721470356,0.0520018190145493,0.508152365684509,0.566906571388245,0.0286840442568064,5.43368864059448,1.67375075817108,0.148014828562737,0.47197362780571,0.0897311460189788,0.087625652551651,0.0890865176916122,0.0674996243639397,0.0877265706658363,0.0943258548593658,0.691269338130951,0.150341644883156,0.0483722239732742,0.110837288200855,20.2674250415703,102210.34375,117967.578125,104225.46875,119906.234375,106987.8125,0.105121918022633,386308.6875,1.04826128482819,0.977443695068359,17.321142581268
COM,Comoros,1960,,352.973022460938,450.162475585938,342.668304443359,367.636688232422,,2014.044921875,0.701105356216431,0.259008318185806,0.264362782239914,-0.312211811542511,0.0113841379061341,0.0763511806726456,,,0.0395366288721561,,,,,0.0628189061283864,0.0580926313996315,0.0510609969496727,0.0452991503010674,0.047593142837286,0.0255234885977911,,0.075322687625885,0.0229805707931519,0.105368092656136,0.189040485759246,287.930969238281,338.961853027344,355.999664306641,333.093688964844,409.288421630859,,2119.08325195313,,,245.189859471165
COM,Comoros,1961,,379.507476806641,475.317993164063,370.938934326172,401.347869873047,,2076.13354492188,0.633911550045013,0.311670809984207,0.238721832633019,-0.258891850709915,0.0140951722860336,0.0604925006628037,,,0.0374141186475754,,,,,0.0636249955538574,0.0574381090700626,0.051077701151371,0.0448545130649001,0.0472076870501041,0.0258839746300018,,0.0795217528939247,0.0232651382684708,0.109737411141396,0.193495206272589,303.334045410156,354.678680419922,384.368255615234,357.583282470703,441.803558349609,,2184.47338867188,,,245.254861081807
COM,Comoros,1962,,399.108642578125,553.267639160156,435.84375,491.953308105469,,2229.79858398438,0.544637560844421,0.266635864973068,0.313361018896103,-0.199222177267075,0.0328841246664524,0.0417036153376102,,,0.0360572561621666,,,,,0.0650034773466077,0.0586363784968853,0.0497465394437313,0.0456307670403509,0.0440727137029171,0.0267312634358668,,0.0910542383790016,0.0237010344862938,0.115500167012215,0.198125642738264,318.619476318359,393.457763671875,452.438873291016,407.019256591797,529.057678222656,,2341.4501953125,,,245.008663666854
COM,Comoros,1963,,464.303588867188,614.375061035156,482.326995849609,536.443481445313,,2371.75024414063,0.601982414722443,0.263539493083954,0.279752612113953,-0.230028808116913,0.0144777288660407,0.0702765733003616,,,0.0352882593870163,,,,,0.0669468791219592,0.0607324428856373,0.0526048615574837,0.0465372938680927,0.0472980700433254,0.027459065748743,,0.0943671986460686,0.024294001981616,0.114881418645382,0.202941082273394,374.054656982422,450.182586669922,501.112487792969,459.438507080078,575.569946289063,,2488.60083007813,,,245.011166076277
COM,Comoros,1964,,493.694885253906,684.21044921875,537.335815429688,606.644714355469,,2571.58374023438,0.59002035856247,0.223791897296906,0.314047992229462,-0.207132667303085,0.0293823760002852,0.0498900301754475,,,0.0348317213356495,,,,,0.070443347430127,0.0643977820873261,0.0545206405222416,0.0484588251960093,0.0482916757464409,0.0289253886516397,,0.100028395652771,0.0254948474466801,0.122273735702038,0.207964272924399,402.151092529297,495.330291748047,558.753112792969,510.041900634766,649.595397949219,,2694.28979492188,,,245.021969160863
COM,Comoros,1965,,493.096405029297,721.038818359375,538.51806640625,636.186889648438,,2818.197265625,0.58533638715744,0.189744681119919,0.358294755220413,-0.216260612010956,0.0429087541997433,0.0399760194122791,,,0.0350535437464714,,,,,0.0737492376164511,0.0678312256932259,0.0560259073972702,0.049574967074849,0.0474246852099896,0.0304880482999151,,0.107953056693077,0.0266184471547604,0.131012007594109,0.213205549111826,404.390899658203,512.875427246094,559.403625488281,509.48779296875,677.25732421875,,2952.85571289063,,,245.055766946678
COM,Comoros,1966,,528.303649902344,790.727661132813,606.158386230469,709.440307617188,,3111.65991210938,0.558984220027924,0.185692459344864,0.36990287899971,-0.200302213430405,0.042667381465435,0.0430552549660206,,,0.035653617233038,,,,,0.0755063267405789,0.0690978989005089,0.0566233135759831,0.0498068016316177,0.0483799614012241,0.0315098748361447,,0.112657949328423,0.0272615291178226,0.134017705917358,0.21867524525622,430.789001464844,554.752014160156,628.644348144531,566.126403808594,751.108337402344,,3256.9501953125,,,245.673266989178
COM,Comoros,1967,,616.663330078125,876.732543945313,678.511535644531,797.374084472656,,3386.89599609375,0.5208500623703,0.252517640590668,0.326157093048096,-0.172145679593086,0.0447614826261997,0.0278594605624676,,,0.0360302552580833,,,,,0.0761596533775733,0.0673612356185913,0.0567987523972988,0.0492133659560547,0.0483318977057934,0.0317534998455131,,0.116870574653149,0.0274676214903593,0.13767783343792,0.224677248767125,486.647186279297,612.483337402344,700.794738769531,628.415283203125,837.504089355469,,3544.84228515625,,,245.995757374368
COM,Comoros,1968,,618.143371582031,831.731567382813,673.960815429688,766.379638671875,,3584.2314453125,0.542007803916931,0.264568120241165,0.278697669506073,-0.149556174874306,0.035785898566246,0.0284966751933098,,,0.0358655601739883,,,,,0.0763881845568375,0.0672610625624657,0.0582003593444824,0.0485627796690939,0.0511819012463093,0.0319778819484193,,0.118875421583653,0.0275525953620672,0.139158204197884,0.230945898809954,485.636322021484,593.597778320313,693.716735839844,630.975402832031,800.647766113281,,3751.41284179688,,,247.559442833742
COM,Comoros,1969,,621.940551757813,829.099914550781,655.257690429688,754.303405761719,,3766.11279296875,0.562708020210266,0.261815041303635,0.274636656045914,-0.166391760110855,0.0306688118726015,0.0365632474422455,,,0.0354025363922119,,,,,0.0760016585319868,0.0669455453753471,0.0580636449158192,0.0474816242983514,0.0504394508898258,0.0313981192475113,,0.120543874800205,0.0272285621613264,0.14027264714241,0.237446079916981,491.955383300781,597.146423339844,673.329467773438,618.486938476563,784.691711425781,,3939.91259765625,,,259.955082138547
CPV,Cabo Verde,1960,,182.950393676758,379.878509521484,252.166244506836,260.290588378906,,1161.75610351563,0.612223744392395,0.0906460732221603,0.756570219993591,-0.351065695285797,-0.26890817284584,0.160533905029297,,,0.0406646654009819,,,,,0.141408983080883,0.141070500016212,0.124226875603199,0.138784437185382,0.120349422097206,0.108578787248701,,0.153244003653526,0.119462698698044,0.15703484416008,0.210686171340446,244.896682739258,406.389190673828,245.780395507813,336.555877685547,274.685791015625,,1217.93505859375,,,28.75000002875
CPV,Cabo Verde,1961,,190.324661254883,405.256164550781,302.887634277344,312.678863525391,,1281.00390625,0.527787983417511,0.0809025466442108,0.687387406826019,-0.219533488154411,-0.16031776368618,0.0837733000516892,,,0.0405552312731743,,,,,0.143376148360985,0.14261856675148,0.125062212347984,0.137676326286599,0.121146023273468,0.109515838714949,,0.160353824496269,0.120628483593464,0.163304179906845,0.21751530689825,254.923446655273,432.665710449219,295.733917236328,366.255523681641,328.371643066406,,1346.78198242188,,,28.75000002875
CPV,Cabo Verde,1962,,189.104888916016,345.854614257813,257.132720947266,269.719635009766,,1349.73706054688,0.602515399456024,0.0986010879278183,0.581158041954041,-0.216166853904724,-0.155258312821388,0.0891505926847458,,,0.0398933552205563,,,,,0.1570524760628,0.156185001134872,0.140988051891327,0.150884199481482,0.134408622980118,0.122654271120334,,0.194933146238327,0.134067252278328,0.186531081795692,0.224723489634801,252.957595825195,378.061584472656,252.810333251953,327.019775390625,279.74609375,,1424.59912109375,,,28.75000002875
CPV,Cabo Verde,1963,,200.45231628418,303.042449951172,213.273040771484,226.140335083008,,1372.87475585938,0.752959549427033,0.133447229862213,0.45365697145462,-0.267143338918686,-0.180274784564972,0.107354365289211,,,0.0384611301124096,,,,,0.15708356844673,0.155908226966858,0.14427724480629,0.149276534725578,0.136067926883698,0.121551288613556,,0.19406270980835,0.133328676223755,0.177909776568413,0.23226253491063,268.542663574219,340.928649902344,210.177978515625,295.12353515625,234.049514770508,,1456.06909179688,,,28.75000002875
CPV,Cabo Verde,1964,,215.535766601563,320.605377197266,230.383666992188,244.56135559082,,1400.39135742188,0.746195554733276,0.135120153427124,0.429624766111374,-0.257698982954025,-0.165484637022018,0.112243175506592,,,0.0368490815162659,,,,,0.158379629994771,0.156930074095726,0.145628586411476,0.148924974751044,0.137186199426651,0.122445150854313,,0.199456736445427,0.134529694914818,0.181550621986389,0.24012706583054,289.296997070313,362.336639404297,227.69694519043,321.354614257813,253.020812988281,,1491.03295898438,,,28.75000002875
CPV,Cabo Verde,1965,,220.024826049805,343.029937744141,241.55354309082,257.800567626953,,1444.16442871094,0.721756041049957,0.131713062524796,0.477132767438889,-0.250399559736252,-0.183899939060211,0.103697650134563,,,0.0356031581759453,,,,,0.160862463199634,0.158920049667358,0.146929115056992,0.148276078904265,0.137669384479523,0.125480368570279,,0.208350539207459,0.137022778391838,0.189527079463005,0.248109393834285,294.4794921875,385.189575195313,239.170928955078,332.754760742188,265.93310546875,,1542.75427246094,,,28.75000002875
CPV,Cabo Verde,1966,,243.181549072266,399.21533203125,304.836517333984,323.106597900391,,1516.39013671875,0.622139692306519,0.130496010184288,0.482917338609695,-0.204717889428139,-0.131145611405373,0.100310459733009,,,0.0348186045885086,,,,,0.156211185808736,0.153488621115685,0.141656950116158,0.140508768911435,0.133646950125694,0.123217073288313,,0.206288203597069,0.133754998445511,0.183234915137291,0.256151681399327,323.794464111328,444.679412841797,302.092559814453,403.766754150391,331.890808105469,,1623.09912109375,,,28.75000002875
CPV,Cabo Verde,1967,,327.100830078125,457.756042480469,341.055358886719,365.300231933594,,1565.91052246094,0.76505708694458,0.130372986197472,0.35766527056694,-0.206991299986839,-0.126827821135521,0.0807237401604652,,,0.034202266484499,,,,,0.162488922933641,0.159720316529274,0.150440990924835,0.143473541171961,0.140456274151802,0.127209851427228,,0.221372187137604,0.138392955064774,0.192945003509521,0.264243206645625,436.171112060547,522.126098632813,337.431365966797,465.109802246094,372.921478271484,,1679.87719726563,,,28.75000002875
CPV,Cabo Verde,1968,,327.293823242188,491.548980712891,380.752136230469,405.990814208984,,1642.068359375,0.67074590921402,0.135414764285088,0.404578477144241,-0.19148463010788,-0.112276338040829,0.0930218324065208,,,0.0337257198989391,,,,,0.161543666435489,0.15806145966053,0.14801250398159,0.1408131712168,0.138811200857162,0.127988986286509,,0.224112257361412,0.138960987329483,0.194641917943954,0.272290855150688,434.185943603516,553.451721191406,376.421325683594,509.961975097656,412.988464355469,,1764.98681640625,,,28.75000002875
CPV,Cabo Verde,1969,,344.948791503906,570.152465820313,412.085327148438,444.436157226563,,1765.27221679688,0.634867548942566,0.141281723976135,0.506717681884766,-0.202173843979836,-0.167736172676086,0.0870430842041969,,,0.0336577482521534,,,,,0.169798617158622,0.165118962526321,0.151898309588432,0.144090299605029,0.140841513872147,0.131648001422635,,0.239568144083023,0.144024014472961,0.207194328308105,0.280106148389341,458.492584228516,633.185119628906,407.231903076172,550.186767578125,450.645782470703,,1898.60925292969,,,28.75000002875
CRI,Costa Rica,1955,,6159.5634765625,6645.45703125,5985.33544921875,5747.109375,0.0007150929886847,8445.7431640625,0.965938568115234,0.105828694999218,0.0845457389950752,-0.128286704421043,-0.0994460508227348,0.0714197978377342,0.888207197189331,1.02651917934418,0.0390871465206146,0.316663146018982,1.61004447937012,0.230829685926437,0.545093774795532,0.0821527692138659,0.0800820142030716,0.0835524201393127,0.061181416070625,0.0870157927274704,0.127546015899712,2.00517678260803,0.103993088006973,0.0886303037405014,0.173584192991257,1.09326960814252,7658.55029296875,8341.8916015625,6141.2783203125,6532.6298828125,6023.154296875,0.0230759866535664,12426.9736328125,0.962853848934174,1.23638474941254,5.61499977588562
CRI,Costa Rica,1956,,6061.1123046875,6603.771484375,5771.62890625,5553.23095703125,0.0007277072872966,8892.212890625,0.969818472862244,0.121638484299183,0.0977195352315903,-0.137006476521492,-0.111943505704403,0.0597734935581684,0.824936449527741,0.984550535678864,0.0398162305355072,0.324899256229401,1.61592078208923,0.221129789948463,0.545093774795532,0.0883174050128078,0.085316613316536,0.0886967927217484,0.0613914196769005,0.0921850726008415,0.126450964438415,1.98210215568542,0.106305405497551,0.0890566557645798,0.193948492407799,1.13551765002656,7571.0478515625,8349.580078125,5963.74609375,6449.6201171875,5862.814453125,0.0243639927357435,13083.1083984375,0.916419088840485,1.19300258159637,5.61499977588562
CRI,Costa Rica,1957,,6411.181640625,7025.2548828125,6192.7109375,5932.99169921875,0.0007460330380126,9399.3681640625,0.960636734962463,0.119961753487587,0.103501424193382,-0.146007925271988,-0.108599007129669,0.0705070123076439,0.846790850162506,1.00943040847778,0.0405781120061874,0.334047645330429,1.62181854248047,0.230503439903259,0.545093774795532,0.090818087542751,0.0876085013151169,0.0909244492650032,0.0619065803112514,0.0949047133326531,0.125544343903427,2.00579452514648,0.105360142886639,0.0892471075057983,0.183400943875313,1.17858597111052,8038.494140625,8924.0908203125,6415.12451171875,6888.0322265625,6284.61181640625,0.0258707106113434,13848.4765625,0.94332617521286,1.22898757457733,5.61499977588562
CRI,Costa Rica,1958,,7128.751953125,7659.81640625,6910.12890625,6729.93603515625,0.0007398486486636,9766.2509765625,0.94650149345398,0.112758480012417,0.0789107605814934,-0.11789482831955,-0.0986281186342239,0.0783522576093674,0.946497797966003,1.07460498809814,0.040718100965023,0.342977732419968,1.62773776054382,0.232776924967766,0.545093774795532,0.0847732101719462,0.0824232324957848,0.0855369940400124,0.0626973762430862,0.0878272280097008,0.127334622886509,2.07557320594788,0.112380549311638,0.0896352678537369,0.158040761947632,1.22320327338151,8921.6826171875,9643.3193359375,7138.69921875,7691.20947265625,7065.1103515625,0.0268479641526938,14401.7744140625,1.02860486507416,1.29687237739563,5.61499977588562
CRI,Costa Rica,1959,,7170.1484375,7839.52978515625,6842.70068359375,6771.73291015625,0.0007443253416568,10356.1572265625,0.935778856277466,0.123056262731552,0.0988493487238884,-0.119706876575947,-0.11196993291378,0.0739923641085625,0.899061143398285,1.03857600688934,0.0405232384800911,0.352287471294403,1.63367867469788,0.228424251079559,0.545093774795532,0.0891891202585037,0.0861306190490723,0.089669942855835,0.0628722942230676,0.090609684586525,0.127581807708732,1.94105517864227,0.11356545984745,0.0891157910227776,0.142451301217079,1.27166909223133,8960.9921875,9943.5224609375,7083.08203125,7917.64208984375,7106.5615234375,0.0284550897777081,15259.283203125,1.00705420970917,1.27178585529327,5.61499977588562
CRI,Costa Rica,1960,,7779.8056640625,8418.27734375,7374.408203125,7262.9658203125,0.0007517138728871,10866.919921875,0.952243328094482,0.118917673826218,0.0879077911376953,-0.125903964042664,-0.110629700124264,0.0774648785591126,0.929661870002747,1.07854700088501,0.0405996441841126,0.362097084522247,1.63964116573334,0.231693923473358,0.545093774795532,0.0890008760842738,0.0861638933420181,0.0895170420408249,0.0634465056377499,0.0908905789256096,0.130375375544831,2.02906799316406,0.108726538717747,0.0902916193008423,0.14043103158474,1.32239604720028,9664.0791015625,10582.759765625,7581.08349609375,8574.880859375,7706.7841796875,0.0298818666487932,16018.4912109375,1.05405879020691,1.30813467502594,5.61499977588562
CRI,Costa Rica,1961,,7557.81787109375,8239.6572265625,7284.5283203125,7154.0400390625,0.0007564733386971,11419.7919921875,0.918867945671082,0.137572586536407,0.095308355987072,-0.120487600564957,-0.106372363865376,0.07511106133461,0.881159424781799,1.01666605472565,0.0403639040887356,0.373651683330536,1.64656746387482,0.212919965386391,0.545093774795532,0.0860081247546071,0.082671731710434,0.0863592326641083,0.0603874607811891,0.0879344046115875,0.127233103460324,1.83787906169891,0.1081218495965,0.0880328863859177,0.144471272826195,1.37385524093146,9348.5234375,10357.5556640625,7496.771484375,8512.615234375,7581.13720703125,0.0313713178038597,16851.15234375,1.00795805454254,1.23325669765472,5.95166683702352
CRI,Costa Rica,1962,,8007.8916015625,8754.748046875,7787.03125,7714.6572265625,0.0007635509246028,12080.6103515625,0.899693071842194,0.138316988945007,0.0968100875616074,-0.106220833957195,-0.104153417050838,0.0755541324615479,0.890884518623352,1.01260817050934,0.0401266217231751,0.385524481534958,1.65352284908295,0.215839236974716,0.545093774795532,0.0782011731309447,0.0749418362975121,0.0785276591777802,0.0537412129740652,0.0792643651366234,0.11697540940804,1.62723875045776,0.115287266671658,0.0799633488059044,0.140973806381226,1.42535144448795,9887.2138671875,11018.185546875,8014.41064453125,9122.0498046875,8091.47705078125,0.0332244820892811,17822.646484375,1.02643382549286,1.24670970439911,6.625000005625
CRI,Costa Rica,1963,,8644.466796875,9404.6552734375,8243.1630859375,8198.9609375,0.000770614366047,12725.4169921875,0.910257875919342,0.144078955054283,0.0927176177501679,-0.1076725050807,-0.115923218429089,0.0765413194894791,0.900087535381317,1.03681778907776,0.0403125919401646,0.397928923368454,1.66050779819489,0.217246130108833,0.545093774795532,0.0796451278461705,0.0762533694505692,0.0796773582696915,0.0548250177718118,0.0801069140434265,0.118613255752984,1.62896156311035,0.116577580571175,0.0809601545333862,0.137848347425461,1.47648108656643,10686.279296875,11822.5556640625,8502.6005859375,9702.181640625,8590.6484375,0.0351405814290047,18779.55859375,1.04694831371307,1.28287398815155,6.625000005625
CRI,Costa Rica,1964,,9228.0302734375,9897.8486328125,8742.388671875,8631.0751953125,0.0007404651260003,13187.6083984375,0.918867707252502,0.150295734405518,0.0776053816080093,-0.113796673715115,-0.120252199470997,0.0872800946235657,0.907072424888611,1.04857814311981,0.0406255088746548,0.410307288169861,1.66752219200134,0.218811735510826,0.545093774795532,0.0807345473950009,0.077153280377388,0.0801492109894753,0.0552583649129396,0.0811828672885895,0.121423955983267,1.67513036727905,0.120339527726173,0.0827111825346947,0.145816966891289,1.52600970633835,11423.18359375,12372.1669921875,9039.470703125,10154.2841796875,9059.85546875,0.0365534014999867,19471.35546875,1.05321264266968,1.29041469097137,6.625000005625
CRI,Costa Rica,1965,,10364.2080078125,11250.220703125,9428.3955078125,9586.521484375,0.000754083157517,13978.50390625,0.930842816829681,0.150280117988586,0.092422716319561,-0.146324008703232,-0.106302082538605,0.0790804177522659,0.942046523094177,1.10909843444824,0.0411828942596912,0.424388408660889,1.67456614971161,0.226896673440933,0.545093774795532,0.0813408335195917,0.0775225386023521,0.0810154750943184,0.0538718256009646,0.0796791613101959,0.121874383430212,1.63171970844269,0.127052545547485,0.0822269096970558,0.147504284977913,1.57625667039882,12812.8330078125,14146.8623046875,9728.4638671875,11273.255859375,10025.88671875,0.0390033833682537,20647.17578125,1.10580611228943,1.39542508125305,6.625000005625
CRI,Costa Rica,1966,,10729.4150390625,11657.6767578125,10104.279296875,10198.6591796875,0.0007627394516021,14783.046875,0.894914269447327,0.157127439975739,0.0910180285573006,-0.138855487108231,-0.0952024683356285,0.0909982547163963,0.939692676067352,1.07410264015198,0.042084101587534,0.43962088227272,1.66442310810089,0.229037657380104,0.545093774795532,0.0825993354575012,0.0781116858124733,0.0817724317312241,0.0525524330719375,0.0810156911611557,0.124085513322433,1.60726499557495,0.129840984940529,0.0830854773521423,0.146013289690018,1.63012327116282,13184.111328125,14602.0234375,10396.6962890625,11944.5439453125,10608.73828125,0.0416114926338196,21863.13671875,1.11697912216187,1.37310981750488,6.625000005625
CRI,Costa Rica,1967,,11261.1875,12253.0205078125,10599.1943359375,10725.666015625,0.0007724474417045,15635.6240234375,0.894720792770386,0.15520815551281,0.0924728810787201,-0.128142565488815,-0.103493250906467,0.0892339646816254,0.954500377178192,1.08839499950409,0.0429090708494186,0.455295652151108,1.65434145927429,0.226100325584412,0.545093774795532,0.0848109004388413,0.08043422549963,0.0842443257570267,0.0552042471271081,0.0832509547472,0.127503846512052,1.65367650985718,0.138745322823524,0.085579089820385,0.150225058197975,1.68339430426012,13835.9541015625,15357.638671875,10886.3916015625,12621.439453125,11115.11328125,0.0443086363375187,23145.7421875,1.13624060153961,1.39028120040894,6.625000005625
CRI,Costa Rica,1968,,11905.7275390625,12876.6796875,11265.767578125,11449.7392578125,0.0007721553556621,16405.36328125,0.889428496360779,0.150396719574928,0.0848012566566467,-0.129466786980629,-0.0993475466966629,0.104187853634357,0.969582438468933,1.0837527513504,0.0431402139365673,0.471475154161453,1.64432096481323,0.22774963080883,0.545093774795532,0.0882950559489337,0.0839018747210503,0.0876920148730278,0.0579211005702499,0.08628299087286,0.134166352421164,1.69236052036285,0.144322067499161,0.0897233411669731,0.14319472014904,1.73611865297533,14619.494140625,16088.2197265625,11545.1708984375,13679.9580078125,11824.9462890625,0.0466330498456955,24314.23828125,1.18560671806335,1.40210545063019,6.625000005625
CRI,Costa Rica,1969,,12408.3251953125,13537.62890625,11859.8515625,12074.43359375,0.0007939978968352,17385.23046875,0.874597549438477,0.153055235743523,0.0935285091400147,-0.14270606637001,-0.0906005874276161,0.11212532967329,0.975898444652557,1.08741807937622,0.0435691736638546,0.488058120012283,1.63436114788055,0.221742689609528,0.545093774795532,0.0921714547565413,0.0873666256666184,0.0918778479099274,0.0599105666612378,0.0902450308203697,0.141445344302543,1.722989320755,0.142263099551201,0.0949661806225777,0.140123292803764,1.78764037183801,15289.3232421875,17030.0703125,12198.802734375,14443.205078125,12503.712890625,0.0497608073055744,25772.580078125,1.19621682167053,1.41833734512329,6.625000005625
CYP,Cyprus,1955,,1195.92321777344,3109.12817382813,2529.201171875,2568.64624023438,0.0015437642578035,18815.240234375,0.353389412164688,0.112195625901222,0.744830071926117,-0.169897690415382,-0.106712199747562,0.0661948472261429,0.496247082948685,0.60035765171051,0.0369951240718365,0.136399775743485,1.65363752841949,0.101704120635986,0.514874160289764,0.199758372191394,0.163286730647087,0.0924004465341568,0.0484097762275538,0.0909815058112145,0.0480902102402033,0.462888687849045,0.130878195166588,0.0372621975839138,0.167435333132744,0.558324698881041,1208.40747070313,2502.04858398438,2484.34155273438,1978.09643554688,2633.04345703125,0.109477907419205,26498.376953125,0.378221720457077,0.386983126401901,0.610385612343303
CYP,Cyprus,1956,,1483.42028808594,3508.31103515625,2885.59155273438,2901.17358398438,0.0016188918380066,20023.80859375,0.350779116153717,0.16053818166256,0.69795572757721,-0.184216678142548,-0.0913233906030655,0.0662670657038689,0.532896280288696,0.646753191947937,0.0393178798258305,0.137179329991341,1.68379139900208,0.0955689921975136,0.514874160289764,0.200506857410174,0.155067577958107,0.0967494323849678,0.0557818308376263,0.0962297841906548,0.054025979488702,0.5181725025177,0.141232877969742,0.0425629019737244,0.211851790547371,0.564645400394927,1411.79736328125,2819.36083984375,2814.09130859375,2323.16748046875,2950.45849609375,0.119467191398144,28290.4453125,0.422210365533829,0.414473056793213,0.610215083450244
CYP,Cyprus,1957,,1612.05163574219,3642.30126953125,2837.51220703125,2968.30590820313,0.0016858263406902,21076.408203125,0.321367114782333,0.221721023321152,0.683975875377655,-0.182892844080925,-0.115734055638313,0.0715629383921623,0.518966853618622,0.641089797019959,0.0410005897283554,0.138959661126137,1.71317887306213,0.0864979475736618,0.514874160289764,0.232998598894788,0.162732884287834,0.103004083037376,0.060888271947842,0.0984653681516647,0.0555784297404209,0.491354376077652,0.162037521600723,0.0442682988941669,0.183112576603889,0.575179819197952,1401.14538574219,2800.0322265625,2751.1171875,2570.30249023438,3003.89624023438,0.128066763281822,29868.33984375,0.447868198156357,0.394662946462631,0.610385612343303
CYP,Cyprus,1958,,1606.01586914063,2995.24926757813,2574.55883789063,2654.5712890625,0.0016333791427314,21364.423828125,0.333868056535721,0.271132051944733,0.523336291313171,-0.175479367375374,-0.0457415655255318,0.0928844809532166,0.462748914957047,0.5208420753479,0.0412760451436043,0.141224563121796,1.73667275905609,0.0789135172963142,0.514874160289764,0.226796614466712,0.152889043092728,0.107920438051224,0.0618803448427278,0.104667566716671,0.0559347183605239,0.471295058727264,0.16472415626049,0.0441102124750614,0.178612813353539,0.587821159435635,1332.02893066406,2442.71948242188,2501.84155273438,2385.94018554688,2668.49584960938,0.128863081336021,30292.494140625,0.411861062049866,0.341084569692612,0.610215083450244
CYP,Cyprus,1959,,1727.58911132813,3234.56591796875,2706.27905273438,2809.27197265625,0.0015760564710944,21835.84375,0.355051189661026,0.259908556938171,0.536429643630981,-0.190613806247711,-0.0583199411630631,0.0975444093346596,0.469032227993012,0.538869857788086,0.0406558252871037,0.142699375748634,1.76048874855042,0.0844496935606003,0.514874160289764,0.220859263682178,0.154440656304359,0.108792446553707,0.0637087365567793,0.104803919792175,0.056461602300323,0.469092339277267,0.162763893604279,0.0441773794591427,0.170985296368599,0.597302086126287,1473.33752441406,2693.70654296875,2640.53491210938,2519.7998046875,2826.36889648438,0.131009668111801,30932.7109375,0.423322737216949,0.366060733795166,0.610215083450244
CYP,Cyprus,1960,,1674.18774414063,2999.828125,2618.29174804688,2582.98291015625,0.0015136274741962,21991.173828125,0.473222851753235,0.174937725067139,0.513220727443695,-0.256758481264114,-0.0311934184283018,0.126570612192154,0.427234053611755,0.496644407510757,0.0400642454624176,0.143394649028778,1.78463137149811,0.10028974711895,0.514874160289764,0.195173676892247,0.15890146791935,0.110967837274075,0.0607817863656772,0.112484738230705,0.0504311272245167,0.472982376813889,0.124817110598087,0.0392730832099915,0.151420697569847,0.603622787640173,1633.15454101563,2842.84741210938,2558.63134765625,2239.26733398438,2674.53125,0.131492748856545,31274.91015625,0.373758286237717,0.383827179670334,0.610215083450244
CYP,Cyprus,1961,,1756.458984375,3362.84448242188,2933.02001953125,2914.06127929688,0.0014685571659356,22560.236328125,0.446682155132294,0.156070798635483,0.551253139972687,-0.230764046311378,-0.0406710729002953,0.117428973317146,0.474954664707184,0.549068689346314,0.0393211245536804,0.145343512296677,1.80243742465973,0.104994639754295,0.514874160289764,0.195578929463373,0.159876152873039,0.108577132225037,0.0576931056952184,0.109283551573753,0.0524855988617894,0.511087775230408,0.128680050373077,0.0413460619747639,0.154342398047447,0.609627403846294,1731.8974609375,3103.8544921875,2864.84912109375,2442.63598632813,3000.18090820313,0.134035214781761,32117.716796875,0.400643289089203,0.411810845136642,0.610215083450244
CYP,Cyprus,1962,,1893.52783203125,4027.009765625,3416.59326171875,3456.83740234375,0.0014885189011693,23776.44140625,0.407830119132996,0.139932915568352,0.617177367210388,-0.203033849596977,-0.0633238777518272,0.101417280733585,0.534903168678284,0.624125838279724,0.0392279140651226,0.145196035504341,1.82042109966278,0.109359748661518,0.514874160289764,0.195113417255795,0.160421416163445,0.104721426963806,0.0593126712057545,0.10350226610899,0.0552860469276517,0.52083683013916,0.142304316163063,0.0421764701604843,0.167178645730019,0.606783075607027,1870.99523925781,3544.7138671875,3357.01000976563,2676.9521484375,3511.203125,0.142080068588257,33848.05859375,0.422668606042862,0.452728509902954,0.610215083450244
CYP,Cyprus,1963,,2034.26501464844,4081.02905273438,3466.08837890625,3511.42578125,0.0014694649726152,24773.359375,0.438491016626358,0.140836328268051,0.582886874675751,-0.221949532628059,-0.0489223450422287,0.108657687902451,0.52394163608551,0.611509203910828,0.0394922271370888,0.147313445806503,1.83858418464661,0.106256425380707,0.514874160289764,0.191543606498527,0.159564808011055,0.107710123062134,0.0599994961208838,0.106319449841976,0.0561721074484192,0.517831683158875,0.139304175972939,0.0432414710521698,0.15882071852684,0.61341979963859,2035.7353515625,3729.03393554688,3410.39819335938,2816.21557617188,3562.99609375,0.148331061005592,35314.3046875,0.43132945895195,0.461994558572769,0.610215083450244
CYP,Cyprus,1964,,1880.53979492188,3392.98681640625,3034.84814453125,3020.4013671875,0.0013820484746247,25163.52734375,0.460074663162231,0.162537887692451,0.500743687152863,-0.191917300224304,-0.0557059906423092,0.124267056584358,0.437007039785385,0.49486717581749,0.0390626415610313,0.148904159665108,1.85692858695984,0.113900020718575,0.514874160289764,0.196105061708133,0.16316631436348,0.112772755324841,0.0699309100820308,0.113312147557735,0.0501146351333833,0.467492163181305,0.140496119856834,0.0366333201527596,0.160170987248421,0.617844240466239,1859.95288085938,3247.27709960938,2990.89672851563,2542.10986328125,3064.57788085938,0.149140849709511,35778.46484375,0.383248805999756,0.396007269620895,0.610215083450244
CYP,Cyprus,1965,,2104.68139648438,4279.51611328125,3841.51635742188,3857.19262695313,0.0013727269833907,26128.833984375,0.420826584100723,0.124824516475201,0.5638387799263,-0.20587782561779,-0.0208414513617754,0.117229402065277,0.532945096492767,0.593203783035278,0.0390492342412472,0.150536984205246,1.87545597553253,0.119170114398003,0.514874160289764,0.197672136280398,0.169929102063179,0.11212869733572,0.0763977305544003,0.11167299747467,0.0561927617468926,0.539047300815582,0.144404336810112,0.0445154532790184,0.164842769503593,0.622374043063144,2127.84545898438,3919.81420898438,3794.20629882813,3083.68994140625,3911.84301757813,0.157500296831131,37424.80078125,0.445562809705734,0.458142936229706,0.610215083450244
CYP,Cyprus,1966,,2300.68920898438,4465.2421875,4095.27954101563,4049.71484375,0.0013408921658992,27157.466796875,0.455632209777832,0.112479165196419,0.534495174884796,-0.206835389137268,-0.0178377125412226,0.12206657230854,0.535789608955383,0.590752899646759,0.0395822934806347,0.152148768305779,1.89416825771332,0.127514466643333,0.514874160289764,0.19124713871633,0.168837577104568,0.114552445709705,0.0780606003913984,0.115841314196587,0.0568531287365421,0.55357700586319,0.145536586642265,0.0442278943955898,0.177800536155701,0.626798546680882,2370.78564453125,4255.357421875,4051.486328125,3302.5322265625,4095.56616210938,0.164396777749062,38919.125,0.461377918720245,0.480887085199356,0.610215083450244
CYP,Cyprus,1967,,2569.30126953125,4952.91796875,4508.06005859375,4525.7744140625,0.0013332252856344,28418.7578125,0.469550758600235,0.0981534719467163,0.526675939559937,-0.189253315329552,-0.0024264261592179,0.0972995236515999,0.58584201335907,0.639941990375519,0.0396067649126053,0.153813183307648,1.91306722164154,0.12906514108181,0.514874160289764,0.186670661745393,0.168798938393593,0.117072470486164,0.0833034397562581,0.116614229977131,0.0613164843876192,0.603920042514801,0.151040643453598,0.0467798598110676,0.178421661257744,0.631433648256952,2689.33227539063,4792.07763671875,4453.75341796875,3729.16455078125,4554.5791015625,0.171880692243576,40705.68359375,0.507441222667694,0.52746707201004,0.61869026810734
CYP,Cyprus,1968,,2767.10522460938,5175.4462890625,4685.431640625,4698.86474609375,0.0013375997077673,29650.564453125,0.494107663631439,0.0947803929448128,0.512536823749542,-0.220717325806618,0.0016780847217887,0.11761436611414,0.580225706100464,0.635168492794037,0.0392652489244938,0.155625119805336,1.93215477466583,0.128428742289543,0.514874160289764,0.163261736619938,0.149974316358566,0.106419809162617,0.0807045718728103,0.106115579605103,0.0563770961538092,0.525842010974884,0.138702258467674,0.0424192696809769,0.164419323205948,0.636595558679299,2912.14819335938,5105.296875,4631.08349609375,3934.744140625,4717.52099609375,0.178818598389626,42458.1875,0.519894778728485,0.545653879642487,0.71191789538185
CYP,Cyprus,1969,,2972.85229492188,5968.2626953125,5258.28271484375,5367.01123046875,0.0013517166953533,31400.63671875,0.466497123241425,0.0874149575829506,0.558115184307098,-0.214108288288116,-0.0017592455260455,0.103840306401253,0.639574944972992,0.706843197345734,0.0392414815723896,0.157489702105522,1.95143270492554,0.127845510840416,0.514874160289764,0.17123985141045,0.158144414424896,0.109044916927814,0.0882594952179205,0.106835797429085,0.0603151815596502,0.567947268486023,0.151365175843239,0.0462119467556477,0.174993515014648,0.641968067059977,3150.60083007813,5718.27001953125,5189.22412109375,4321.5869140625,5363.22119140625,0.190897569060326,45096.03125,0.546834766864777,0.585295021533966,0.71191789538185
DEU,Germany,1955,2300.95,405239.625,660424.75,628521.625,643057.9375,0.179356038570404,2326063.75,0.500425219535828,0.129750713706017,0.39683073759079,-0.107908114790916,-0.0374149493873119,0.118316344916821,0.524271965026856,0.538155198097229,0.0332959815859795,34.7804718017578,2.61760544776917,0.102257184684277,0.690643131732941,0.0986398706371642,0.0963655486702919,0.0847127065062523,0.0875939086705111,0.0827977806329727,0.0662077305687605,0.578839719295502,0.0938087925314903,0.0484975464642048,0.0762182623147965,70.3584797458328,610998,918918.6875,637500.5625,905063.8125,652767.5,0.0808217003941536,2249340.25,0.421040296554565,0.454499423503876,2.14742575470433
DEU,Germany,1956,2276.47,439773.0625,705433.8125,678237.25,694172,0.188770055770874,2537439.25,0.507491827011108,0.126029923558235,0.382701635360718,-0.109487049281597,-0.0318098217248917,0.125073507428169,0.543025970458984,0.553836047649384,0.0335868671536446,35.4942855834961,2.61976861953735,0.0988192334771156,0.690643131732941,0.100623123110433,0.0983109101653099,0.0867814868688583,0.0890001805820339,0.0847894102334976,0.0676957551191801,0.597433924674988,0.0993570610880852,0.0502509064972401,0.0813560485839844,70.8016843433842,668092.5,986227.5625,687103.125,974961.125,703716.5,0.0883176326751709,2453411.75,0.438109308481216,0.471176952123642,2.14742575470433
DEU,Germany,1957,2252.24,469130.34375,742442.1875,719044.0625,734330.6875,0.196976155042648,2740281.25,0.51170939207077,0.127144932746887,0.372191786766052,-0.115964271128178,-0.0273189004510641,0.132237046957016,0.550659954547882,0.560488164424896,0.0336378775537014,36.1645698547363,2.6219334602356,0.0942456051707268,0.690643131732941,0.102943197632811,0.100452251732349,0.089221827685833,0.0904271351753458,0.087364487349987,0.0699451815695226,0.588618397712708,0.103227041661739,0.0524313002824783,0.087074376642704,71.2648981778454,714263.625,1040240.625,727130.625,1034107.0625,744105.5,0.0955263525247574,2654530.5,0.450785100460053,0.482113867998123,2.14742575470433
DEU,Germany,1958,2228.27,495886.0625,769153.4375,750514.75,761534.625,0.203517988324165,2940951.5,0.517340481281281,0.133826270699501,0.358837783336639,-0.111088685691357,-0.0256518926471472,0.126736000180244,0.559944868087769,0.564144492149353,0.0335550606250763,36.4424591064453,2.62410020828247,0.0906238779425621,0.690643131732941,0.105046139986144,0.102363258600235,0.0918344780802727,0.0919918811122976,0.0905055701732636,0.0727283581258503,0.598330199718475,0.103459037840366,0.0539731122553349,0.0912692472338677,71.7551244821349,751075.1875,1081480,759614.4375,1080214.625,769445.875,0.102457016706467,2850318.5,0.461497694253922,0.491235464811325,2.14742575470433
DEU,Germany,1959,2204.56,525907.375,837360.75,810931.25,823464,0.210615068674088,3182244.5,0.503671646118164,0.134980842471123,0.378223448991776,-0.119664028286934,-0.0289527643471956,0.131740793585777,0.578670144081116,0.587162137031555,0.0335010401904583,36.8119850158691,2.6262686252594,0.0907830595970154,0.690643131732941,0.107312706722696,0.104393489658833,0.0931095480918884,0.0935006220648064,0.0916924700140953,0.0740559561144224,0.574054300785065,0.102783687412739,0.0545723401010037,0.0908288210630417,72.2803669510164,796826.125,1173680.875,823462.125,1165148.125,833643.6875,0.110869601368904,3083876.75,0.485706031322479,0.520180583000183,2.14742575470433
DEU,Germany,1960,2181.09,559331.75,924063.6875,888509.125,885328.625,0.221542060375214,3479782.5,0.503607273101807,0.12817145884037,0.411973476409912,-0.144039392471313,-0.0329691283404827,0.133256301283836,0.596603572368622,0.623286664485931,0.0335727743804455,37.2704124450684,2.62843894958496,0.0906429961323738,0.690643131732941,0.108427768416384,0.107422240078449,0.0952380299568176,0.10347135692701,0.0955801755189896,0.0765530424426324,0.600164532661438,0.094334326684475,0.0559135712683201,0.0969133973121643,72.8486292792539,842652.375,1283993.875,901714.0625,1265407,911295.5,0.121441021561623,3372031,0.511961162090302,0.552308201789856,2.14742575470433
DEU,Germany,1961,2154.48,594687.9375,966289,926761.375,922461.875,0.231099963188171,3770940.5,0.511452674865723,0.133222162723541,0.402836233377457,-0.143703430891037,-0.0346244722604752,0.130816861987114,0.597149074077606,0.626625001430512,0.0337216332554817,37.648120880127,2.65571403503418,0.0833948254585266,0.690643131732941,0.116940118622266,0.116042971611023,0.10418888181448,0.112598731092122,0.104674495756626,0.0852183109125983,0.627953827381134,0.0993324816226959,0.0621448718011379,0.102694779634476,73.458911005002,895061.625,1346756.5,940637.5,1328677.25,948297.625,0.131963804364204,3655636.5,0.520982146263123,0.56144106388092,2.06221052437573
DEU,Germany,1962,2117.37,633673,1012121.875,961174.625,963611.4375,0.239521324634552,4063574.75,0.517383933067322,0.140218243002892,0.3927401304245,-0.138179406523705,-0.0375950038433075,0.125432103872299,0.597055554389954,0.628114700317383,0.0338521189987659,37.7473106384277,2.68327212333679,0.0770106688141823,0.690643131732941,0.121337730720865,0.120875157415867,0.110172957181931,0.119168341587172,0.10989435762167,0.0922532526278851,0.610893845558167,0.110525116324425,0.0664787515997887,0.108256205916405,74.1032084334967,952325.3125,1418527.875,979229.875,1391947.625,983020,0.142735868692398,3939226,0.534330129623413,0.57894378900528,2.04516747831001
DEU,Germany,1963,2086.93,655230.25,1028225.875,980751.5,985581.75,0.24472188949585,4335766.5,0.518184125423431,0.146631643176079,0.378452241420746,-0.140946924686432,-0.0345814228057861,0.132260382175446,0.591492414474487,0.619696140289307,0.0338500067591667,37.7966804504395,2.71111607551575,0.072649173438549,0.690643131732941,0.125390465686442,0.125359609723091,0.114435210824013,0.125250562723446,0.11387437582016,0.0952446516344744,0.596077680587769,0.113764598965645,0.0685361698269844,0.109333500266075,74.7585109422917,985933.6875,1447142.875,1000551.3125,1429909.75,1005730.5,0.152799993753433,4204297.5,0.53851318359375,0.579443216323853,2.04516747831001
DEU,Germany,1964,2098.42,685015.9375,1106463.25,1051899.625,1057355.875,0.246626749634743,4655771.5,0.507556736469269,0.140300750732422,0.398586004972458,-0.140948459506035,-0.0377737171947956,0.132278650999069,0.612323760986328,0.645921170711517,0.033817857503891,37.846923828125,2.73924899101257,0.0706131607294083,0.690643131732941,0.128523663457074,0.12832023203373,0.117245428264141,0.127584271465438,0.116640403866768,0.0992445682918827,0.601993501186371,0.11795936524868,0.0712463185191155,0.113259583711624,75.3978060615589,1031888.875,1552319.25,1074843.375,1518488.375,1080130.375,0.164991915225983,4515295,0.551878809928894,0.599825620651245,2.04516747831001
DEU,Germany,1965,2084.2,732226.25,1175343.875,1103257.875,1111248.5,0.252918303012848,4991601,0.515831470489502,0.143090680241585,0.39875653386116,-0.148340180516243,-0.040378637611866,0.131040185689926,0.615336060523987,0.652925610542297,0.0338274128735065,37.9869689941406,2.7676739692688,0.0679724141955376,0.690643131732941,0.132758578842203,0.13291984796524,0.122160650789738,0.13350124229074,0.12128221988678,0.104381672160565,0.583747327327728,0.12539878487587,0.074215292930603,0.11885216832161,75.9990836306976,1098322.25,1650767.375,1128441.75,1607066.75,1134691.875,0.177932888269424,4842394.5,0.567749083042145,0.620040595531464,2.04516747831001
DEU,Germany,1966,2057.89,758504.0625,1190864.625,1136949.5,1145900.75,0.254663944244385,5299312,0.515438675880432,0.146489560604095,0.377310693264008,-0.145536869764328,-0.0329197943210602,0.139217734336853,0.61038875579834,0.634326338768005,0.0337207242846489,37.9016876220703,2.79639387130737,0.0673361942172051,0.690643131732941,0.137564200527928,0.137437358498573,0.126042827963829,0.136991071880153,0.125058248639107,0.106053036746338,0.567781567573547,0.129585891962051,0.0748433321714401,0.122441567480564,76.5543399549438,1132090.5,1676638.875,1162646.625,1645029,1166990,0.189843997359276,5146593,0.571450650691986,0.619236350059509,2.04516747831001
DEU,Germany,1967,2020.18,773508.0625,1158614.625,1134798.625,1143346.25,0.251127302646637,5533612,0.521577715873718,0.154952302575111,0.336824089288712,-0.140032365918159,-0.0213798079639673,0.148058012127876,0.611294627189636,0.618306338787079,0.0333312526345253,37.1753463745117,2.82541155815125,0.0660500526428223,0.690643131732941,0.13999852456205,0.139474853873253,0.127864673733711,0.137712146320186,0.126908749341965,0.10454498308074,0.562107443809509,0.131388127803803,0.0738589391112328,0.124602787196636,77.062574572452,1150624.375,1640469.375,1157884.5,1645029,1159868.25,0.198000118136406,5381993,0.57488626241684,0.609520435333252,2.04516747831001
DEU,Germany,1968,2007.68,805976,1229372.375,1200695.625,1212066.25,0.250854581594467,5811236,0.515365064144135,0.149595245718956,0.349317848682404,-0.146941304206848,-0.022733585909009,0.15539675951004,0.623657524585724,0.628695785999298,0.0328213050961494,37.3088188171387,2.8547306060791,0.0650875046849251,0.690643131732941,0.14221711828012,0.141507104039192,0.130363866686821,0.139061076711179,0.129140883684158,0.109151617071213,0.561284065246582,0.134543508291245,0.0768545940518379,0.12626713514328,77.5137828647674,1194649.375,1732669.125,1223727.625,1733607.5,1227024.75,0.208177134394646,5658863,0.593356192111969,0.630510151386261,2.04516747831001
DEU,Germany,1969,1987.92,861449.0625,1341252.875,1295190.875,1305393.25,0.255341827869415,6147858.5,0.513430535793304,0.146484822034836,0.36755496263504,-0.156029865145683,-0.0268311277031899,0.155390620231628,0.651348531246185,0.665118098258972,0.032579068094492,37.6952095031738,2.88435387611389,0.0643792301416397,0.690643131732941,0.147935430795289,0.148516684770584,0.137225702404976,0.150553961884022,0.136153221130371,0.11695369252392,0.594288110733032,0.142254665493965,0.0829024985432625,0.135188266634941,77.8969597515895,1280159.25,1883848.75,1318964.25,1860148.25,1319192.375,0.221556544303894,5988881.5,0.619902729988098,0.667473137378693,2.01619429999829
DNK,Denmark,1955,1978.25,43796.828125,52749.40625,53500.21484375,53684.03125,0.0148014491423965,196051.828125,0.656029462814331,0.159796565771103,0.166764289140701,-0.228339999914169,0.0474741645157337,0.198275536298752,0.746623754501343,0.733249127864838,0.0326120220124722,2.03236317634583,2.41154766082764,0.0762487351894379,0.632706940174103,0.0819951421483776,0.0804308652877808,0.0828105583786964,0.0740088743926646,0.0825270190834999,0.094452265336338,0.692939817905426,0.0976229906082153,0.0736395865678787,0.098506823182106,4.43891980163061,53412.9375,64568.1953125,55324.7421875,70638.7109375,55513.34375,0.0949025824666023,274553.8125,0.576347827911377,0.541532337665558,6.90613985660178
DNK,Denmark,1956,1964.3,44028.484375,54387.6796875,54535.8828125,54596.97265625,0.0145589476451278,200874.6875,0.648134171962738,0.158293008804321,0.189739376306534,-0.237943068146706,0.0451461784541607,0.1966303139925,0.751018702983856,0.75085186958313,0.0323383063077927,2.02127408981323,2.44389820098877,0.0767526179552078,0.632706940174103,0.0862940344801967,0.0847488716244698,0.0871468558907509,0.0784221739032995,0.0870493501424789,0.0973387463816498,0.74262809753418,0.102814510464668,0.0769622549414635,0.105632826685905,4.46639037003593,54058.67578125,66966.4921875,56560.953125,72060.40625,56641.1953125,0.0970320403575897,281464,0.582888185977936,0.556813716888428,6.90513992908016
DNK,Denmark,1957,1950.45,44541.08203125,56172.51953125,56814.8671875,57167.60546875,0.0144601128995419,206697.4375,0.621850192546845,0.15728135406971,0.203462064266205,-0.232645258307457,0.0462993122637272,0.203752383589745,0.768014788627625,0.759723365306854,0.0322535820305347,2.02543377876282,2.47668290138245,0.0783272236585617,0.632706940174103,0.0884359286912333,0.0867231786251068,0.0891777202486992,0.0799514161375896,0.088627465069294,0.0985770384055906,0.751831471920013,0.105350211262703,0.0786993205547333,0.105067983269691,4.48774990400889,54776.84765625,69289.4765625,58923.1796875,74725.5625,59447.7265625,0.0999421030282974,290126.21875,0.59478759765625,0.566922605037689,6.90513992908016
DNK,Denmark,1958,1936.69,46463.60546875,56874.88671875,58619.23828125,58886.8515625,0.0141572104766965,211166.328125,0.633224248886108,0.155807673931122,0.176801472902298,-0.225162535905838,0.0502631440758705,0.209065973758698,0.785767138004303,0.757038235664368,0.0321209616959095,2.03216409683228,2.50990724563599,0.0788131281733513,0.632706940174103,0.0883331203053887,0.0873509868979454,0.0898881554603577,0.0833594501695194,0.0894796550273895,0.10121106483211,0.780722439289093,0.104670532047749,0.0800444111227989,0.103952959179878,4.51505024462922,56906.5390625,69849.3046875,60696.21484375,76473.125,60624.359375,0.101870305836201,296720.875,0.600793898105621,0.564082443714142,6.90613985660178
DNK,Denmark,1959,1923.03,49002.25,63549.984375,63995.7890625,63681.84375,0.0141457915306091,220997.375,0.615761280059815,0.153724133968353,0.228443995118141,-0.24557238817215,0.0439682751893997,0.203674674034119,0.808624148368835,0.80520361661911,0.0321889072656632,2.07175064086914,2.54357743263245,0.0879001766443253,0.632706940174103,0.0909024598730246,0.0896594077348709,0.0922154188156128,0.0846802087795261,0.0926700308918953,0.100825031105492,0.7931307554245,0.102977655827999,0.0790740847587585,0.107325449585915,4.54655382873592,60073.37109375,78723.9296875,66412.140625,82594.8046875,65478.15625,0.106851577758789,310083.21875,0.627388060092926,0.614687144756317,6.90613985660178
DNK,Denmark,1960,1909.47,51520.8125,68260.8984375,67681,65425.63671875,0.0144540295004845,233358.203125,0.632543921470642,0.154927417635918,0.255864351987839,-0.294936001300812,0.0402544960379601,0.211345866322517,0.794984698295593,0.830208539962769,0.0326666310429573,2.11055183410645,2.57189679145813,0.0890554711222649,0.632706940174103,0.0926603635513116,0.0915713906288147,0.0943627879023552,0.0871252936947672,0.0976156666874886,0.102953822317327,0.824300706386566,0.0929426401853561,0.0798555985093117,0.107152685523033,4.58091695353322,62763.74609375,84520.875,70038.3828125,87545.78125,69449.9140625,0.113213457167149,326669.90625,0.641795575618744,0.636926472187042,6.9071397841234
DNK,Denmark,1961,1921.42,55264.38671875,72739.15625,71879.4609375,69897.5390625,0.014694644138217,245908.609375,0.63521409034729,0.1554344445467,0.250005453824997,-0.278575271368027,0.0372192189097405,0.200702026486397,0.813825488090515,0.848406136035919,0.0331884287297726,2.14137983322144,2.58985066413879,0.0923325568437576,0.632706940174103,0.0961579943923553,0.0965298861265183,0.0987338796257973,0.0980496986245418,0.101533457636833,0.105704077106915,0.861793458461762,0.0963115990161896,0.0817110911011696,0.108801484107971,4.60973360887694,67277.2421875,90012.765625,74371.171875,93270.4296875,73871.203125,0.119683906435966,343702.34375,0.658308506011963,0.653060555458069,6.9071397841234
DNK,Denmark,1962,1933.45,58747.46484375,77955.9765625,75845.9140625,74788.5390625,0.0149847064167261,260270.234375,0.625095844268799,0.160418465733528,0.256837606430054,-0.26551565527916,0.0326533168554306,0.190510407090187,0.821148335933685,0.857292711734772,0.0336944088339806,2.17426013946533,2.60792994499207,0.0934276878833771,0.632706940174103,0.102418452706328,0.102999307215214,0.105300202965736,0.105262707800276,0.106788970530033,0.112337278555371,0.874377012252808,0.10694994032383,0.0856804698705673,0.115158900618553,4.64681513312016,71437.7109375,96734.0234375,78623.5390625,98993.078125,77431.8125,0.127282366156578,363157.53125,0.670900285243988,0.673901200294495,6.9071397841234
DNK,Denmark,1963,1945.55,59512.296875,76720,77306.0390625,76189.5,0.0149307893589139,271144.03125,0.618181824684143,0.162927031517029,0.225853994488716,-0.254190534353256,0.0368593521416187,0.210368350148201,0.802640557289124,0.811648905277252,0.0339132659137249,2.20097970962524,2.62613534927368,0.091697208583355,0.632706940174103,0.108075286749103,0.108488909900188,0.110402777791023,0.110058298414755,0.112020701169968,0.117021790977115,0.882105588912964,0.10947485268116,0.0891261100769043,0.116688974201679,4.6834942140846,72472.2734375,95160.9609375,80248.2265625,100176.78125,78677.9609375,0.132719025015831,378379.46875,0.657909691333771,0.642424166202545,6.9071397841234
DNK,Denmark,1964,1957.73,63362.1640625,85417.875,83951.1015625,82369.96875,0.0148391397669911,287923.09375,0.605640709400177,0.163597911596298,0.26776397228241,-0.279916405677795,0.036374669522047,0.206539139151573,0.827824890613556,0.865369081497192,0.0340993516147137,2.24618983268738,2.64446783065796,0.0974254161119461,0.632706940174103,0.113381103125599,0.114102356135845,0.115576565265656,0.116772431197938,0.117795094847679,0.11981171153981,0.93454909324646,0.112968496978283,0.0909074023365974,0.122392721474171,4.72008555859963,77255.1640625,106335.265625,87272.3828125,108661.3203125,85053.3359375,0.141726136207581,401231.03125,0.682003736495972,0.686045467853546,6.9071397841234
DNK,Denmark,1965,1969.98,65501.24609375,89155.046875,88019.6484375,86239.5234375,0.0151371667161584,306196.5,0.595607936382294,0.163919061422348,0.274280279874802,-0.275834709405899,0.0365204401314259,0.205507010221481,0.817823052406311,0.848196625709534,0.0345081426203251,2.28728866577148,2.66292834281921,0.0984574854373932,0.632706940174103,0.12045629201298,0.122727625072002,0.123673513531685,0.130980620147552,0.126226335763931,0.126292830962695,0.935322880744934,0.118179976940155,0.0947544574737549,0.128268405795097,4.75801393031101,79526.9453125,110958.7578125,91443.46875,113070.8515625,88734.8046875,0.151440188288689,426018.78125,0.679015696048737,0.684943199157715,6.9071397841234
DNK,Denmark,1966,1982.31,68893.0234375,92181.40625,91056.796875,89180.7421875,0.0151660228148103,322731.3125,0.600042462348938,0.172467619180679,0.261136919260025,-0.274697005748749,0.036741953343153,0.204307988286018,0.797811210155487,0.824637949466705,0.0347171872854233,2.32633805274963,2.68151760101318,0.0984424650669098,0.632706940174103,0.129023946878527,0.131197541952133,0.131570175290108,0.138759850135713,0.134337961673737,0.132672507256168,0.946325302124023,0.122053824365139,0.0987801253795624,0.131824567914009,4.79741331803548,83252.8515625,114537.25,94441.3046875,117068.2421875,91129.0859375,0.160498082637787,449362.46875,0.675187408924103,0.679040729999542,6.9071397841234
DNK,Denmark,1967,1953.71,73762.2734375,98163.5859375,96517.8125,94645.7109375,0.015167367644608,339943.9375,0.601491987705231,0.177859529852867,0.257817387580872,-0.263713747262955,0.0333352871239185,0.193209528923035,0.834450006484985,0.863855481147766,0.034649770706892,2.32646799087524,2.70023679733276,0.100097335875034,0.632706940174103,0.133300598961165,0.135800138115883,0.13575890660286,0.144253172129043,0.138444229960442,0.135634274307988,0.997843503952026,0.125559732317925,0.101472891867161,0.135273188352585,4.83871239062095,88850.421875,121675.7890625,99854.34375,123776.40625,96079.2578125,0.169557362794876,473512.28125,0.702960252761841,0.710331201553345,6.95654202110469
DNK,Denmark,1968,1909.21,77358.2734375,103244.5859375,102098.4140625,100503.3828125,0.0152725866064429,358262.5,0.589249014854431,0.18045911192894,0.257566571235657,-0.261152863502502,0.035368338227272,0.198509842157364,0.858082234859467,0.876097679138184,0.0345123186707497,2.34415745735168,2.71908640861511,0.10264702886343,0.632706940174103,0.129475547243899,0.133113294839859,0.132623732089996,0.144991553411999,0.134728536009789,0.131160758629508,0.946880757808685,0.122423879802227,0.0975225269794464,0.129433110356331,4.86721195499264,92863.296875,127767.53125,105430.6875,130700.96875,101540.0859375,0.179284140467644,499421.84375,0.731159508228302,0.734712958335877,7.5000000065
DNK,Denmark,1969,1869.71,81962.8359375,112002.34375,109839.3125,107194.171875,0.0155663033947349,380809.34375,0.58095133304596,0.183668926358223,0.280234515666962,-0.275313794612885,0.0348957590758801,0.195563271641731,0.889393150806427,0.923561275005341,0.0343761928379536,2.38946533203125,2.7380678653717,0.102913841605186,0.632706940174103,0.136675719065767,0.141005828976631,0.140513494610786,0.154702115116222,0.14398081600666,0.139170185812453,1.00506234169006,0.128765806555748,0.104483984410763,0.141086369752884,4.89059848704393,98640.46875,138584.921875,113410.1640625,139140.265625,108005.15625,0.190876081585884,531069.3125,0.758167326450348,0.776232898235321,7.5000000065
DOM,Dominican Republic,1955,,5192.423828125,6312.7041015625,6561.00927734375,7846.60595703125,0.0011155067477375,15974.880859375,0.542115330696106,0.119626045227051,0.142772614955902,-0.3201724588871,-0.0213737189769745,0.537032186985016,0.765296995639801,0.615376949310303,0.042196199297905,0.637887001037598,1.38026642799377,0.142691627144814,0.613713562488556,0.104860366606859,0.0976544767618179,0.10327772796154,0.0649992066566756,0.0863565877079964,0.129341055552908,1.47897326946259,0.0347477793693543,0.09095199406147,0.0302388872951269,2.722734586299,6408.15380859375,8127.97314453125,6680.5615234375,8015.734375,7761.171875,0.0134476786479354,37037.71484375,0.922022223472595,0.89011412858963,1
DOM,Dominican Republic,1956,,5775.0068359375,7014.43701171875,7168.4482421875,8372.45703125,0.0012195806484669,16704.005859375,0.562509179115295,0.127253279089928,0.148036628961563,-0.325717002153397,-0.0295000225305557,0.517417967319489,0.764925539493561,0.643176794052124,0.0434453412890434,0.654659152030945,1.38036632537842,0.137443035840988,0.613713562488556,0.105106575344895,0.097880132496357,0.105214677751064,0.0659364245305636,0.0900841876864433,0.139389290727684,1.47963619232178,0.0348149053752422,0.0994813442230225,0.0307927392423153,2.81278135593463,7171.03076171875,9044.06640625,7321.57373046875,8790.759765625,8356.306640625,0.0141438785940409,38775.640625,0.980393052101135,0.960291147232056,1
DOM,Dominican Republic,1957,,6255.716796875,7578.17822265625,8198.19140625,8923.3515625,0.0012228068662807,17280.626953125,0.564785182476044,0.13626492023468,0.148202300071716,-0.327579170465469,0.0033348642755299,0.474991858005524,0.79250293970108,0.677562832832336,0.0444864518940449,0.672263383865356,1.38046610355377,0.159265086054802,0.613713562488556,0.107934368620945,0.0999210327863693,0.106200627982616,0.0667076911260639,0.0975701808929443,0.135905356970455,1.60678517818451,0.0346597246825695,0.0975937396287918,0.0387532152235508,2.90767720641542,7759.67626953125,9737.359375,8375.8369140625,9214.6884765625,8960.9482421875,0.0148330423980951,40609.11328125,1.00113832950592,1.00720989704132,1
DOM,Dominican Republic,1958,,6702.52978515625,8087.46826171875,7979.78271484375,8842.794921875,0.0011467732256278,18334.966796875,0.599200546741486,0.158764526247978,0.156617715954781,-0.319589644670486,-0.0510886386036873,0.456095516681671,0.793511271476746,0.723932504653931,0.045331034809351,0.690526247024536,1.38056588172913,0.133189424872398,0.613713562488556,0.105125790611601,0.0971161723136902,0.104948289692402,0.0668867175324626,0.0947058498859406,0.142852465936532,1.6110805273056,0.0392318926751614,0.10305667668581,0.0352962538599968,3.00670996530637,8231.5400390625,10323.8837890625,8136.81494140625,9634.0556640625,8809.7138671875,0.0155923059210181,42530.01953125,1.02076005935669,1.04141283035278,1
DOM,Dominican Republic,1959,,6607.9775390625,7633.67041015625,8093.51806640625,9916.1533203125,0.0011719325557351,19817.71484375,0.519238173961639,0.147146999835968,0.103436574339867,-0.219398826360703,-0.0049211895093321,0.454498261213303,0.835826516151428,0.642044842243195,0.0461714155972004,0.709277391433716,1.38066565990448,0.102626338601112,0.613713562488556,0.102689844379493,0.0951930433511734,0.103574126958847,0.0687390448384035,0.084536723792553,0.157568881066315,1.43021011352539,0.0439325086772442,0.122395411133766,0.0326906964182854,3.10916840878714,8090.705078125,9552.1943359375,8268.4384765625,10340.00390625,9858.2646484375,0.0160744097083807,43565.6328125,1.0564923286438,0.929210484027863,1
DOM,Dominican Republic,1960,,6908.4033203125,7748.0703125,9249.7353515625,11402.23046875,0.0011972482316196,19349.33984375,0.485070168972015,0.120811551809311,0.0736405774950981,-0.190089404582977,0.0645995363593102,0.445967584848404,0.924233078956604,0.628622353076935,0.046230386942625,0.728314876556397,1.38076555728912,0.142267644405365,0.613713562488556,0.0995307400680624,0.0932331159710884,0.098378024995327,0.0679475532995929,0.0798063725233078,0.140707969313671,1.49123823642731,0.0370420552790165,0.101274013519287,0.0332808047533035,3.21434344742032,8463.248046875,9578.580078125,9412.361328125,11537.583984375,11721.765625,0.0162756498903036,44162.20703125,1.16086661815643,0.917558908462524,1
DOM,Dominican Republic,1961,,6910.03857421875,7531.77880859375,9054.4443359375,11141.9443359375,0.0010296220425516,16741.947265625,0.492277413606644,0.127905070781708,0.0558017902076244,-0.164817437529564,0.0758310034871101,0.413002133369446,0.920510053634644,0.623349130153656,0.0448273383080959,0.760115087032318,1.38877630233765,0.176499083638191,0.613713562488556,0.102937604648751,0.0948447436094284,0.0977444276213646,0.063697156264954,0.0794315189123154,0.129971666473461,1.61310982704163,0.0369458682835102,0.087571032345295,0.0325028896331787,3.32283389419234,8446.9931640625,9195.2138671875,9208.6376953125,11326.640625,11505.37109375,0.0162521917372942,44004.84375,1.1119612455368,0.859440207481384,1
DOM,Dominican Republic,1962,,9472.13671875,10533.7568359375,11265.04296875,12463.1337890625,0.0009750543395057,19924.998046875,0.598468065261841,0.161544352769852,0.0851808339357376,-0.2501160800457,0.0024240862112492,0.402498751878738,0.983558773994446,0.832625448703766,0.0440136156976223,0.79324996471405,1.39683353900909,0.184982985258102,0.613713562488556,0.0982702463876738,0.0913048908114433,0.0950781852006912,0.0655005783088687,0.0859382450580597,0.128744803203225,1.89525294303894,0.0405780076980591,0.0931451544165611,0.0385583601891995,3.43511192203631,11538.51171875,12927.5849609375,11455.609375,13426.0322265625,12710.55078125,0.0167199168354273,45107.24609375,1.25765240192413,1.15291082859039,1
DOM,Dominican Republic,1963,,10761.681640625,12267.3935546875,12053.6650390625,12238.4677734375,0.0010983734391629,21147.68359375,0.692533493041992,0.186798930168152,0.123031102120876,-0.314349710941315,-0.0317332968115807,0.343719452619553,0.872479796409607,0.878242433071137,0.0450489670038223,0.827555298805237,1.40493750572205,0.173352420330048,0.613713562488556,0.0987107304060255,0.0924929976463318,0.0982558652758598,0.0694415546515971,0.0967721864581108,0.13944441938832,1.74998474121094,0.0420889854431152,0.103023827075958,0.042434748262167,3.55028061581764,13133.7626953125,15227.189453125,12273.4599609375,14320.791015625,12358.328125,0.0176466498523951,47104.96484375,1.28017175197601,1.29594433307648,1
DOM,Dominican Republic,1964,,11671.0048828125,13529.853515625,12651.0322265625,12644.8076171875,0.0010270157363265,22612.4453125,0.731701493263245,0.191286459565163,0.147004872560501,-0.352689027786255,-0.0703108012676239,0.353006988763809,0.871897578239441,0.940436482429504,0.0471775531768799,0.862818121910095,1.41308856010437,0.169150590896606,0.613713562488556,0.100338706886888,0.0938898622989655,0.10033968091011,0.0692219788224446,0.100389070808887,0.14083566750497,1.85794591903687,0.0436497218906879,0.105554908514023,0.0438505597412586,3.66743974025058,14294.564453125,16967.455078125,12899.6083984375,15246.873046875,12776.9599609375,0.0186753775924444,49723.875,1.29126667976379,1.36809813976288,1
DOM,Dominican Republic,1965,,10241.4248046875,11107.736328125,11169.2548828125,11860.326171875,0.0008869343437254,20173.80859375,0.643653690814972,0.219849079847336,0.0730428323149681,-0.227670222520828,-0.0100131807848811,0.301137775182724,0.814798355102539,0.765555620193481,0.0474449098110199,0.898855984210968,1.42128682136536,0.181000337004662,0.613713562488556,0.106581207449284,0.0965701267123222,0.0999258458614349,0.067260626548283,0.0941034257411957,0.139596750351282,1.72130227088928,0.0457077361643314,0.0910396948456764,0.0394067913293839,3.78568906004934,12286.900390625,13345.595703125,11353.2822265625,13596.2744140625,11951.61328125,0.018747029826045,50016.62109375,1.11025714874268,1.03754508495331,1
DOM,Dominican Republic,1966,,11591.830078125,13088.80078125,12137.84375,12335.7041015625,0.0009116916335187,23169.126953125,0.746576309204102,0.193121194839478,0.121352687478065,-0.267496079206467,-0.0722080320119858,0.278653889894486,0.779060542583466,0.826605260372162,0.0467173308134079,0.935797512531281,1.43737125396729,0.158658564090729,0.613713562488556,0.101543471686774,0.0940001606941223,0.0998549312353134,0.0648389130803272,0.0982532873749733,0.14519146011289,1.67495107650757,0.047411136329174,0.102600939571857,0.0433482713997364,3.90556359386639,14130.494140625,16237.4150390625,12287.53515625,15125.736328125,12312.4931640625,0.0195168741047382,51917.07421875,1.17501890659332,1.20091032981873,1
DOM,Dominican Republic,1967,,11380.9130859375,12963.388671875,12439.7177734375,12798.943359375,0.000937076518312,23257.70703125,0.717930614948273,0.171276599168777,0.123641133308411,-0.256412446498871,-0.0373433195054531,0.280907422304153,0.766127109527588,0.774527668952942,0.0468668751418591,0.973795115947723,1.45363771915436,0.179903253912926,0.613713562488556,0.107254442359229,0.099064975976944,0.104243226349354,0.0647376318260045,0.101317442953587,0.141484409943864,1.68103539943695,0.0496269054710865,0.0963970050215721,0.0435850098729134,4.02766357761012,13927.7216796875,16191.7314453125,12560.744140625,15486.15625,12714.37109375,0.0202768091112375,53920.18359375,1.15704703330994,1.15177059173584,1
DOM,Dominican Republic,1968,,11652.3076171875,13224.111328125,12472.326171875,12607.720703125,0.0009125545620918,23793.798828125,0.762716352939606,0.16150364279747,0.124669894576073,-0.302589982748032,-0.0456149429082871,0.29931503534317,0.716567039489746,0.747005879878998,0.0465605892241001,1.01266813278198,1.4700882434845,0.17607881128788,0.613713562488556,0.108358004874118,0.102409794926643,0.107716202735901,0.0743188051192953,0.106559440493584,0.147054408355908,1.65361368656158,0.0513794384896755,0.098756231367588,0.046722024679184,4.15118648330185,14326.3408203125,16570.642578125,12564.75,15482.8662109375,12468.3466796875,0.0210078395903111,55842.171875,1.10754716396332,1.12853646278381,1
DOM,Dominican Republic,1969,,12418.3076171875,14523.3359375,13744.3291015625,13632.580078125,0.0008667965303175,25764.39453125,0.759872972965241,0.151055663824081,0.154411569237709,-0.29694128036499,-0.037314310669899,0.268915414810181,0.755494058132172,0.799899041652679,0.0467103309929371,1.05223834514618,1.48672497272491,0.182797878980637,0.613713562488556,0.111003820681874,0.105742372572422,0.111818388104439,0.0792751150198749,0.112734973430634,0.147662948634446,1.89024889469147,0.0533937625586987,0.10250024497509,0.0508405454456806,4.2753293086556,15380.6875,18475.455078125,13878.873046875,17005.974609375,13491.044921875,0.0222677066922188,58956.1875,1.15337157249451,1.19296646118164,1
DZA,Algeria,1960,,49544.953125,86975.3125,69831.6171875,128058.265625,,401792.71875,0.210198849439621,0.176694989204407,0.292291641235352,-0.285702139139175,0.0742723122239113,0.532244384288788,,,0.0411477871239185,1.86588883399963,1.13728058338165,,,0.0716420036615841,0.0514348037540913,0.0419513322412968,0.0273960365761999,0.022876538336277,0.0293984707260119,,0.0851605758070946,0.0289939418435097,0.0319688990712166,10.7933039433868,46140.9921875,63054.99609375,74842.0859375,84643.3984375,135879.46875,,279584.15625,,,4.93706000393706
DZA,Algeria,1961,,37385.41796875,74058.375,62850.546875,109666.15625,,416832.0625,0.185600981116295,0.155301064252853,0.334405422210693,-0.277657955884933,0.0111831892281771,0.591167271137238,,,0.0418607257306576,1.87100410461426,1.14063823223114,,,0.072798075929706,0.0525757074356079,0.0413992367684841,0.0284078684839824,0.0237262323498726,0.0300056337275721,,0.091961957514286,0.0296754855662584,0.0355866327881813,11.0033970245134,34787.69921875,51860.515625,67145.3515625,83252.59375,118218.4921875,,291381.5,,,4.93706000393706
DZA,Algeria,1962,,27864.205078125,49204.00390625,48956.65234375,57280.30078125,,419197.375,0.28440934419632,0.202044188976288,0.372550398111343,-0.117481127381325,-0.0534292384982109,0.311906427145004,,,0.0418328158557415,1.81982290744782,1.14400577545166,,,0.0677926012310505,0.051572997123003,0.0430047884583473,0.0287413250040515,0.0367555767297745,0.0318169512622157,,0.105494976043701,0.0311040952801704,0.045436006039381,10.8839832821936,26736.986328125,36406.65234375,52543.70703125,52013.453125,66863.65625,,293013.21875,,,4.93706000393706
DZA,Algeria,1963,,41496.16015625,65675.7734375,59405.6640625,67962.0625,,423523.375,0.387220323085785,0.223357945680618,0.355781018733978,-0.0938279703259468,-0.122087240219116,0.249555930495262,,,0.0414125919342041,1.83317935466766,1.1473833322525,,,0.0776491925471496,0.0598104186356068,0.0491978712379932,0.0288845620361131,0.0430038757622242,0.0309850049412352,,0.10673850774765,0.0303050894290209,0.0429816953837872,11.1530218020367,41460.08203125,51809.99609375,63786.109375,65541.265625,77624.078125,,296558.21875,,,4.93706000393706
DZA,Algeria,1964,,46437.86328125,65519.89453125,63405.0703125,71378.3828125,,423919.875,0.443107306957245,0.207479894161224,0.267336308956146,-0.0849643871188164,-0.0697222054004669,0.236763089895248,,,0.0410190373659134,1.85587549209595,1.15077078342438,,,0.0706692002210583,0.0572483241558075,0.0498660616576672,0.0285858468767859,0.0442957803606987,0.03190065621366,,0.110548056662083,0.0311241615563631,0.046475138515234,11.4893871786826,48196.28515625,55576.0546875,68108.140625,72395.6484375,81824.453125,,296793.125,,,4.93706000393706
DZA,Algeria,1965,,51067.08984375,70779.75,69090.109375,76345.15625,,424742.25,0.470954835414887,0.197942718863487,0.258204489946365,-0.0747367069125176,-0.0537961460649967,0.201430842280388,,,0.0405375100672245,1.87828528881073,1.15416824817657,,,0.0657521211793109,0.0548805370926857,0.0491885952651501,0.0290143411492502,0.0445142239332199,0.0344432098594738,,0.116921149194241,0.0333207845687866,0.0498651042580605,11.8358964960973,53697.9296875,61144.484375,74087.3203125,79227.234375,89099.171875,,297697.4375,,,4.93706000393706
DZA,Algeria,1966,,45291.171875,60160.14453125,61355.57421875,69005.8046875,,422007.90625,0.421650499105454,0.234688058495522,0.215474233031273,-0.0797159224748612,0.0247490294277668,0.183154031634331,,,0.0399766489863396,1.90270245075226,1.15757584571838,,,0.0780962580468283,0.0602731630206108,0.0537601448595524,0.028251436740543,0.0478001050651073,0.0339213604526286,,0.116095639765263,0.0325404293835163,0.0491552613675594,12.2079472958491,45316.91796875,50666.546875,65570.84375,74153.2109375,79571.8828125,,295611.4375,,,4.93706000393706
DZA,Algeria,1967,,47322.2578125,69289.5625,70924.1640625,76678.7578125,,425537.15625,0.378911703824997,0.238237798213959,0.286484867334366,-0.0605433285236359,-0.0625748410820961,0.219483837485313,,,0.0395248979330063,1.93186914920807,1.16099333763123,,,0.0774187662609931,0.0584097318351269,0.0508105978369713,0.0281762984824228,0.0469973534345627,0.0344404440173983,,0.119884662330151,0.0330742187798023,0.0514034405350685,12.6248263692368,46131.64453125,55240.01171875,75458.6640625,82866.5703125,89193.015625,,298447.96875,,,4.93706000393706
DZA,Algeria,1968,,50288.33203125,76838.8046875,76556.2421875,86531.7578125,,433056.5,0.360823690891266,0.220330938696861,0.306829214096069,-0.0719007328152657,-0.0073959897272288,0.191312864422798,,,0.0395007953047752,1.95337760448456,1.16442108154297,,,0.0815991667253663,0.0616563037037849,0.0537325292825699,0.028996988630236,0.047538161277771,0.0387243815501502,,0.130991756916046,0.0371024496853352,0.0501510202884674,13.0064927303665,49162.984375,60666.6875,81226.5859375,91880.640625,99911.1796875,,304284.40625,,,4.93706000393706
DZA,Algeria,1969,,52783.27734375,85834.0390625,83042.8359375,93809.515625,,445586.75,0.359494090080261,0.203170344233513,0.352317750453949,-0.0756211131811142,-0.016951585188508,0.177590548992157,,,0.0399148538708687,1.97218656539917,1.16785883903503,,,0.080991906887865,0.0633042305707932,0.0542971268296242,0.0320072724162753,0.0480653494596481,0.0399124489255359,,0.14226832985878,0.0386056564748287,0.0560712441802025,13.3844679840377,52543.48046875,67394.4296875,87857.703125,99600.453125,109264.0234375,,313909.25,,,4.93706000393706
ECU,Ecuador,1955,,11907.552734375,32860.4453125,32647.947265625,32317.525390625,0.0028842901811003,36969.80859375,0.301293462514877,0.067161500453949,0.64834463596344,-0.0265666544437408,-0.0176045559346676,0.0273715853691101,1.47976279258728,1.50385129451752,0.033782210201025,1.18226742744446,1.5664838552475,0.448917895555496,0.487320452928543,0.0705346723476129,0.0632811337709427,0.0269677210599184,0.0307410139851518,0.0272434446960688,0.0063307665204588,0.986399650573731,0.079826332628727,0.0241708867251873,0.0885225981473923,3.98223131673629,18278.98046875,25833.619140625,33078.76953125,17297.044921875,33879.62109375,0.0898180603981018,152172.453125,0.723398804664612,1.10334634780884,1
ECU,Ecuador,1956,,12325.419921875,33697.3515625,33377.9609375,33044.23828125,0.0029788576066494,39223.69140625,0.306155413389206,0.0668421387672424,0.646767258644104,-0.0267233792692423,-0.0196793228387833,0.0266379453241825,1.44128012657166,1.47509491443634,0.034421019256115,1.20460963249207,1.58557057380676,0.443048894405365,0.487320452928543,0.070264437580897,0.0630563870072365,0.0268902834504843,0.0300415175947668,0.027161855250597,0.0060329085285909,0.956766486167908,0.0795541256666184,0.023449819535017,0.0901185274124146,4.09228376741211,19112.62109375,26861.2890625,33610.91796875,17874.841796875,34448.203125,0.0959358438849449,162166.6875,0.714535474777222,1.0965518951416,1
ECU,Ecuador,1957,,12569.853515625,33986.74609375,34374.4609375,33759.25,0.0030299327336251,41196.40234375,0.3057501912117,0.0665878802537918,0.63440066576004,-0.0260698702186346,-0.008548816666007,0.0278799962252378,1.41988468170166,1.43906950950623,0.0347789488732815,1.22737586498261,1.60488986968994,0.432274281978607,0.487320452928543,0.072376776208892,0.0648646205663681,0.0278799831867218,0.0303712033508676,0.0283880494534969,0.0061732144131942,0.947332501411438,0.0806356817483902,0.0243446230888367,0.09558966755867,4.20607748498214,19565.517578125,27384.634765625,34469.16015625,18547.12109375,35077.25390625,0.101551711559296,171437.5,0.714190602302551,1.07687509059906,1
ECU,Ecuador,1958,,13146.6923828125,33793.109375,34002.375,33473.58203125,0.0030394387431442,43156.7109375,0.324569582939148,0.0681787133216858,0.6167973279953,-0.0244850777089596,-0.0107185775414109,0.0256580114364624,1.37913513183594,1.38884675502777,0.0349023304879665,1.25057053565979,1.62444460391998,0.421540498733521,0.487320452928543,0.0723395534056871,0.0649974867701531,0.029127549380064,0.030045054593765,0.0295876860618591,0.0062872190885645,0.954079926013947,0.0863973721861839,0.0245559327304363,0.10190499573946,4.32428827454221,20466.771484375,28370.7734375,34261.171875,19054.31640625,34952.59375,0.106518551707268,179748.765625,0.711307525634766,1.08157324790955,1
ECU,Ecuador,1959,,13568.2529296875,35881.109375,36353.35546875,35722.8125,0.0030775652267038,45429.82421875,0.310797870159149,0.0690225139260292,0.624610900878906,-0.022945137694478,-0.0067003550939261,0.0252142287790775,1.38340139389038,1.38652384281158,0.0349590331315994,1.27420353889465,1.64423751831055,0.432619243860245,0.487320452928543,0.0730549061128621,0.0652624070644379,0.0285013057291508,0.0301739659260361,0.0290043838322163,0.0061472044611281,0.893413186073303,0.0884061604738236,0.0238256547600031,0.103100955486298,4.44759119990282,21040.68359375,29387.939453125,36801.44921875,19965.396484375,37459.4765625,0.112116657197475,189076.5,0.710612654685974,1.06818115711212,1
ECU,Ecuador,1960,,14754.15234375,39123.25,38965.76953125,38407.4453125,0.0031314482912421,47842.1875,0.309385627508163,0.0747626200318337,0.634488880634308,-0.0274286381900311,-0.0156133137643337,0.0244047902524471,1.4286687374115,1.45665085315704,0.0351269245147705,1.29828786849976,1.66427171230316,0.43186292052269,0.487320452928543,0.0745375276432599,0.0659941658377647,0.0288588162511587,0.0306397043365199,0.0292783305048943,0.0063753923515661,0.935097515583038,0.0785490199923515,0.0245680660009384,0.102164156734943,4.5766613248745,22513.86328125,31570.30859375,39561.56640625,21071.673828125,40494.54296875,0.118552200496197,199713.875,0.721234321594238,1.10351157188416,1
ECU,Ecuador,1961,,15661.5830078125,40791.69921875,40392.36328125,39939.78125,0.0031505480874329,50170.125,0.312158614397049,0.0799712911248207,0.629200160503388,-0.0252346228808165,-0.017703203484416,0.0216078124940395,1.43437004089355,1.46755218505859,0.0353428348898888,1.32747554779053,1.67715835571289,0.417624682188034,0.487320452928543,0.0754506073610155,0.0664677545428276,0.0296103321015835,0.031404215203971,0.0299458615481854,0.0066400609912953,0.945542097091675,0.0855353325605393,0.025657806545496,0.110725276172161,4.71164196461467,23786.01171875,33251.03125,41041.765625,22151.47265625,42142.80859375,0.125013828277588,210395.5,0.729832112789154,1.11878395080566,1
ECU,Ecuador,1962,,16633.47265625,40406.7265625,40383.6484375,39711.60546875,0.003127604490146,52470.0078125,0.33539542555809,0.0834612846374512,0.598647475242615,-0.0250905156135559,-0.0152772814035416,0.0228636208921671,1.35206627845764,1.37793147563934,0.0353819280862808,1.35732316970825,1.69014477729797,0.422036081552506,0.487320452928543,0.0759216400241153,0.0670812651515007,0.0316193997859955,0.0315555380147696,0.0321544967591763,0.0068077373542928,0.93490207195282,0.09821967035532,0.0259516183286905,0.128467872738838,4.85208340604313,25318.796875,34899.01171875,41300.703125,23241.13671875,42186.8515625,0.130515336990356,219636.09375,0.734523296356201,1.1263724565506,1
ECU,Ecuador,1963,,16910.0390625,41388.91015625,41257.01953125,41025.9296875,0.0031028550583869,54673.9765625,0.332992106676102,0.079187199473381,0.596668303012848,-0.0305214207619429,-0.0023472309112548,0.0240211263298988,1.34070301055908,1.35828816890717,0.0353690311312676,1.38784146308899,1.70323181152344,0.413421809673309,0.487320452928543,0.0811237612847288,0.0719502791762352,0.0336812734603882,0.0333746454076845,0.0338709950447083,0.0072449909678281,0.964646339416504,0.102917216718197,0.027595354244113,0.129569530487061,4.99777117061392,25923.548828125,35764.36328125,42253.24609375,23730.6796875,43579.80078125,0.136232495307922,229023.5625,0.725131332874298,1.11603474617004,1
ECU,Ecuador,1964,,18456.369140625,44455.88671875,43918.7421875,44082.8828125,0.0030558735597878,56959.8359375,0.335189014673233,0.0834852531552315,0.589787125587463,-0.0317681767046452,0.0016928709810599,0.0216139070689678,1.35947370529175,1.38201534748077,0.0356546901166439,1.41905009746552,1.71462845802307,0.423393607139587,0.487320452928543,0.0841530098572449,0.0741830393671989,0.0352228842675686,0.0341541248416835,0.0350917316973209,0.0075660987611865,1.00992107391357,0.108152158558369,0.0288113839924335,0.136356949806213,5.1484892972105,28234.451171875,38840.0546875,45065.140625,25488.466796875,46909.90234375,0.14255927503109,239109.796875,0.748505711555481,1.1648017168045,1
ECU,Ecuador,1965,,19137.099609375,45506.8984375,44902.9609375,45285.3125,0.0030191694386303,59171.55078125,0.334494531154633,0.0880950093269348,0.582303524017334,-0.031555563211441,0.0065582930110395,0.0201041642576456,1.33219492435455,1.34303021430969,0.0359423495829105,1.45095431804657,1.72462594509125,0.419422000646591,0.487320452928543,0.0879188558407891,0.0767916068434715,0.0368784368038178,0.0345417153899127,0.0365670695900917,0.0079126386079459,0.995733559131622,0.115427881479263,0.0299220141023397,0.144783586263657,5.30402478985753,29044.54296875,39930.9921875,46254.30078125,26323.23828125,48398.10546875,0.148656100034714,249059.09375,0.742598295211792,1.15039110183716,1
ECU,Ecuador,1966,,19705.583984375,47009.66796875,46691.39453125,47108.41015625,0.0029919452499598,61955.0859375,0.331540942192078,0.0867619588971138,0.579601049423218,-0.0307690873742104,0.0139894904568791,0.0188756808638573,1.3116512298584,1.30887460708618,0.0360187031328678,1.48659360408783,1.73468172550201,0.369343310594559,0.487320452928543,0.0910931651911412,0.0794543325901032,0.0386751033365727,0.0349792159851066,0.0383327417075634,0.0092443885344207,1.00923025608063,0.122082762420177,0.0349610969424248,0.156753271818161,5.46452046952222,29866.470703125,41141.125,48223.3125,26966.4453125,50430.47265625,0.155092477798462,259426.25,0.731964945793152,1.14041662216187,1
ECU,Ecuador,1967,,20988.421875,53296.15625,52288.8515625,52993.4921875,0.003015455789864,65831.2578125,0.313699632883072,0.0823569744825363,0.609654724597931,-0.0318120010197163,0.0081764608621597,0.0179241895675659,1.42735934257507,1.43284213542938,0.0363279543817043,1.52310538291931,1.74479615688324,0.353523552417755,0.487320452928543,0.095344465398178,0.0827590748667717,0.0385729297995567,0.0348210365810996,0.0380600318312645,0.0098678014492782,1.0783725976944,0.126507624983788,0.0383767187595367,0.166259497404099,5.63012063974242,31784.556640625,44470.5390625,53940.8828125,28818.19921875,56665.5078125,0.164052754640579,273190.125,0.75321638584137,1.18698728084564,1
ECU,Ecuador,1968,,22600.1875,56605.765625,54670.859375,55344.171875,0.0030413507483899,69530.3046875,0.316995620727539,0.0913615301251411,0.614438235759735,-0.0351394675672054,-0.0091023538261652,0.0214464124292135,1.41211771965027,1.43548011779785,0.0368920303881168,1.56051564216614,1.75496959686279,0.332115948200226,0.487320452928543,0.0980928743889341,0.0844679921865463,0.0400702059268951,0.0371939609972317,0.0395827181637287,0.0105633323299292,1.0737715959549,0.129971906542778,0.041804663836956,0.164434611797333,5.80060785683098,33780.60546875,47220.72265625,56455.09375,29979.50390625,59199.6328125,0.17331063747406,287328.6875,0.751393556594849,1.20863842964172,1
ECU,Ecuador,1969,,23794.7890625,56418.49609375,54288.29296875,55336.70703125,0.0030283499509096,72375.21875,0.329383879899979,0.100616216659546,0.589549124240875,-0.0308271646499634,-0.0031933903228491,0.0144713707268238,1.36688876152039,1.3850245475769,0.037260539829731,1.59883248806,1.76520228385925,0.306470453739166,0.487320452928543,0.103693484714059,0.0890676975250244,0.0443742945790291,0.0411877641430541,0.0435335710644722,0.0117762155857516,1.12555706501007,0.140315607190132,0.0474780350923538,0.190469175577164,5.97576863062235,35483.65234375,48851.625,55879.83203125,30678.77734375,59009.69140625,0.180748328566551,299306.90625,0.74137270450592,1.20558619499207,1
EGY,Egypt,1955,,21335.921875,21736.845703125,21592.177734375,21628.947265625,0.000421162112616,5824.7041015625,0.763067007064819,0.223385140299797,0.0185364689677954,-0.115331426262856,0.0593728572130203,0.0509699694812298,1.31317973136902,1.31905508041382,0.0513240061700344,6.13768529891968,1.08842027187347,0.404750794172287,0.392437189817429,0.148859290451241,0.138391375541687,0.159335613250732,0.10263374268105,0.159064754843712,1.27392177897472,31.2821750640869,0.172409653663635,0.78801703453064,0.18391989171505,24.6015655959145,61393.390625,60565.3828125,23235.673828125,63123.44921875,24121.486328125,0.0198620595037937,63209.14453125,0.927789747714996,0.892317831516266,0.348242026214203
EGY,Egypt,1956,,21910.927734375,22241.96484375,22311.84375,22295.193359375,0.0004120215598959,5935.35791015625,0.756231904029846,0.226532697677612,0.0148479091003537,-0.103874020278454,0.0610751286149025,0.0451863221824169,1.32662177085876,1.32825171947479,0.0523780211806297,6.24899339675903,1.09310781955719,0.380756914615631,0.392437189817429,0.154155323684455,0.142771452665329,0.160806059837341,0.104768777310399,0.160926148295403,1.35449411316821,32.7690353393555,0.179739743471146,0.850395798683167,0.206826105713844,25.1896899654792,63401.08984375,60556.66015625,24149.048828125,64253.6640625,25016.484375,0.0202913619577885,64504.04296875,0.926797986030579,0.875558972358704,0.348242026214203
EGY,Egypt,1957,,23393.07421875,23750.376953125,23378.1015625,23393.619140625,0.0004060248902533,6056.45068359375,0.787189364433289,0.212787359952927,0.0152734769508243,-0.115761041641235,0.055437233299017,0.0450735650956631,1.37839472293854,1.40883016586304,0.0529207922518253,6.36211204528809,1.09781539440155,0.388208240270615,0.392437189817429,0.155779396924804,0.144869133830071,0.163325294852257,0.104507532093289,0.163216963410378,1.3716766467018,33.3781547546387,0.183102279901505,0.870696246623993,0.211847692728043,25.7918744328167,68279.203125,65168.97265625,25340.873046875,67244.640625,26332.92578125,0.0207966659218073,66020.6015625,0.952442407608032,0.925248086452484,0.348140668512396
EGY,Egypt,1958,,23269.51953125,23651.05859375,23802.384765625,24013.384765625,0.0003998688189312,6213.716796875,0.762567937374115,0.206455007195473,0.0158885773271322,-0.0985614508390427,0.0649234130978584,0.048726499080658,1.40104949474335,1.37648844718933,0.053572703152895,6.4770655632019,1.10254335403442,0.389354735612869,0.392437189817429,0.159249608888509,0.147807165980339,0.168154403567314,0.10554306134222,0.166676864027977,1.40910470769289,34.7313194274902,0.198554694652557,0.885917067527771,0.201292276382446,26.4084553544908,67637.2421875,65282.515625,25684.048828125,73633.3828125,26814.28125,0.0213922001421452,67803.421875,1.02326488494873,0.909382224082947,0.348140668512396
EGY,Egypt,1959,,25137.71484375,25597.8671875,26033.4609375,25968.970703125,0.0003946082724723,6464.27734375,0.723579525947571,0.244410902261734,0.017719304189086,-0.102449744939804,0.0674095004796982,0.0493304952979088,1.47400271892548,1.44979405403137,0.0545942895114422,6.59387922286987,1.10729169845581,0.540547430515289,0.392437189817429,0.164449634322136,0.150360122323036,0.167499661445618,0.108648045982064,0.167915642261505,1.10381885321848,34.751636505127,0.182478815317154,0.689666390419006,0.206472098827362,27.0397769550554,72100.984375,70756.9765625,28121.541015625,76719.4296875,28965.9140625,0.0223157275468111,70553.015625,1.02482497692108,0.947435855865479,0.348140668512396
EGY,Egypt,1960,,26411.4375,26867.619140625,26982.712890625,26983.869140625,0.0003936699067708,6656.71044921875,0.715918958187103,0.262867152690887,0.01690573990345,-0.109153665602207,0.0592873990535736,0.0541744232177734,1.50195562839508,1.4968786239624,0.0556986220180988,6.71258163452148,1.11206042766571,0.405186951160431,0.392437189817429,0.163021238444711,0.148547381162643,0.171003103256226,0.109127791477735,0.170995771884918,1.47111543262897,36.1695365905762,0.17533715069294,0.91603285074234,0.179608359932899,27.686187393059,74822.03125,73067.828125,28989.611328125,82594.953125,30296.947265625,0.0231558028608561,73080.6796875,1.07340788841248,0.951861500740051,0.348242026214203
EGY,Egypt,1961,,28260.771484375,28804.294921875,28220.265625,28374.625,0.000396846269723,6961.9697265625,0.729951560497284,0.266035914421082,0.0191552620381117,-0.106436096131802,0.0440132990479469,0.0472800508141518,1.57066524028778,1.59726524353027,0.0568188950419426,6.44742298126221,1.11806833744049,0.405475705862045,0.392437189817429,0.161584523836429,0.146889269351959,0.171905860304832,0.106568326173738,0.170970678329468,1.47265560038675,36.0827102661133,0.184090808033943,0.917703807353973,0.180427312850952,28.3835883059593,80044.3828125,79494.3359375,30250.837890625,86666.703125,31728.275390625,0.024351991713047,76630.75,1.11073470115662,1.02124643325806,0.348242026214203
EGY,Egypt,1962,,30271.912109375,30891.2109375,29639.94140625,29991.45703125,0.0004028529219795,7359.9853515625,0.723828136920929,0.285522997379303,0.0206492003053427,-0.106299802660942,0.0353734791278839,0.040925957262516,1.56286084651947,1.61231899261475,0.0580783896148205,6.55081558227539,1.12410867214203,0.412411719560623,0.392437189817429,0.143346661218542,0.128505036234856,0.151636466383934,0.0908800733481194,0.149859204888344,1.28232085152738,30.2759952545166,0.179330810904503,0.790266871452332,0.181678920984268,29.0543777103584,85105.265625,85658.7578125,31729.28515625,88421.9140625,33307.015625,0.0258292388170958,81051.8046875,1.079993724823,1.048743724823,0.404489113415452
EGY,Egypt,1963,,32644.8984375,33396.40234375,31797.16015625,32184.22265625,0.0004166341677773,7900.60693359375,0.691611289978027,0.322702407836914,0.0233501177281141,-0.120058864355087,0.0331295169889927,0.0492655262351036,1.57542514801025,1.64167845249176,0.0594711191952229,6.72188901901245,1.1301816701889,0.422834128141403,0.392437189817429,0.138281268844531,0.122539781033993,0.147093743085861,0.0888028436855119,0.14532470703125,1.21370133861293,28.6560306549072,0.170336902141571,0.746928453445435,0.169018417596817,29.721978611891,90589.0390625,93347.1171875,34058.83203125,91310.7109375,35646.625,0.0278320480138063,86999.9375,1.05527591705322,1.08138787746429,0.434782608884688
EGY,Egypt,1964,,36698.60546875,37520.3984375,36320.01171875,36659.328125,0.0004169167950749,8489.234375,0.709711909294128,0.291359513998032,0.0224169734865427,-0.106094270944595,0.03713284060359,0.0454730316996574,1.67868316173553,1.73194622993469,0.0609516724944115,6.79791212081909,1.13628733158112,0.432495474815369,0.392437189817429,0.131749274232763,0.12259865552187,0.147722393274307,0.100309011547449,0.146355077624321,1.26966968702337,30.4253883361816,0.176289349794388,0.779390931129456,0.185420498251915,30.4566619944589,102839.0390625,105277.09375,38903.0859375,107205.8984375,40557.76953125,0.0300155486911535,93490.6875,1.17346441745758,1.15510487556458,0.434782608884688
EGY,Egypt,1965,,38634.0078125,39578.37890625,37727.90625,37832.72265625,0.0004353231342975,9207.58984375,0.706812620162964,0.314367085695267,0.0249617248773575,-0.133131593465805,0.0075353779830038,0.0794547274708748,1.61390399932861,1.69381511211395,0.0625034049153328,6.88783311843872,1.14242613315582,0.427903085947037,0.392437189817429,0.138736743734503,0.126580640673637,0.154378116130829,0.0992492367448501,0.153950437903404,1.29156846078879,28.7849216461182,0.185302257537842,0.784510672092438,0.200851202011108,31.2116349557238,107239.015625,112074.0234375,40176.73046875,112601.3046875,41671.3125,0.0326587446033955,101304.09375,1.15775012969971,1.15508162975311,0.434782608884688
EGY,Egypt,1966,,39001.9609375,39797.3359375,39383.95703125,39715.7265625,0.0004350146627984,9669.171875,0.674154937267304,0.30787318944931,0.0200267191976309,-0.147433266043663,0.0668777823448181,0.0785006284713745,1.58480763435364,1.5880309343338,0.0634579434990883,7.18150281906128,1.14859807491303,0.410626232624054,0.392437189817429,0.142884242987608,0.128762513399124,0.152674898505211,0.0978399340339784,0.151399523019791,1.32524067429464,27.3907489776611,0.182814225554466,0.798866450786591,0.194119781255722,31.9554235694878,107471.1875,108897.0625,41650.96875,112262.28125,43241.9921875,0.034359335899353,106449.6875,1.09677231311798,1.06643676757813,0.434782608884688
EGY,Egypt,1967,,42142.421875,42852.2734375,40836.24609375,40614.73828125,0.0004299792344681,10019.0693359375,0.683860242366791,0.3537537753582,0.0174777247011662,-0.10717111825943,-0.0125780636444688,0.06465744972229,1.61843252182007,1.70441865921021,0.0630788430571556,7.0305027961731,1.15480327606201,0.408327490091324,0.392437189817429,0.148688820695303,0.130685269832611,0.15034955739975,0.0958816418240869,0.151169538497925,1.31777575306079,27.2819728851318,0.181954249739647,0.792519867420197,0.215576469898224,32.6719594335819,114505.4140625,112804.328125,42948.98828125,111283.9375,43993.2890625,0.0354650728404522,110040.78125,1.07805287837982,1.09539210796356,0.434782608884688
EGY,Egypt,1968,,45392.51171875,46057.83984375,45042.7421875,44458.48828125,0.0004200994153507,10296.70703125,0.643537938594818,0.377470910549164,0.0149651858955622,-0.0821332782506943,-0.0157612487673759,0.0619204789400101,1.70776009559631,1.75838124752045,0.0621114820241928,7.19767045974731,1.16104209423065,0.432628035545349,0.392437189817429,0.147997208823536,0.128066182136536,0.145101621747017,0.0940864374025553,0.147008493542671,1.30735468130857,27.4847068786621,0.182378187775612,0.781813442707062,0.225827127695084,33.34918288664,121366.9375,117622.3359375,47101.81640625,117396.140625,47774.6953125,0.036329697817564,112890.4296875,1.10888814926147,1.11367881298065,0.434782608884688
EGY,Egypt,1969,,48874.671875,49709.97265625,48130.2109375,47410.15625,0.0004237660323269,10787.2705078125,0.633374214172363,0.397516071796417,0.0176186412572861,-0.068202555179596,-0.0477344803512096,0.0674280673265457,1.75573921203613,1.82956659793854,0.0615454502403736,7.36336708068848,1.16731464862823,0.435286462306976,0.392437189817429,0.151349359154232,0.12892273068428,0.14963786303997,0.0931897179182687,0.151910528540611,1.36170792038451,28.4979915618897,0.197197675704956,0.818036675453186,0.233057945966721,33.9971983945628,129971.0625,128695.4296875,50296.77734375,126971.296875,50998.578125,0.0379961617290974,118037.0625,1.15400564670563,1.17247021198273,0.434782608884688
ESP,Spain,1955,2191.84,143340.09375,173566.546875,168626.625,169990.328125,0.0340776070952416,463112,0.749115407466888,0.0941095948219299,0.177812814712524,-0.039003174751997,0.0029033413156867,0.0150620387867093,0.638304352760315,0.651399254798889,0.0296623725444078,12.0185203552246,1.86857318878174,0.104455411434174,0.666634202003479,0.0645851658773628,0.0646186247467995,0.0690386444330216,0.0648849799481324,0.0684848055243492,0.0899992713645093,0.717821002006531,0.0929841548204422,0.0555917657911778,0.0943815037608147,29.2635654258107,178002.78125,232073.65625,167162.46875,230505.6875,170795.65625,0.0466662123799324,907008.25,0.5216184258461,0.516349852085114,0.234034118807078
ESP,Spain,1956,2175.73,152638.296875,186581.28125,180424.84375,181730.296875,0.0351196192204952,493200,0.745090842247009,0.0948257967829704,0.186776697635651,-0.0439289323985577,0.0022844620980322,0.0149511443451047,0.657237589359283,0.67722749710083,0.0301148965954781,12.2020425796509,1.88297069072723,0.100126504898071,0.666634202003479,0.0686440894073003,0.0689117759466171,0.0743812918663025,0.0710151236026623,0.0738469809293747,0.0989771850107453,0.789016127586365,0.0958299338817596,0.0615883655846119,0.101745061576366,29.5234723040895,191030.75,250925.796875,179597.953125,248329.109375,183290.375,0.0499079525470734,962620,0.543878316879273,0.540339052677155,0.234094215189601
ESP,Spain,1957,2160.69,157732.390625,194056.828125,188631.609375,189268.796875,0.0363947637379169,520171.6875,0.736379086971283,0.0969986021518707,0.191919833421707,-0.043787244707346,0.0029614181257784,0.0155282597988844,0.655283510684967,0.676380455493927,0.0306498501449823,12.3832120895386,1.8974791765213,0.094145692884922,0.666634202003479,0.0712133606956516,0.0717067644000053,0.0780433639883995,0.0754525282581758,0.0777806267142296,0.105558910389319,0.787759602069855,0.0935638397932053,0.0656087324023247,0.104938738048077,29.7854504720672,198043.265625,261675.078125,187976.75,259268.046875,191135.296875,0.0534076653420925,1020694.4375,0.549452185630798,0.545243144035339,0.249059406530537
ESP,Spain,1958,2146.08,163501.25,203183.71875,196860.234375,197807.65625,0.0375228971242905,551829.75,0.73539012670517,0.0911767408251762,0.200611367821693,-0.0462116859853268,0.0026103158015757,0.0164231322705746,0.662481904029846,0.67879980802536,0.0311789829283953,12.6167993545532,1.91209936141968,0.0968547761440277,0.666634202003479,0.0792614595519864,0.0786486715078354,0.0849557369947434,0.0737061739696869,0.084548830986023,0.110942386197944,0.848583042621613,0.103186048567295,0.0682024210691452,0.111540630459785,30.0495265823686,204557.515625,274894.6875,195994.125,270580.90625,199061.640625,0.0572361387312412,1085497.25,0.553078293800354,0.552462458610535,0.252365020493646
ESP,Spain,1959,2135.55,166169.375,197390.15625,192571.40625,193540.265625,0.0369573086500168,571120.3125,0.762281715869904,0.096296064555645,0.161314100027084,-0.049748819321394,0.0086450139060616,0.0212118905037642,0.635548233985901,0.646787285804749,0.0313358940184116,12.4666223526001,1.92683231830597,0.0879140719771385,0.666634202003479,0.0699101223736378,0.0694587379693985,0.0737438052892685,0.0658855637854941,0.0733746439218521,0.0965506100895975,0.663044095039368,0.0905656963586807,0.0602554976940155,0.0959436595439911,30.3157139613061,208150.46875,264045.125,192181.84375,263226.59375,195057.234375,0.05920684710145,1121714.375,0.535287201404572,0.527937054634094,0.306456115902742
ESP,Spain,1960,2126.31,178351.78125,213632.078125,214453.796875,215448.265625,0.0372071750462055,595812.6875,0.717616617679596,0.110200569033623,0.163752987980843,-0.050164133310318,0.0238048322498798,0.0347891338169575,0.69447523355484,0.689262688159943,0.0313788652420044,12.3279142379761,1.94167864322662,0.0992032289505005,0.666634202003479,0.0554223567537412,0.0541281476616859,0.057666577398777,0.0457003811395906,0.057400394231081,0.0755543179100083,0.562790334224701,0.0741849169135094,0.0459562279284,0.074016161262989,30.583519535321,221225.359375,284817.125,213017.28125,293869.1875,217251.5,0.0619659386575222,1168611.875,0.591683268547058,0.563830137252808,0.360607262990877
ESP,Spain,1961,2108.09,197047.046875,242528.734375,238223.125,240520.4375,0.0385002717375755,631995.125,0.712815701961517,0.106437169015408,0.189096957445145,-0.0609162002801895,0.0198600236326456,0.0327063910663128,0.74415248632431,0.751690983772278,0.0317149423062801,12.534966468811,1.95259690284729,0.106875784695148,0.666634202003479,0.0564350993965244,0.0552811026573181,0.0596874915063381,0.047552718271229,0.059117391705513,0.0787779456208068,0.598140180110931,0.0781596526503563,0.0462554842233658,0.0770074799656868,30.8457318656451,244807.734375,326659.5,236826.859375,331634.75,242539.515625,0.0665222927927971,1243904.625,0.646202743053436,0.625822305679321,0.360607262990877
ESP,Spain,1962,2090.92,213942.53125,268938,260973.078125,264789.03125,0.0406423173844814,680663.1875,0.704689204692841,0.10328434407711,0.20769539475441,-0.0678412169218063,0.0198157615959644,0.0323565043509007,0.774036705493927,0.787421345710754,0.0321865566074848,12.6138048171997,1.96357643604279,0.106405295431614,0.666634202003479,0.0594118695606688,0.0583555400371552,0.0636065676808357,0.051148394590149,0.062689907848835,0.0840340354653137,0.608153164386749,0.0874882563948631,0.0507960952818394,0.085910364985466,31.0994191635503,265636.75,365618.59375,259835.9375,367128.21875,266100.78125,0.0730986818671227,1344088.75,0.691523432731628,0.677117943763733,0.360607262990877
ESP,Spain,1963,2074.02,236966.71875,297753,285537.0625,289735.03125,0.0423133298754692,734074.125,0.713746070861816,0.104127816855907,0.209799543023109,-0.0754156038165093,0.0193320978432894,0.0284100510179997,0.810211896896362,0.83615654706955,0.0325178578495979,12.6978893280029,1.97461771965027,0.107784919440746,0.666634202003479,0.0643981389734233,0.0634086951613426,0.0687753632664681,0.0566265420271608,0.0677788853645325,0.089696565753717,0.650034606456757,0.0894749090075493,0.0557655245065689,0.0893262773752213,31.3706819637539,294890.8125,405556.3125,284859.6875,403985.75,291592.34375,0.0803886204957962,1453337,0.735181868076325,0.725649356842041,0.360607262990877
ESP,Spain,1964,2028.38,246050.203125,311274.8125,299845.9375,304225.21875,0.0424899123609066,791818.375,0.707329034805298,0.101447470486164,0.214395776391029,-0.0778994783759117,0.0205925088375807,0.0341347083449364,0.834286153316498,0.860491096973419,0.0325592420995235,12.7648706436157,1.9857212305069,0.10546813160181,0.666634202003479,0.0687728520161529,0.067770428955555,0.0732545554637909,0.0607811926153466,0.0722000598907471,0.0939426149269304,0.670610010623932,0.0946851745247841,0.0589471347630024,0.09190583974123,31.6811241224169,307019.4375,425914.375,299845.65625,425763.84375,306598.96875,0.0874813795089722,1568090.875,0.759016931056976,0.746537923812866,0.360607262990877
ESP,Spain,1965,2020.67,261719.359375,336659.71875,316848.75,321859.8125,0.0444479025900364,858566.875,0.711359798908234,0.101787254214287,0.232835441827774,-0.0945539847016335,0.0173110421746969,0.0312604792416096,0.835909247398377,0.877165615558624,0.0325945802032948,12.8620481491089,1.99688708782196,0.105705425143242,0.666634202003479,0.0758640419756241,0.0748790577054024,0.0805245861411095,0.0679953344517642,0.0792708918452263,0.100240841968131,0.677621841430664,0.0986894071102142,0.0633920431137085,0.0960574150085449,32.024126269794,325881.5625,463157.3125,316904.59375,456325.46875,323888.96875,0.096320666372776,1706229.5,0.782897412776947,0.781278014183044,0.360607262990877
ESP,Spain,1966,2022.06,280163.75,363716.0625,343374.09375,346918.96875,0.0457813590764999,933628.3125,0.709729015827179,0.0978478938341141,0.24084098637104,-0.101924531161785,0.0189675949513912,0.0345390290021896,0.848081946372986,0.88912558555603,0.032837525010109,12.984715461731,2.00811553001404,0.108422473073006,0.666634202003479,0.0812038532822683,0.0809302404522896,0.0864667892456055,0.078945626033663,0.0855832546949387,0.105031686057822,0.705145597457886,0.101135931909084,0.066800020635128,0.104659840464592,32.3909006547359,348021.59375,501681.59375,343297.0625,491903.5625,348300.03125,0.106617540121078,1862722.75,0.807300269603729,0.809524893760681,0.360607262990877
ESP,Spain,1967,2030.89,296300.25,380266.21875,363716.40625,365418.84375,0.0462348870933056,1004190.75,0.713700473308563,0.0971505865454674,0.229780033230782,-0.0907681435346603,0.0182992294430733,0.0318378806114197,0.864479422569275,0.897931039333344,0.0328883565962315,13.0715503692627,2.01940751075745,0.105029687285423,0.666634202003479,0.0832497802944311,0.084055207669735,0.089543379843235,0.0899721482830446,0.0891261994838715,0.108910104200048,0.738468050956726,0.104108974337578,0.069994181394577,0.118205972015858,32.7884473987712,367626.65625,522765.59375,363313.34375,511838.75,365695.625,0.115481041371822,2011165.75,0.808931708335877,0.812330186367035,0.370624151275505
ESP,Spain,1968,1993.21,312517.40625,402193.5625,389486.5625,391535.1875,0.0470520257949829,1082655.75,0.704361379146576,0.0938233286142349,0.229037284851074,-0.0864094123244286,0.0262627750635147,0.0329246446490288,0.892318367958069,0.911006510257721,0.0325290337204933,13.1647262573242,2.03076267242432,0.105472356081009,0.666634202003479,0.0776773010633599,0.0783772617578507,0.0834035500884056,0.0836320945995501,0.0829671546816826,0.100919923484778,0.669228792190552,0.103514447808266,0.0649356171488762,0.123277522623539,33.1767418744822,386848.84375,552886.5,388774.375,543811.8125,391012.21875,0.124335899949074,2169864.75,0.841924607753754,0.841603338718414,0.420708473489356
ESP,Spain,1969,1984.97,333415.09375,438296.9375,425511.59375,427568.34375,0.049084085971117,1176693.875,0.68849915266037,0.0912945494055748,0.245298445224762,-0.0901945009827614,0.0319240614771843,0.0331782698631287,0.935723960399628,0.953293561935425,0.0322443582117558,13.2878074645996,2.04218173027039,0.103722535073757,0.666634202003479,0.0800468430629544,0.0812676474452019,0.0872758030891419,0.0904743648149163,0.0868559777736664,0.106375490730428,0.696106255054474,0.108949758112431,0.0690273940563202,0.133946463465691,33.5029128892965,414550.4375,606014.3125,425610.03125,595383.25,427223.6875,0.135881245136261,2362908.75,0.888479351997376,0.889161288738251,0.420708473489356
ETH,Ethiopia,1955,,10517.8359375,10976.076171875,11029.736328125,11161.9755859375,,5943.10888671875,0.815834403038025,0.126457199454308,0.0410536453127861,-0.0415022373199463,0.0107705909758806,0.0473863705992699,,,0.035352285951376,8.44728469848633,,,,0.105702706651492,0.0968588963150978,0.0993263646960259,0.0398033595595455,0.0981496274471283,0.155961573837277,,0.117736622691154,0.151199460029602,0.0908849984407425,20.80652075227,16354.0517578125,14116.33203125,11246.638671875,16180.6357421875,11701.40625,,15815.8056640625,,,2.48446989208516
ETH,Ethiopia,1956,,11157.3203125,11568.33203125,11513.7490234375,11639.275390625,,6138.18798828125,0.828332662582398,0.130259647965431,0.0353124625980854,-0.0408424139022827,0.0112654259428382,0.03567223995924,,,0.0352427698671818,8.58558559417725,,,,0.107195129997549,0.0979626923799515,0.0997240170836449,0.0392528099753041,0.0986485183238983,0.147536850460035,,0.115915395319462,0.145114347338676,0.0884524062275887,21.189769634944,17478.478515625,14920.3623046875,11818.4296875,16523.83203125,12287.1171875,,16350.3525390625,,,2.48446989208516
ETH,Ethiopia,1957,,10903.0517578125,11379.580078125,11421.31640625,11510.8134765625,,6387.6015625,0.804568111896515,0.142632678151131,0.0413982793688774,-0.0451386235654354,0.0101298438385129,0.046409722417593,,,0.0350868403911591,8.72906398773193,,,,0.106669781369414,0.096637949347496,0.0989095792174339,0.0400500050331996,0.0981405600905418,0.150885041648276,,0.115792870521545,0.14974670112133,0.0989279821515083,21.587385500666,16973.767578125,14632.54296875,11750.708984375,16569.076171875,12185.3798828125,,17032.943359375,,,2.48446989208516
ETH,Ethiopia,1958,,11026.34375,11831.5654296875,11506.1748046875,11637.40625,,6996.54150390625,0.808720111846924,0.138771414756775,0.0691925063729286,-0.0463328026235104,-0.0079634170979261,0.0376121699810028,,,0.0355381406843662,8.87791347503662,,,,0.100123059797503,0.0919884219765663,0.0965275317430496,0.0445820927483564,0.0954390093684197,0.158684003517876,,0.128787755966187,0.155130878090858,0.107096657156944,21.9999097506309,17158.849609375,15471.375,11799.6650390625,18042.64453125,12259.0498046875,,18573.767578125,,,2.48446989208516
ETH,Ethiopia,1959,,11919.0927734375,12430.2861328125,12299.89453125,12436.9296875,,7252.01611328125,0.807234048843384,0.151128888130188,0.0411028824746609,-0.0430504269897938,0.0061441026628017,0.0374404564499855,,,0.0358231440186501,9.03175354003906,,,,0.105544248178792,0.093977764248848,0.0969846248626709,0.032196973537296,0.0959160104393959,0.167093094017964,,0.14172725379467,0.162452161312103,0.120065070688725,22.4264797522679,18431.54296875,15860.7158203125,12633.224609375,17655.81640625,13109.8134765625,,19278.6875,,,2.49448800236644
ETH,Ethiopia,1960,,12282.13671875,13058.6015625,12942.3720703125,12960.34765625,,7801.8076171875,0.78728312253952,0.160387188196182,0.0599107965826988,-0.0488479994237423,-0.0013138353824615,0.0425807535648346,,,0.0359021499752998,9.19073295593262,1.01587605476379,,,0.101288044613346,0.0905497893691063,0.0948509871959686,0.0378395563105518,0.0947194248437882,0.162887406081606,,0.117680594325066,0.156583711504936,0.11794713139534,22.8676044227005,18683.560546875,16656.763671875,13212.90625,19500.962890625,13667.1298828125,,20687.646484375,,,2.48446989208516
ETH,Ethiopia,1961,,12805.6318359375,13634.0380859375,13471.060546875,13483.7861328125,,8387.85546875,0.788621544837952,0.161084413528442,0.0614372454583645,-0.0508207567036152,-0.0029287857469171,0.0426063314080238,,,0.0362884365022182,9.34762477874756,1.01590895652771,,,0.101478661182696,0.0906036496162415,0.0952645912766457,0.0373628319587129,0.0951747000217438,0.167314195408659,,0.116516597568989,0.160114735364914,0.118497639894485,23.3219320636115,19513.158203125,17438.29296875,13751.7548828125,20319.294921875,14211.3359375,,22182.236328125,,,2.48446989208516
ETH,Ethiopia,1962,,13376.06640625,14260.1123046875,13938.5234375,14087.162109375,,9008.3505859375,0.786437749862671,0.1630839407444,0.0627554059028626,-0.0558859184384346,-0.0056706964969635,0.0492795221507549,,,0.0365855395793915,9.56373023986816,1.01594185829163,,,0.101974742074287,0.0909005925059319,0.0954102203249931,0.0374978353096766,0.0944035202264786,0.163643308116728,,0.131414815783501,0.154597923159599,0.115697279572487,23.7917257319965,20336.126953125,18242.212890625,14223.490234375,21029.591796875,14781.2724609375,,23794.08203125,,,2.48446989208516
ETH,Ethiopia,1963,,13768.1484375,14695.583984375,14339.0537109375,14458.34375,,9648.607421875,0.787012338638306,0.165250837802887,0.0641453638672829,-0.0455780550837517,-0.0220074243843555,0.051176942884922,,,0.0367272906005383,9.77419853210449,1.01597476005554,,,0.1010651367501,0.0915671959519386,0.0965464264154434,0.0463329540171656,0.0957498624920845,0.170465100744635,,0.133070170879364,0.160668045282364,0.113166868686676,24.2783461495259,20959.984375,18840.875,14656.98046875,21826.13671875,15167.603515625,,25465.787109375,,,2.48446989208516
ETH,Ethiopia,1964,,14720.3642578125,15627.9150390625,15371.8349609375,15346.7060546875,,10235.306640625,0.790445387363434,0.168741822242737,0.0591365247964859,-0.0493541322648525,-0.0138456057757139,0.0448759868741035,,,0.0366325974464417,10.0154800415039,1.01600778102875,,,0.102928103564597,0.0930810645222664,0.0982247814536095,0.046954120184264,0.0983856096863747,0.181655249826604,,0.134107291698456,0.17088608443737,0.141321629285812,24.7823473500894,22440.078125,19978.75390625,15739.775390625,22535.662109375,16125.0087890625,,27026.197265625,,,2.5000000015
ETH,Ethiopia,1965,,15937.4736328125,16915.8125,16490.271484375,16512.755859375,,10894.595703125,0.792087316513062,0.173074021935463,0.0592474266886711,-0.0569611303508282,-0.0120942583307624,0.0446466319262981,,,0.0363921672105789,10.2673482894897,1.01604068279266,,,0.106624370034591,0.0965610519051552,0.102020137012005,0.0505054507272517,0.101881220936775,0.19095051469718,,0.139785304665566,0.177831530570984,0.147052735090256,25.300766064479,24205.556640625,21571.09765625,16838.33203125,23929.421875,17297.7734375,,28754.173828125,,,2.5000000015
ETH,Ethiopia,1966,,16602.76171875,17678.326171875,17061.9609375,17184.201171875,,11633.2978515625,0.7880579829216,0.178106293082237,0.0625903308391571,-0.0542357303202152,-0.0137988394126296,0.0392799749970436,,,0.0361201763153076,10.5241260528564,1.01607358455658,,,0.105584490265113,0.0958606973290443,0.101837657392025,0.0528363026662187,0.101113229990006,0.194099903745818,,0.147594779729843,0.179364413022995,0.146319597959518,25.8377422071668,25088.69140625,22526.166015625,17360.875,25074.88671875,17916.263671875,,30721.3671875,,,2.5000000015
ETH,Ethiopia,1967,,16527.921875,17813.28125,17268.7265625,17493.267578125,,12579.2998046875,0.759819746017456,0.184996396303177,0.0734774246811867,-0.0527787953615189,-0.0087818875908851,0.0432671494781971,,,0.035899180918932,10.784031867981,1.0161064863205,,,0.112876644496424,0.100784584879875,0.106899321079254,0.051119911124137,0.10552717000246,0.185526139488015,,0.154986143112183,0.17135126888752,0.133565574884415,26.3604975451293,24792.87109375,22777.390625,17527.865234375,26637.0546875,18181.015625,,33204.70703125,,,2.5000000015
ETH,Ethiopia,1968,,17308.435546875,18623.5703125,18104.08203125,18384.982421875,,13524.779296875,0.753801345825195,0.187642931938171,0.0715331509709358,-0.0487237945199013,-0.0089202774688601,0.0446666441857815,,,0.0357047319412231,11.0612659454346,1.0161395072937,,,0.115525094058721,0.102511331439018,0.108747221529484,0.050232281007532,0.107085704803467,0.190817484617324,,0.162027522921562,0.175483554601669,0.129337042570114,26.9196440667573,25862.677734375,23714.703125,18324.1484375,27981.646484375,19045.130859375,,35698.3203125,,,2.5000000015
ETH,Ethiopia,1969,,18184.7578125,19438.927734375,19464.060546875,19513.640625,,14357.8984375,0.7483029961586,0.183596804738045,0.0642714276909828,-0.0514818206429482,0.0177776589989662,0.0375329181551933,,,0.0354979000985622,11.3381004333496,1.01617240905762,,,0.121365762295282,0.107530429959297,0.111952394247055,0.0511404581003402,0.111667945981026,0.176068373978705,,0.154579058289528,0.163188681006432,0.16297721862793,27.4031586460974,27352.419921875,24771.39453125,19748.369140625,28821.53515625,20256.240234375,,37896.1640625,,,2.5000000015
FIN,Finland,1955,1994.15,25591.76953125,40012.5703125,40302.453125,39312.78515625,0.0124391224235296,156268.53125,0.527941584587097,0.123036704957485,0.366822123527527,-0.164967328310013,-0.0180071443319321,0.165174022316933,0.594512939453125,0.604785740375519,0.0307589061558247,2.2072389125824,2.15905475616455,0.114552848041058,0.640154242515564,0.134499836706078,0.128568857908249,0.115152426064014,0.103119462684083,0.118051297962666,0.0913430439352934,0.846207678318024,0.0811948627233505,0.065093994140625,0.0991037860512734,4.23489813164394,36231.3515625,52318.0546875,40964.43359375,47223.07421875,40408.60546875,0.0894795060157776,185658.75,0.498281806707382,0.526459157466888,0.386882307586765
FIN,Finland,1956,1994.74,26469.548828125,41786.94140625,41083.66015625,40059.859375,0.01294104475528,167338.078125,0.535743236541748,0.125006690621376,0.382362574338913,-0.174910023808479,-0.0257015377283096,0.157499060034752,0.58439826965332,0.611802637577057,0.0313725881278515,2.2110390663147,2.16675877571106,0.109322458505631,0.640154242515564,0.148500120248695,0.142869710922241,0.125672399997711,0.118739334835071,0.128884181380272,0.0959542307874931,0.889222860336304,0.0863476619124413,0.0694148615002632,0.102916941046715,4.28169824758808,37742.1171875,54591.86328125,41730.73828125,48609.39453125,41144.4765625,0.0967159196734428,199118.453125,0.496977418661118,0.53227573633194,0.387050452290738
FIN,Finland,1957,1995.33,26082.1640625,41269.50390625,40948.96875,40391.38671875,0.0132874241098762,177101.984375,0.515504896640778,0.130230888724327,0.37600439786911,-0.169969260692596,-0.0234040655195713,0.17163310945034,0.569330632686615,0.585621654987335,0.0317371115088463,2.21208906173706,2.17449021339417,0.103662550449371,0.640154242515564,0.14952106310776,0.14201195538044,0.12313000112772,0.112287972853421,0.12482974678278,0.0907028302785362,0.797707319259644,0.0893080979585648,0.0663697049021721,0.099771149456501,4.32399797641615,37173.86328125,53750.55859375,41524.140625,48814.79296875,41496.70703125,0.102940425276756,211469.4375,0.486649125814438,0.511022210121155,0.431606504064609
FIN,Finland,1958,1995.91,25872.083984375,40401.51171875,40897.08984375,40630.22265625,0.0135302906855941,186113.03125,0.50036633014679,0.136403113603592,0.357601433992386,-0.142123207449913,-0.0163398832082748,0.164092198014259,0.562360107898712,0.557808220386505,0.0318874232470989,2.20942902565002,2.18224930763245,0.0940991342067719,0.640154242515564,0.128300055594815,0.120904870331287,0.106220722198486,0.0937771668634686,0.106918394565582,0.0800731418641679,0.659826636314392,0.0871756076812744,0.0580451041460037,0.0940466225147247,4.35979794080481,36595.1015625,52654.78125,41506.09375,48766.125,41585.89453125,0.108574338257313,222485.75,0.47612276673317,0.490264922380447,0.538205269395297
FIN,Finland,1959,1996.5,27670.15234375,43884.125,43869.421875,43633.30078125,0.0138636669144034,196999.53125,0.498095452785492,0.136056751012802,0.371596306562424,-0.1567352861166,-0.0210287515074015,0.172015503048897,0.576946616172791,0.579007029533386,0.0322453491389751,2.20597910881043,2.1900360584259,0.0958040058612824,0.640154242515564,0.13028914836009,0.123377166688442,0.107899948954582,0.0980728100740084,0.108483858406544,0.0814871423639964,0.635954201221466,0.0847346633672714,0.0586336031556129,0.0902583003044128,4.39469811387243,39180.33203125,57129.6796875,44663.90625,52346.359375,44710.765625,0.11564315110445,235389.25,0.498875349760056,0.519229829311371,0.538205269395297
FIN,Finland,1960,1997.09,29622.251953125,49137.28515625,48367.8203125,46928.46484375,0.0144911212846637,212003.296875,0.501833140850067,0.129388257861137,0.415846407413483,-0.198134630918503,-0.0282922945916653,0.179359152913094,0.595571756362915,0.624185383319855,0.0329628065228462,2.20219874382019,2.19785070419312,0.0951296240091324,0.640154242515564,0.130905780364181,0.125059947371483,0.109152056276798,0.102386829527339,0.112499877810478,0.0850051484057231,0.665881872177124,0.0778514444828033,0.0603950470685959,0.0937684923410416,4.4295978101031,41761.6640625,63269.08203125,49216.83984375,56768.3359375,49113.0546875,0.125362515449524,252323.890625,0.524812698364258,0.557804524898529,0.538205269395297
FIN,Finland,1961,1996.12,31803.44921875,53183.1171875,53294.9765625,51661.97265625,0.01507618278265,227244.234375,0.488920599222183,0.126685947179794,0.413837611675262,-0.188208520412445,-0.0077891866676509,0.166553527116776,0.622477650642395,0.641937136650085,0.0337598882615566,2.24409079551697,2.21825909614563,0.0977955758571625,0.640154242515564,0.135028695191568,0.129066750407219,0.112288154661655,0.106057733537975,0.115837521851063,0.0873290588981065,0.693942844867706,0.0811295062303543,0.0622733049094677,0.0985549464821816,4.46100181466733,44821.38671875,68377.078125,54237.2109375,61085.625,53993.75390625,0.135796934366226,270774.6875,0.539099633693695,0.575483441352844,0.538205269395297
FIN,Finland,1962,1989.34,33885.78515625,54620.265625,54045.64453125,53203.625,0.0154210962355137,241366.4375,0.503541946411133,0.133365511894226,0.389719307422638,-0.174437776207924,-0.0195416565984488,0.167352706193924,0.613537609577179,0.630880534648895,0.034306213259697,2.23486065864563,2.23885703086853,0.0912534818053246,0.640154242515564,0.140442481054546,0.134435757994652,0.118561901152134,0.111756479458651,0.120438292622566,0.092619681215428,0.667851269245148,0.0912500098347664,0.0655064433813095,0.101525075733662,4.49144117808557,47662.875,70950.5234375,55207.66796875,62907.05078125,55117.13671875,0.14503476023674,287432.3125,0.541584610939026,0.582525432109833,0.538205269395297
FIN,Finland,1963,1985.46,35518.390625,54695.890625,55225.2578125,53888.3671875,0.015427109785378,252485.734375,0.517444372177124,0.14166621863842,0.355874568223953,-0.242436736822128,0.0180651098489761,0.209386497735977,0.600423574447632,0.611999034881592,0.0344346351921558,2.24345850944519,2.25964641571045,0.0910604894161224,0.640154242515564,0.147943483193204,0.142087534070015,0.126008853316307,0.120698361406045,0.129134953022003,0.0962297171273486,0.681974112987518,0.0924939438700676,0.0684459358453751,0.101863905787468,4.52330723765249,49984.2421875,71843.9921875,56488.1328125,64973.484375,55727.703125,0.15170194208622,300949.1875,0.546493291854858,0.576277315616608,0.538205269395297
FIN,Finland,1964,2010.65,37169.96875,57897.78515625,57962.08984375,55630.8828125,0.0152212493121624,264991.78125,0.526816070079804,0.141337379813194,0.372595518827438,-0.281384468078613,0.0283390413969755,0.212296456098557,0.597739815711975,0.627106130123138,0.0344153083860874,2.24253106117249,2.28062868118286,0.0935656353831291,0.640154242515564,0.160278682318544,0.154515966773033,0.135415002703667,0.133036185320202,0.141089543700218,0.101162368913738,0.722069323062897,0.0961446985602379,0.0727787911891937,0.10933680832386,4.54854192578233,52422.5,76004.046875,59378.375,68656.71875,57508.51953125,0.159495636820793,316107.875,0.559425950050354,0.59059339761734,0.538205269395297
FIN,Finland,1965,2010.65,39339.48828125,63884.03125,61815.69140625,59089.203125,0.0153633141890168,282094.84375,0.523609817028046,0.142154589295387,0.415381193161011,-0.277387976646423,-0.0082483794540166,0.204490765929222,0.605462670326233,0.656703472137451,0.0346133857965469,2.26866006851196,2.3018057346344,0.0916439443826675,0.640154242515564,0.167136683992059,0.161214634776115,0.140422880649567,0.139401458346676,0.14690226316452,0.107098290072404,0.7199547290802,0.100401945412159,0.0767198204994202,0.118082009255886,4.56373013625288,55265.16796875,82996.0078125,63383.40234375,72022.2421875,61005.953125,0.170224398374558,336184.40625,0.56566858291626,0.621648609638214,0.538205269395297
FIN,Finland,1966,1986.43,40712.98828125,65012.4453125,63526.65234375,61284.81640625,0.0154255414381623,297692.375,0.517722964286804,0.146601259708405,0.396500468254089,-0.273236125707626,0.001341980183497,0.211069419980049,0.60293710231781,0.639597237110138,0.0348104164004326,2.27300882339478,2.32317972183228,0.0888906717300415,0.640154242515564,0.173282053586952,0.167362153530121,0.146491095423698,0.146455969843936,0.151849821209908,0.111522286883492,0.708064377307892,0.103744611144066,0.0793789029121399,0.116508826613426,4.58086717933027,56882.3203125,84664.046875,65133.53515625,74041.5625,62904.09375,0.180264204740524,355113.6875,0.570010006427765,0.621581733226776,0.538205269395297
FIN,Finland,1967,1969.96,41932.609375,65121.40625,65100.265625,63554.8125,0.0151613904163241,311162.375,0.509012281894684,0.150774225592613,0.364862948656082,-0.255424410104752,0.0169368665665388,0.213838070631027,0.6243616938591,0.6385617852211,0.0347104780375958,2.23123073577881,2.34475183486938,0.088601179420948,0.640154242515564,0.171707097843404,0.165640696883202,0.145440340042114,0.145160604914912,0.148976981639862,0.108911748682123,0.70669025182724,0.104591004550457,0.0777492523193359,0.112905584275723,4.60574185556431,58354.56640625,85142.625,66607.140625,75387.7734375,64841.13671875,0.187989130616188,371543,0.578166365623474,0.62271773815155,0.580251339759515
FIN,Finland,1968,1954.45,42681.37890625,65941.015625,67903.703125,67236.2578125,0.0149540491402149,324565.5,0.481545209884644,0.153251856565475,0.345938920974731,-0.222026214003563,0.0240539517253637,0.217236295342445,0.646361529827118,0.630035161972046,0.0344590991735458,2.20208883285522,2.36652445793152,0.0875664278864861,0.640154242515564,0.154079884813057,0.148388430476189,0.13131120800972,0.130504842238824,0.132614731788635,0.0999745624507548,0.623889684677124,0.106671415269375,0.0704776719212532,0.111984193325043,4.62646709667607,59074.50390625,86071.6796875,69402.2421875,76733.984375,68343.3828125,0.195591256022453,387559.375,0.584557473659515,0.62530529499054,0.706389312433587
FIN,Finland,1969,1936.04,46392.9296875,72551.25,75223.0078125,74149.78125,0.0150049012154341,340556.6875,0.480108708143234,0.145556405186653,0.352776795625687,-0.243109464645386,0.039246316999197,0.22542130947113,0.69319224357605,0.67406952381134,0.0344281941652298,2.23538160324097,2.38849902153015,0.092284731566906,0.640154242515564,0.158499352143585,0.15300127863884,0.135297223925591,0.134866231419364,0.137255474925041,0.103898305519118,0.673616528511047,0.112201884388924,0.0742814391851425,0.118735805153847,4.62378298149527,64483.60546875,94540.46875,76807.40625,84138.140625,75181.421875,0.205575406551361,406761.03125,0.623651087284088,0.668280601501465,0.706389312433587
FJI,Fiji,1960,,934.303588867188,1272.1220703125,1271.24304199219,1305.62805175781,,1007.87713623047,0.562268972396851,0.153328076004982,0.258740216493607,-0.124566182494164,0.0333624668419361,0.116866461932659,,,0.0525792390108109,,1.53649246692657,,,0.0899817737226972,0.0857327803969383,0.0863599553704262,0.0701512950069024,0.084085576236248,0.0880945365740844,,0.111132584512234,0.0815825089812279,0.0939526930451393,0.401039790386835,1258.76550292969,1789.79724121094,1364.98132324219,1940.90380859375,1447.63781738281,,1694.09777832031,,,0.792858010863792
FJI,Fiji,1961,,1083.88049316406,1440.37829589844,1310.20031738281,1345.08532714844,,1241.30407714844,0.632949650287628,0.172858282923698,0.265037328004837,-0.1267299503088,-0.0347049534320831,0.0905895754694939,,,0.0678429454565048,,1.55330991744995,,,0.089046560125951,0.0848033353686333,0.0852972269058228,0.0692660377600567,0.0830850303173065,0.0867988369193723,,0.112881079316139,0.0798453092575073,0.0986180603504181,0.415324766106124,1459.75463867188,2025.97692871094,1406.20739746094,2000.82116699219,1488.86157226563,,2076.77587890625,,,0.792858010863792
FJI,Fiji,1962,,1083.24291992188,1378.48754882813,1332.90014648438,1377.52709960938,,1396.22778320313,0.618762195110321,0.167605593800545,0.214329496026039,-0.111938111484051,0.0054082819260656,0.105832539498806,,,0.075313150882721,,1.57031142711639,,,0.0905602387735912,0.0862446501851082,0.0865403339266777,0.070312454358737,0.0837367400527,0.0876252004655532,,0.124787792563438,0.0796473026275635,0.100646704435349,0.43011850987824,1457.65100097656,1941.65270996094,1433.09875488281,2075.845703125,1515.37683105469,,2335.27294921875,,,0.792858010863792
FJI,Fiji,1963,,1175.44323730469,1523.99768066406,1593.73132324219,1579.63671875,,1578.68994140625,0.5409095287323,0.203212976455688,0.220654800534248,-0.192604213953018,-0.0040728691965341,0.231899797916412,,,0.0795085579156876,,1.58749902248383,,,0.0852520913029704,0.0773158818483353,0.0791604816913605,0.0561913877405089,0.0798668116331101,0.0853811020074861,,0.121671803295612,0.0774619430303574,0.117526471614838,0.444989735645978,1555.52807617188,2121.69384765625,1715.46789550781,2212.22729492188,1728.78674316406,,2638.810546875,,,0.792858010863792
FJI,Fiji,1964,,1238.50793457031,1651.58825683594,1818.55944824219,1843.72534179688,,1790.38610839844,0.470607697963715,0.201134398579597,0.22404657304287,-0.213893756270409,0.154538109898567,0.16356697678566,,,0.083492673933506,,1.60487484931946,,,0.0832189024444627,0.0733854323625565,0.0776570588350296,0.0503774079561981,0.0765970721840859,0.0904643434312409,,0.130826711654663,0.0820430442690849,0.141707181930542,0.459459240055234,1623.41809082031,2292.5966796875,1958.71984863281,2322.09545898438,2017.47399902344,,2998.27685546875,,,0.792858010863792
FJI,Fiji,1965,,1132.81164550781,1556.93627929688,1461.53967285156,1573.9267578125,,1995.47436523438,0.550647020339966,0.169088840484619,0.269469112157822,-0.24671083688736,0.0382398404181004,0.219266042113304,,,0.0868577584624291,,1.62244069576263,,,0.106681415108402,0.0994748920202255,0.0974646657705307,0.0760064686743826,0.0905051454901695,0.0920954644463239,,0.135020226240158,0.0826332718133926,0.109194576740265,0.472506478875818,1515.55334472656,2202.294921875,1572.0283203125,2257.9248046875,1718.15856933594,,3337.5390625,,,0.792858010863792
FJI,Fiji,1966,,1130.06066894531,1554.68469238281,1518.59692382813,1629.34167480469,,2170.38696289063,0.512559533119202,0.1810093075037,0.26061075925827,-0.204989358782768,0.0822746008634567,0.168535158038139,,,0.089233510196209,,1.64019894599915,,,0.105759311351177,0.0977679640054703,0.0978205129504204,0.0751390621054281,0.0911717414855957,0.0979603491860224,,0.140719532966614,0.0875158309936523,0.113794043660164,0.483268910378415,1493.22766113281,2183.67456054688,1630.10815429688,2260.36401367188,1765.59887695313,,3644.27416992188,,,0.792858010863792
FJI,Fiji,1967,,1190.2978515625,1635.19580078125,1626.67993164063,1869.13452148438,,2349.84790039063,0.468163847923279,0.168653830885887,0.238023489713669,-0.25459498167038,0.125207170844078,0.254546612501144,,,0.0908692553639412,,1.65815150737762,,,0.106935805326792,0.0983168706297875,0.0981211587786675,0.0743916840797599,0.0853933766484261,0.0975975474161123,,0.14684996008873,0.0871549546718597,0.103118054568768,0.494484019046028,1566.49890136719,2290.07348632813,1740.87524414063,2568.150390625,2014.7373046875,,3946.27612304688,,,0.805854028899847
FJI,Fiji,1968,,1176.07861328125,1812.65661621094,1810.4140625,2098.21704101563,,2672.47509765625,0.405442178249359,0.155071124434471,0.303389996290207,-0.262767851352692,0.150218650698662,0.24864587187767,,,0.0929247140884399,,1.67630052566528,,,0.107917370580796,0.0974108129739761,0.0953053534030914,0.0699408292348581,0.0822327509522438,0.0914155201807542,,0.142649412155151,0.0813595280051231,0.100660935044289,0.504679555806533,1536.16564941406,2521.35473632813,1934.04455566406,2779.63745117188,2252.12744140625,,4486.73193359375,,,0.870833999870834
FJI,Fiji,1969,,1292.85180664063,1908.57043457031,1904.17639160156,2189.6884765625,,2936.22192382813,0.425263106822968,0.165164157748222,0.281190037727356,-0.27026504278183,0.169339239597321,0.229308485984802,,,0.0947606265544891,,1.69464826583862,,,0.108230742367186,0.0980064645409584,0.0984118729829788,0.0716810856720664,0.0855800062417984,0.0992631376418136,,0.151110962033272,0.0889747217297554,0.114040590822697,0.51589463408905,1691.77221679688,2653.77001953125,2031.39123535156,2846.36743164063,2344.66015625,,4932.501953125,,,0.870833999870834
FRA,France,1955,2292.05,325937.625,429411.53125,438709.09375,435567.8125,0.138607263565063,1944167.75,0.598360180854797,0.149944975972176,0.237560987472534,-0.103435054421425,0.0232903826981783,0.0942785143852234,0.619031012058258,0.6099693775177,0.0250292140990496,19.9069175720215,2.2257924079895,0.0614107251167297,0.704220473766327,0.112243098733779,0.113825671374798,0.113569550216198,0.120140963697972,0.11438861489296,0.112762800506268,0.670141339302063,0.112121015787125,0.0766465291380882,0.120465636253357,44.2934700580594,410070.15625,538599.0625,452064.125,531277.9375,448815.65625,0.0880907252430916,2958008.25,0.422195136547089,0.415229916572571,0.533579098154996
FRA,France,1956,2236.06,346134.28125,461350.09375,460453.09375,456892.09375,0.139325752854347,2017613.375,0.603807866573334,0.153776437044144,0.252172887325287,-0.115632116794586,0.019024845212698,0.0868500992655754,0.647767543792725,0.656458556652069,0.0249447766691446,20.1575584411621,2.20372319221497,0.0640761628746986,0.70608127117157,0.118988296446106,0.12095057964325,0.119225464761257,0.12865554200561,0.120154701173306,0.114042827879561,0.717306554317474,0.118162132799625,0.0788233205676079,0.128305494785309,44.7336899343862,438318.4375,579482.75,475212.9375,558383.9375,471413.46875,0.0915176570415497,3071862.5,0.445688009262085,0.448714584112167,0.533579098154996
FRA,France,1957,2199.61,360437.71875,488096.71875,486443.75,481820.9375,0.14007805287838,2099578.5,0.596878051757813,0.151195958256722,0.264951139688492,-0.11872736364603,0.0174243692308664,0.0882778689265251,0.673397958278656,0.686758756637573,0.0249017160385847,20.3117866516113,2.18187284469605,0.0644219666719437,0.699081659317017,0.12245623990807,0.12444756925106,0.1234001070261,0.132308778709398,0.124584071338177,0.120442650775687,0.753334522247315,0.121352277696133,0.0848959013819695,0.133823931217194,45.2294627130605,457181.78125,612306.25,501723.09375,589104.0625,497278.375,0.0956619307398796,3203332,0.470217853784561,0.474140912294388,0.55126331899369
FRA,France,1958,2179.39,362797.125,499618.71875,501660.71875,498929,0.141920238733292,2194297.75,0.580441415309906,0.146710366010666,0.274230599403381,-0.102748908102512,0.0168862584978342,0.0844802856445313,0.696178436279297,0.695412635803223,0.0248808246105909,20.2625045776367,2.16023921966553,0.065102681517601,0.694167912006378,0.118336916279439,0.120144091546535,0.119242794811726,0.127293962885151,0.119895666837692,0.116852914903301,0.736207008361816,0.121588245034218,0.0816224291920662,0.129693061113358,45.7318729515901,457973.6875,626034,517120.375,605367.6875,512195.5625,0.100305370986462,3349514.75,0.48353174328804,0.485104471445084,0.639837547515872
FRA,France,1959,2179.25,370762.96875,503927.5,517745.40625,512708.03125,0.140614062547684,2276918.75,0.578009605407715,0.145136803388596,0.259727835655212,-0.0976603925228119,0.0231886059045792,0.0915975198149681,0.699262022972107,0.685798585414887,0.0248232297599316,20.1532459259033,2.1388201713562,0.0701013281941414,0.690214455127716,0.106676849797689,0.109024830162525,0.107021130621433,0.118375708780868,0.108072631061077,0.101442355815761,0.631862461566925,0.110276505351067,0.0700420215725899,0.121705271303654,46.2075193623552,468465.40625,633306.125,535094.5625,621631.3125,526967.0625,0.104307539761066,3484512.75,0.495848119258881,0.490073353052139,0.752651255945474
FRA,France,1960,2188.48,389325.21875,545123.6875,561483.3125,548080.125,0.142687112092972,2391884.75,0.572059392929077,0.138284221291542,0.284262269735336,-0.116587519645691,0.0228137616068125,0.0991679280996323,0.725509166717529,0.72226870059967,0.0247979648411274,20.1874599456787,2.11761331558228,0.0794249027967453,0.678758025169373,0.109506629044445,0.112335063517094,0.109576620161533,0.124035844613557,0.112256281077862,0.102683523493375,0.703552722930908,0.100620344281197,0.0704961344599724,0.125452145934105,46.6636546216973,488531.15625,681945.125,579026.625,672229.1875,569599.125,0.110078722238541,3661011.75,0.528634548187256,0.520258545875549,0.752651255945474
FRA,France,1961,2165.19,412775.90625,573438.4375,589359.9375,575882.5,0.144071504473686,2506827.75,0.574609577655792,0.142161473631859,0.27898496389389,-0.114777594804764,0.0225493554025888,0.0964722037315369,0.748502373695374,0.746641576290131,0.0248186346143484,20.1794490814209,2.13618278503418,0.0762519910931587,0.686041712760925,0.113052735968626,0.115913324058056,0.113160945475101,0.127475685517966,0.115809269249439,0.106089506086962,0.706072926521301,0.104248359799385,0.073297493159771,0.12938979268074,47.2085950434109,517576.4375,717665.0625,607742.125,706563.4375,597752.5625,0.11596155166626,3839045,0.547405481338501,0.539400577545166,0.752651255945474
FRA,France,1962,2177.77,442174.75,615793.125,626640.0625,618707.875,0.144663572311401,2643911.75,0.572413742542267,0.142260774970055,0.280614405870438,-0.102809615433216,0.0193925183266401,0.0881281197071075,0.773893535137177,0.771477937698364,0.0248567517846823,20.1632843017578,2.15491509437561,0.0719989240169525,0.696742594242096,0.118109293323088,0.121570840477943,0.119273342192173,0.135499052562529,0.120802499353886,0.11342204959975,0.699820399284363,0.118169829249382,0.078522339463234,0.135000973939896,48.1709044433883,553739.6875,772224.3125,647667.125,753547.25,638300.3125,0.122940354049206,4036869,0.567956924438477,0.56465083360672,0.752651255945474
FRA,France,1963,2159.34,471881.5625,657620.75,665660.5,657627.8125,0.14613188803196,2793600.25,0.575664341449738,0.141886740922928,0.28243812918663,-0.110071510076523,0.0197647884488106,0.0903175547719002,0.797144055366516,0.800508201122284,0.0249204896390438,20.3136711120605,2.17381167411804,0.070064403116703,0.702463686466217,0.124307866924318,0.128751143813133,0.126009166240692,0.146778428378944,0.127548336982727,0.119043060088689,0.717541754245758,0.12052571028471,0.0836281925439835,0.136031106114388,48.8824347901769,591542.125,825560.4375,688960.75,802338.0625,678649.25,0.130667820572853,4246790.5,0.590583503246307,0.58952796459198,0.752651255945474
FRA,France,1964,2166.15,497159.625,706544,710191.625,700207.125,0.145874083042145,2964968,0.567333996295929,0.142683982849121,0.299032062292099,-0.11523912101984,0.0167083498090506,0.0894807577133179,0.81844162940979,0.832498013973236,0.0249953884631395,20.5300216674805,2.19287395477295,0.0710736736655235,0.699062824249268,0.129266754748147,0.134063079953194,0.130976289510727,0.153134031143606,0.132843926548958,0.123647052080145,0.746737539768219,0.124755553901196,0.0878884494304657,0.143488019704819,49.4413417724958,624182.0625,887542.5,736215.1875,854743.0625,723262.1875,0.139807000756264,4489864.5,0.606923878192902,0.611391484737396,0.752651255945474
FRA,France,1965,2153.16,519454.15625,732739.125,743832.6875,733992.0625,0.1475650370121,3129637.5,0.562803208827972,0.144907653331757,0.290582090616226,-0.108276262879372,0.0177767407149076,0.0922065675258637,0.822100877761841,0.823342859745026,0.0250603538006544,20.5930824279785,2.21210360527039,0.0710425302386284,0.692444622516632,0.132804732439038,0.137491226196289,0.135115191340446,0.155692971327282,0.136926680803299,0.129328372726443,0.741747975349426,0.130053609609604,0.092480406165123,0.148468181490898,49.886983960587,649644.125,920639.125,771066.9375,896305.625,757254,0.148794651031494,4730681.5,0.621977865695953,0.619783282279968,0.752651255945474
FRA,France,1966,2144.57,546898.625,777916.75,784238.8125,775748.25,0.14886012673378,3310294.75,0.557933211326599,0.147061809897423,0.29780039191246,-0.112586565315723,0.0168117620050907,0.0929794535040855,0.824414312839508,0.826701521873474,0.0251298099756241,20.751823425293,2.23150157928467,0.0714151784777641,0.688451647758484,0.136837546529572,0.141260221600533,0.138937413692474,0.158039252485746,0.140458077192307,0.133438543175582,0.743779480457306,0.135559275746346,0.0957247167825699,0.150926753878593,50.3409029120902,680778.9375,975967.0625,812159.8125,943289.375,797970.0625,0.159258276224136,4995013,0.635485291481018,0.637862920761108,0.752651255945474
FRA,France,1967,2110.47,576019.0625,820613,825650.5,817526.375,0.150512427091599,3496427,0.554366767406464,0.150220990180969,0.299187809228897,-0.109128341078758,0.0145856738090515,0.0907671302556992,0.849545300006867,0.851166427135468,0.0252221375703812,20.8096904754639,2.25106978416443,0.0719763934612274,0.684761106967926,0.141448615027266,0.145491674542427,0.142757773399353,0.160411921463212,0.144176423549652,0.136319456439537,0.776332139968872,0.138736888766289,0.0985775738954544,0.153325065970421,50.7370182624235,714985.1875,1027383.6875,853268.5625,990273.125,837834.4375,0.169973328709602,5269817,0.655690491199493,0.659945666790009,0.752651255945474
FRA,France,1968,2086.6,601994,859159.625,862869.5,854681.75,0.153363093733788,3701537.5,0.551979422569275,0.152369275689125,0.300890505313873,-0.115956611931324,0.0140620088204741,0.0966554135084152,0.858137249946594,0.857360899448395,0.0253215823322535,20.7566013336182,2.27080965042114,0.0704077035188675,0.690189242362976,0.148863051199863,0.153181463479996,0.148885548114777,0.168825520876587,0.150311857461929,0.138829339891546,0.754619836807251,0.140520974993706,0.102058984339237,0.153399750590324,51.1216814151824,744656.25,1074070,890594.6875,1033642.8125,873847.75,0.181333035230637,5553856,0.673109412193298,0.678546130657196,0.752651255945474
FRA,France,1969,2011.95,638221.1875,928338.75,925410.4375,916307.875,0.158433631062508,3926851,0.544049680233002,0.152464285492897,0.31661581993103,-0.131031379103661,0.0135159818455577,0.104385666549206,0.892580509185791,0.898728787899017,0.0254992973059416,21.0690803527832,2.29072260856628,0.0748030543327332,0.677895545959473,0.152761798370843,0.157146587967873,0.151758044958115,0.172793131267739,0.153265580534935,0.139903955872521,0.78799843788147,0.143413752317429,0.104710042476654,0.155530676245689,51.55829023822,791494.625,1158784.375,954881.5625,1107732.5,935505.8125,0.195099025964737,5876580,0.711049377918243,0.721604287624359,0.791851799351796
GAB,Gabon,1960,,1116.15014648438,1468.59301757813,1580.05212402344,1907.19494628906,,3809.16284179688,0.508764684200287,0.0764666572213173,0.1847964823246,-0.115804478526115,-0.0418315753340721,0.387608259916306,,,0.0407581701874733,0.177140980958939,1.07203304767609,0.0778195559978485,0.49964165687561,0.0582988592737308,0.0700375810265541,0.0997418388724327,0.148140197386693,0.0826330333948135,0.193812170133546,,0.141972705721855,0.126568615436554,0.0663731694221497,0.516439844165717,1712.60498046875,2447.85302734375,1656.44848632813,4238.5546875,2236.91650390625,,6217.06640625,,,245.195098717111
GAB,Gabon,1961,,1181.11083984375,1621.26342773438,1688.11511230469,2029.02795410156,,4285.71484375,0.492901891469955,0.0892048627138138,0.216927781701088,-0.120364844799042,-0.0544096603989601,0.375739961862564,,,0.0410730317234993,0.178509533405304,1.07620942592621,0.0781836584210396,0.49964165687561,0.0611204993236172,0.074519120156765,0.107425682246685,0.148553241829094,0.0893762558698654,0.195727574301983,,0.147644802927971,0.128437206149101,0.0696588084101677,0.521629683660166,1857.95056152344,2843.80200195313,1771.00671386719,4703.9638671875,2413.78198242188,,7040.630859375,,,245.260101158475
GAB,Gabon,1962,,1350.623046875,1790.06762695313,1900.79724121094,2150.96728515625,,4759.05419921875,0.540135741233826,0.0877785086631775,0.20430089533329,-0.107445575296879,-0.0479861758649349,0.323216557502747,,,0.0413857027888298,0.180140912532806,1.08040225505829,0.0737805813550949,0.49964165687561,0.0576824105155123,0.071180060505867,0.102174818515778,0.154236433806757,0.090291291475296,0.19743649467468,,0.165323510766029,0.128405064344406,0.084636352956295,0.527623133691864,2085.25170898438,3032.82299804688,1998.32653808594,5151.548828125,2704.84423828125,,7838.87060546875,,,245.013900597112
GAB,Gabon,1963,,1752.01245117188,2115.2978515625,2300.48486328125,2652.84838867188,,5104.23828125,0.582671999931335,0.0777549222111702,0.136941596865654,-0.108491271734238,-0.0335888341069222,0.344711631536484,,,0.041122492402792,0.181981608271599,1.08461129665375,0.0751764923334122,0.49964165687561,0.0578964156548368,0.0704716444015503,0.0929217636585236,0.164706618117498,0.0805794596672058,0.201191729728429,,0.166582763195038,0.130841702222824,0.0790977776050568,0.534218696346651,2622.43212890625,3196.576171875,2422.82958984375,5886.0966796875,3266.09814453125,,8418.6376953125,,,245.016403038517
GAB,Gabon,1964,,1884.48205566406,2207.80151367188,2543.69702148438,2943.0615234375,0.000331764051225,5387.22509765625,0.56153929233551,0.0787742137908936,0.109858237206936,-0.111349783837795,-0.0189495477825403,0.380127608776093,0.902898252010346,0.682781934738159,0.0403751768171787,0.184007331728935,1.08883678913116,0.0754662826657295,0.49964165687561,0.0569193018131366,0.0705199167132378,0.0904386714100838,0.167471421005331,0.0781664103269577,0.206535980354974,1.35012304782867,0.168934941291809,0.133985176682472,0.0805360227823257,0.541438388351577,2844.44140625,3235.88452148438,2684.61010742188,6597.6357421875,3647.54760742188,0.0797586813569069,8883.673828125,1.53046989440918,1.20164954662323,245.027206261166
GAB,Gabon,1965,,2183.234375,2494.89526367188,2879.62133789063,3210.74340820313,0.0003287400177214,5645.9267578125,0.605544865131378,0.074432946741581,0.0970681607723236,-0.110593147575855,-0.0074327453039586,0.340979903936386,0.944120287895203,0.735989451408386,0.0395817309617996,0.186252012848854,1.09307873249054,0.068965919315815,0.49964165687561,0.0518005464816448,0.0645177662372589,0.0844844058156014,0.167977976769897,0.0757715776562691,0.224353841380431,1.31122624874115,0.173561364412308,0.144248753786087,0.0876333191990852,0.549305365229915,3202.66381835938,3470.67309570313,3037.49658203125,7223.34521484375,4090.77392578125,0.0831305831670761,9315.7041015625,1.61983442306519,1.24593198299408,245.060897667394
GAB,Gabon,1966,,2003.0009765625,2441.87475585938,2606.56640625,3023.05444335938,0.0003375667147338,6090.8837890625,0.573067605495453,0.0895076617598534,0.145175635814667,-0.118112199008465,-0.0667439103126526,0.377105206251144,0.830811202526093,0.671074092388153,0.0392569676041603,0.188625872135162,1.1030467748642,0.0780344009399414,0.49964165687561,0.0632601237718883,0.0775619000196457,0.101204358041286,0.169128174824313,0.0872613787651062,0.209107532552424,1.2753199338913,0.183893352746964,0.133563533425331,0.0876616761088371,0.55756488171667,3039.10815429688,3794.12573242188,2746.65551757813,7112.02294921875,3794.3310546875,0.0898986905813217,10062.0673828125,1.51366758346558,1.29269909858704,245.678405601562
GAB,Gabon,1967,,2520.02368164063,2826.36352539063,2988.583984375,3258.35424804688,0.0003316455695312,6328.29833984375,0.669420003890991,0.103983849287033,0.0940167307853699,-0.102757558226585,-0.143029540777206,0.378366529941559,0.880469620227814,0.762316584587097,0.0391055606305599,0.191112115979195,1.11310577392578,0.0498800687491894,0.49964165687561,0.0509384853863807,0.0670120492577553,0.0888408198952675,0.170489311489154,0.0814853832125664,0.268409451187489,1.25970566272736,0.200655996799469,0.171231955289841,0.0969873443245888,0.566231949216646,3799.625,3865.6259765625,3145.67626953125,8128.50927734375,4170.79443359375,0.0930479839444161,10445.48828125,1.69151020050049,1.28775107860565,246.000900108188
GAB,Gabon,1968,,2582.86376953125,2899.35009765625,3020.77368164063,3367.81103515625,0.0003265140694566,6568.8974609375,0.65894341468811,0.107983142137527,0.093973882496357,-0.0906709283590317,-0.145253688097,0.375024199485779,0.875412225723267,0.749036073684692,0.0388494059443474,0.193721652030945,1.12325656414032,0.0350833311676979,0.49964165687561,0.0568043777136861,0.0737159252166748,0.107311777770519,0.176914917462452,0.0962537974119186,0.381489565981753,1.44444072246552,0.210589155554771,0.242441743612289,0.0985125005245209,0.575320543865353,3915.35571289063,3992.70678710938,3174.62133789063,8424.8857421875,4275.9052734375,0.0965235829353333,10845.58984375,1.70347118377686,1.29236912727356,247.564697104238
GAB,Gabon,1969,,2688.16552734375,3038.30786132813,3208.89770507813,3529.41284179688,0.0003273433540016,6850.2978515625,0.649482727050781,0.112163931131363,0.0992069318890572,-0.0961815044283867,-0.129012152552605,0.36434006690979,0.889541149139404,0.761047005653381,0.0387286879122257,0.195968687534332,1.13349986076355,0.0386500731110573,0.49964165687561,0.0575051320077667,0.0749575942754746,0.109708391129971,0.176015699975542,0.0997454896569252,0.37650254079525,1.48512601852417,0.229508891701698,0.240952029824257,0.110461413860321,0.583321864189456,4118.18896484375,4271.869140625,3381.69116210938,9355.7734375,4583.63134765625,0.100607939064503,11310.67578125,1.8333477973938,1.34008240699768,259.960601637173
GBR,United Kingdom,1955,2007.26,583808.5625,713550.5625,635579.75,647851.0625,0.142074167728424,1751689.125,0.716860055923462,0.184286221861839,0.20026521384716,-0.14825527369976,-0.0927649661898613,0.13960874080658,0.797933399677277,0.878403425216675,0.0327055267989636,24.3012313842773,2.48588013648987,0.148114234209061,0.618611693382263,0.09288422470028,0.0903396010398865,0.0902266278862953,0.0804412113606904,0.0885176062583923,0.0897182806580076,0.970292866230011,0.100442312657833,0.0624081045389175,0.0876978486776352,50.9751215080773,618706.75,750078.75,653489.5625,799642.375,680077.125,0.108475707471371,2297091,0.742429316043854,0.667511761188507,0.357271356210102
GBR,United Kingdom,1956,1994.68,583640.4375,718190.375,651028.8125,659031.3125,0.144618630409241,1834557.75,0.704669713973999,0.180933818221092,0.204163238406181,-0.144468992948532,-0.0859514847397804,0.140653729438782,0.788255453109741,0.862127959728241,0.0335242040455341,24.5172653198242,2.49860095977783,0.143507197499275,0.618611693382263,0.0978623135349266,0.0956448763608933,0.0951050221920013,0.0870087707803361,0.0939501747488976,0.0927632771795177,1.01134955883026,0.102887600660324,0.0654419660568237,0.0941824540495873,51.2132565182987,622725.125,757208.125,671433.9375,807651.125,694461.125,0.114410638809204,2407442.5,0.731307625770569,0.657179951667786,0.357371402609925
GBR,United Kingdom,1957,1974.74,589380.3125,732169,663631.6875,670000.1875,0.147816479206085,1918144.25,0.702754676342011,0.176917180418968,0.213117361068726,-0.145517453551292,-0.0863911658525467,0.139119416475296,0.779546022415161,0.857611060142517,0.0343301258981228,24.546272277832,2.51138687133789,0.139341309666634,0.618611693382263,0.101454282290614,0.0994800105690956,0.0984298810362816,0.091637771147435,0.0974942892789841,0.0940953328848522,0.984599769115448,0.105353526771069,0.0670078098773956,0.0983658209443092,51.4593993382884,630403.5625,772114.875,684438.625,817677.5,707979.375,0.120620958507061,2520910.75,0.727299511432648,0.658272802829742,0.357371402609925
GBR,United Kingdom,1958,1947.15,602465.5,739711.3125,672540.0625,676929,0.148948535323143,1989751.75,0.716344833374023,0.173653289675713,0.202747732400894,-0.136233970522881,-0.0863576307892799,0.129845798015594,0.78667539358139,0.85750412940979,0.0350461862981319,24.2812328338623,2.52423858642578,0.13422030210495,0.618611693382263,0.104041866631991,0.10216212272644,0.101331010460854,0.0944078938077771,0.100674018263817,0.0976827079549284,0.996576547622681,0.106985524296761,0.0689111426472664,0.101766981184483,51.6815263627289,641940.125,779492.875,692320.4375,820312.375,711396.4375,0.125838786363602,2618055,0.726810991764069,0.661983370780945,0.357171309810279
GBR,United Kingdom,1959,1956.21,619314.625,768687.8125,694126.75,699542.6875,0.150001049041748,2073621.75,0.713676273822784,0.171637251973152,0.213529735803604,-0.137683272361755,-0.0892595499753952,0.128099545836449,0.788795173168182,0.864886522293091,0.03566874563694,23.7631664276123,2.53715562820435,0.137070149183273,0.618611693382263,0.106343916414704,0.104844756424427,0.103387869894505,0.0986111680791125,0.102587446570396,0.0973475309308849,0.944465041160584,0.109146036207676,0.0682507678866386,0.102770566940308,51.9857009938327,660705.75,811447.4375,716279,846164.375,735430.9375,0.131873846054077,2729996.5,0.741845846176148,0.681886434555054,0.357271356210102
GBR,United Kingdom,1960,1948.19,644785.375,817799.9375,728588.75,723072.3125,0.153797343373299,2178431.75,0.723505020141602,0.168225079774857,0.239276960492134,-0.167158171534538,-0.0949489697813988,0.131100118160248,0.78101772069931,0.884160399436951,0.0364363789558411,24.1862182617188,2.5501389503479,0.131089314818382,0.618611693382263,0.106589828603089,0.105694495141506,0.104892149567604,0.101843826332917,0.105692379176617,0.101901978805892,0.962583363056183,0.102752238512039,0.0709825158119202,0.108847260475159,52.4019391591583,683586.875,859587.5625,748998.875,881476.125,770544.5,0.140067845582962,2877786.5,0.746580064296722,0.697828471660614,0.357171309810279
GBR,United Kingdom,1961,1914.14,651739.0625,831088,748593.125,742512.375,0.156779050827026,2286182.5,0.705032229423523,0.172716230154037,0.241543382406235,-0.156097307801247,-0.0907945334911346,0.127600058913231,0.778928399085999,0.873387217521668,0.0371320173144341,24.4792537689209,2.57157015800476,0.130086705088615,0.618611693382263,0.110976742574367,0.10964447259903,0.108236849308014,0.104206107561783,0.10912324488163,0.103121682921997,0.957588136196137,0.106502451002598,0.071789875626564,0.113692447543144,52.8371853762696,690311.4375,873040.0625,769423.125,900465.1875,789957.3125,0.148173078894615,3025962.75,0.745192348957062,0.692513704299927,0.357171309810279
GBR,United Kingdom,1962,1879.16,669549.4375,840359.375,759202.8125,756692.875,0.155845731496811,2376646.5,0.709378778934479,0.175457641482353,0.22573222219944,-0.140452861785889,-0.0889820829033852,0.118866257369518,0.772061169147492,0.858796417713165,0.0373740419745445,24.5977249145508,2.58991956710815,0.129881724715233,0.618611693382263,0.115268134738898,0.113797172904015,0.112093076109886,0.107850038219461,0.112464897334576,0.105413289760644,0.930211901664734,0.118333995342255,0.0726362764835358,0.122873708605766,53.3224632284823,708236.9375,884620.75,781562.4375,916314.25,800269.125,0.154709875583649,3152963,0.748933255672455,0.693024396896362,0.357171309810279
GBR,United Kingdom,1963,1871.34,694487.1875,871975.3125,786062.1875,787064.875,0.155196294188499,2471811.25,0.707359969615936,0.175016060471535,0.225506365299225,-0.141092643141747,-0.0911020040512085,0.124312251806259,0.779725253582001,0.867498695850372,0.0373392589390278,24.6510524749756,2.60839986801147,0.125900015234947,0.618611693382263,0.11730443081147,0.116043590009213,0.114797495305538,0.110947679474324,0.114651240408421,0.109921645283654,0.931692361831665,0.121533028781414,0.0756919607520104,0.121158607304096,53.6556537651431,735738.3125,919257.4375,810494.6875,951754.3125,831207.5625,0.161796107888222,3285990.25,0.762313902378082,0.705730438232422,0.357171309810279
GBR,United Kingdom,1964,1871.56,712687.9375,935949.25,831107,833011.4375,0.153928220272064,2622217.5,0.685728967189789,0.169827058911324,0.268017083406448,-0.146811679005623,-0.0947508811950684,0.117989450693131,0.792391061782837,0.897477984428406,0.037486232817173,25.0008335113525,2.62701201438904,0.126713678240776,0.618611693382263,0.122015544324196,0.120637282729149,0.118670061230659,0.115072118587118,0.118398748338223,0.112390366319262,0.950931549072266,0.12623243033886,0.0773486346006393,0.125562518835068,54.0218641122451,756115.5625,986178.3125,858418.6875,1005186.1875,880725.0625,0.173059612512589,3493107.5,0.774428427219391,0.72825413942337,0.357171309810279
GBR,United Kingdom,1965,1850.01,727993.3125,951240.5625,855552.9375,855458.8125,0.155276328325272,2766957,0.677373766899109,0.173623710870743,0.26096785068512,-0.143517509102821,-0.0889935940504074,0.120545729994774,0.783023297786713,0.873502314090729,0.0377115644514561,25.2548656463623,2.64575695991516,0.124702863395214,0.618611693382263,0.127977915557839,0.126435711979866,0.124177187681198,0.120418999438278,0.124190852046013,0.116812296225544,0.924033939838409,0.131443649530411,0.0796761363744736,0.132951840758324,54.3810666715804,769215.8125,1001520.9375,882906.5,1028562.625,903893.6875,0.183545649051666,3689947.25,0.772159159183502,0.720657408237457,0.357171309810279
GBR,United Kingdom,1966,1798.18,748282,969539.5625,877776.5,878611.8125,0.154382690787315,2897016.5,0.673761308193207,0.177902638912201,0.251826286315918,-0.140036255121231,-0.0867666974663734,0.123312763869762,0.782272100448608,0.863211631774902,0.0377363450825214,25.3700752258301,2.66463565826416,0.120682805776596,0.618611693382263,0.132432360408491,0.130818009376526,0.128847733139992,0.124704069382103,0.128725215792656,0.122184327674392,0.911295115947723,0.135495662689209,0.0828269720077515,0.135317608714104,54.674237243789,786902.625,1019238.125,904063.875,1048599.5,923396.9375,0.193433329463005,3874917,0.779643774032593,0.726365029811859,0.357171309810279
GBR,United Kingdom,1967,1786.99,771983.4375,1009763.875,901694.875,902223.9375,0.154203921556473,3044526.5,0.669026494026184,0.186618536710739,0.263549268245697,-0.140875205397606,-0.0913735404610634,0.113054491579533,0.793719530105591,0.886674165725708,0.0376810990273953,25.0639705657959,2.68364930152893,0.118611589074135,0.618611693382263,0.134612342033029,0.132776454091072,0.130225911736488,0.126194811915696,0.130149528384209,0.121945227694708,0.913299083709717,0.139371484518051,0.0827434957027435,0.140884801745415,54.9904159557895,809064.8125,1058135.5,926286.25,1071975.875,945055.0625,0.20419280230999,4078845.25,0.786200881004334,0.743845164775848,0.362131995955578
GBR,United Kingdom,1968,1780.21,792264.3125,1047920.375,935846.75,942574.125,0.154748395085335,3208434.75,0.658165395259857,0.182367235422134,0.271231830120087,-0.147649750113487,-0.0870891287922859,0.122974425554276,0.800666868686676,0.884711146354675,0.03769626095891,24.9446697235107,2.70279836654663,0.116707921028137,0.618611693382263,0.12241508286177,0.12064416706562,0.118157722055912,0.11425289764363,0.117314420640469,0.110452396338395,0.792433857917786,0.136224508285522,0.0747029855847359,0.132394790649414,55.2455627906712,827579.125,1095489.25,959480.6875,1148784.125,983439.8125,0.216168954968452,4305568.5,0.825162351131439,0.754226565361023,0.41670002039105
GBR,United Kingdom,1969,1771.32,791279.6875,1048578.75,955112,960575.75,0.155296176671982,3360753.75,0.645592868328095,0.178162753582001,0.267859160900116,-0.145522579550743,-0.0773454010486603,0.131253212690353,0.799310803413391,0.867163956165314,0.0377198457717896,24.9468021392822,2.72208428382874,0.113222323358059,0.618611693382263,0.129958633817309,0.127781540155411,0.124591834843159,0.119892606931197,0.12388314306736,0.11478241471904,0.806566953659058,0.142763927578926,0.0782888010144234,0.138922542333603,55.4927018157847,829029.125,1096832.25,979589.9375,1138765.75,1002639.25,0.227088093757629,4517504,0.801650524139404,0.740088403224945,0.41670002039105
GHA,Ghana,1955,,14759.41015625,25195.58984375,26787.068359375,26539.853515625,,79751.2734375,0.527641713619232,0.0284808129072189,0.393226712942123,-0.0575408972799778,0.0564367882907391,0.0517548508942127,,,0.0429073721170425,2.20673179626465,1.09246385097504,,,0.082015767919879,0.081656701862812,0.0616153664886951,0.0750046190526781,0.062189307063818,0.0332718200428204,,0.156349793076515,0.0295287184417248,0.177404582500458,6.1427991785154,15641.939453125,20182.845703125,25541.6015625,15822.0244140625,25604.890625,,75599.421875,,,0.0000714290960961733
GHA,Ghana,1956,,14785.486328125,26408.849609375,26850.45703125,27273.45703125,,86783.09375,0.511204957962036,0.0309150237590075,0.426178574562073,-0.0547291859984398,0.0312746204435825,0.0551560074090958,,,0.0495041683316231,2.26467943191528,1.09391093254089,,,0.0862296579106506,0.0857366770505905,0.063425213098526,0.0775848646568943,0.0624415054917336,0.0350439288694523,,0.164453983306885,0.0314254388213158,0.146395072340965,6.31348971275186,15798.0556640625,20789.287109375,25581.923828125,19295.6875,26306.076171875,,82023.8984375,,,0.0000714290960961733
GHA,Ghana,1957,,15960.150390625,25506.61328125,26175.71484375,26722.076171875,,90730.15625,0.562454581260681,0.0348100326955318,0.357250064611435,-0.0597281120717526,0.0437253266572952,0.0614881031215191,,,0.0538895279169083,2.32482433319092,1.09535992145538,,,0.0883313135157415,0.0876849293708801,0.0679434090852737,0.0772407192331562,0.0665542334318161,0.0349387786281377,,0.165565446019173,0.0315950699150562,0.14116644859314,6.49081755307314,17119.255859375,21175.884765625,24916.79296875,17685.6328125,25770.375,,85792.046875,,,0.0000714290960961733
GHA,Ghana,1958,,15642.3779296875,25886.58984375,28763.8359375,28220.58203125,,94964.90625,0.518913209438324,0.0353764928877354,0.363005012273788,-0.0477806888520718,0.0836751759052277,0.046810831874609,,,0.0567598380148411,2.38725972175598,1.09681081771851,,,0.0869899743346406,0.0863100364804268,0.0660836324095726,0.0763364528278788,0.067355751991272,0.0351989673819453,,0.174089327454567,0.0314931757748127,0.201229020953178,6.67507422569132,16718.01171875,21120.755859375,27436.802734375,19609.939453125,27224.287109375,,89784.40625,,,0.0000714290960961733
GHA,Ghana,1959,,17373.740234375,31628.640625,32301.0625,32535.130859375,,102580.3984375,0.500961422920227,0.0330379754304886,0.438138723373413,-0.0522704347968102,0.0303630847483873,0.0497692413628101,,,0.0602091513574123,2.45207643508911,1.09826374053955,,,0.0888720205037186,0.0882621482014656,0.0668503940105438,0.0790145412402628,0.0663694515824318,0.0407539582160714,,0.182991847395897,0.0361570082604885,0.179458513855934,6.86657159585658,18600.26953125,24845.876953125,30920.673828125,20642.236328125,31467.126953125,,96843.09375,,,0.0000714290960961733
GHA,Ghana,1960,,18616.46875,35206.1171875,34656.1875,35178.515625,,111041.4453125,0.494358479976654,0.0348414592444897,0.471584647893906,-0.0647849515080452,0.0131162190809846,0.0508841797709465,,,0.0642111822962761,2.51975154876709,1.09971857070923,,,0.0889300452647003,0.0886901021003723,0.0673822611570358,0.0852856068291296,0.0663817822933197,0.0434711719337727,,0.160390973091126,0.0383809916675091,0.166395366191864,7.06664235482423,19767.98046875,27176.26953125,33167.4921875,22197.94921875,34321.5703125,,105236.8046875,,,0.0000714290960961733
GHA,Ghana,1961,,20130.693359375,33931.22265625,33272.71875,34284.1953125,,116292.2109375,0.547731220722199,0.039439994841814,0.402533233165741,-0.0697429180145264,0.0231317263096571,0.0569067262113094,,,0.0669678673148155,2.5692310333252,1.11352217197418,,,0.0954120305484053,0.0949531868100166,0.0750293433666229,0.0885809302825954,0.0728157758712769,0.045966630058475,,0.168369501829147,0.0405316017568111,0.151425376534462,7.26490778203322,21419.7578125,27388.505859375,31905.701171875,22987.416015625,33483.6640625,,110266.8671875,,,0.0000714290960961733
GHA,Ghana,1962,,19226.984375,32262.162109375,33720.31640625,34655.203125,,120184.09375,0.511845588684082,0.0429624244570732,0.376139104366303,-0.0537824407219887,0.0592741556465626,0.0635611861944199,,,0.0681367069482803,2.59795427322388,1.12749898433685,,,0.104274763849711,0.103109270334244,0.0792490765452385,0.0892238483135305,0.0771111845970154,0.0440551069317219,,0.178893551230431,0.0384978763759136,0.131921991705894,7.46978920776335,20420.291015625,26124.78515625,32470.87109375,24101.958984375,33821.43359375,,114254.375,,,0.0000714290960961733
GHA,Ghana,1963,,20183.2578125,35925.36328125,36646.6796875,37846.25390625,,126230.6796875,0.489571958780289,0.0437240898609161,0.415948837995529,-0.0552386529743671,0.0506106503307819,0.0553831085562706,,,0.0694333612918854,2.69399833679199,1.14165127277374,,,0.110170320298821,0.10858266055584,0.0805194526910782,0.0908058325277986,0.0779673159122467,0.0445390785391091,,0.174493834376335,0.0389544367790222,0.130499303340912,7.68162852155904,21475.63671875,28385.5234375,35357.56640625,24937.865234375,36916.40625,,120274.1875,,,0.0000714290960961733
GHA,Ghana,1964,,19561.767578125,38213.39453125,39644.64453125,40383.73828125,,133711.78125,0.440415561199188,0.0439816080033779,0.461859822273254,-0.0424176827073097,0.0505960397422314,0.0455646626651287,,,0.0712327063083649,2.65701222419739,1.15598118305206,,,0.123667776494365,0.121345318853855,0.0836110711097717,0.098089086038912,0.0820808410644531,0.0440355228445347,,0.198584973812103,0.0386976860463619,0.158759608864784,7.90299715894564,20841.498046875,28972.794921875,38345.30078125,25471.916015625,39483.08203125,,128296.859375,,,0.0000714290960961733
GHA,Ghana,1965,,20138.455078125,38165.8125,38163.32421875,39771.84765625,,140641.828125,0.450237035751343,0.056112464517355,0.453269273042679,-0.0532186627388001,0.0393598973751068,0.0542399883270264,,,0.0729036182165146,2.69054627418518,1.17049098014832,,,0.156183564301302,0.149959906935692,0.102922029793262,0.100022357959923,0.0987594723701477,0.0503757595495969,,0.211021721363068,0.0438924990594387,0.135263621807098,8.13433289350411,21301.6796875,29278.7421875,37041.50390625,25820.208984375,39019.23046875,,135075.09375,,,0.0000714290960961733
GHA,Ghana,1966,,19468.13671875,36017.65625,38148.671875,39386.46875,,144832.796875,0.433864414691925,0.0604204647243023,0.420182853937149,-0.0434215888381004,0.0801470652222633,0.0488067232072353,,,0.0736625120043755,2.70753479003906,1.19012057781219,,,0.174356792864155,0.167641788721085,0.114807263016701,0.119422944987883,0.111199222505093,0.0526550335241044,,0.205722272396088,0.0458048433065414,0.127690881490707,8.37388511517341,20472.8203125,27904.7109375,37109.21484375,25843.4296875,38680.77734375,,139989.84375,,,0.0000714290960961733
GHA,Ghana,1967,,20653.884765625,32601.53125,36006.60546875,37008.9296875,,145431.1875,0.484494298696518,0.073584109544754,0.32283142209053,-0.0380950756371021,0.102752178907394,0.0544330514967442,,,0.0727808251976967,2.80836772918701,1.2100795507431,,,0.131623822151217,0.127641215920448,0.0993340834975243,0.101418853978184,0.0966437757015228,0.0503995558653285,,0.217879638075829,0.0437784492969513,0.137952834367752,8.62242912871363,21648.431640625,27346.365234375,35002.67578125,26307.822265625,36320.2890625,,140406.609375,,,0.0000867351194511579
GHA,Ghana,1968,,21804.212890625,32300.384765625,36980.234375,37416.203125,,144525.703125,0.501149713993073,0.0815981775522232,0.280524760484695,-0.0398656874895096,0.126811057329178,0.0497820228338242,,,0.0707586854696274,2.85065698623657,1.23037314414978,,,0.121709798583566,0.117357112467289,0.0955738723278046,0.0906242997204649,0.0944602638483048,0.0503224940730981,,0.206253871321678,0.0436145104467869,0.164673775434494,8.88047437860173,22765.728515625,27868.42578125,35945.03125,26679.3359375,36708.33984375,,139783.890625,,,0.0001020411355301
GHA,Ghana,1969,,23559.859375,35724.9453125,39970.3828125,40469.97265625,,145379.890625,0.509365260601044,0.072791263461113,0.300595372915268,-0.038219403475523,0.117250077426434,0.0382174253463745,,,0.0687181204557419,2.96493816375732,1.25100719928741,,,0.134756037980364,0.129625707864761,0.103958882391453,0.0937256286390597,0.102675534784794,0.0542505115563646,,0.224538445472717,0.0474719926714897,0.194901913404465,9.14934387083682,24831.65625,30683.595703125,38872.3515625,28243.814453125,39726.82421875,,140981.796875,,,0.0001020411355301
GIN,Guinea,1959,,12152.43359375,12525.623046875,10741.5390625,10751.1455078125,,5136.19091796875,1.08907926082611,0.0412592552602291,0.034711591899395,-0.0030710357241332,-0.168198630213738,0.0062195854261517,,,0.0404075682163239,,,,,0.042128069735704,0.0431987605988979,0.0446493923664093,0.0714606963612539,0.0446095019578934,0.0918874623029821,,0.119536325335503,0.0682633742690086,0.0741330981254578,3.49176289597545,6923.84130859375,6351.4755859375,10995.6904296875,5942.02197265625,11166.625,,2596.69311523438,,,104.322440306446
GIN,Guinea,1960,,12277.0234375,12703.716796875,11918.607421875,11908.8486328125,,5422.009765625,0.991634011268616,0.039282038807869,0.0358299128711224,-0.0042655407451093,-0.072458952665329,0.0099785551428794,,,0.0399954915046692,,,,,0.0413683751121426,0.0425259172916412,0.0442121624946594,0.0717468960527265,0.0442483834922314,0.0927294949428254,,0.107578322291374,0.0682297274470329,0.0751930549740791,3.55282121721006,6947.79638671875,6432.0703125,12097.55859375,6826.451171875,12271.6181640625,,2738.59692382813,,,104.322440306446
GIN,Guinea,1961,,12937.1025390625,13494.0439453125,12364.76171875,12367.0712890625,,5827.001953125,0.995676159858704,0.0504164844751358,0.0450342111289501,-0.0056353574618697,-0.0969128683209419,0.0114213367924094,,,0.0399950258433819,,,,,0.0427553476118524,0.0441779159009457,0.0462641380727291,0.0722722771369711,0.046255499124527,0.094724594089375,,0.112293154001236,0.0697465911507607,0.0780136063694954,3.61634617940813,7386.88916015625,6948.78759765625,12584.6591796875,7385.74951171875,12780.283203125,,2950.42553710938,,,104.322440306446
GIN,Guinea,1962,,13911.6650390625,14630.935546875,12712.2890625,12731.8193359375,,6407.2265625,1.02885270118713,0.0638163760304451,0.0564939565956593,-0.0046364990994334,-0.152809306979179,0.0082827908918261,,,0.040929339826107,,,,,0.0423637729587229,0.0439999327063561,0.0465243794023991,0.070378236185295,0.0464530102908611,0.0953505174381483,,0.123431704938412,0.0695052444934845,0.0796421840786934,3.68202315428518,7989.8671875,7648.35595703125,12936.462890625,7483.0419921875,13151.9658203125,,3249.44458007813,,,104.322440306446
GIN,Guinea,1963,,14092.455078125,14563.8115234375,14004.4560546875,13982.5693359375,,6689.13134765625,0.950518250465393,0.0573405064642429,0.0337102971971035,-0.0034534051083028,-0.0452009700238705,0.0070853247307241,,,0.0411162599921227,,,,,0.0417533040047619,0.043325200676918,0.0450020283460617,0.0693821335672747,0.0450724735856056,0.0951352617382144,,0.12490813434124,0.069224014878273,0.0943397581577301,3.74956690498898,8105.1435546875,7481.013671875,14292.443359375,7559.79296875,14483.416015625,,3391.07104492188,,,104.322440306446
GIN,Guinea,1964,,13668.0771484375,14195.8046875,12772.6201171875,12761.423828125,,7028.52978515625,1.00703370571136,0.0640126615762711,0.0413533709943295,-0.0048540267162025,-0.116981633007526,0.0094358930364251,,,0.0403972119092941,,,,,0.043181241200187,0.0448295585811138,0.0467864274978638,0.0707605344240672,0.0468274690210819,0.0974690552726679,,0.128983363509178,0.0707573220133781,0.0939293131232262,3.81906336646912,7896.771484375,7364.0859375,13079.5439453125,7002.47509765625,13263.658203125,,3562.99853515625,,,104.322440306446
GIN,Guinea,1965,,13714.13671875,14327.6005859375,13288.08984375,13291.6474609375,,7449.78369140625,0.966705560684204,0.0650805085897446,0.0461540929973125,-0.0062282723374664,-0.0816605165600777,0.0099486345425248,,,0.0403032265603542,,,,,0.0442956053218239,0.0459658056497574,0.0483241900801659,0.0707749585656623,0.0483112558722496,0.101046437924096,,0.133640184998512,0.072762057185173,0.100329391658306,3.89050050223429,7924.8203125,7487.2451171875,13597.4521484375,7318.8662109375,13806.2333984375,,3781.88720703125,,,104.322440306446
GIN,Guinea,1966,,13838.619140625,14545.4169921875,13270.5849609375,13267.064453125,,7965.67041015625,0.968501329421997,0.0745793953537941,0.053274616599083,-0.0054457071237266,-0.100976996123791,0.0100673139095306,,,0.0407498367130756,,,,,0.0446645270139502,0.0465014018118382,0.0492288917303085,0.0703554060262607,0.0492419563233852,0.102631271538452,,0.135658442974091,0.0733975321054459,0.0974099412560463,3.96388391065254,8016.1279296875,7673.8388671875,13563.3310546875,7502.65283203125,13761.9921875,,4048.7041015625,,,104.322440306446
GIN,Guinea,1967,,13367.7822265625,13973.92578125,13304.9609375,13280.046875,,8342.96484375,0.931239902973175,0.0753666609525681,0.0456432066857815,-0.0033937895204871,-0.0568227656185627,0.0079668024554848,,,0.0409756414592266,,,,,0.0464062653061391,0.0482787527143955,0.0508093386888504,0.0714154398337534,0.0509046576917172,0.106618481467048,,0.142908796668053,0.0762898549437523,0.102687329053879,4.03920015564056,7750.64599609375,7334.7138671875,13597.0712890625,7345.37841796875,13774.2294921875,,4243.35400390625,,,104.322440306446
GIN,Guinea,1968,,13222.8125,13815.9775390625,13427.94140625,13393.4599609375,,8695.6494140625,0.911968648433685,0.0752902701497078,0.0442876368761063,-0.0032381962519139,-0.036337748169899,0.008029387332499,,,0.0406591258943081,,,,,0.0477622605008809,0.0496429726481438,0.0521892756223679,0.0724234836564771,0.0523236393928528,0.108951429946052,,0.137055471539497,0.077684223651886,0.103756934404373,4.11651809712536,7657.45556640625,7242.85693359375,13706.80859375,7391.71875,13875.751953125,,4424.93603515625,,,104.322440306446
GIN,Guinea,1969,,13124.8642578125,13688.5380859375,13128.8447265625,13113.5126953125,,9002.7197265625,0.924886584281921,0.075979046523571,0.042984165251255,-0.004513491410762,-0.0475486181676388,0.0082122981548309,,,0.0401544496417046,,,,,0.0516200978918135,0.0535026006400585,0.0560206323862076,0.0764181271166078,0.0560861267149448,0.114651755358875,,0.143134117126465,0.0823164656758308,0.112253271043301,4.1959399053239,7636.36962890625,7188.3330078125,13471.076171875,7238.93603515625,13656.9365234375,,4581.275390625,,,104.322440306446
GMB,Gambia,1960,,1040.69860839844,1097.58166503906,1032.80249023438,1013.41845703125,,1045.64636230469,0.818200826644898,0.208718121051788,0.0561298727989197,-0.0668731331825256,-0.0994599163532257,0.0832842886447907,,,0.0397009998559952,,1.05195593833923,,,0.0916590818232387,0.0903876647353172,0.0948523804545403,0.0854035479150559,0.0966666415333748,0.176536133099324,,0.114587612450123,0.167501732707024,0.134649470448494,0.380660206988619,917.275634765625,851.759094238281,1061.22229003906,1064.37377929688,1047.763671875,,952.572875976563,,,1.78571112296181
GMB,Gambia,1961,,1002.54913330078,1057.77270507813,959.242614746094,949.842346191406,,1061.39221191406,0.845360517501831,0.21012955904007,0.058139730244875,-0.0730569362640381,-0.135822296142578,0.0952494591474533,,,0.0378425605595112,,1.05230009555817,,,0.0963019188902811,0.0946727991104126,0.0992236286401749,0.0881187961116774,0.100205615162849,0.181841045175399,,0.118365339934826,0.172538563609123,0.125615283846855,0.392254604444874,883.40966796875,821.081665039063,984.859008789063,1002.83343505859,980.851196289063,,968.628479003906,,,1.78571112296181
GMB,Gambia,1962,,984.537780761719,1055.47009277344,966.441528320313,964.974060058594,,1097.51123046875,0.804277777671814,0.215996071696281,0.0735070034861565,-0.0617581829428673,-0.115330882370472,0.0833082273602486,,,0.0362828262150288,,1.05264437198639,,,0.0996338053857658,0.0977273285388947,0.104181781411171,0.0906284035404136,0.104340218007565,0.193769396437395,,0.134692415595055,0.181674271821976,0.128921061754227,0.404527123172188,865.486267089844,829.74365234375,991.672912597656,1021.28869628906,990.511352539063,,1001.24755859375,,,1.78571112296181
GMB,Gambia,1963,,1159.84851074219,1217.13342285156,1022.17504882813,1024.48266601563,,1118.67919921875,0.96144700050354,0.17068387567997,0.0559159740805626,-0.058100488036871,-0.200564756989479,0.0706183463335037,,,0.0349349640309811,,1.0529887676239,,,0.099518372524784,0.0980181097984314,0.10264628380537,0.0895672810196381,0.102415084838867,0.196352911392943,,0.139022022485733,0.183943554759026,0.128643408417702,0.417527531173341,1027.40197753906,945.442077636719,1050.77368164063,1033.37377929688,1050.07153320313,,1021.10101318359,,,1.78571112296181
GMB,Gambia,1964,,1149.43786621094,1222.88012695313,1134.07446289063,1140.35083007813,,1158.1279296875,0.812928795814514,0.195039823651314,0.0644031837582588,-0.0747226104140282,-0.0530350171029568,0.0553858913481236,,,0.0337555557489395,,1.0533332824707,,,0.0982388460021543,0.0961423814296722,0.101607851684093,0.0874042818774392,0.101048588752747,0.187147388914791,,0.14246629178524,0.174927413463593,0.146098330616951,0.431309915694879,1015.44598388672,959.304321289063,1168.09790039063,1150.06298828125,1170.84680175781,,1057.12805175781,,,1.78571112296181
GMB,Gambia,1965,,1355.58508300781,1452.38391113281,1272.56945800781,1279.05639648438,,1220.65295410156,0.895250618457794,0.164581581950188,0.0756799131631851,-0.072440542280674,-0.126040801405907,0.0629692673683167,,,0.0328838154673576,,1.05367791652679,,,0.0986192295352101,0.096738800406456,0.10139636695385,0.0865101258224611,0.10088212043047,0.16662148862859,,0.148399114608765,0.154553845524788,0.146272882819176,0.445547658101969,1199.361328125,1148.03247070313,1307.01550292969,1267.68994140625,1308.80334472656,,1116.19445800781,,,1.78571112296181
GMB,Gambia,1966,,1414.62316894531,1520.02160644531,1310.90124511719,1307.7783203125,,1294.56091308594,0.930225074291229,0.151474416255951,0.0805934816598892,-0.0742330104112625,-0.180764302611351,0.0927043259143829,,,0.0321762524545193,,1.05475854873657,,,0.0993601450870932,0.0974253490567207,0.10390117764473,0.0855435290774121,0.104149289429188,0.190817670698412,,0.150813266634941,0.175524577498436,0.144626170396805,0.460255843514625,1250.4248046875,1204.19995117188,1342.38232421875,1283.14624023438,1331.81042480469,,1183.30432128906,,,1.78571112296181
GMB,Gambia,1967,,1416.802734375,1522.1953125,1330.75549316406,1301.57238769531,,1366.30700683594,0.933315932750702,0.155215710401535,0.080973282456398,-0.0672206878662109,-0.209282040596008,0.106997810304165,,,0.0314485132694244,,1.05584037303925,,,0.091376505009519,0.0913192704319954,0.10067380219698,0.0909751216544591,0.102931037545204,0.226427640044261,,0.17737503349781,0.208300083875656,0.174372106790543,0.475448590057988,1250.42468261719,1204.19995117188,1360.47241210938,1283.14624023438,1323.15869140625,,1249.15405273438,,,1.83531411036967
GMB,Gambia,1968,,1494.26318359375,1621.00915527344,1364.9375,1394.63684082031,,1458.64709472656,0.93698924779892,0.134446144104004,0.0908810049295425,-0.0782415121793747,-0.164038494229317,0.0799635872244835,,,0.0307905282825232,,1.05692315101624,,,0.0824348275641865,0.0835574865341187,0.0919817462563515,0.0913816040276538,0.0900229588150978,0.191298861040487,,0.146464630961418,0.17549604177475,0.116777084767818,0.491144270634639,1314.53247070313,1294.142578125,1392.49768066406,1336.0107421875,1414.30578613281,,1335.13793945313,,,2.08333000108333
GMB,Gambia,1969,,1529.15148925781,1673.82836914063,1364.42211914063,1362.46411132813,,1567.44775390625,0.982908606529236,0.139433965086937,0.106187626719475,-0.0628307387232781,-0.298457771539688,0.132758274674416,,,0.0303422287106514,,1.05800712108612,,,0.0856323484178346,0.0855821892619133,0.0932566151022911,0.085228598211374,0.093390628695488,0.174370945478479,,0.155318707227707,0.161195978522301,0.123939625918865,0.507356938903395,1351.11193847656,1351.45886230469,1398.02502441406,1378.86706542969,1388.39440917969,,1435.69921875,,,2.08333000108333
GNB,Guinea-Bissau,1960,,576.480041503906,731.482055664063,668.204650878906,559.311462402344,,511.250579833984,0.650618970394135,0.380076915025711,0.27713006734848,-0.450806260108948,0.0162533149123192,0.1267269551754,,,0.0368351712822914,,,,,0.303850889396317,0.230134874582291,0.231847614049912,0.103947148759759,0.276986360549927,0.238217576006245,,0.124327793717384,0.216823846101761,0.199766933917999,0.581256770501439,660.37451171875,888.717590332031,782.041137695313,1580.80224609375,678.969360351563,,495.392578125,,,0.442307722552323
GNB,Guinea-Bissau,1961,,547.331298828125,690.801513671875,682.793273925781,594.30712890625,,653.166931152344,0.539677560329437,0.381279438734055,0.24140752851963,-0.381306648254395,0.0222953427582979,0.19664677977562,,,0.0321790874004364,,,,,0.304367843011571,0.220240414142609,0.223690092563629,0.101163227974523,0.256995230913162,0.236850381060773,,0.127600476145744,0.214209675788879,0.202957317233086,0.586335277728894,601.873168945313,813.041870117188,796.12353515625,1633.11474609375,710.995178222656,,629.930786132813,,,0.442307722552323
GNB,Guinea-Bissau,1962,,563.922546386719,711.304626464844,678.934936523438,604.031188964844,,800.356018066406,0.553400039672852,0.380198419094086,0.243997424840927,-0.358354806900024,0.0196952447295189,0.161063715815544,,,0.0293907076120377,,,,,0.315882317915724,0.229906365275383,0.233804225921631,0.104763569212685,0.262797445058823,0.248718480096839,,0.14732052385807,0.221250921487808,0.217849940061569,0.59175497012375,623.2236328125,842.557189941406,792.21142578125,1574.67358398438,699.951904296875,,768.030700683594,,,0.442307722552323
GNB,Guinea-Bissau,1963,,688.222534179688,824.70068359375,750.458679199219,659.514465332031,,932.297912597656,0.665480554103851,0.37804850935936,0.206937327980995,-0.396659284830093,0.010603011585772,0.135589942336082,,,0.0275028068572283,,,,,0.313211286743628,0.237100392580032,0.238634526729584,0.103122044627346,0.271541208028793,0.246370680678919,,0.146345570683479,0.218288645148277,0.208768635988235,0.597522477004259,793.408020019531,1008.40167236328,875.770690917969,1822.14611816406,759.327514648438,,892.274108886719,,,0.442307722552323
GNB,Guinea-Bissau,1964,,732.470336914063,872.337890625,775.191467285156,678.723510742188,,1067.39147949219,0.675012171268463,0.404175966978073,0.206074401736259,-0.415118992328644,0.0078085847198963,0.122047863900661,,,0.0261178221553564,,,,,0.315269183478859,0.235398530960083,0.237222924828529,0.102006986556522,0.270939737558365,0.246777103705896,,0.148988604545593,0.217479467391968,0.211215257644653,0.575226281936654,836.753234863281,1058.76257324219,904.247375488281,1786.37646484375,776.971252441406,,1018.37878417969,,,0.442307722552323
GNB,Guinea-Bissau,1965,,806.706665039063,926.133850097656,803.298217773438,719.6708984375,,1176.44348144531,0.655938029289246,0.465000241994858,0.165946945548058,-0.363160222768784,0.0014860639348626,0.0747889578342438,,,0.0250429175794125,,,,,0.320748660033163,0.229931935667992,0.233024463057518,0.101824161618293,0.260102421045303,0.253913937964101,,0.156134396791458,0.22152478992939,0.221181690692902,0.569095904152762,884.716247558594,1084.92724609375,931.302062988281,1795.79699707031,810.992065429688,,1121.72473144531,,,0.442307722552323
GNB,Guinea-Bissau,1966,,749.017578125,866.091064453125,735.634582519531,662.227600097656,,1285.04321289063,0.633634865283966,0.497422784566879,0.176787406206131,-0.377990692853928,0.0004909818526357,0.069654680788517,,,0.0241645742207766,,,,,0.346596770301142,0.241591691970825,0.246418878436089,0.107832463053415,0.27373406291008,0.277302415881671,,0.172737047076225,0.239382579922676,0.238533243536949,0.563752561279148,798.352111816406,992.095092773438,845.563537597656,1485.09448242188,733.357238769531,,1221.97314453125,,,0.442307722552323
GNB,Guinea-Bissau,1967,,864.412231445313,996.819091796875,839.776245117188,766.784423828125,,1407.87622070313,0.61475270986557,0.512568354606628,0.172678053379059,-0.357637405395508,-0.0005816982593387,0.0582200437784195,,,0.0234467014670372,,,,,0.32543555791749,0.222740411758423,0.227780193090439,0.0995722148212253,0.249463051557541,0.260682221816316,,0.167199194431305,0.224794328212738,0.228286013007164,0.56674614791589,905.200500488281,1124.45007324219,957.412658691406,1643.83020019531,833.226867675781,,1337.41149902344,,,0.442307722552323
GNB,Guinea-Bissau,1968,,922.9013671875,1052.37414550781,879.903869628906,811.183471679688,,1525.79016113281,0.607036173343658,0.530685961246491,0.159609779715538,-0.34602352976799,-0.0026305194478482,0.0513221137225628,,,0.0228517074137926,,,,,0.335809078154331,0.225939854979515,0.231279954314232,0.100263669318504,0.250873148441315,0.269345081063547,,0.175547733902931,0.231176376342773,0.238295450806618,0.576051969143189,951.62255859375,1170.22802734375,996.144653320313,1682.42492675781,869.575866699219,,1448.3291015625,,,0.442307722552323
GNB,Guinea-Bissau,1969,,1057.1552734375,1210.81530761719,982.692260742188,894.639770507813,,1668.6689453125,0.651192247867584,0.530462443828583,0.171756356954575,-0.401861608028412,-0.0051566190086305,0.0536072179675102,,,0.0223609153181314,,,,,0.34539173747248,0.23566161096096,0.240227669477463,0.100957630369815,0.263871371746063,0.271641232030048,,0.181904956698418,0.234606400132179,0.246346548199654,0.580377374580918,1113.48547363281,1370.69250488281,1108.78930664063,1740.29943847656,948.281494140625,,1582.70031738281,,,0.442307722552323
GNQ,Equatorial Guinea,1960,,307.302276611328,318.495635986328,378.674957275391,318.841217041016,,,0.686818838119507,0.276990860700607,0.035106360912323,-0.0411347262561321,-1.94820827914555e-7,0.0422188565135002,,,,,,,,0.0242792041350108,0.0211952663958073,0.0249118506908417,0.0135484179059512,0.0295868013054132,0.126946952897009,,0.442841112613678,,0.542840719223023,0.28928674919969,643.500793457031,338.615020751953,417.517700195313,838.850463867188,365.500366210938,,,,,245.195098717111
GNQ,Equatorial Guinea,1961,,309.106170654297,322.585144042969,388.0107421875,323.380920410156,,,0.687313437461853,0.268544346094131,0.0416814051568508,-0.0377423726022244,-2.40926880223924e-7,0.0402034223079681,,,,,,,,0.0253532868598094,0.0221003368496895,0.026706051081419,0.0137747269767115,0.0320434272289276,0.13232644521528,,0.475742906332016,,0.581014573574066,0.294222727667654,649.174133300781,353.580902099609,426.918334960938,850.854125976563,369.698303222656,,,,,245.260101158475
GNQ,Equatorial Guinea,1962,,317.537689208984,330.608123779297,397.255767822266,332.316162109375,,,0.711731731891632,0.243797078728676,0.0393313132226467,-0.0310079753398895,-1.95001859992772e-7,0.0361480414867401,,,,,,,,0.0270627983162072,0.0239288788288832,0.0286700092256069,0.0147798360529154,0.0342725552618504,0.143852742346703,,0.567673563957214,,0.646019160747528,0.295636739491055,675.092468261719,363.376068115234,436.720306396484,850.15771484375,378.595306396484,,,,,245.013900597112
GNQ,Equatorial Guinea,1963,,359.676574707031,374.309539794922,522.146057128906,377.903106689453,,,0.629217624664307,0.3225516974926,0.0387214384973049,-0.0207845102995634,-1.04980401260946e-7,0.0302938520908356,,,,,,,,0.0258215928043387,0.0204423815011978,0.0259187072515488,0.009948885149579,0.035811685025692,0.16052631178841,,0.594227135181427,,0.742400705814362,0.29705904158054,726.109985351563,394.468383789063,574.301696777344,885.909851074219,430.323822021484,,,,,245.016403038517
GNQ,Equatorial Guinea,1964,,363.460144042969,378.722320556641,499.463165283203,381.820983886719,,,0.63081830739975,0.321094185113907,0.0399720817804337,-0.0247176550328732,-1.52294006738885e-7,0.0328333005309105,,,,,,,,0.0314116897404673,0.0248533878475428,0.0317759662866592,0.011969014172932,0.0415663830935955,0.196633195681204,,0.646227121353149,,0.792534947395325,0.298487300641604,735.975524902344,402.871826171875,549.196044921875,921.690124511719,434.624328613281,,,,,245.027206261166
GNQ,Equatorial Guinea,1965,,395.259429931641,413.720367431641,454.941253662109,415.350372314453,,,0.589464902877808,0.36216402053833,0.0444466844201088,-0.0224212650209665,-1.56917977278681e-7,0.026345781981945,,,,,,,,0.0475437157290592,0.0362036637961865,0.0435033701360226,0.0177463799841539,0.0476500764489174,0.199794250660854,,0.702406823635101,,0.761651039123535,0.299922665645026,770.4453125,436.838500976563,497.547241210938,895.0107421875,469.826568603516,,,,,245.060897667394
GNQ,Equatorial Guinea,1966,,442.142730712891,460.520233154297,529.178283691406,462.268829345703,,,0.555686831474304,0.40077555179596,0.0397550277411938,-0.0191400554031134,-1.50443241864195e-7,0.0229227915406227,,,,,,,,0.0446213667302393,0.0327281877398491,0.0398194715380669,0.0162379546316978,0.0455829948186874,0.210427953692416,,0.734578549861908,,0.871361255645752,0.304093500279857,830.562438964844,463.946502685547,574.455444335938,924.074645996094,518.305603027344,,,,,245.678405601562
GNQ,Equatorial Guinea,1967,,496.178833007813,517.778198242188,573.457275390625,519.383850097656,,,0.524734973907471,0.43058705329895,0.0415864922106266,-0.0163662731647491,-1.68952269063993e-7,0.0194579232484102,,,,,,,,0.0449254709729811,0.0318668559193611,0.0394666716456413,0.0159529740018158,0.0435755662620068,0.21404908072789,,0.871069550514221,,0.950105726718903,0.308263168267434,903.363037109375,513.237670898438,618.443908691406,970.048583984375,577.9794921875,,,,,246.000900108188
GNQ,Equatorial Guinea,1968,,528.211059570313,552.935485839844,646.185180664063,554.234313964844,,,0.509905695915222,0.443140715360642,0.0446101017296314,-0.0152366189286113,-8.66806360022565e-8,0.0175801888108253,,,,,,,,0.0418806640648484,0.0292239971458912,0.0368825048208237,0.0146604349890289,0.0430015362799168,0.200498253581099,,0.428771734237671,,0.724594175815582,0.312430467607559,945.612426757813,549.138305664063,692.721130371094,992.550903320313,612.521911621094,,,,,247.564697104238
GNQ,Equatorial Guinea,1969,,555.224792480469,580.961364746094,676.157043457031,582.185546875,,,0.502521812915802,0.45116862654686,0.0442068539559841,-0.0141043271869421,1.13782574473476e-8,0.0162070039659739,,,,,,,,0.043710635714039,0.0315087661147118,0.0376849733293057,0.0179180468661117,0.043767761439085,0.170926482329338,,0.556785702705383,,0.864757061004639,0.316607241537495,988.924072265625,572.811950683594,723.240478515625,1017.48779296875,641.73193359375,,,,,259.960601637173
GRC,Greece,1955,2290.99,29633.259765625,34703.3515625,35549.9453125,35327.6640625,0.0168722085654736,250027.890625,0.690864443778992,0.147947296500206,0.143516212701797,-0.0830516293644905,0.0526401586830616,0.048083521425724,0.362745225429535,0.356152385473251,0.024236872792244,3.54061341285706,1.69980573654175,0.12452308088541,0.486407995223999,0.0952725032984421,0.0907411947846413,0.0856519490480423,0.0695815161288397,0.0861908718943596,0.0559067443859497,0.584208965301514,0.103274241089821,0.0396681353449822,0.126707747578621,7.92474495207629,43961.453125,56405.953125,37034.83984375,50382.34375,37786.86328125,0.135512173175812,412114.3125,0.62893408536911,0.621164619922638,0.0880410859251651
GRC,Greece,1956,2281.52,31576.63671875,38118.1640625,38486.91015625,38267.37890625,0.0162051450461149,249723.46875,0.682411193847656,0.142746850848198,0.170942679047585,-0.0887759923934937,0.050502073019743,0.042173158377409,0.385273009538651,0.385162085294724,0.0236938800662756,3.56814384460449,1.75195348262787,0.14129476249218,0.486407995223999,0.101848678588291,0.0984327793121338,0.0915092974901199,0.0821028181109539,0.0920342653989792,0.0580889442852001,0.691350221633911,0.108022645115852,0.0417442880570889,0.138089746236801,7.98988415454052,47230.2265625,61657.8125,40238.19921875,54811.4921875,41071.98828125,0.1344323605299,411298.09375,0.675831437110901,0.670671582221985,0.0880410859251651
GRC,Greece,1957,2272.08,33389.05078125,40814.41796875,41280.3515625,41164.80859375,0.0155530273914337,249609.53125,0.67111086845398,0.139995768666267,0.180381461977959,-0.0909997299313545,0.0543459616601467,0.0451656579971314,0.407671093940735,0.406920671463013,0.0232398118823767,3.5874924659729,1.80326318740845,0.155441775918007,0.486407995223999,0.103311777612229,0.0990455821156502,0.0914267972111702,0.0785943140374758,0.0916834250092506,0.0571680525027001,0.728083789348602,0.112345695495605,0.0415514707565308,0.138947114348412,8.054755798122,50083.65234375,65822.0234375,43179.9609375,58733.51171875,44231.375,0.134211450815201,412510.21875,0.714258134365082,0.70614755153656,0.0880410859251651
GRC,Greece,1958,2262.69,34647.3671875,43229.6171875,43496.62109375,43369.30859375,0.0150567786768079,252289.34375,0.665455341339111,0.133436068892479,0.197887629270554,-0.0954182893037796,0.0551753677427769,0.0434638969600201,0.423753261566162,0.421341091394424,0.022860374301672,3.61436414718628,1.85607540607452,0.166918605566025,0.486407995223999,0.102800984818529,0.099343903362751,0.0908663719892502,0.0821031892082815,0.0911331102252007,0.0566417813506993,0.769952356815338,0.109832853078842,0.0406881012022495,0.13830278813839,8.13127289463548,51835.91015625,69109.7109375,45433.046875,61435.1484375,46321.38671875,0.135016039013863,416417.3125,0.733252465724945,0.727663636207581,0.0880410859251651
GRC,Greece,1959,2253.33,35420.8203125,44877.73828125,44926.46484375,45024.734375,0.0145181035622954,256620.203125,0.655512869358063,0.131184101104736,0.210038259625435,-0.0938649624586105,0.0549841336905956,0.0421456582844257,0.426352560520172,0.424040853977203,0.0225428678095341,3.62404584884644,1.91043448448181,0.166186287999153,0.486407995223999,0.102631159214094,0.0998086184263229,0.0911339074373245,0.0857046682716873,0.0909349992871285,0.0586428647036056,0.749712824821472,0.110731892287731,0.0417096875607967,0.130321502685547,8.21586988989173,53061.671875,71486.90625,47036.4765625,63716.73046875,48115.96875,0.136542722582817,422306.84375,0.746096134185791,0.738452970981598,0.0880410859251651
GRC,Greece,1960,2244.01,36070.25390625,46776.6484375,45739.72265625,45388.6328125,0.0141562884673476,263032.625,0.663623571395874,0.131074368953705,0.235882759094238,-0.127290919423103,0.054646659642458,0.0420635268092155,0.419483035802841,0.432713896036148,0.0222749263048172,3.6401698589325,1.96638548374176,0.165927082300186,0.486407995223999,0.105856879175725,0.103170104324818,0.0934612825512886,0.0895670691931072,0.0941842198371887,0.0607519223932908,0.78775018453598,0.0996469929814339,0.0426406897604466,0.128427892923355,8.28475871187586,53674.18359375,73569.2890625,47725.80859375,65197.890625,48934.54296875,0.138988688588142,430879.3125,0.745855212211609,0.742459118366242,0.0880410859251651
GRC,Greece,1961,2234.04,38449.453125,53483.2890625,51961.31640625,51622.484375,0.0140074715018272,273759.0625,0.622297525405884,0.122522383928299,0.291226506233215,-0.121814727783203,0.0463120564818382,0.0394562222063541,0.468427121639252,0.486169159412384,0.0220775790512562,3.65469717979431,1.97813296318054,0.166496708989143,0.486407995223999,0.107408251086208,0.104819491505623,0.0941546112298966,0.091671026206376,0.0947726145386696,0.0668789000433116,0.871482670307159,0.101549863815308,0.0468453206121922,0.131923824548721,8.35504225569557,57240.19140625,82309.359375,54239.11328125,73806.515625,55514.44921875,0.144322097301483,448004.5,0.825957596302033,0.812582135200501,0.0880410859251651
GRC,Greece,1962,2224.11,40202.23828125,53915.7109375,51280.90234375,51364.58203125,0.0137333683669567,283014.28125,0.650737762451172,0.131946295499802,0.266983032226563,-0.12237624078989,0.0366789810359478,0.0360302180051804,0.455920487642288,0.479329496622086,0.0219269506633282,3.61818623542786,1.98995065689087,0.138112723827362,0.486407995223999,0.109481186675073,0.106790833175182,0.100242875516415,0.0935224549411257,0.10007955878973,0.0810469433553101,0.858663737773895,0.111562237143517,0.0557260811328888,0.134322568774223,8.4049676046675,59749.6171875,83794.96875,53655.0859375,74075.765625,54791.109375,0.148758709430695,462486.1875,0.819576382637024,0.81787371635437,0.0880410859251651
GRC,Greece,1963,2214.22,42281.12890625,60775.2265625,57760.80078125,57812.34765625,0.0139179285615683,297598.59375,0.608545899391174,0.122805267572403,0.319898724555969,-0.123498037457466,0.0362645946443081,0.0359835550189018,0.496804773807526,0.52447521686554,0.0219396259635687,3.56744861602783,2.00183892250061,0.155915707349777,0.486407995223999,0.113037620721241,0.110223278403282,0.100644141435623,0.0962771765033614,0.100554406642914,0.0787443598915232,0.901286005973816,0.112652234733105,0.0540486983954906,0.139453187584877,8.4361989370907,62964.83984375,93296.1484375,60537.48046875,82849.9453125,61701.87109375,0.156737446784973,486250.21875,0.897880077362061,0.891958892345429,0.0880410859251651
GRC,Greece,1964,2204.38,46455.89453125,67586.6875,61988.23828125,62082.09375,0.0138559713959694,316130.34375,0.622107923030853,0.126189857721329,0.340368539094925,-0.120517536997795,-0.002660019788891,0.0345112085342407,0.512521088123322,0.562456965446472,0.0221552662551403,3.52118420600891,2.01379823684692,0.141069367527962,0.486407995223999,0.115115191103393,0.112867258489132,0.106099344789982,0.101785098056736,0.10593893378973,0.0912201299975142,0.9486483335495,0.118295699357986,0.062478881329298,0.144030392169952,8.46684581464947,69312.6796875,103734.265625,65100.328125,90645.8671875,66283.0390625,0.166415065526962,514476.875,0.957967042922974,0.967118740081787,0.0880410859251651
GRC,Greece,1965,2194.58,50038.80078125,75269.6328125,68587.3828125,68862.0390625,0.0141957448795438,339753.75,0.600157976150513,0.12649492919445,0.366396814584732,-0.134082481265068,0.0088693089783191,0.0321634560823441,0.545190036296845,0.597841203212738,0.0224143285304308,3.4965124130249,2.02582883834839,0.143917843699455,0.486407995223999,0.120129574663901,0.117560096085072,0.110548220574856,0.105369130279336,0.11010730266571,0.0966419984571433,0.971388936042786,0.122788891196251,0.0659425258636475,0.147989764809608,8.50654510107447,74387.125,115019.1796875,72094.7734375,100406.6171875,73396.1171875,0.178682819008827,550154.1875,1.02581322193146,1.03664779663086,0.0880410859251651
GRC,Greece,1966,2184.83,53684.9765625,78676.78125,74286.7265625,74479.328125,0.0145378727465868,364541.375,0.593670725822449,0.127132996916771,0.335553526878357,-0.129442021250725,0.0374290868639946,0.0356556884944439,0.561501085758209,0.593133449554443,0.0226389896124601,3.46497440338135,2.03793144226074,0.149222284555435,0.486407995223999,0.124065319354275,0.121362164616585,0.114044979214668,0.108739293504856,0.11375005543232,0.09832689401006,0.976190030574799,0.126934692263603,0.0668092146515846,0.152877196669579,8.56953908852491,79500.3984375,120576.3125,78077.390625,106927.5234375,79160.953125,0.190399810671806,584218.75,1.06126797199249,1.05572926998138,0.0880410859251651
GRC,Greece,1967,2175.12,57749.6171875,83277.4765625,78614.2890625,78585.5078125,0.0148524101823568,385808.15625,0.601577281951904,0.133286163210869,0.32484182715416,-0.115884587168694,0.0162376426160336,0.03994170576334,0.578041732311249,0.611414730548859,0.0228338856250048,3.42348790168762,2.05010652542114,0.153268873691559,0.486407995223999,0.126081426577975,0.124585591256619,0.116347759962082,0.117834248493974,0.116390369832516,0.0977119821359577,0.994637787342072,0.13026262819767,0.066530667245388,0.15776914358139,8.6718025603653,85304.859375,127700.390625,82487.0390625,112989.765625,83151.171875,0.202066525816917,617983.1875,1.0932936668396,1.09004640579224,0.0880410859251651
GRC,Greece,1968,2165.45,61771.8125,90289.9375,83729.515625,84067.375,0.0150634124875069,410032.9375,0.606519103050232,0.128270238637924,0.339229434728622,-0.124304831027985,0.0146485231816769,0.035637553781271,0.596142649650574,0.636354684829712,0.0229236390441656,3.38240075111389,2.06235408782959,0.147896453738213,0.486407995223999,0.126538447794012,0.126003697514534,0.118839040398598,0.123475125284626,0.118361443281174,0.103320015786546,0.986478269100189,0.133315756917,0.0701530501246452,0.156128853559494,8.69600145860796,91015.7578125,138070.3125,87779.5234375,121129.234375,88701.765625,0.214866608381271,656735.75,1.14151191711426,1.14785432815552,0.0880410859251651
GRC,Greece,1969,2155.83,65587.265625,101522.578125,93431.203125,93722.8984375,0.0157665070146322,445379.75,0.574286997318268,0.125512823462486,0.3834208548069,-0.124084025621414,0.0042414590716362,0.0366219244897366,0.638630568981171,0.687516033649445,0.0230312012135983,3.37215328216553,2.07467484474182,0.148936092853546,0.486407995223999,0.131389602379307,0.130511611700058,0.122594021260738,0.126494382377673,0.122212462127209,0.108143228837733,1.02975499629974,0.137078300118446,0.0739807486534119,0.161295875906944,8.72783717049325,96970.09375,154205.515625,97949.328125,135136.234375,98676.8203125,0.232692807912827,708423.5,1.2233452796936,1.23149359226227,0.0880410859251651
GTM,Guatemala,1955,,8688.513671875,9773.0517578125,9485.5849609375,8655.0048828125,0.0009325926657766,11652.046875,0.898801624774933,0.105069950222969,0.125307664275169,-0.167082414031029,-0.0757372602820396,0.113640405237675,0.735715985298157,0.8303302526474,0.0414723679423332,1.24003446102142,1.18306338787079,0.345766514539719,0.462680697441101,0.0732869941913044,0.0726995170116425,0.075185738503933,0.0676740851013745,0.0824009701609612,0.0951034894712201,2.58991694450378,0.0533836930990219,0.0841128975152969,0.111431159079075,3.57497211061318,14261.8125,18027.9921875,9482.169921875,16081.3134765625,8784.76171875,0.0607562772929668,52287.75390625,0.96711790561676,0.972893714904785,1
GTM,Guatemala,1956,,9259.08203125,10833.81640625,10201.375,9196.828125,0.000989771564491,12917.7529296875,0.893042147159576,0.113726928830147,0.171225816011429,-0.196001157164574,-0.0950212478637695,0.113027513027191,0.738920986652374,0.873600661754608,0.0416979938745499,1.26330542564392,1.18281233310699,0.33036744594574,0.462680697441101,0.0746451286156852,0.0739268958568573,0.0775127485394478,0.0682869734132745,0.085979275405407,0.0985967703295325,2.65878891944885,0.0574470311403275,0.0872199609875679,0.124741241335869,3.69238859943412,15309.3720703125,20276.765625,10252.2841796875,17544.154296875,9394.5302734375,0.0673313960433006,57883.7265625,0.993370771408081,1.03023838996887,1
GTM,Guatemala,1957,,9814.869140625,11494.4169921875,10615.572265625,9658.7734375,0.0010502625955268,14154.02734375,0.89856344461441,0.117597602307796,0.173888340592384,-0.203405857086182,-0.0988690257072449,0.112225547432899,0.738914847373962,0.885261118412018,0.0417697876691818,1.28733932971954,1.18256151676178,0.301050394773483,0.462680697441101,0.0741742358840702,0.0737848803400993,0.0776950046420097,0.0708098444551447,0.0853914842009544,0.10054482468342,2.46508646011353,0.0569686032831669,0.0903892144560814,0.115489803254604,3.81382256120332,16277.76171875,21539.84765625,10685.896484375,18533.958984375,9896.6259765625,0.0740814357995987,63700.4453125,0.994735479354858,1.03739023208618,1
GTM,Guatemala,1958,,10479.0869140625,11897.6689453125,10961.056640625,10298.9140625,0.0010674766963347,15099.2431640625,0.899288713932037,0.118205666542053,0.137740895152092,-0.175964921712875,-0.0911820754408836,0.111911699175835,0.771246433258057,0.888761878013611,0.0413193963468075,1.31153202056885,1.18231058120728,0.283247798681259,0.462680697441101,0.0748275943187243,0.0745379701256752,0.0781195759773254,0.0723345885377873,0.0831420719623566,0.104576935744129,2.46153092384338,0.0627137124538422,0.0927196368575096,0.102867424488068,3.9395164717765,17316.873046875,22053.060546875,11012.6708984375,19398.544921875,10440.2587890625,0.079119935631752,68125.2265625,1.00450658798218,1.02473747730255,1
GTM,Guatemala,1959,,10914.744140625,12188.056640625,11514.43359375,10958.33203125,0.0010479876073077,15867.435546875,0.873261988162994,0.122760377824306,0.116195850074291,-0.160536214709282,-0.077551543712616,0.125869527459145,0.791342079639435,0.878240287303925,0.0410438515245914,1.33631896972656,1.18205976486206,0.320990264415741,0.462680697441101,0.0779080399371856,0.0772905647754669,0.0789749249815941,0.0728981437648737,0.0829826593399048,0.0934130980426145,2.41330623626709,0.0578805729746819,0.0844576209783554,0.0863804742693901,4.06970498520758,18054.28515625,22533.9609375,11592.646484375,20356.546875,11094.7578125,0.0833425298333168,71755.5625,1.01017463207245,1.00343668460846,1
GTM,Guatemala,1960,,11337.9765625,12507.333984375,11870.8349609375,11008.78125,0.0010503277881071,16582.470703125,0.905157327651978,0.124745681881905,0.106220431625843,-0.185411915183067,-0.0793531388044357,0.128641620278358,0.775349318981171,0.881713449954987,0.0409875027835369,1.3616236448288,1.18180906772614,0.290786623954773,0.462680697441101,0.0749295357004135,0.0746796578168869,0.077128566801548,0.0728665668580464,0.0831681936979294,0.10087295192136,2.37902212142944,0.0514104217290878,0.0885081440210342,0.0907357111573219,4.20311168121573,18620.353515625,22935.431640625,11880.4404296875,20853.435546875,11367.568359375,0.0868593454360962,74801.46875,1.00779914855957,0.99463427066803,1
GTM,Guatemala,1961,,11830.18359375,12866.5341796875,12294.3876953125,11609.107421875,0.0010374614503234,17064.640625,0.892971813678742,0.126071497797966,0.0892704799771309,-0.156780764460564,-0.0728669092059135,0.121333822607994,0.799392402172089,0.887542188167572,0.0406476929783821,1.39223194122314,1.18267095088959,0.291158825159073,0.462680697441101,0.0751737881205453,0.0746600553393364,0.0768334418535233,0.0710212529898892,0.0813688933849335,0.101643149025141,2.37681937217712,0.0552225597202778,0.088618241250515,0.0890127122402191,4.33842298596157,19444.791015625,23510.78125,12316.205078125,21749.822265625,11966.4208984375,0.0894350185990334,77096.953125,1.0273916721344,0.996569275856018,1
GTM,Guatemala,1962,,12267.986328125,13314.81640625,12769.923828125,12151.9541015625,0.0010203596903011,17567.056640625,0.902234137058258,0.107314303517342,0.0861450284719467,-0.143921419978142,-0.0677289962768555,0.115956954658031,0.799873888492584,0.877816796302795,0.0402698740363121,1.42360353469849,1.18353354930878,0.294362515211105,0.462680697441101,0.0765597262367165,0.0762927904725075,0.0785684809088707,0.0740485614201395,0.0825639590620995,0.105237600192479,2.35987281799316,0.0607126690447331,0.0905374065041542,0.093196839094162,4.47701749201193,20161.412109375,24339.7421875,12793.39453125,22519.00390625,12366.892578125,0.0921176746487618,79435.59375,1.03103232383728,0.999998152256012,1
GTM,Guatemala,1963,,12938.1982421875,14336.8310546875,13692.125,12985.7275390625,0.0010250707855448,18483.8359375,0.896312415599823,0.100027456879616,0.107705377042294,-0.191234022378922,-0.065206453204155,0.152395188808441,0.818430185317993,0.907407343387604,0.0405787713825703,1.45576977729797,1.18439674377441,0.312454402446747,0.462680697441101,0.0781302278819621,0.0783493220806122,0.0809080600738525,0.0803125807210427,0.0853092968463898,0.104577932222843,2.43971157073975,0.0618754103779793,0.0899482592940331,0.087788425385952,4.62002642745177,21311.69921875,26437.9765625,13748.8154296875,24667.55078125,13169.873046875,0.0969806537032127,83443.828125,1.08990228176117,1.04821372032166,1
GTM,Guatemala,1964,,13613.3037109375,15297.224609375,14314.0009765625,13454.0751953125,0.000995357055217,19696.24609375,0.905332207679749,0.106502741575241,0.125160679221153,-0.200081616640091,-0.0775218531489372,0.140607863664627,0.806980133056641,0.924920976161957,0.0415149256587029,1.48841798305511,1.1852605342865,0.286664724349976,0.462680697441101,0.074918077049157,0.0752652212977409,0.0789804458618164,0.078216143942893,0.0840285196900368,0.109015375686708,2.37484979629517,0.0666678249835968,0.0925715044140816,0.100144907832146,4.76741606076083,22485.025390625,28417.77734375,14412.2958984375,25810.396484375,13666.671875,0.103353030979633,88690.6640625,1.08798968791962,1.07493031024933,1
GTM,Guatemala,1965,,14101.3203125,15808.6376953125,14780.87890625,13982.3349609375,0.0010106966365128,20869.8515625,0.897132575511932,0.111377127468586,0.122105330228806,-0.225367218255997,-0.0325654894113541,0.12731771171093,0.791575610637665,0.897852063179016,0.042219590395689,1.52173018455505,1.18612492084503,0.269666105508804,0.462680697441101,0.0743366661858062,0.0748112425208092,0.0790380090475082,0.0786339373903001,0.0835519433021545,0.113948332444499,2.19930267333984,0.0726656168699265,0.0949478149414063,0.104366764426231,4.86532106499785,23247.517578125,29335.8359375,14869.927734375,26935.3515625,14157.849609375,0.109582036733627,93888.8671875,1.0835165977478,1.05894041061401,1
GTM,Guatemala,1966,,14682.779296875,16168.033203125,15578.857421875,14844.7998046875,0.0009989000391215,21707.0625,0.874458611011505,0.114627070724964,0.100052163004875,-0.189093366265297,-0.0529278554022312,0.152883350849152,0.798104882240295,0.869227886199951,0.0424204431474209,1.55914175510407,1.18863236904144,0.281105697154999,0.462680697441101,0.0747817521705911,0.0750602260231972,0.0783177763223648,0.0771846215038423,0.0821904987096787,0.110520883061126,2.14060211181641,0.0739868581295013,0.0920581147074699,0.099633052945137,4.96490384572044,24147.388671875,29745.615234375,15647.5908203125,28420.0546875,14945.76171875,0.114181086421013,97761.5625,1.10240864753723,1.03538239002228,1
GTM,Guatemala,1967,,15443.8046875,17247.37109375,16043.958984375,15479.9111328125,0.0010087175760418,22919.146484375,0.878533244132996,0.119134321808815,0.116510115563869,-0.209368780255318,-0.0364602096378803,0.131651312112808,0.805752515792847,0.896081387996674,0.0427692756056786,1.59758865833282,1.19114506244659,0.268338948488236,0.462680697441101,0.0752672089647669,0.075399175286293,0.0794814825057983,0.0763723337327227,0.0823775827884674,0.114438004912662,2.13611435890198,0.0762399137020111,0.0945529341697693,0.0971266552805901,5.06686005442596,25373.345703125,31894.822265625,16098.8681640625,29586.75,15525.8642578125,0.1207285374403,103098.375,1.10615909099579,1.07004153728485,1
GTM,Guatemala,1968,,16098.1572265625,18409.599609375,17322.974609375,16706.1640625,0.0010450567351654,24686.34375,0.850770533084869,0.112835317850113,0.138358637690544,-0.191466107964516,-0.0472274981439114,0.13672910630703,0.814502239227295,0.892066359519959,0.0438197515904903,1.63671815395355,1.19366312026978,0.274987757205963,0.462680697441101,0.0766844539258959,0.0766638666391373,0.0815694853663445,0.076508645691019,0.0845811292529106,0.115734871385299,2.11250472068787,0.0779724717140198,0.0947153195738792,0.0995990708470345,5.172123418704,26394.6484375,34356.2421875,17357.642578125,32182.494140625,16695.08203125,0.13037246465683,110801.9296875,1.14151036739349,1.09351801872253,1
GTM,Guatemala,1969,,17113.46875,18893.462890625,18246.71875,17660.916015625,0.0010483087971806,25674.333984375,0.8436159491539,0.125386372208595,0.10078714042902,-0.172576442360878,-0.0388943068683147,0.141681268811226,0.832465529441834,0.885076344013214,0.044653806835413,1.67701041698456,1.1961864233017,0.267042100429535,0.462680697441101,0.0788869279498305,0.0785099267959595,0.0824789553880692,0.0759734248693459,0.085214726626873,0.120638525159281,2.12892842292786,0.0820778384804726,0.0993788465857506,0.102050766348839,5.28109089499578,28182.384765625,34806.45703125,18346.70703125,33706.94921875,17691.375,0.135759994387627,115218.1328125,1.15531718730927,1.07053709030151,1
HKG,"China, Hong Kong SAR",1960,2830.87,11918.615234375,15349.3564453125,14420.6875,18036.41015625,,31793.373046875,0.615851104259491,0.0449575074017048,0.190211996436119,-0.62750118970871,0.0000653350653010421,0.776415228843689,,,0.0239364318549633,1.058758020401,1.78496623039246,0.22227481007576,0.458317011594772,0.0806421366950868,0.0821534842252731,0.0832218155264854,0.102856709982906,0.066538505256176,0.0869332512864266,,0.102605551481247,0.0780414044857025,0.0774016082286835,2.90511828039855,10532.755859375,14790.8583984375,13683.9423828125,15847.9765625,20713.333984375,,88773.7734375,,,5.71430034528288
HKG,"China, Hong Kong SAR",1961,2809.88,12853.806640625,16416.921875,15260.9326171875,18954.21875,,34292.125,0.633108019828796,0.0450421534478664,0.187985330820084,-0.581473767757416,0.000174544940819,0.715163707733154,,,0.0239956565201283,1.10112607479095,1.7963240146637,0.222509726881981,0.458317011594772,0.0836390377490896,0.0848412662744522,0.0854869484901428,0.10173972102806,0.0688295587897301,0.0878161889815432,,0.107288911938667,0.0785886645317078,0.0799256861209869,2.99278302404962,11374.162109375,15837.251953125,14511.8515625,16754.193359375,21712.80078125,,95633.71875,,,5.71430034528288
HKG,"China, Hong Kong SAR",1962,2789.06,14185.6533203125,18919.8671875,17455.84765625,21910.568359375,,37944.3359375,0.606385469436646,0.0410488061606884,0.216069847345352,-0.520558714866638,-0.0006925016641616,0.657747089862824,,,0.0240673571825027,1.14094364643097,1.80775392055511,0.228498920798302,0.458317011594772,0.0844668627825678,0.0855807140469551,0.0870218724012375,0.102034841871876,0.0693291276693344,0.0913401795228815,,0.11550298333168,0.0807768404483795,0.0826449543237686,3.1222961332605,12534.9189453125,18314.26171875,16637.5546875,19126.63671875,23974.5234375,,105826.8125,,,5.71430034528288
HKG,"China, Hong Kong SAR",1963,2768.39,15523.916015625,21884.44921875,20427.119140625,24782.451171875,,43167.70703125,0.585958957672119,0.0404486991465092,0.256654739379883,-0.501874148845673,-0.0001522105594631,0.618964076042175,,,0.0241643562912941,1.17890012264252,1.81925666332245,0.229565128684044,0.458317011594772,0.0852747953648951,0.0865115374326706,0.0892915427684784,0.104427514202571,0.073599211871624,0.0960766037033145,,0.117654353380203,0.0848398059606552,0.086932510137558,3.23159350465786,13755.3798828125,21308.51171875,19517.451171875,22218.505859375,27059.70703125,,120490.0390625,,,5.71430034528288
HKG,"China, Hong Kong SAR",1964,2747.87,16844.9921875,23918.2890625,22221.10546875,26928.474609375,0.0025315545499324,48891.45703125,0.58430027961731,0.0412454456090927,0.262669831514359,-0.501744270324707,0.0002607376372907,0.61326801776886,0.820509135723114,0.734657049179077,0.0242389161139727,1.21622371673584,1.83083260059357,0.204820081591606,0.458317011594772,0.0868287852582219,0.0881593748927116,0.0936152637004852,0.107009066126275,0.0772503688931465,0.106608419129499,1.73209714889526,0.12408185750246,0.0940124690532684,0.0918636918067932,3.31066163857382,14974.0869140625,23374.697265625,21296.578125,24070.046875,29490.931640625,0.0347215496003628,136692.546875,0.654583811759949,0.640188157558441,5.71430034528288
HKG,"China, Hong Kong SAR",1965,2727.5,18988.515625,26812.068359375,25924.806640625,30601.15625,0.0027404865249991,55281.31640625,0.580413043498993,0.0401032343506813,0.255661994218826,-0.450742244720459,0.0001802630722522,0.574383735656738,0.854263007640839,0.75089955329895,0.0242766384035349,1.25383067131042,1.84248208999634,0.211103513836861,0.458317011594772,0.0866968310641641,0.0881066545844078,0.0941772758960724,0.108511034060833,0.079785481095314,0.108911243475414,1.7088987827301,0.127926528453827,0.095149427652359,0.0956101268529892,3.39879845364424,16849.578125,26233.8125,24897.390625,27567.404296875,33565.171875,0.039458192884922,154698.734375,0.690171837806702,0.66144859790802,5.71430034528288
HKG,"China, Hong Kong SAR",1966,2707.28,21310.2578125,28073.498046875,27116.880859375,32339.421875,0.0028133161831647,60153.609375,0.615799486637116,0.0431565865874291,0.209132984280586,-0.476944983005524,0.0000872640812303871,0.6087686419487,0.841444849967957,0.730433464050293,0.0242724921554327,1.29222166538239,1.85761165618896,0.213514417409897,0.458317011594772,0.0876772223920444,0.0889806672930718,0.0921544954180718,0.107579459075874,0.0772723406553268,0.102154920991206,1.56932377815247,0.128729820251465,0.0887695848941803,0.0963655412197113,3.42902769112564,18879.52734375,27248.875,26069.720703125,27978.859375,35155.16015625,0.0432255938649178,168994.15625,0.657338201999664,0.64473432302475,5.71430034528288
HKG,"China, Hong Kong SAR",1967,2687.22,21712.974609375,27331.34765625,28688.978515625,33467.57421875,0.0028130717109888,63892.11328125,0.601743459701538,0.0470330305397511,0.167875126004219,-0.460342675447464,0.0007927563856355,0.642898321151733,0.840558230876923,0.685166120529175,0.0242592319846153,1.33123624324799,1.8728654384613,0.236542880535126,0.458317011594772,0.0922381662640718,0.0932610556483269,0.0939154997467995,0.106347972582712,0.0805059671401978,0.0964446716396733,1.63155162334442,0.132874086499214,0.081994041800499,0.1009701192379,3.5167868040156,19256.373046875,26466.97265625,27581.1640625,28390.3125,36292.92578125,0.0459396168589592,179174.703125,0.636407732963562,0.597506821155548,5.74315805421789
HKG,"China, Hong Kong SAR",1968,2667.3,23867.859375,28970.73046875,30633.123046875,35435.359375,0.0028158265631645,67099.3125,0.62584000825882,0.0477205589413643,0.144005075097084,-0.495262622833252,0.0004369939269963,0.677260041236877,0.845713973045349,0.687200665473938,0.0242779515683651,1.37034523487091,1.88824450969696,0.259988397359848,0.458317011594772,0.0881415595894106,0.0891030207276344,0.0890538021922112,0.101712270406571,0.0769851431250572,0.0888236047455845,1.52594172954559,0.131860539317131,0.0721701309084892,0.102545209228992,3.5922653032553,21131.646484375,28024.8671875,29442.208984375,29418.947265625,38283.96484375,0.0480908565223217,187354.90625,0.634623765945435,0.608844041824341,6.0606000050606
HKG,"China, Hong Kong SAR",1969,2647.53,25770.48828125,31129.609375,34137.1953125,39328.31640625,0.0028897458687424,70408.703125,0.607957720756531,0.0473077893257141,0.136266246438026,-0.486742287874222,-0.000171590669197,0.695382177829742,0.89656925201416,0.705290734767914,0.0243619494140148,1.40871739387512,1.90374982357025,0.26670515537262,0.458317011594772,0.0925077886975,0.0930781662464142,0.0939043313264847,0.100408165841408,0.0815094783902168,0.0978771416450282,1.65839886665344,0.144324198365212,0.0786049738526344,0.111368827521801,3.65007851160543,22944.701171875,30212.388671875,32914.578125,32710.578125,42499.44140625,0.0503883138298988,195801.09375,0.679133236408234,0.631720721721649,6.0606000050606
HND,Honduras,1955,,3542.49389648438,3986.73828125,3950.5673828125,3855.66967773438,,5804.43896484375,0.831484854221344,0.0872903987765312,0.115218505263329,-0.166647911071777,0.0068129221908748,0.125841230154037,,,0.0433563329279423,,1.24979650974274,,,0.0769821860174732,0.0782857462763786,0.0803977102041245,0.0907028474069469,0.0823764950037003,0.097238858315433,,0.0698760971426964,0.0781928077340126,0.0820815861225128,1.65622753483008,4686.0478515625,5594.9091796875,3926.63012695313,5137.77197265625,3826.6005859375,,16152.7705078125,,,2.000000001
HND,Honduras,1956,,3695.01000976563,4168.79931640625,4450.08056640625,4331.68701171875,,6092.81494140625,0.74244499206543,0.110573716461658,0.109377540647984,-0.150723665952683,0.0475101657211781,0.140817269682884,,,0.0433163158595562,,1.2510359287262,,,0.0750310897598616,0.0768057033419609,0.0790864452719688,0.0887213110573329,0.0812480449676514,0.0968736414985663,,0.0766428038477898,0.0789549052715302,0.0910919383168221,1.70884119465878,4954.9775390625,5912.0205078125,4446.4267578125,6110.84326171875,4327.32666015625,,16955.921875,,,2.000000001
HND,Honduras,1957,,4007.94091796875,4531.7275390625,4453.04296875,4413.2451171875,,6412.80517578125,0.806877672672272,0.101284228265285,0.118685096502304,-0.163434013724327,0.0043194168247282,0.132267683744431,,,0.0433535575866699,,1.25227653980255,,,0.0750185414119509,0.0768554583191872,0.0791825354099274,0.0914891950158625,0.0798965841531754,0.0969890128841193,,0.0788795873522759,0.0797797739505768,0.0841834023594856,1.76400861581222,5370.29931640625,6418.2587890625,4457.16162109375,6186.9609375,4423.31396484375,,17869.048828125,,,2.000000001
HND,Honduras,1958,,4126.63330078125,4565.20849609375,4645.66796875,4642.5419921875,,6627.74755859375,0.77742350101471,0.111450128257275,0.0944687202572823,-0.138593941926956,0.0222145356237888,0.133037000894547,,,0.0432213023304939,,1.2535183429718,,,0.0766041922630527,0.0782740488648415,0.0810374617576599,0.0899221802036816,0.0810920223593712,0.107038880107265,,0.085226945579052,0.0872319415211678,0.0858029946684837,1.82214125081267,5522.54443359375,6429.6826171875,4639.9345703125,6626.173828125,4616.28125,,18491.4296875,,,2.000000001
HND,Honduras,1959,,4191.669921875,4617.8955078125,4753.65869140625,4804.57861328125,,6828.66845703125,0.7666375041008,0.105794847011566,0.0887123867869377,-0.124438136816025,0.0269671641290188,0.136326298117638,,,0.0428551025688648,,1.25476145744324,,,0.077897447274924,0.0793220773339272,0.0820114389061928,0.0896456024561749,0.0811422616243362,0.108459656706285,,0.0859883278608322,0.0878317803144455,0.0794377326965332,1.881907105265,5612.873046875,6504.1376953125,4756.2578125,7069.56640625,4773.62109375,,19064.07421875,,,2.000000001
HND,Honduras,1960,,4332,4800.728515625,4753.8134765625,4706.53076171875,,7083.1416015625,0.806476056575775,0.113947160542011,0.0995911359786987,-0.151757195591927,0.0065168030560016,0.125226020812988,,,0.0425785556435585,,1.25600576400757,,,0.0766057485714441,0.0780543759465218,0.0811072364449501,0.0883072057821261,0.0819220542907715,0.109321899093108,,0.0762963891029358,0.0877315402030945,0.0817414969205856,1.94460527161611,5762.2705078125,6743.14453125,4729.6162109375,6894.806640625,4748.84912109375,,19766.9921875,,,2.000000001
HND,Honduras,1961,,4516.7392578125,4939.12646484375,5019.49853515625,4914.59033203125,,7268.02294921875,0.803235471248627,0.115811459720135,0.0859455168247223,-0.143178999423981,0.0201747044920921,0.118011854588985,,,0.0422963686287403,,1.27566480636597,,,0.0773794695105248,0.0792145878076553,0.0820922553539276,0.0919424373094031,0.0838446244597435,0.112864221941193,,0.0782454460859299,0.0904831439256668,0.0919745787978172,2.01141653783481,6012.5654296875,6910.28515625,4998.298828125,7021.78515625,4953.68798828125,,20298.279296875,,,2.000000001
HND,Honduras,1962,,4676.11181640625,5226.830078125,5313.76806640625,5224.54931640625,,7614.849609375,0.784521162509918,0.110505677759647,0.105409733951092,-0.131881445646286,0.0204604752361774,0.110984370112419,,,0.0424310080707073,,1.29563140869141,,,0.0790459296350963,0.0806410163640976,0.0842808037996292,0.0919651499015934,0.0857200548052788,0.115185964371303,,0.0875822231173515,0.0911666378378868,0.100906573235989,2.08262799420584,6215.45556640625,7374.18017578125,5292.49462890625,7304.4541015625,5205.62353515625,,21240.67578125,,,2.000000001
HND,Honduras,1963,,4955.986328125,5588.87158203125,5470.23583984375,5367.7001953125,,8040.83984375,0.8131023645401,0.110195606946945,0.117906242609024,-0.203926727175713,0.0063094752840697,0.156413048505783,,,0.0432496853172779,,1.31591057777405,,,0.0806794990875712,0.0823425352573395,0.0858816504478455,0.0946136251001955,0.0875221937894821,0.113595650238256,,0.0868586376309395,0.0896566063165665,0.0975777804851532,2.15812288038584,6595.955078125,7919.29345703125,5459.47509765625,7265.96630859375,5330.1259765625,,22396.103515625,,,2.000000001
HND,Honduras,1964,,5331.3974609375,5964.046875,5865.24755859375,5708.8466796875,,8435.474609375,0.814420282840729,0.119463160634041,0.110819160938263,-0.202598109841347,0.0000681403034832329,0.157827377319336,,,0.0440059117972851,,1.33650720119476,,,0.0849457968865743,0.0862861052155495,0.0894361510872841,0.095423441939542,0.0918863639235497,0.11598192771906,,0.0878705754876137,0.0913022831082344,0.102950036525726,2.23800287170941,7119.49267578125,8456.919921875,5867.55419921875,7595.58447265625,5675.6943359375,,23486.255859375,,,2.000000001
HND,Honduras,1965,,5515.70361328125,6196.248046875,6327.60546875,6177.724609375,,8880.7783203125,0.782537698745728,0.110299699008465,0.110161013901234,-0.212011530995369,0.0128877311944962,0.196125417947769,,,0.0446424633264542,,1.35742616653442,,,0.0890239157732815,0.0898363664746285,0.093149907886982,0.095600411454671,0.0954098701477051,0.120005632761852,,0.0930972099304199,0.0934371128678322,0.104467459022999,2.32076350580729,7343.2265625,8785.576171875,6323.00390625,8509.87890625,6126.953125,,24691.06640625,,,2.000000001
HND,Honduras,1966,,5738.18994140625,6503.64501953125,6493.93896484375,6446.07958984375,,9403.4931640625,0.773177921772003,0.117004968225956,0.118747390806675,-0.2355937063694,0.006263330578804,0.220400094985962,,,0.0455318205058575,,1.37867248058319,,,0.0935823840394578,0.093934029340744,0.0977749973535538,0.096257701980213,0.0985009372234345,0.126568602492815,,0.0981506332755089,0.0976641103625298,0.101449616253376,2.40494403120172,7619.41748046875,9235.3671875,6478.5185546875,8890.4072265625,6353.4228515625,,26120.216796875,,,2.000000001
HND,Honduras,1967,,5854.02734375,6849.68798828125,6791.107421875,6730.6298828125,,10181.96875,0.753171026706696,0.116588227450848,0.147929772734642,-0.244239658117294,0.0042192223481833,0.222331389784813,,,0.0471008606255055,,1.4002513885498,,,0.0964087656154921,0.096573144197464,0.101386189460754,0.0976350641497436,0.10229717195034,0.129684625394588,,0.10022497177124,0.0997928082942963,0.104190737009048,2.49167522965139,7762.70458984375,9805.0439453125,6767.00048828125,9253.6591796875,6608.9345703125,,28207.177734375,,,2.000000001
HND,Honduras,1968,,6287.6708984375,7278.24462890625,7300.54150390625,7241.578125,,10892.4609375,0.756228864192963,0.11204469949007,0.136789783835411,-0.245355412364006,0.0107399979606271,0.229552060365677,,,0.0487302057445049,,1.42216813564301,,,0.0970842686677933,0.0976130440831184,0.102385580539703,0.101181956079179,0.103219240903854,0.132679236264653,,0.10395897179842,0.10156511515379,0.107659958302975,2.58177216674747,8317.720703125,10373.29296875,7264.78515625,9913.9755859375,7086.6455078125,,30139.76171875,,,2.000000001
HND,Honduras,1969,,6380.78955078125,7389.24169921875,7246.3017578125,7259.34814453125,,11569.4267578125,0.753275394439697,0.125700160861015,0.138917714357376,-0.228227853775024,0.0042365207336843,0.206098094582558,,,0.0498403906822205,,1.44442784786224,,,0.0999331074849111,0.10047610104084,0.105999410152435,0.103730082154638,0.105808906257153,0.140947101792596,,0.111212022602558,0.108496010303497,0.11085133254528,2.67564273162435,8481.3544921875,10561.16796875,7231.04345703125,9971.1083984375,7115.7509765625,,31977.73046875,,,2.000000001
HTI,Haiti,1960,,4158.365234375,5717.76513671875,5711.6875,6035.84716796875,,40648.87890625,0.644835352897644,0.0441094301640987,0.258356392383575,-0.0785325765609741,0.028753038495779,0.10247840732336,,,0.0390667356550694,,1.14414536952972,,,0.0628186679682144,0.0655516684055328,0.0532178021967411,0.105505363807026,0.0503597036004067,0.0203277761685661,,0.114606067538261,0.0187234282493591,0.0731737688183785,3.77361993930297,3741.15673828125,4929.63134765625,5315.48876953125,9080.9599609375,5824.7939453125,,59866.58203125,,,5.000000004
HTI,Haiti,1961,,4381.28662109375,5803.626953125,5153.76123046875,5714.06591796875,,40912.62109375,0.716658294200897,0.050096333026886,0.248919129371643,-0.10932432115078,0.0019868034869432,0.0916637182235718,,,0.0360355526208878,,1.14578437805176,,,0.0642399478695822,0.0669408962130547,0.0558910593390465,0.105579550802406,0.0504105463624001,0.0218538501068185,,0.119438581168652,0.0199909284710884,0.0720115378499031,3.84948441373818,3949.958984375,5130.06005859375,4806.48828125,8814.9052734375,5518.99560546875,,59944.79296875,,,5.000000004
HTI,Haiti,1962,,4301.39697265625,5816.6943359375,5715.90478515625,6187.95361328125,,41497.2890625,0.649536669254303,0.0455876216292381,0.244878619909287,-0.0717640295624733,0.0239545479416847,0.107806533575058,,,0.033378642052412,,1.14742577075958,,,0.0635306128965544,0.0661842823028565,0.0547098629176617,0.103993988555723,0.0505363121628761,0.0221380150245077,,0.130454167723656,0.0198715310543776,0.0673449411988258,3.92762744120913,3875.07861328125,5080.62060546875,5344.3408203125,9513.6650390625,5946.416015625,,60356.66796875,,,5.000000004
HTI,Haiti,1963,,4384.26025390625,5897.50439453125,5677.62109375,6119.966796875,,42087.67578125,0.66901832818985,0.0473679564893246,0.247263476252556,-0.0821639895439148,0.0178590714931488,0.100655198097229,,,0.0310280527919531,,1.1490695476532,,,0.0657815239776164,0.0684897005558014,0.0567605569958687,0.106739639633706,0.0526579581201077,0.0227781837590795,,0.123276643455029,0.0203135907649994,0.0710260272026062,4.00976268246401,3960.03930664063,5180.2939453125,5321.02490234375,9329.47265625,5881.84228515625,,60899.515625,,,5.000000004
HTI,Haiti,1964,,4553.57080078125,5923.3173828125,5608.0390625,5942.546875,,42625.17578125,0.714973509311676,0.0512923672795296,0.230498254299164,-0.0806708931922913,0.0059819868765771,0.0779247879981995,,,0.0290097780525684,,1.15071558952332,,,0.0715065528890828,0.0743852630257607,0.0629511699080467,0.114512128726584,0.0594076253473759,0.0249397922849682,,0.124134682118893,0.0220654215663672,0.0810890197753906,4.09361499183116,4125.640625,5324.837890625,5271.6728515625,9177.44140625,5727.68896484375,,61326.41015625,,,5.000000004
HTI,Haiti,1965,,4694.36962890625,6051.23095703125,5565.1435546875,5966.80859375,,43129.4921875,0.733073770999908,0.0536733753979206,0.227401539683342,-0.0873782113194466,-0.0014904278796166,0.0747199729084969,,,0.0272766146808863,,1.15236413478851,,,0.0770095336609002,0.0799995586276054,0.0680118203163147,0.120837488717128,0.0634334981441498,0.0265375268112361,,0.134027868509293,0.0231824778020382,0.0838471502065659,4.17922258046488,4248.04248046875,5468.4833984375,5238.15771484375,9256.3818359375,5754.744140625,,61849.11328125,,,5.000000004
HTI,Haiti,1966,,4786.2099609375,5987.0576171875,5518.8828125,5897.337890625,,43601.20703125,0.755038559436798,0.0565496273338795,0.203625380992889,-0.0848403945565224,-0.0030704024247825,0.0726971700787544,,,0.0257870722562075,,1.15401494503021,,,0.079928021507902,0.0829016342759132,0.0714655295014381,0.122604629189754,0.0668793022632599,0.0258847252673455,,0.133806258440018,0.0223226845264435,0.0809392333030701,4.2664272493187,4324.36328125,5508.3544921875,5197.12255859375,9320.7021484375,5678.70263671875,,62213.828125,,,5.000000004
HTI,Haiti,1967,,4650.9404296875,5859.3701171875,5495.1962890625,5806.66748046875,,44058.62890625,0.744051516056061,0.056914035230875,0.208110719919205,-0.0777000710368156,-0.0012574712745845,0.0698813274502754,,,0.0245029460638762,,1.15566802024841,,,0.0813144021383188,0.0842145681381226,0.0722562447190285,0.122129200837912,0.0683803930878639,0.0262316694759937,,0.131896793842316,0.0225476231426001,0.0830367282032967,4.35564713064164,4201.9619140625,5366.29931640625,5174.6845703125,9121.8916015625,5585.78466796875,,62662.65234375,,,5.000000004
HTI,Haiti,1968,,4676.0703125,5994.01318359375,5717.43603515625,6046.81201171875,,44646.078125,0.717563629150391,0.0557480379939079,0.217956617474556,-0.0781116634607315,0.0062447553500533,0.0805985927581787,,,0.0233593862503767,,1.15732359886169,,,0.079689325309438,0.082439735531807,0.0694476068019867,0.117841808324141,0.0656647309660912,0.0233514346813853,,0.127900168299675,0.019950108602643,0.0794548317790031,4.44673327394684,4219.24169921875,5423.23779296875,5382.99169921875,9411.3359375,5811.2841796875,,63360.39453125,,,5.000000004
HTI,Haiti,1969,,4807.11181640625,6372.0859375,6005.35693359375,6391.32470703125,,45648.578125,0.696887254714966,0.0552434660494328,0.244859084486961,-0.0766181498765945,0.0018221579957753,0.0778062269091606,,,0.0223153866827488,1.91668999195099,1.15898156166077,,,0.0823405415055546,0.0850576758384705,0.0704463794827461,0.119333858297818,0.0661921575665474,0.0255650325165656,,0.137174189090729,0.021896718069911,0.0815778747200966,4.53972413377177,4361.80322265625,5666.77978515625,5670.00439453125,9770.94921875,6155.5703125,,64497.0625,,,5.000000004
IDN,Indonesia,1960,,94938.8359375,101500.53125,110883.0390625,145696.078125,,337215.90625,0.550945937633514,0.100676491856575,0.0450368821620941,-0.100731931626797,0.0434434339404106,0.360629141330719,,,0.0296675805002451,29.506175994873,1.15858137607574,0.162640452384949,0.507035195827484,0.0564343260017249,0.054279949516058,0.0551508665084839,0.042490244292736,0.0419729575514793,0.0677518535159615,,0.0960787832736969,0.0399840176105499,0.0316290147602558,95.1656887745624,95900.6640625,132528.390625,106862.609375,160433.390625,144237.34375,,771420.5625,,,0.0754436903901931
IDN,Indonesia,1961,,99620.671875,109029.171875,112798.09375,159015.59375,,336886.03125,0.53918445110321,0.0872991904616356,0.0591671280562878,-0.120289877057076,0.0903538092970848,0.344285279512405,,,0.0297124069184065,30.0876140594482,1.1768571138382,0.183240965008736,0.507035195827484,0.0557993462813615,0.0547233372926712,0.055399477481842,0.0480776020971863,0.0392977520823479,0.0625587162598355,,0.0821031704545021,0.0370321050286293,0.0221866481006145,97.2907960392286,101018.1484375,143475.203125,108751.0390625,173601.421875,159281.828125,,774562.8125,,,0.0884750162591828
IDN,Indonesia,1962,,107575.734375,116034.8984375,123300.5546875,149820.5625,,336392.9375,0.642917215824127,0.0751132741570473,0.0564619936048985,-0.111961968243122,0.0530035831034184,0.284465849399567,,,0.0299939569085836,30.6032047271729,1.19542098045349,0.331763595342636,0.507035195827484,0.0562695512272364,0.0537254922091961,0.0526850521564484,0.0319501160495448,0.04335917532444,0.0394537076313461,,0.0383010692894459,0.0231051333248615,0.0159775577485561,99.2133598857049,110130.765625,154323.359375,118880.671875,173337.75,155807.953125,,774014.3125,,,0.243303888175287
IDN,Indonesia,1963,,104998.5859375,111447.734375,119249.8671875,138390.96875,,333626.90625,0.676543354988098,0.0821664407849312,0.046600952744484,-0.045079093426466,0.021907351911068,0.217860922217369,,,0.030056381598115,31.1292457580566,1.2142778635025,0.155942782759666,0.507035195827484,0.055805967284702,0.0537229962646961,0.0550563931465149,0.0365721791751658,0.0474414490163326,0.0767654821441723,,0.0922791361808777,0.0447953157126904,0.028570894151926,101.179844268652,107610.1328125,148223.328125,115211.859375,166637.78125,142059.8125,,766275.875,,,0.575851722308125
IDN,Indonesia,1964,,104369.1875,111691.921875,119722.9375,132254.265625,0.0162565633654594,332025.125,0.687153995037079,0.102001570165157,0.0553685948252678,-0.0286695882678032,0.0200988873839378,0.164046570658684,0.450223207473755,0.383285969495773,0.0300850607454777,31.6657524108887,1.23343205451965,0.111042782664299,0.507035195827484,0.0566312210631586,0.053486168384552,0.0567921698093414,0.0322988970194888,0.0514110065996647,0.103911812494832,0.802333652973175,0.125627845525742,0.0604579783976078,0.0366788879036903,103.190676938426,106371.3203125,148584.921875,115926.46875,174386.140625,136383.859375,0.0294847786426544,762159,0.81554913520813,0.717096984386444,1.22722515003369
IDN,Indonesia,1965,,102933.2578125,110394.359375,118685.6171875,154028.875,0.0157640092074871,329217.34375,0.603479087352753,0.0647934004664421,0.048439621925354,-0.052059032022953,0.0306150838732719,0.304731905460358,0.503157317638397,0.361781477928162,0.0302226040512323,32.212776184082,1.25288844108582,0.241135329008102,0.507035195827484,0.060909543619822,0.058399248868227,0.0583400540053844,0.0350186214045816,0.0449534244835377,0.0575234149062117,0.766745567321777,0.0639597177505493,0.0332933738827705,0.0167157761752605,105.246285645381,106309.765625,148897.84375,114774.9921875,176437.734375,161304.625,0.0293703749775887,758812.6875,0.808871388435364,0.704435765743256,4.00575578902985
IDN,Indonesia,1966,,105729.5234375,114159.953125,112846.3515625,130206.8671875,0.0151431113481522,328019.34375,0.7038654088974,0.108146481215954,0.0647464245557785,-0.0185421351343393,-0.0969066992402077,0.238690495491028,0.407807141542435,0.35754069685936,0.0304137226194143,32.770320892334,1.27265179157257,0.432469367980957,0.507035195827484,0.0473093737663283,0.0446549616754055,0.0431451462209225,0.0273788553626355,0.0373925901949406,0.0242099242807868,0.516951560974121,0.183893278241158,0.0139613561332226,0.0276428796350956,107.347098139873,107281.8203125,151259.96875,108929.21875,181361.578125,135053.203125,0.0294192526489496,759216.5,0.815209805965424,0.701638042926788,75.9010904013065
IDN,Indonesia,1967,,112523.5625,119308.65625,119258.5390625,138423.9375,0.0140216127038002,327077.96875,0.719520747661591,0.09337018430233,0.0490167587995529,-0.0301964562386274,-0.0045839473605155,0.172872722148895,0.435814321041107,0.374933034181595,0.0304940510541201,33.3384017944336,1.29272675514221,0.17691308259964,0.507035195827484,0.0572441693384208,0.0545775704085827,0.055595375597477,0.0340284603981617,0.0478979498147965,0.072474628609932,0.733044266700745,0.152598828077316,0.0415852405130863,0.0278087686747313,109.493520422239,115070.0859375,159447.4375,114992.0234375,183823.5,144915.875,0.0291715878993273,753465.9375,0.820845186710358,0.734755337238312,149.583293535721
IDN,Indonesia,1968,,116761.03125,126181.7890625,129907.8671875,144887.875,0.0135558787733316,327691.9375,0.712736427783966,0.0931352078914642,0.0650210157036781,-0.0297825708985329,0.0276191979646683,0.131270661950111,0.440107852220535,0.380943894386292,0.0307038240134716,33.9170570373535,1.31311845779419,0.22892390191555,0.507035195827484,0.0628106762665566,0.0599177554249764,0.0605991221964359,0.0377790716263183,0.0543337613344193,0.0690439737588084,0.832424700260162,0.167386949062347,0.0396067425608635,0.0384166948497295,111.685972992828,119213.28125,169148.125,125065.9765625,196543.4375,151186.46875,0.0294476486742497,757667,0.859925985336304,0.76372092962265,296.291678704778
IDN,Indonesia,1969,,113436.3984375,124531.640625,127170.796875,147694.296875,0.0131353409960866,330729.6875,0.664471209049225,0.103577397763729,0.0751230120658875,-0.0297344475984573,0.0189141556620598,0.167648643255234,0.439309686422348,0.36813148856163,0.0312897004187107,34.5062828063965,1.33383190631866,0.196580722928047,0.507035195827484,0.0800388531591265,0.0749093070626259,0.0766941606998444,0.042002152344518,0.0660367906093597,0.0949423628528345,1.01021587848663,0.177998274564743,0.0549989305436611,0.0322943404316902,113.924854601972,115429.375,166811.703125,122860.9296875,197774.390625,155667.609375,0.0299354195594788,766889.0625,0.843892276287079,0.734528183937073,325.999990860147
IND,India,1955,,441012.84375,499197.5625,472712.96875,475274.90625,0.0639018192887306,863799.9375,0.837470710277557,0.0904403254389763,0.12242329120636,-0.0360598564147949,-0.042980782687664,0.0287062916904688,0.318968266248703,0.334851771593094,0.0318950787186623,164.370361328125,1.14124894142151,0.158733874559402,0.752550661563873,0.0599760177349323,0.0578343346714973,0.0589370131492615,0.0380024905514835,0.0586193241178989,0.0672948249419114,0.679993093013763,0.0965036973357201,0.0379893183708191,0.0945842564105988,398.41075020591,428391.96875,427744.625,463665.09375,454993.59375,469070.8125,0.0137026254087687,907086.625,0.62393194437027,0.584569275379181,4.76389980729033
IND,India,1956,,457847.15625,525175.1875,488521.03125,493720.46875,0.0659675449132919,923420.0625,0.838348209857941,0.0889926701784134,0.136368781328201,-0.0474964305758476,-0.0434634871780872,0.0272502601146698,0.321775108575821,0.343515962362289,0.0324458740651608,166.743087768555,1.13978254795074,0.153223618865013,0.752550661563873,0.0657875182161376,0.0633989423513413,0.0644511803984642,0.0408975351563464,0.063772439956665,0.0716066753574992,0.731517434120178,0.0982873365283012,0.0408628843724728,0.0974362269043922,405.978606773381,448805.1875,453461,481927.125,467411.8125,490089.3125,0.0148215210065246,978503.5,0.625980496406555,0.605230093002319,4.7618999522471
IND,India,1957,,464252.0625,527233.8125,486988.4375,495100.375,0.0667038187384605,969893.125,0.836008429527283,0.101684421300888,0.127210065722466,-0.0477172695100307,-0.0450508147478104,0.0278651844710112,0.315734922885895,0.338489025831223,0.0328555963933468,169.198715209961,1.1383181810379,0.14111402630806,0.752550661563873,0.0673772691234862,0.06459741294384,0.0655315145850182,0.0417425630839036,0.0644578188657761,0.0724169695661854,0.691616833209992,0.108618520200253,0.0417325682938099,0.0990474075078964,413.817683790505,454575.8125,453814.65625,481404.40625,467712,492669.25,0.0157360918819904,1037637.25,0.617447078227997,0.597061634063721,4.76389980729033
IND,India,1958,,499924.03125,562914.5,525657.5,531542.875,0.0675600618124008,1024735.5625,0.839382886886597,0.101132087409496,0.118505001068115,-0.0376411788165569,-0.0440138131380081,0.0226350501179695,0.33528482913971,0.35419300198555,0.0330217853188515,171.735397338867,1.1368556022644,0.11581115424633,0.752550661563873,0.0670202349432842,0.0643168836832047,0.0669822990894318,0.0418793945216852,0.0662406459450722,0.0881363640441254,0.736509084701538,0.108617499470711,0.0504314228892326,0.102012261748314,421.926898540915,488164.34375,483231.09375,518559.75,500861.40625,526862.3125,0.0166047178208828,1094858.125,0.654349684715271,0.629168033599854,4.76289987976872
IND,India,1959,,505424.84375,568807.1875,535864.375,539236.875,0.0683662965893745,1072439.625,0.833293080329895,0.104003392159939,0.117540799081326,-0.0357395894825459,-0.0432210564613342,0.0241233594715595,0.325335204601288,0.342433005571365,0.033078495413065,174.349914550781,1.13539493083954,0.112743973731995,0.752550661563873,0.0670429357621127,0.0643226057291031,0.0669911205768585,0.0425268278839931,0.0665721520781517,0.0882704874842303,0.672544181346893,0.103043355047703,0.0496918559074402,0.102285124361515,430.302220913694,493591.75,488753.40625,529733.375,510776.4375,535236.8125,0.0174443814903498,1150740.375,0.64596962928772,0.616013824939728,4.76289987976872
IND,India,1960,,530042.1875,617322.875,574658.625,579191.3125,0.0708712786436081,1145650.375,0.813078284263611,0.102063521742821,0.150694087147713,-0.0416953526437283,-0.0445949509739876,0.0204544179141521,0.337959975004196,0.360545635223389,0.0332917347550392,177.039642333984,1.13393616676331,0.164098426699638,0.752550661563873,0.0668272037911891,0.0640009194612503,0.0640867203474045,0.0414856169785905,0.063585177063942,0.0646077483701485,0.653113067150116,0.100095495581627,0.0357667803764343,0.111875653266907,438.940613287925,513524.15625,530424.5625,564872.375,550308.5,574230.8125,0.0189405027776957,1247237.5,0.679535210132599,0.652752935886383,4.7618999522471
IND,India,1961,,547825.75,634298.75,595553.5,597816.9375,0.0722735524177551,1230781.75,0.80799275636673,0.108384296298027,0.144647970795631,-0.0363347791135311,-0.0445928275585175,0.0199025850743055,0.338597327470779,0.35989448428154,0.0335945822298527,178.504364013672,1.14029347896576,0.149671003222466,0.752550661563873,0.0679252053549497,0.0648700073361397,0.0652396753430367,0.0420938573483648,0.0649926736950874,0.0675816136432559,0.646275997161865,0.0992068275809288,0.0379148535430431,0.114286750555038,447.842015512701,530327.8125,544700.6875,586104.4375,570042.25,592955.625,0.0203263126313686,1336963.875,0.68844747543335,0.655603349208832,4.7618999522471
IND,India,1962,,565661.5,660527.25,619297.4375,623367.0625,0.0745342001318932,1313742.125,0.781543850898743,0.125885382294655,0.152182847261429,-0.0353978537023068,-0.0437773987650871,0.0195631291717291,0.333069711923599,0.35348853468895,0.0337783992290497,179.885620117188,1.14668643474579,0.14577704668045,0.752550661563873,0.0710108436553076,0.0669943019747734,0.0674546360969544,0.0420581000642529,0.067014254629612,0.0701994705200269,0.619461834430695,0.107000105082989,0.0385192707180977,0.115513056516647,457.10035323276,542528.8125,563868.5,609972.8125,589049.75,617131.4375,0.0218859910964966,1438811.625,0.686296701431274,0.654722511768341,4.7618999522471
IND,India,1963,,600743,703563.5,661113.75,664172.0625,0.0759849920868874,1400738.125,0.75773149728775,0.146767556667328,0.15480999648571,-0.0307883191853762,-0.0497786402702332,0.0212579518556595,0.342803955078125,0.364671856164932,0.0338329114019871,181.644943237305,1.15311527252197,0.147637084126472,0.752550661563873,0.0776125131248067,0.0721112638711929,0.0725103691220284,0.0437094232926081,0.0721764788031578,0.0748421840826832,0.655891537666321,0.111740007996559,0.0406132563948631,0.112838923931122,466.752378653634,571444.4375,596598.125,652404.0625,627746.6875,658374.1875,0.0235676988959312,1550231.125,0.713015377521515,0.675329625606537,4.7618999522471
IND,India,1964,,642418.375,755653.4375,708108.125,710941.4375,0.0767056718468666,1517146.75,0.759963870048523,0.143652617931366,0.159274771809578,-0.0292213149368763,-0.0547207482159138,0.0210507921874523,0.356813579797745,0.382307827472687,0.0338671654462814,183.365325927734,1.1595801115036,0.153754532337189,0.752550661563873,0.0855133218295467,0.0790292471647263,0.078928604722023,0.0447266401301321,0.0786140486598015,0.0783576202010705,0.701608538627625,0.116785675287247,0.0426129028201103,0.115719109773636,477.037372092181,613742.5625,643387.3125,700195.625,674404.875,705975.25,0.025470744818449,1675430.25,0.740272521972656,0.703822135925293,4.7618999522471
IND,India,1965,,627151.9375,742677.25,696686.125,700862.25,0.0780082195997238,1630773,0.731811463832855,0.163017585873604,0.164833083748817,-0.0317390598356724,-0.0470014698803425,0.0190783962607384,0.333563804626465,0.354604423046112,0.0339848697185516,185.236450195313,1.16608119010925,0.13813841342926,0.752550661563873,0.0935611266568685,0.0848853215575218,0.0846940949559212,0.045938276493974,0.0841894373297691,0.0836559924620342,0.662785947322846,0.126439556479454,0.0454616136848927,0.126447215676308,487.792805791701,590677.0625,625586.0625,687901.0625,659948.6875,694813.4375,0.0273882318288088,1799872.75,0.697709143161774,0.659129559993744,4.7618999522471
IND,India,1966,,626853.6875,743688.3125,695140.3125,702152.625,0.0784382447600365,1755427.625,0.724915862083435,0.16784405708313,0.166394889354706,-0.029041163623333,-0.0473269000649452,0.0172132607549429,0.317422598600388,0.336192607879639,0.0341554656624794,187.084884643555,1.16899657249451,0.115848757326603,0.752550661563873,0.0788068521162436,0.0708464905619621,0.0714017450809479,0.0364658285053479,0.0706886574625969,0.0743808195487182,0.510704040527344,0.132314816117287,0.0407090447843075,0.130783781409264,498.790767957176,587100.75,624293.9375,684684.4375,657407.6875,693932.125,0.0293003711849451,1921111.875,0.674879968166351,0.638705015182495,6.35912514284034
IND,India,1967,,683532.3125,800360.4375,751037.8125,758057.375,0.0789728462696075,1873060.125,0.739849984645844,0.161839425563812,0.154115185141563,-0.0298942886292934,-0.0432414300739765,0.0173311196267605,0.335419416427612,0.353478729724884,0.0343194715678692,188.989349365234,1.17191934585571,0.119192361831665,0.752550661563873,0.0725177016357522,0.0654459297657013,0.0657779425382614,0.0331172581885999,0.0651688352227211,0.0677204800268744,0.486782163381577,0.120096907019615,0.0376763269305229,0.12280760705471,510.087650065998,643119.6875,674153.75,738118.125,709589.9375,747189.1875,0.0310993548482656,2034956.5,0.717240154743195,0.679102897644043,7.5000000065
IND,India,1968,,723322.5,834322.375,789172.875,793592.1875,0.0789812803268433,1971344.125,0.746112406253815,0.165341213345528,0.139870166778564,-0.0267817843705416,-0.0429761670529842,0.0184341482818127,0.337246507406235,0.352388113737106,0.0344172231853008,190.779876708984,1.17484927177429,0.118565917015076,0.752550661563873,0.0739545015410816,0.0667011365294457,0.0670307204127312,0.0339698669014594,0.0666574463248253,0.0691784572895774,0.481906831264496,0.117942996323109,0.0387694351375103,0.119878403842449,521.69262513182,678689,701181.75,773942.9375,745728.375,780243.0625,0.0326254963874817,2132817.25,0.739225625991821,0.692701995372772,7.5000000065
IND,India,1969,,797541.5,919810.75,874765.6875,875782.25,0.0800672471523285,2078918.625,0.744211554527283,0.166450321674347,0.139611452817917,-0.0197935495525599,-0.0466436147689819,0.0161638464778662,0.361514657735825,0.377350002527237,0.0345279648900032,192.5078125,1.17778670787811,0.114626802504063,0.752550661563873,0.0728383608887976,0.0658053383231163,0.066816620528698,0.034360180791263,0.066739059984684,0.0734130474849508,0.498537242412567,0.122156649827957,0.0417586602270603,0.129561483860016,533.614956394663,751591.625,775148.0625,859705.625,829251.25,862726.9375,0.0344214253127575,2243955,0.803838789463043,0.74883645772934,7.5000000065
IRL,Ireland,1955,2386.11,19921.36328125,23464.98828125,20652.16015625,20669.5859375,0.0033599084708839,38419.4140625,0.825576066970825,0.138224706053734,0.171441555023193,-0.304013699293137,0.0168816577643156,0.151889741420746,0.628815531730652,0.713492631912231,0.0337611027061939,1.34231472015381,2.20530891418457,0.170242667198181,0.631123542785645,0.0769538009843931,0.0775172710418701,0.0792508348822594,0.0808827214314719,0.0791840255260468,0.0889964850695379,1.13257920742035,0.09180848300457,0.0695608630776405,0.103953011333942,2.9273058401557,21843.263671875,33665.8046875,20218.859375,33476.70703125,20207.60546875,0.0317021012306213,99163.5859375,0.318008869886398,0.621980845928192,0.453513958996241
IRL,Ireland,1956,2374.43,19372.21875,22220.181640625,20240.142578125,20355.634765625,0.0033501745201647,39578.37890625,0.809327602386475,0.142360672354698,0.139910295605659,-0.263550162315369,0.0198432449251413,0.152108371257782,0.615074932575226,0.673848330974579,0.0342003554105759,1.32052147388458,2.21715545654297,0.15789407491684,0.631123542785645,0.0798678557394424,0.0805720537900925,0.0819682627916336,0.0845754515577137,0.0815031975507736,0.0914654614133294,1.13142919540405,0.0956171527504921,0.0724899470806122,0.102620169520378,2.90634585638612,21401.546875,31913.83203125,19912.677734375,32329.845703125,19973.130859375,0.0326566807925701,102196.4453125,0.30683907866478,0.589084327220917,0.4536409764884
IRL,Ireland,1957,2362.82,18931.861328125,21315.55859375,20144.201171875,20199.443359375,0.0032821595668792,40075.015625,0.797617375850678,0.139629289507866,0.118008054792881,-0.254080057144165,0.0298142526298761,0.16901108622551,0.616847276687622,0.65531051158905,0.0339927896857262,1.27239644527435,2.22906541824341,0.150754347443581,0.631123542785645,0.0835381374360214,0.0838377401232719,0.0852211713790894,0.0855492079477032,0.084988109767437,0.0962086782483393,1.12714540958405,0.100493922829628,0.0770103260874748,0.106843307614326,2.88924773472767,20968.271484375,30579.552734375,19847.505859375,31406.7734375,19880.890625,0.0329920090734959,103685.0625,0.303909629583359,0.57549786567688,0.453513958996241
IRL,Ireland,1958,2351.26,19410.37109375,21693.08203125,20198.80078125,20162.333984375,0.0031927302479744,40441.73828125,0.822182059288025,0.140522509813309,0.11321660131216,-0.265895396471024,0.0276941508054733,0.162280097603798,0.621613025665283,0.667148470878601,0.0335575267672539,1.25361561775208,2.24103951454163,0.154065638780594,0.631123542785645,0.086735537653492,0.0870458260178566,0.088257372379303,0.0888612717584414,0.0884170010685921,0.0985594499259687,1.17628967761993,0.102623105049133,0.0783163234591484,0.112751998007298,2.86244733071157,21410.23046875,31020.6796875,19849.98046875,31309.478515625,19556.830078125,0.0332511067390442,104966.078125,0.304856479167938,0.587438464164734,0.4536409764884
IRL,Ireland,1959,2339.76,19617.943359375,22923.876953125,21170.275390625,20979.552734375,0.0032458540517836,42144.7265625,0.797358989715576,0.137739270925522,0.157578811049461,-0.272817254066467,0.0232551861554384,0.156884983181953,0.626322567462921,0.682887077331543,0.0335430391132832,1.24422931671143,2.2530779838562,0.154568046331406,0.631123542785645,0.087197638623927,0.0877785012125969,0.08967424929142,0.0911410417507625,0.0904894769191742,0.100923975528813,1.11673629283905,0.102624401450157,0.0795815214514732,0.117269538342953,2.85393381069317,21666.443359375,33025.98046875,20848.212890625,33093.82421875,20299.912109375,0.0347369164228439,109306.140625,0.31849217414856,0.618157267570496,0.4536409764884
IRL,Ireland,1960,2328.31,20743.017578125,23845.634765625,22223.296875,21310.080078125,0.0032287973444908,43347.8125,0.835611462593079,0.137778460979462,0.145593866705894,-0.318245410919189,0.0274925716221333,0.171769067645073,0.626457929611206,0.701649129390717,0.0337927229702473,1.238356590271,2.26518106460571,0.155367240309715,0.631123542785645,0.0871221580268778,0.0881352052092552,0.0901500061154366,0.0942792514167248,0.0940132662653923,0.103620239117627,1.16254234313965,0.092907153069973,0.0813012942671776,0.117131002247334,2.84285058235256,22743.412109375,34113.80078125,21771.55078125,34378.4921875,21331.642578125,0.0358793064951897,112845.21875,0.327814280986786,0.632648706436157,0.453513958996241
IRL,Ireland,1961,2331.33,21416.1015625,24978.767578125,23299.787109375,22409.048828125,0.0032520939130336,45198.78125,0.819465637207031,0.136224269866943,0.15898334980011,-0.332198232412338,0.0311301741749048,0.186394810676575,0.643207669258118,0.718231797218323,0.0340058021247387,1.23248410224915,2.27823662757874,0.159300670027733,0.631123542785645,0.0892259012205667,0.0904031842947006,0.0924716740846634,0.0974852251730537,0.0961473286151886,0.104905835468646,1.18729054927826,0.0972931012511253,0.082097090780735,0.120170414447784,2.82909808355302,23487.77734375,35826.3828125,22840.74609375,36090.94140625,22297.7109375,0.0374723598361015,117568.0078125,0.33818319439888,0.65290242433548,0.453513958996241
IRL,Ireland,1962,2334.36,22059.5703125,26051.302734375,23972.275390625,23638.373046875,0.0032970015890896,47485.5625,0.799430787563324,0.133779436349869,0.168866589665413,-0.297509640455246,0.0251186825335026,0.170314207673073,0.645827949047089,0.712889313697815,0.0344358943402767,1.24422895908356,2.29136753082275,0.154440000653267,0.631123542785645,0.0934035817209542,0.094733327627182,0.0973131656646729,0.10267955669553,0.0986877530813217,0.111570189163622,1.16577684879303,0.109078891575336,0.0862109065055847,0.125734031200409,2.84084282570592,24168.86328125,37471.59765625,23520.845703125,37478.26171875,22855.76171875,0.039509441703558,123386.71875,0.340817600488663,0.662729442119598,0.453513958996241
IRL,Ireland,1963,2337.4,22917.767578125,27353.056640625,25027.39453125,24775.62109375,0.0033698952756822,50143.8359375,0.791528701782227,0.13348414003849,0.179018303751946,-0.310124605894089,0.0355727486312389,0.170520767569542,0.648132801055908,0.718586504459381,0.0350100137293339,1.25126576423645,2.30457425117493,0.154162764549255,0.631123542785645,0.0960887933247081,0.0976357311010361,0.100198455154896,0.106808714231133,0.101216688752174,0.113440416577132,1.15328979492188,0.1116549000144,0.0874214768409729,0.126793041825295,2.86091943484411,25157.142578125,39473.54296875,24605.23828125,39345.26953125,23921.076171875,0.041902981698513,130131.0078125,0.347323954105377,0.677703619003296,0.453513958996241
IRL,Ireland,1964,2340.44,23793.806640625,28719.7890625,26160.193359375,25546.408203125,0.0034622272942215,53146.42578125,0.796778440475464,0.13461697101593,0.192824840545654,-0.331331193447113,0.0300701670348644,0.17704077064991,0.637707233428955,0.722695529460907,0.0356519781053066,1.2571382522583,2.31785702705383,0.151209384202957,0.631123542785645,0.103342283201248,0.106182165443897,0.109095439314842,0.122991009863145,0.111716575920582,0.123167303099272,1.18324553966522,0.115056678652763,0.0946656987071037,0.134612053632736,2.87497325270648,26167.017578125,41586.6484375,25777.748046875,41066.04296875,24648.13671875,0.0446696802973747,137873.59375,0.35145303606987,0.692197144031525,0.453513958996241
IRL,Ireland,1965,2343.48,24147.69921875,29543.3515625,26544.78125,26082.94140625,0.003571001579985,56640.796875,0.786320269107819,0.139484018087387,0.206865191459656,-0.328171938657761,0.0286382995545864,0.166864171624184,0.621072709560394,0.705738186836243,0.0363577306270599,1.2547892332077,2.33121633529663,0.139719069004059,0.631123542785645,0.107979434938576,0.110728845000267,0.114413224160671,0.126228255623183,0.116439089179039,0.13090226942127,1.11092150211334,0.121565818786621,0.0994146689772606,0.140273362398148,2.88701907459016,26497.271484375,42863.66796875,26137.4375,42048.40625,25000.953125,0.0478282868862152,146589.3125,0.349760085344315,0.69342827796936,0.453513958996241
IRL,Ireland,1966,2346.52,24541.8203125,29543.52734375,27284.244140625,26701.5390625,0.0035207828041166,59239.8359375,0.778305649757385,0.140810713171959,0.187319070100784,-0.315234422683716,0.0302163623273373,0.178582638502121,0.613144457340241,0.678390741348267,0.0367982685565949,1.25080406665802,2.34465265274048,0.144889354705811,0.631123542785645,0.112406351525465,0.114873699843884,0.117283344268799,0.128511540557314,0.119842819869518,0.129106732138221,1.09350204467773,0.123948805034161,0.0974373742938042,0.142948284745216,2.89504986184467,26835.419921875,42725.26171875,26822.7890625,42143.62109375,25413.26953125,0.0502071343362331,153574.6875,0.343492895364761,0.677270472049713,0.453513958996241
IRL,Ireland,1967,2349.57,25572.267578125,30809.408203125,29185.60546875,28498.9609375,0.0034795824903994,62001.41796875,0.756710052490234,0.140595242381096,0.18376599252224,-0.300661742687225,0.0291165225207806,0.190473929047585,0.644495487213135,0.695449650287628,0.0369097143411636,1.24422895908356,2.35816645622253,0.154416784644127,0.631123542785645,0.114071368583158,0.116219535470009,0.117982655763626,0.127781355231831,0.120825283229351,0.126591750362624,1.14795470237732,0.125417843461037,0.0955970361828804,0.144208535552025,2.91121147715454,27913.7421875,44496.64453125,28645.78125,44311.69140625,26926.5078125,0.0526438020169735,160845.578125,0.354507505893707,0.692350268363953,0.459812739147033
IRL,Ireland,1968,2352.63,27898.455078125,34015.25,31256.763671875,30845.841796875,0.0035218319389969,65694.8515625,0.764861643314362,0.139586195349693,0.198302030563355,-0.318599313497543,0.0233629550784826,0.192486420273781,0.666747570037842,0.730761528015137,0.0370557755231857,1.24775242805481,2.37175798416138,0.150779232382774,0.631123542785645,0.103428994500083,0.10552529245615,0.108033791184425,0.117011960458225,0.109472997486591,0.119474941527159,1.02842080593109,0.11954603344202,0.0898667424917221,0.134390860795975,2.92365889823395,30357.6875,49091.54296875,30631.119140625,48342.640625,29000.916015625,0.0559262484312058,170473.34375,0.375872552394867,0.742349445819855,0.529099857247516
IRL,Ireland,1969,2355.68,29233.55078125,36723.3359375,32955.40625,32412.46875,0.0036945843603462,70833.5,0.758005738258362,0.143917247653008,0.231077268719673,-0.342338055372238,0.0197512749582529,0.189586520195007,0.671147704124451,0.755725204944611,0.0375819988548756,1.25126588344574,2.38542795181274,0.142827212810516,0.631123542785645,0.112853654619264,0.114940285682678,0.118299521505833,0.12593048810052,0.120281115174294,0.131410989330773,1.07427358627319,0.127376213669777,0.0993475615978241,0.144935205578804,2.93680923757194,31944.58984375,53269.2578125,32360.2109375,51775.453125,30408.578125,0.0606512911617756,183502.1875,0.38827520608902,0.776933550834656,0.529099857247516
IRN,Iran (Islamic Republic of),1955,,56457.14453125,63660.49609375,43378.88671875,54220.53515625,,149636.171875,0.977799773216248,0.063450463116169,0.132852837443352,-0.074008546769619,-0.452568560838699,0.35247403383255,,,0.0475410148501396,5.79379177093506,1.05238783359528,0.206424683332443,0.41786003112793,0.121009829852957,0.124138228595257,0.12670473754406,0.172348302737757,0.101369544863701,0.146820059321928,,0.144258394837379,0.0868014916777611,0.02598244138062,18.9049351449791,65370.8671875,86064.6484375,44885.36328125,138082.609375,55436.6953125,,244247.421875,,,32.2457428300973
IRN,Iran (Islamic Republic of),1956,,55991.14453125,66159.9609375,45611.3125,58456.828125,,158022.578125,0.898426830768585,0.0593935996294022,0.173954337835312,-0.100229114294052,-0.449157536029816,0.417611867189407,,,0.0484545938670635,5.89327621459961,1.05563879013062,0.214053153991699,0.41786003112793,0.133748929583545,0.137034237384796,0.139485165476799,0.186730009381663,0.10883416980505,0.152980276604911,,0.132732376456261,0.0919274315237999,0.0315022841095924,19.4271690916824,65392.68359375,90454.1328125,47582.54296875,155804.171875,61091.5078125,,258661.71875,,,32.2557411516405
IRN,Iran (Islamic Republic of),1957,,57488.30859375,70134.34375,50721.83203125,67130.1640625,,168743.984375,0.803140580654144,0.0532301627099514,0.188380762934685,-0.0995652303099632,-0.404172211885452,0.458985865116119,,,0.0499281659722328,5.99642515182495,1.05889987945557,0.231336310505867,0.41786003112793,0.139996891406441,0.143270522356033,0.144864231348038,0.192663346033734,0.109455697238445,0.152109121372925,,0.123037293553352,0.0926933884620667,0.0318043753504753,19.9724718966715,67384.09375,96259.6015625,53056.1015625,186966.328125,71922.6640625,,277895.375,,,32.2557411516405
IRN,Iran (Islamic Republic of),1958,,62253.18359375,77947.390625,56328.41015625,74854.0625,,183880.640625,0.779146313667297,0.0525144077837467,0.209664076566696,-0.114415548741817,-0.388538777828217,0.461629539728165,,,0.0516586191952229,6.10423135757446,1.06217098236084,0.201003968715668,0.41786003112793,0.0866337803236054,0.08864776045084,0.0935095474123955,0.118528762932507,0.0703668370842934,0.112794485517635,,0.0768200010061264,0.0681862682104111,0.0197619143873453,20.544866257132,72757.640625,107341.0859375,58885.2109375,211987.375,82715.7890625,,303592.53125,,,52.3630867528025
IRN,Iran (Islamic Republic of),1959,,63505.97265625,79783.0859375,63226.7734375,83741.921875,0.0099689830094575,199461.375,0.711021423339844,0.0473319925367832,0.194372341036797,-0.092368096113205,-0.329412966966629,0.46905529499054,0.898209273815155,0.853894650936127,0.0531903989613056,6.21613740921021,1.06545221805573,0.212281316518784,0.41786003112793,0.0611476686892434,0.0637267753481865,0.0671050176024437,0.102470183769088,0.0506655871868134,0.0802853747917159,1.28243958950043,0.0587888620793819,0.048214353621006,0.0188741609454155,21.143334939293,74296.9296875,110213.3828125,66322.09375,237770.359375,92530.640625,0.0369846411049366,329426.09375,3.18983626365662,1.45954167842865,75.7600022119905
IRN,Iran (Islamic Republic of),1960,,63453.2265625,79875.515625,63768.21484375,89413.765625,0.0102133229374886,214678.640625,0.663016676902771,0.04664171859622,0.183666244149208,-0.101576782763004,-0.319124221801758,0.527376413345337,0.922641038894653,0.824986159801483,0.0541919767856598,6.33100414276123,1.06874358654022,0.203717634081841,0.41786003112793,0.0656002195173581,0.0683306232094765,0.0714239254593849,0.107143623872443,0.0509381927549839,0.0833759513667504,1.31856846809387,0.0521611645817757,0.0496277324855328,0.0164729058742523,21.7648397278949,73838.5859375,110164.453125,66515.8046875,260659.171875,95647.390625,0.0398848839104176,354501.5,3.32972598075867,1.38914787769318,75.75000007575
IRN,Iran (Islamic Republic of),1961,,63377.75,81339.3984375,65622.2109375,93640.7109375,0.0104059614241123,229837.484375,0.632246971130371,0.044571366161108,0.191814512014389,-0.0897894725203514,-0.315137326717377,0.536293923854828,0.928564727306366,0.808006048202515,0.0541975684463978,6.47681903839111,1.0726066827774,0.218391641974449,0.41786003112793,0.0676556529090223,0.070464201271534,0.0719925686717033,0.110303574938607,0.0504514761269093,0.0773854359167031,1.28399181365967,0.0540912747383118,0.0448849946260452,0.0161708518862724,22.4043310590854,73849.4140625,112607.03125,68620.34375,282864.75,102665.8984375,0.0429808497428894,382410.96875,3.43239068984985,1.34882283210754,75.75000007575
IRN,Iran (Islamic Republic of),1962,,64777.45703125,84786.6328125,68341.6640625,92148.65625,0.0106054721400142,249118.578125,0.656671285629273,0.0462956055998802,0.217140212655067,-0.0742417126893997,-0.340990096330643,0.495124727487564,0.856636226177216,0.789456307888031,0.0532892048358917,6.6269588470459,1.07648372650146,0.215110972523689,0.41786003112793,0.0686010347977627,0.0716082081198692,0.0730602592229843,0.114262849900472,0.0541848354041576,0.0777611392761265,1.224156498909,0.0609384998679161,0.0442576408386231,0.0201206672936678,23.0668392309257,75413.2109375,117794.2421875,71648.484375,301654.0625,112270.3828125,0.0465678535401821,414856.625,3.44040298461914,1.3261593580246,75.75000007575
IRN,Iran (Islamic Republic of),1963,,65542.4453125,87072.4140625,70607.0859375,97938.65625,0.0108315069228411,270405.78125,0.622396349906921,0.046822976320982,0.219831183552742,-0.0899384245276451,-0.30508279800415,0.505970776081085,0.861332476139069,0.769007861614227,0.0518924444913864,6.78043079376221,1.0803747177124,0.212169334292412,0.41786003112793,0.0695335902549222,0.0729321539402008,0.0737210661172867,0.118107682290648,0.0531478561460972,0.0761227150542688,1.17537295818329,0.0619236640632153,0.0431783050298691,0.0185582209378481,23.7493318078938,76679.1015625,121542.9296875,74233.609375,320101.75,115121.3203125,0.0503840185701847,450134.15625,3.45725035667419,1.29581797122955,75.75000007575
IRN,Iran (Islamic Republic of),1964,,64282.515625,92924.453125,72116.40625,104714.2734375,0.0116446726024151,301758.53125,0.560419082641602,0.0534658655524254,0.273524701595306,-0.099699541926384,-0.391107261180878,0.603397190570831,0.825553834438324,0.738503098487854,0.0511949695646763,6.93997287750244,1.0842798948288,0.185462892055511,0.41786003112793,0.0729711857344414,0.0771477520465851,0.0790429264307022,0.120925767065032,0.0544366240501404,0.0832963551651638,1.1089174747467,0.0640644952654839,0.0472774989902973,0.0198392271995544,24.4618828721656,76214.2265625,131515.875,76082.46875,345040.3125,124539.7890625,0.0563186332583427,502592.8125,3.44669103622437,1.29682743549347,75.75000007575
IRN,Iran (Islamic Republic of),1965,,69085.6875,102882.3515625,80389.3828125,112120.9453125,0.0123940529301763,338703.65625,0.548233091831207,0.0679379999637604,0.301430404186249,-0.114934451878071,-0.348627179861069,0.545960128307343,0.812661170959473,0.748103320598602,0.0512705855071545,7.1042914390564,1.08819913864136,0.186434909701347,0.41786003112793,0.0732199319951953,0.0780824422836304,0.0800580158829689,0.117321003723203,0.0574006401002407,0.084096388192524,1.07042109966278,0.0667367056012154,0.0471117608249188,0.0212855357676744,25.2004485341854,82799.2109375,147352.8125,85001.5546875,392867.6875,140851.4375,0.063539631664753,566694.0625,3.60173058509827,1.33350551128387,75.75000007575
IRN,Iran (Islamic Republic of),1966,,75431.6875,114619.5234375,87180.2109375,121372.203125,0.0132056307047606,382475.90625,0.548303186893463,0.073187455534935,0.32287323474884,-0.110963888466358,-0.368594527244568,0.535194575786591,0.80379980802536,0.759063839912415,0.0514355786144733,7.27381467819214,1.09213256835938,0.174018383026123,0.41786003112793,0.0735397477536664,0.0781630203127861,0.0811230316758156,0.112799499699234,0.0582697093486786,0.0868206759890041,1.0168571472168,0.0689251348376274,0.0480855107307434,0.0201536919921637,25.9670324362294,90422.0234375,164846.171875,92293.328125,437278.78125,149122.96875,0.0721845477819443,642564.9375,3.67306661605835,1.3668497800827,75.75000007575
IRN,Iran (Islamic Republic of),1967,,83537.125,125758.3046875,96008.9375,140037.921875,0.014078707434237,429117.3125,0.521627366542816,0.0749048292636871,0.301498174667358,-0.113274894654751,-0.412355095148087,0.627599656581879,0.872986078262329,0.782509803771973,0.0519880205392838,7.44332647323608,1.09608018398285,0.167489022016525,0.41786003112793,0.0741753790809362,0.0786388963460922,0.0817661285400391,0.109722267556066,0.05605823174119,0.0879535312617112,1.0207839012146,0.0709352418780327,0.0488887391984463,0.0219580251723528,26.7434842764846,100290.9296875,180922.140625,101543.1796875,485106.21875,178696.4375,0.0814098790287972,722278.4375,3.77548146247864,1.38994860649109,75.75000007575
IRN,Iran (Islamic Republic of),1968,,86414.328125,140838.3125,105294.8984375,151786.171875,0.0154821779578924,491191.34375,0.486349999904633,0.082966223359108,0.358556896448135,-0.130060270428658,-0.405157774686813,0.60734486579895,0.859172582626343,0.792330026626587,0.0527483858168125,7.61250495910645,1.10004210472107,0.157560840249062,0.41786003112793,0.0749765267690856,0.0797193795442581,0.0838241800665855,0.107522117562783,0.0581493005156517,0.0903417819823288,0.964999258518219,0.071273036301136,0.0499162785708904,0.0217348001897335,27.5287926009172,104328.2265625,204869.78125,111360.4140625,546598.5,191142.59375,0.0939518511295319,830599.6875,3.87409472465515,1.43334650993347,75.75000007575
IRN,Iran (Islamic Republic of),1969,,94434.296875,148408.5,110305.8203125,158812.03125,0.016573891043663,550491.1875,0.498838812112808,0.0957905277609825,0.339862197637558,-0.126077175140381,-0.415398716926575,0.606984376907349,0.840690970420837,0.780778527259827,0.0529905296862125,7.78295612335205,1.10401833057404,0.141893491148949,0.41786003112793,0.0807130465210613,0.0849168673157692,0.0891206786036491,0.106808694405167,0.0619003996253014,0.0964757280965443,0.952949166297913,0.0761565938591957,0.0537349469959736,0.0229542069137096,28.3289972350429,114986.484375,215738.890625,116638.7578125,618339.5625,207864.875,0.105235196650028,930796.75,4.05765533447266,1.39748799800873,75.75000007575
ISL,Iceland,1955,,1248.6455078125,2125.53540039063,1993.83972167969,2099.25708007813,0.0006482723983936,8916.314453125,0.504632890224457,0.09017064422369,0.417714446783066,-0.293456196784973,-0.0195864103734493,0.300524681806564,0.830445110797882,0.84041041135788,0.030169066041708,0.0685771554708481,2.01768159866333,0.0715624243021011,0.67505693435669,0.173571586075388,0.172222405672073,0.144695922732353,0.164671855401332,0.137429788708687,0.105499642658312,0.911469221115112,0.105757087469101,0.100826621055603,0.0820212364196777,0.158333590305835,1473.01867675781,2355.79541015625,2057.14868164063,2065.1494140625,2160.69970703125,0.0613007470965385,14595.8837890625,0.527785360813141,0.530814170837402,0.168923438504584
ISL,Iceland,1956,,1320.12023925781,2115.478515625,1987.806640625,2097.75048828125,0.0006535941502079,9436.7861328125,0.529525458812714,0.0997773185372353,0.379148215055466,-0.315942108631134,-0.0192597042769194,0.326750785112381,0.811058878898621,0.820878505706787,0.029990941286087,0.0692758485674858,2.02475953102112,0.0609405338764191,0.67505693435669,0.195673899583251,0.193762466311455,0.169051200151443,0.183618304864603,0.160191178321838,0.128035939414379,1.03477537631989,0.109746791422367,0.124586373567581,0.0840707644820213,0.161653666128843,1568.07861328125,2383.47998046875,2048.78100585938,2126.46044921875,2162.25854492188,0.064547173678875,15472.69921875,0.532182455062866,0.525912880897522,0.168923438504584
ISL,Iceland,1957,,1299.1630859375,2133.0283203125,2010.91027832031,2104.67553710938,0.0006654324242845,9971.4765625,0.509453117847443,0.10782166570425,0.39619654417038,-0.285097807645798,-0.0227206610143185,0.29434722661972,0.795615673065186,0.811758935451508,0.0294288881123066,0.0692767128348351,2.03186225891113,0.0545299723744392,0.67505693435669,0.206948461681294,0.20375756919384,0.178232282400131,0.188680747149925,0.170291870832443,0.138463871082949,1.02245330810547,0.111552104353905,0.135298624634743,0.0860581398010254,0.165412549269967,1545.22314453125,2386.35571289063,2069.14086914063,2129.8984375,2173.43505859375,0.0680087804794312,16384.998046875,0.527768552303314,0.521337330341339,0.168923438504584
ISL,Iceland,1958,,1398.04760742188,2350.50048828125,2213.99145507813,2341.2236328125,0.0006794143118895,10607.3212890625,0.494706571102142,0.102437414228916,0.406818449497223,-0.266566187143326,-0.0235261600464582,0.286129891872406,0.872438788414002,0.873724400997162,0.0291267391294241,0.0699984431266785,2.03898978233337,0.0618154741823673,0.67505693435669,0.222943928642592,0.21924552321434,0.186848416924477,0.201384650781122,0.176694288849831,0.13929469563364,1.12994408607483,0.120123185217381,0.133436754345894,0.0883626863360405,0.16908024934315,1656.46081542969,2616.11083984375,2281.96557617188,2324.55541992188,2398.875,0.0724669396877289,17489.326171875,0.565590262413025,0.561199367046356,0.168923438504584
ISL,Iceland,1959,,1473.32373046875,2465.46752929688,2321.37158203125,2405.18310546875,0.0006916215643286,11341.0009765625,0.510808229446411,0.101753763854504,0.412502437829971,-0.276858061552048,-0.0259718578308821,0.277765542268753,0.849599540233612,0.869009435176849,0.0291213616728783,0.0699996575713158,2.04614233970642,0.0594239681959152,0.67505693435669,0.242971071382078,0.238135695457459,0.204844281077385,0.213861920649941,0.197706237435341,0.155406861255695,1.15640938282013,0.115262664854527,0.147227138280869,0.0891897976398468,0.172629745825639,1748.80480957031,2756.52075195313,2401.53784179688,2390.79711914063,2460.74145507813,0.0772915109992027,18636.8671875,0.56328409910202,0.572591722011566,0.168923438504584
ISL,Iceland,1960,,1505.80163574219,2458.0546875,2276.08764648438,2377.65795898438,0.0007053728913888,11902.703125,0.52350926399231,0.109803698956966,0.400500416755676,-0.32395613193512,-0.0121670588850975,0.30230975151062,0.81484055519104,0.843177914619446,0.0295142941176891,0.0704087838530541,2.05332016944885,0.047282300889492,0.67505693435669,0.126410519331248,0.122458890080452,0.109471507370472,0.103618765339509,0.104795023798943,0.0889344932481316,0.583005905151367,0.110057599842548,0.0792563259601593,0.0944422036409378,0.176182242929717,1773.01440429688,2755.01025390625,2353.09155273438,2453.44677734375,2535.6513671875,0.0819654613733292,19678.126953125,0.567122757434845,0.561464965343475,0.361904712479158
ISL,Iceland,1961,,1508.72290039063,2435.19091796875,2429.30126953125,2492.50463867188,0.0007086063269525,12485.859375,0.496383219957352,0.108920708298683,0.371701627969742,-0.271577537059784,0.0150859039276838,0.27948608994484,0.828009307384491,0.810398161411285,0.0296895019710064,0.0716530457139015,2.06678867340088,0.0550103597342968,0.67505693435669,0.126007019732679,0.121346689760685,0.105953238904476,0.100108203530702,0.103266544640064,0.0808855183200277,0.573424637317658,0.108989365398884,0.071736179292202,0.0994354784488678,0.179232815163083,1774.64599609375,2735.4267578125,2512.70727539063,2451.36743164063,2653.82275390625,0.0858728736639023,20640.625,0.551946580410004,0.543016135692596,0.4008333108542
ISL,Iceland,1962,,1663.57458496094,2495.36840820313,2505.4521484375,2631.93188476563,0.000696457515005,12952.16796875,0.521702110767365,0.110371448099613,0.31603929400444,-0.278443306684494,0.0221179220825434,0.308212488889694,0.833878576755524,0.791874170303345,0.0293917916715145,0.0728945210576057,2.08034515380859,0.047023244202137,0.67505693435669,0.127982850988719,0.123827777802944,0.114831164479256,0.104187647874269,0.109312862157822,0.0968380833421777,0.599558234214783,0.121942147612572,0.084960862994194,0.103747107088566,0.182386587879206,1956.81469726563,2853.43041992188,2600.22534179688,2655.16040039063,2755.72875976563,0.0888807699084282,21413.12109375,0.577825665473938,0.54748523235321,0.430000009466998
ISL,Iceland,1963,,1835.10754394531,2943.47631835938,2805.17114257813,2973.42260742188,0.0007123360410332,13753.9951171875,0.512454688549042,0.104715399444103,0.372758597135544,-0.294542342424393,-0.0045713447034359,0.309185028076172,0.898874640464783,0.8935866355896,0.0295609310269356,0.0742361694574356,2.09399104118347,0.0551425516605377,0.67505693435669,0.139160308815329,0.136387333273888,0.12208803743124,0.122816963400181,0.115179672837257,0.0984129447101696,0.656375050544739,0.125045880675316,0.0876234024763107,0.102459862828255,0.185820866464124,2164.29321289063,3333.93798828125,2915.93603515625,2928.20336914063,3086.17138671875,0.094786249101162,22679.24609375,0.616149961948395,0.618502855300903,0.430000009466998
ISL,Iceland,1964,2139.42,1998.13916015625,3411.7392578125,3226.86254882813,3343.91772460938,0.0007100463262759,14872.951171875,0.494642376899719,0.102901995182037,0.422737717628479,-0.302111357450485,-0.0113417413085699,0.293171048164368,0.937621057033539,0.96434098482132,0.0304351672530174,0.0798447728157044,2.10772609710693,0.0628868713974953,0.67505693435669,0.159764470002391,0.156803950667381,0.135589078068733,0.14257296897942,0.130842715501785,0.105601602957613,0.779161989688873,0.129869401454926,0.0958396717905998,0.113321639597416,0.189193042632108,2360.40356445313,3821.38842773438,3361.07373046875,3218.5615234375,3474.1689453125,0.103852719068527,24433.65234375,0.621097385883331,0.650156736373901,0.430000009466998
ISL,Iceland,1965,2116.13,2155.330078125,3688.7421875,3594.63696289063,3652.84350585938,0.0007282185251824,16087.580078125,0.487416058778763,0.102625675499439,0.419785857200623,-0.274358034133911,-0.0117819914594293,0.276312410831451,0.959725677967072,0.97228217124939,0.03103306889534,0.0834517627954483,2.1215512752533,0.0665492340922356,0.67505693435669,0.172715280083865,0.170047268271446,0.14698289334774,0.15737570429479,0.144640788435936,0.114564094125101,0.834842443466187,0.136735022068024,0.104521594941616,0.128231331706047,0.192640338839038,2537.84399414063,4133.07470703125,3751.77294921875,3453.18627929688,3799.50146484375,0.112266466021538,26326.08984375,0.632503509521484,0.667444586753845,0.430000009466998
ISL,Iceland,1966,2103.81,2430.58276367188,4057.091796875,3865.11865234375,3927.55419921875,0.0007417365559376,17401.794921875,0.513625383377075,0.105228655040264,0.414127677679062,-0.28719574213028,-0.020707493647933,0.274921506643295,0.968607068061829,1.00053262710571,0.0313158519566059,0.0856566652655602,2.13751125335693,0.065600574016571,0.67505693435669,0.189928308730464,0.187360629439354,0.16390797495842,0.174827676835441,0.161302357912064,0.128861358550018,0.905211627483368,0.141082838177681,0.118353448808193,0.130389869213104,0.195968431248078,2852.52392578125,4571.85546875,4037.923828125,3754.87182617188,4064.20288085938,0.121918313205242,28327.31640625,0.657155454158783,0.705447196960449,0.430000009466998
ISL,Iceland,1967,2068,2499.96557617188,4293.87890625,3804.29663085938,3822.21484375,0.0007560789235867,18879.57421875,0.535018444061279,0.119043566286564,0.469338685274124,-0.299160331487656,-0.022180188447237,0.197939783334732,0.926437914371491,1.03882467746735,0.031666737049818,0.0852542221546173,2.15359115600586,0.0564699172973633,0.67505693435669,0.19275781108502,0.189095675945282,0.16397850215435,0.172636927923277,0.163209795951843,0.128975657771377,0.843112587928772,0.142942577600479,0.118555508553982,0.128215700387955,0.199040052617953,2924.85668945313,4799.20263671875,3968.6767578125,3707.26953125,3933.48754882813,0.132377192378044,30537.515625,0.637865304946899,0.728019416332245,0.441666694872582
ISL,Iceland,1968,2020.87,2423.7451171875,3910.56030273438,3472.18798828125,3540.64282226563,0.0007610415341332,19962.400390625,0.546721041202545,0.137828439474106,0.419928073883057,-0.290282934904099,-0.016953369602561,0.202758774161339,0.830506682395935,0.91166877746582,0.0313785001635551,0.0860595405101776,2.16979193687439,0.0396194383502007,0.67505693435669,0.155433744482867,0.150595605373383,0.137589484453201,0.13140422872661,0.134929344058037,0.116387464969989,0.5931196808815,0.133842378854752,0.105649136006832,0.118882618844509,0.201613749945901,2820.39990234375,4411.11474609375,3620.90478515625,3504.32543945313,3630.79077148438,0.138374820351601,32135.791015625,0.596803426742554,0.662329733371735,0.621666732796297
ISL,Iceland,1969,1992.36,2334.18994140625,3615.46850585938,3572.31689453125,3730.03344726563,0.0007563402177765,20504.419921875,0.48900443315506,0.136778116226196,0.343503206968308,-0.228256925940514,0.0247387532144785,0.234232395887375,0.861017286777496,0.829430341720581,0.0304399095475674,0.0867586880922318,2.18611454963684,0.0395383797585964,0.67505693435669,0.134449804134602,0.128157034516335,0.117697037756443,0.105659361690973,0.11272045224905,0.098641342480794,0.498534798622131,0.144722998142242,0.0882993787527084,0.12331286072731,0.203291828908094,2716.62158203125,4096.25732421875,3722.23803710938,3587.51245117188,3815.00732421875,0.141307950019836,33300.984375,0.606256484985352,0.610308289527893,0.879999999968158
ISR,Israel,1955,,10742.240234375,15358.251953125,12906.4931640625,12369.1591796875,0.0045475987717509,59843.29296875,0.51957380771637,0.348895937204361,0.373187184333801,-0.287872642278671,-0.037207692861557,0.083423413336277,0.539274871349335,0.669251620769501,0.0311298426240683,0.562711894512177,2.40347981452942,0.0939145758748055,0.53479677438736,0.140221701082861,0.109603546559811,0.108495593070984,0.0640071771187614,0.113208800554276,0.105917187005179,0.902872979640961,0.0858184695243835,0.0834090262651444,0.0888421759009361,1.74843936061952,11556.287109375,15357.18359375,13956.01171875,12399.53125,13862.65234375,0.02808534540236,56087.34765625,0.619603216648102,0.699605047702789,0.0001693194978495
ISR,Israel,1956,,12898.7470703125,17321.4375,14351.2822265625,13796.36328125,0.0046198940835893,62905.125,0.506619930267334,0.42831826210022,0.32056924700737,-0.296914458274841,-0.0424558259546757,0.0838629081845284,0.576647579669952,0.726609110832214,0.0314499139785767,0.582337975502014,2.40659356117249,0.0979625284671783,0.53479677438736,0.144454777407436,0.110411375761032,0.109893038868904,0.0701444358653916,0.114313170313835,0.108381310686357,0.983617186546326,0.0884350538253784,0.0864666998386383,0.0888659283518791,1.82542752656804,13425.35546875,16866.46875,15490.53125,13505.5654296875,15399.0126953125,0.0295933485031128,58933.5078125,0.648808896541596,0.738688170909882,0.0001800001234797
ISR,Israel,1957,,12646.8349609375,17869.59375,15477.890625,14856.8466796875,0.004750495776534,66642.5390625,0.500321507453919,0.350924760103226,0.351538896560669,-0.273041039705277,-0.0217333845794201,0.0919892340898514,0.591348767280579,0.716050863265991,0.0318744480609894,0.606629431247711,2.4097113609314,0.104213155806065,0.53479677438736,0.156170795709301,0.12162958085537,0.119067281484604,0.072383371011111,0.124044522643089,0.11286272099624,1.05431187152863,0.0922150239348412,0.0908486694097519,0.0946474820375443,1.91851345978403,13594.42578125,17750.154296875,16643.958984375,14699.462890625,16530.400390625,0.0314925014972687,62496.8671875,0.675743401050568,0.743901491165161,0.0001800001234797
ISR,Israel,1958,,13717.7705078125,19268.005859375,16994.828125,16192.54296875,0.0048985490575432,70792.59375,0.506935179233551,0.340230733156204,0.34276494383812,-0.26379719376564,-0.0171160250902176,0.0909823253750801,0.623451948165894,0.740025103092194,0.0323875099420548,0.626067042350769,2.41283321380615,0.109681077301502,0.53479677438736,0.161809785958143,0.126590564846993,0.124079801142216,0.0741148013896876,0.130227521061897,0.117874288926933,1.14369976520538,0.0894168019294739,0.0937863439321518,0.0923038721084595,1.99781431241977,14779.3056640625,19232.244140625,18235.142578125,15776.2099609375,17722.26171875,0.0335722304880619,66312.5390625,0.698199450969696,0.775960683822632,0.0001800001234797
ISR,Israel,1959,,14807.5419921875,20829.826171875,18960.56640625,18224.943359375,0.005011832807213,75353.2890625,0.493231505155563,0.319256126880646,0.330441862344742,-0.24575100839138,-0.0030787577852606,0.105900228023529,0.657921552658081,0.750330984592438,0.0328344628214836,0.637844920158386,2.41595911979675,0.120613552629948,0.53479677438736,0.165778895552447,0.131555378437042,0.128038376569748,0.0786820955111078,0.133206456899643,0.11939080516655,1.16638505458832,0.0887958183884621,0.0942515879869461,0.0859241187572479,2.05387796860785,16063.025390625,20932.6953125,20398.130859375,17787.859375,19903.908203125,0.0357822403311729,70521.1328125,0.750828683376312,0.805518090724945,0.0001800001234797
ISR,Israel,1960,,15883.3505859375,22149.994140625,20210.83984375,18652.130859375,0.0051681105978786,80021.3984375,0.521354198455811,0.330202639102936,0.335974633693695,-0.314651221036911,-0.0014335424639284,0.12855327129364,0.64556747674942,0.767346501350403,0.0332753174006939,0.650237143039703,2.41908884048462,0.121273569762707,0.53479677438736,0.172122449459037,0.137318655848503,0.133853808045387,0.0823672362854127,0.145039618015289,0.12507185670328,1.23685967922211,0.0791692957282066,0.0983611568808556,0.0871439129114151,2.11298333356063,17185.185546875,22281.208984375,21728.751953125,18962.400390625,21142.15234375,0.0381750836968422,74868.7734375,0.772023737430573,0.827006757259369,0.0001800001234797
ISR,Israel,1961,,18039.37109375,25488.791015625,23007.322265625,21024.34375,0.0053302077576518,85934.1171875,0.511585652828217,0.346437394618988,0.354323506355286,-0.332699328660965,-0.0083908960223197,0.12874373793602,0.689529716968536,0.837425470352173,0.0339759513735771,0.674853622913361,2.43449354171753,0.124733246862888,0.53479677438736,0.183226895213184,0.144227474927902,0.141973957419395,0.0866368410996946,0.15536467730999,0.136516897032332,1.38500654697418,0.0810626447200775,0.107857711613178,0.0894504338502884,2.18753248663426,19280.44140625,25407.3125,24650.416015625,21028.828125,23552.025390625,0.0412770882248879,80320.6953125,0.809872448444367,0.892058312892914,0.0001800001234797
ISR,Israel,1962,,19971.541015625,28098.22265625,24076.349609375,23440.515625,0.0055776964873075,92641.734375,0.507643520832062,0.344365924596787,0.346693813800812,-0.306492447853088,-0.0238224118947983,0.131611600518227,0.703441500663757,0.844564557075501,0.0344458483159542,0.705160975456238,2.44999623298645,0.113680049777031,0.53479677438736,0.124201187430107,0.09976577013731,0.100959807634354,0.0637445541508183,0.103698387742043,0.103894176359327,0.905523717403412,0.0874288603663445,0.0784487947821617,0.0907531529664993,2.28013687477358,21308.248046875,28068.197265625,25851.03125,23128.771484375,25485.400390625,0.044678807258606,86449.1640625,0.83123379945755,0.91964054107666,0.0002899992013242
ISR,Israel,1963,,22072.748046875,30458.53515625,26777.146484375,26177.802734375,0.0057865274138748,99089.015625,0.498632222414017,0.34455344080925,0.32033959031105,-0.283346265554428,-0.022665798664093,0.142486810684204,0.731208741664887,0.854378998279572,0.034466702491045,0.736193776130676,2.4655978679657,0.120492286980152,0.53479677438736,0.130297370551591,0.103792443871498,0.104692257940769,0.0654349389925396,0.107089191675186,0.107060692854097,0.94689267873764,0.0905328467488289,0.0810346156358719,0.0937386378645897,2.37461992387151,23507.37890625,30383.46875,28754.6640625,25566.056640625,28358.921875,0.0481911674141884,92617.046875,0.866625130176544,0.938939988613129,0.000299999196866
ISR,Israel,1964,,23852.91796875,33996.2109375,29435.517578125,28643.677734375,0.0059733726084232,107601.46875,0.503332674503326,0.329413712024689,0.354119747877121,-0.306305736303329,-0.0154314832761884,0.134871080517769,0.735033929347992,0.879410922527313,0.0346805341541767,0.766072154045105,2.48129868507385,0.12209764122963,0.53479677438736,0.136843220504291,0.109789043664932,0.110528260469437,0.0684512107052251,0.113583751022816,0.112266597320355,0.985984623432159,0.0941705778241158,0.0855115503072739,0.0963828861713409,2.46493820792921,25627.30078125,34167.41796875,31598.16015625,28102.93359375,30918.5,0.0529613494873047,100505.5703125,0.887166798114777,0.983328759670258,0.000299999196866
ISR,Israel,1965,,23476.9609375,33524.8359375,30078.248046875,28864.126953125,0.0060527510941028,115399.3984375,0.487297117710114,0.326064079999924,0.348109424114227,-0.280217200517654,-0.0101958140730858,0.128942340612412,0.693393170833588,0.807951986789703,0.0348357185721397,0.792538225650787,2.49709939956665,0.131081610918045,0.53479677438736,0.165769861924491,0.13378518819809,0.129394233226776,0.0859846392956256,0.134836986660957,0.119134730553646,1.05924022197723,0.10328970849514,0.090386688709259,0.115305125713348,2.54385820004755,25017.080078125,33587.42578125,32187.578125,27746.623046875,30903.142578125,0.0571110881865025,107902.6171875,0.823136031627655,0.90838748216629,0.000299999196866
ISR,Israel,1966,,26014.677734375,36043.32421875,33322.8984375,32170.388671875,0.0060952482745051,122696.703125,0.475241601467133,0.333411306142807,0.311735332012177,-0.245372742414475,-0.003772870870307,0.128757432103157,0.723094522953033,0.810129523277283,0.0345782488584518,0.813872456550598,2.52321863174438,0.16796900331974,0.53479677438736,0.167495970400311,0.136846229434013,0.126913785934448,0.0931583515130413,0.13146048784256,0.101148642444974,1.0527675151825,0.105473734438419,0.0760655626654625,0.121500916779041,2.60595940112704,27373.7578125,35992.390625,35492.859375,30356.84765625,34101.5546875,0.0610659718513489,115040.375,0.853822767734528,0.922900140285492,0.000299999196866
ISR,Israel,1967,,27563.849609375,35965.01953125,32708.26953125,32682.900390625,0.0060088993050158,127326.6953125,0.476767599582672,0.366604626178741,0.257050901651382,-0.189858049154282,-0.0514551624655724,0.140890076756477,0.716938376426697,0.787468016147614,0.0340935215353966,0.832069396972656,2.54961133003235,0.181481301784515,0.53479677438736,0.165499278676463,0.141033664345741,0.129538431763649,0.109216233306848,0.129638984799385,0.0918231312565187,1.03154480457306,0.122293010354042,0.0690369755029678,0.12052521109581,2.65772279155962,28554.3828125,35992.51171875,34627.421875,30660.677734375,34305.3984375,0.0636730119585991,119948.0625,0.836355745792389,0.895064651966095,0.0003083332007234
ISR,Israel,1968,,32159.642578125,38644.07421875,34214.09375,34574.390625,0.0059569044969976,130132.3984375,0.460014790296555,0.47014307975769,0.187550127506256,-0.217964127659798,-0.0280474461615086,0.128303587436676,0.723946750164032,0.804215312004089,0.0337078273296356,0.850634455680847,2.57094311714172,0.0866202637553215,0.53479677438736,0.163245878351304,0.122150130569935,0.129583865404129,0.0819397051164835,0.12823349237442,0.166451598408844,1.00677633285522,0.144551992416382,0.123758427798748,0.144191861152649,2.71041280927944,31919.583984375,37476.94921875,36011.6484375,31367.298828125,35995.58203125,0.0657201409339905,122781.90625,0.830326437950134,0.904417455196381,0.0003499992327828
ISR,Israel,1969,,35837.8984375,45561.03125,39506.96875,39945.48046875,0.0061209797859191,136692.984375,0.448963731527329,0.448206543922424,0.243410050868988,-0.243513435125351,-0.0384622178971767,0.141395345330238,0.795638203620911,0.901898682117462,0.033743117004633,0.874452412128449,2.58901786804199,0.117556445300579,0.53479677438736,0.164140356950577,0.126846730709076,0.131290137767792,0.08949008923987,0.129848852753639,0.147667860749261,1.08797144889832,0.135608956217766,0.109661050140858,0.128142803907394,2.77954499191806,35704.65625,44747.3203125,41402.0703125,36189.390625,41287.828125,0.0700628459453583,129108.5625,0.912531435489655,1.02864742279053,0.0003499992327828
ITA,Italy,1955,2104.64,250559.125,334784.78125,329210.9375,319733.8125,0.0909831300377846,1235041.125,0.616741895675659,0.166907265782356,0.263424336910248,-0.110843785107136,0.0107995448634028,0.0529707446694374,0.601916611194611,0.629927933216095,0.0305278692394495,20.3143501281738,1.85333597660065,0.146129161119461,0.579223155975342,0.0877916423400857,0.0844868570566177,0.0814737975597382,0.0722752956661195,0.0838887393474579,0.0725103619640402,0.781859874725342,0.0746808275580406,0.0479790456593037,0.112356945872307,48.3875170275802,406529.4375,577485.75,330669.34375,523501.9375,319442.40625,0.0849023908376694,2047128.375,0.698871374130249,0.778823256492615,0.322210496630344
ITA,Italy,1956,2111.08,258849.953125,348833.71875,342090.71875,331803.5,0.0926844328641892,1304881.25,0.612175762653351,0.167954474687576,0.271195948123932,-0.120212540030479,0.0104284454137087,0.0584578588604927,0.603914499282837,0.637212097644806,0.0307513140141964,20.3831329345703,1.86500906944275,0.148780316114426,0.579223155975342,0.0945115124449715,0.0904868170619011,0.0859142392873764,0.0758172471315237,0.088577926158905,0.0727606186344502,0.826429963111877,0.0772336944937706,0.0490328781306744,0.113154284656048,48.6740653081778,422646.9375,602211.625,344046,545057,331720.3125,0.0900566279888153,2165501,0.704616010189056,0.7864630818367,0.322210496630344
ITA,Italy,1957,2117.55,267205.4375,364109.09375,358827.25,345760.25,0.0943282842636108,1376438.5,0.607085227966309,0.16572031378746,0.280262559652329,-0.135506302118301,0.0151108037680388,0.0673274472355843,0.607047021389008,0.643562972545624,0.0308124572038651,20.4726867675781,1.8767557144165,0.144393414258957,0.579223155975342,0.0963565161796604,0.0924045741558075,0.0877713486552239,0.0779273722646558,0.0910884067416191,0.0749955389659043,0.820746779441834,0.0768639594316483,0.0508652627468109,0.114341706037521,48.9337456548122,437326.03125,627587.5625,360579.59375,565770.0625,345593.53125,0.0953543931245804,2292545.25,0.708357930183411,0.793790280818939,0.322210496630344
ITA,Italy,1958,2124.03,280634.34375,379594.46875,378335.71875,363811.09375,0.0956131666898727,1452569.875,0.60435551404953,0.167018264532089,0.272009611129761,-0.126384437084198,0.013301414437592,0.069699689745903,0.623864531517029,0.649316191673279,0.0307877324521542,20.5441455841064,1.88857638835907,0.149162515997887,0.579223155975342,0.0982415856146871,0.0945380032062531,0.0894968137145042,0.0811366095224697,0.0930698215961456,0.0752008085202218,0.851016342639923,0.071414053440094,0.0505664385855198,0.107289098203182,49.2262641656859,457103.125,654107.375,379893.6875,592311.1875,360977.625,0.100702874362469,2421028,0.719391465187073,0.802570283412933,0.322158998216311
ITA,Italy,1959,2130.53,294205.875,401623.5625,403133.59375,389410.125,0.0964979529380798,1539107.125,0.592437267303467,0.163079485297203,0.275847226381302,-0.12339186668396,0.0160470977425575,0.0759807601571083,0.638784825801849,0.657394170761108,0.0308244731277227,20.5735340118408,1.90047144889832,0.14980860054493,0.579223155975342,0.0973297221907897,0.0941635891795158,0.0890989378094673,0.0826616241436812,0.0922389328479767,0.0752273664278768,0.810698926448822,0.0716376230120659,0.0505413748323917,0.1014049872756,49.5804662000471,479794.03125,692790.375,405842.46875,630935.4375,386651.0625,0.106826767325401,2564967,0.742856025695801,0.824024677276611,0.322210496630344
ITA,Italy,1960,2137.06,310521.15625,433627.75,431299.96875,420093.96875,0.0993010103702545,1642009.25,0.580740094184876,0.158430635929108,0.293045401573181,-0.136578246951103,0.0210313368588686,0.0833308100700378,0.661071121692658,0.683004200458527,0.0310224238783121,20.6565742492676,1.91244149208069,0.149935573339462,0.579223155975342,0.0997503512347555,0.0967671722173691,0.0912478864192963,0.085832107701713,0.0936819165945053,0.0773261581264079,0.847022116184235,0.0824153795838356,0.0518436431884766,0.105366513133049,49.9442213619385,503241.75,743316.8125,433282.15625,682835.9375,422659.53125,0.11453066021204,2740727.75,0.774726748466492,0.851970970630646,0.322262054649023
ITA,Italy,1961,2120.59,332477.28125,470093.5,469186.78125,456279.6875,0.102513588964939,1758831.875,0.573812305927277,0.154857590794563,0.301604986190796,-0.138186872005463,0.0222625639289618,0.0856494307518005,0.691770255565643,0.713971734046936,0.031352873891592,20.7880172729492,1.92709136009216,0.150954648852348,0.579223155975342,0.101452169076347,0.0988601297140122,0.0931366309523583,0.0892555400943488,0.0957712605595589,0.0793088280072981,0.871395349502564,0.0832692161202431,0.0533489920198917,0.107292227447033,50.2681775189509,538606.0625,804418.125,471199.96875,739581.25,457825.90625,0.123449712991714,2941411,0.810111939907074,0.890142679214478,0.322785562253715
ITA,Italy,1962,2072.13,354215.71875,499767.875,495984.84375,486338.53125,0.105317458510399,1886931.875,0.576675832271576,0.151655733585358,0.299281597137451,-0.134488165378571,0.0206888411194086,0.0861861407756805,0.711363017559052,0.732173204421997,0.0315827652812004,20.7273464202881,1.94185364246368,0.150333285331726,0.579223155975342,0.10689358967834,0.105242751538754,0.0989869609475136,0.0989653756089479,0.100950315594673,0.0837628675043425,0.876134216785431,0.0925954207777977,0.056255828589201,0.111322544515133,50.586561967098,573347.375,857398.75,499340.78125,784977.625,483629.15625,0.132680922746658,3153826.75,0.843080699443817,0.93027937412262,0.322785562253715
ITA,Italy,1963,2057.58,382099.375,535605.0625,521535.40625,508649.8125,0.107544273138046,2019788.25,0.599208652973175,0.151994541287422,0.301790475845337,-0.157235816121101,0.0173471625894308,0.0868949666619301,0.722361207008362,0.76386034488678,0.0315640643239021,20.3835792541504,1.95672881603241,0.149713546037674,0.579223155975342,0.115058919292904,0.115053340792656,0.107827313244343,0.115031340082133,0.110558904707432,0.0898406272890301,0.924430727958679,0.0942657440900803,0.0606417283415794,0.114177919924259,50.9398682771458,619509.375,921303.125,525800.5625,828482.3125,506028.4375,0.14202456176281,3375674.25,0.872808754444122,0.980521321296692,0.322785562253715
ITA,Italy,1964,2051.53,395950.8125,536912,535424.875,522876.71875,0.10465420037508,2131895,0.601510167121887,0.155744403600693,0.269587844610214,-0.139356032013893,0.0179342199116945,0.0945793688297272,0.72385710477829,0.749271810054779,0.0312885195016861,20.3127975463867,1.97171819210053,0.142153918743134,0.579223155975342,0.120874370851099,0.121390677988529,0.114975064992905,0.123384729996597,0.117734260857105,0.0969540293385093,0.963162064552307,0.0992409437894821,0.0662179291248322,0.120442166924477,51.3397408651699,642789.0625,929920.625,540647.3125,851180.4375,520314.78125,0.149330154061317,3560408.25,0.877379238605499,0.968345403671265,0.322785562253715
ITA,Italy,1965,1994.67,410928.84375,541031.25,551269.125,539048.3125,0.103576086461544,2223365,0.602160096168518,0.160162776708603,0.241355732083321,-0.132751822471619,0.0207585506141186,0.108314640820026,0.744775116443634,0.749924600124359,0.0308791715651751,19.817361831665,1.9868221282959,0.145133569836617,0.579223155975342,0.125253861490047,0.12668251991272,0.120159447193146,0.13205380763248,0.122883595526218,0.0995562978506151,0.952908217906952,0.10267298668623,0.067391075193882,0.123356029391289,51.7246859797828,664419.0625,940470.125,556275.625,879553.1875,535218.0625,0.155410394072533,3717459.75,0.915160059928894,0.988550007343292,0.322785562253715
ITA,Italy,1966,2013.07,439300.84375,575171.9375,583251,571933.125,0.102568492293358,2322627,0.607675969600678,0.160422250628471,0.237564697861671,-0.140583455562592,0.021367646753788,0.113552898168564,0.762073755264282,0.766373038291931,0.0304968226701021,19.4938144683838,2.00204181671143,0.150425016880035,0.579223155975342,0.129016527347333,0.129716634750366,0.123054206371307,0.132368626672811,0.125489309430122,0.101513134328765,0.960327684879303,0.106602482497692,0.0680769756436348,0.123672626912594,52.0674485519369,706782.75,998363.6875,587542.875,932515.5625,565404.25,0.162182286381722,3886358,0.952814280986786,1.03052747249603,0.322785562253715
ITA,Italy,1967,2037.2,470068.28125,623247.8125,627416.0625,615833.125,0.102690942585468,2444318,0.604659497737885,0.158645153045654,0.248735457658768,-0.142315804958344,0.0192336644977331,0.11104204505682,0.790095388889313,0.798121392726898,0.030208894982934,19.7364826202393,2.01737833023071,0.154809772968292,0.579223155975342,0.133385209237707,0.13324162364006,0.126006528735161,0.132694358490157,0.128376513719559,0.103803913933818,1.01871430873871,0.110642492771149,0.0698685795068741,0.127248093485832,52.4012538809559,754019.3125,1076845.375,630640.625,998718.5,606069.3125,0.170647993683815,4090878.5,0.98054575920105,1.0680627822876,0.322785562253715
ITA,Italy,1968,2030.84,496379.875,656916.625,668676.8125,657779.5,0.103002741932869,2573245.5,0.595826923847199,0.158802628517151,0.24405862390995,-0.137373313307762,0.0183950439095497,0.120290026068687,0.81223475933075,0.806211352348328,0.0299664456397295,19.7263717651367,2.03283214569092,0.156663492321968,0.579223155975342,0.135224044338236,0.13523431122303,0.128154158592224,0.135272852165328,0.130277276039124,0.106262291774172,1.01790428161621,0.113462224602699,0.0714801698923111,0.128700986504555,52.7191411262001,793503.1875,1133192.375,671040.375,1064921.5,645292.25,0.179539695382118,4307383.5,1.02107155323029,1.09764242172241,0.322785562253715
ITA,Italy,1969,2029.74,523106.375,703470.1875,711192,698369.25,0.104794971644878,2727865.5,0.593256175518036,0.155783653259277,0.25826421380043,-0.151350095868111,0.0184730850160122,0.125573024153709,0.840584337711334,0.84150755405426,0.0297299362719059,19.5848121643066,2.04840421676636,0.153149425983429,0.579223155975342,0.140304767258843,0.140406355261803,0.13301993906498,0.140793207178383,0.135462298989296,0.111597235977923,1.0483466386795,0.117785431444645,0.0762551352381706,0.133748680353165,53.0478757446986,838599.125,1211226.375,713977.4375,1129232.75,684389.5625,0.190020754933357,4560455.5,1.05726099014282,1.14562559127808,0.322785562253715
JAM,Jamaica,1955,,5200.60009765625,6422.1435546875,6667.7158203125,6628.8955078125,,34298.2265625,0.735269248485565,0.0492657124996185,0.184275537729263,-0.205676510930061,0.0423045679926872,0.194561451673508,,,0.0375345163047314,0.533456385135651,1.78275430202484,0.0608807615935802,0.554144144058228,0.0777600777008108,0.0790684893727303,0.0793147310614586,0.0985959086482286,0.0797792226076126,0.0803630906600421,,0.0877723768353462,0.0594436936080456,0.0905419141054153,1.43856694733138,5656.60546875,7586.708984375,6925.92578125,8222.787109375,6904.7607421875,,62211.6640625,,,0.714386688203199
JAM,Jamaica,1956,,5604.54150390625,7007.75390625,7201.5556640625,7329.875,,34842.03125,0.712120056152344,0.0524961873888969,0.191437423229218,-0.206286087632179,0.0496560074388981,0.200576394796371,,,0.036681242287159,0.535543560981751,1.78817903995514,0.0412340015172958,0.554144144058228,0.0788851081264987,0.0805493891239166,0.0881528332829475,0.103125659661241,0.0866095945239067,0.118521576683311,,0.0959850400686264,0.0888861641287804,0.0888960435986519,1.45902249293132,6156.43115234375,8334.49609375,7510.7919921875,9080.359375,7670.21240234375,,63224.5390625,,,0.714487360446339
JAM,Jamaica,1957,,6044.908203125,7841.0615234375,8327.1181640625,8248.6982421875,0.0027290203142911,35789.109375,0.682290434837341,0.0505413338541985,0.217749923467636,-0.209070190787315,0.057912040501833,0.200576484203339,0.548662424087524,0.525056838989258,0.0361397005617619,0.53886753320694,1.7936202287674,0.0488982424139977,0.554144144058228,0.0813243504669793,0.0830232873558998,0.0931692346930504,0.10595832591744,0.0940549895167351,0.127315155014804,0.740484654903412,0.0995755940675736,0.0965082347393036,0.104007162153721,1.48329002723581,6664.056640625,9450.5146484375,8695.13671875,10240.6962890625,8663.3642578125,0.387181520462036,65122.58203125,1.09538519382477,0.836911618709564,0.714487360446339
JAM,Jamaica,1958,,6148.0166015625,7867.29443359375,8435.3017578125,8486.1552734375,0.0026784590445458,36719.4921875,0.672392725944519,0.052083320915699,0.202597990632057,-0.186009004712105,0.057686310261488,0.201248571276665,0.564633905887604,0.522159695625305,0.0357652232050896,0.543935179710388,1.7990779876709,0.0559718534350395,0.554144144058228,0.0854114269452363,0.0868967622518539,0.0937722623348236,0.106072375907667,0.093210332095623,0.118358571500496,0.751975119113922,0.106011539697647,0.0888146534562111,0.10245355963707,1.5129203088092,6760.62646484375,9454.009765625,8807.603515625,10502.7119140625,8855.61328125,0.395715475082397,66837.8671875,1.11563527584076,0.831426084041596,0.714286015960059
JAM,Jamaica,1959,,6552.89111328125,8111.18359375,8666.1796875,8770.7431640625,0.002575913676992,37471.078125,0.691489517688751,0.0556411407887936,0.177669376134872,-0.184725180268288,0.0499381497502327,0.209986954927444,0.564745664596558,0.521146535873413,0.0353071317076683,0.549701452255249,1.80455243587494,0.0487671457231045,0.554144144058228,0.0819696300014304,0.0832242742180824,0.0919535309076309,0.0988165803961751,0.0908572822809219,0.128661577137338,0.713943243026733,0.114212580025196,0.0958208739757538,0.106574892997742,1.54515461614689,7219.982421875,9673.1474609375,9070.376953125,10843.8095703125,9147.0888671875,0.401363879442215,68169.9453125,1.12779200077057,0.832917034626007,0.714386688203199
JAM,Jamaica,1960,,6758.3994140625,8436.75390625,9249.2822265625,9052.8515625,0.0025251035112887,38458.8359375,0.687750101089478,0.0587991029024124,0.185395091772079,-0.223788723349571,0.0481413416564465,0.243703097105026,0.574412167072296,0.535819113254547,0.0348637253046036,0.554993450641632,1.81004345417023,0.0587752945721149,0.554144144058228,0.0848659270757341,0.0859830752015114,0.0933498740196228,0.0990499188802206,0.0953754037618637,0.123014538114416,0.774339616298676,0.101744405925274,0.0906146392226219,0.108969748020172,1.57672118617509,7396.09716796875,10065.005859375,9640.435546875,11487.8125,9651.8681640625,0.409380167722702,69804.921875,1.18212854862213,0.857488334178925,0.714286015960059
JAM,Jamaica,1961,,7012.3837890625,8560.5556640625,9669.17578125,9478.283203125,0.0024439617991447,39140.7890625,0.67923241853714,0.060604490339756,0.163338840007782,-0.194651439785957,0.0553437471389771,0.236131951212883,0.596148014068604,0.539377212524414,0.034444697201252,0.55709171295166,1.82760453224182,0.0548380501568317,0.554144144058228,0.0854508012561755,0.0866532623767853,0.0955636948347092,0.100130014135893,0.0974883437156677,0.135923145727361,0.818956673145294,0.10996001958847,0.100031554698944,0.115130692720413,1.59231078475036,7689.4931640625,10148.5869140625,10093.95703125,12012.8701171875,10117.21484375,0.415033489465714,71108.875,1.22462475299835,0.856541812419891,0.714286015960059
JAM,Jamaica,1962,,7100.9404296875,8526.451171875,9596.7294921875,9713.7373046875,0.0023536644876003,39722.4921875,0.6649249792099,0.0660954862833023,0.146752014756203,-0.162990555167198,0.0540847256779671,0.231133311986923,0.591975510120392,0.520449817180634,0.0339160747826099,0.55948793888092,1.84533607959747,0.052985891699791,0.554144144058228,0.0901612851727437,0.0911217704415321,0.100101701915264,0.100784353296892,0.0988959148526192,0.144833694971675,0.812806963920593,0.13293319940567,0.105331882834435,0.118319123983383,1.60894005849476,7789.32080078125,10067.5078125,10030.236328125,12277.3671875,10274.765625,0.41875571012497,72152.0703125,1.23009026050568,0.835103869438171,0.714286015960059
JAM,Jamaica,1963,,7934.11962890625,9326.2958984375,10689.2626953125,10513.1650390625,0.0022736524697393,40243.11328125,0.690941274166107,0.063742958009243,0.132422164082527,-0.156163543462753,0.0548943839967251,0.214162781834602,0.62525087594986,0.557010412216187,0.0333095416426659,0.56699138879776,1.86323964595795,0.0592847466468811,0.554144144058228,0.0855922652912411,0.0872735530138016,0.0955320373177528,0.105497898450812,0.0971322134137154,0.142597727524278,0.841326177120209,0.132819980382919,0.103598527610302,0.129783362150192,1.64055500693765,8714.3359375,10916.6083984375,11194.275390625,13137.236328125,11084.5966796875,0.422069996595383,73126.078125,1.2992479801178,0.893845736980438,0.714286015960059
JAM,Jamaica,1964,,8430.4560546875,10080.5927734375,10946.470703125,11073.5830078125,0.0021699615754187,41157.68359375,0.696511209011078,0.0648011341691017,0.149015620350838,-0.17319244146347,0.0434034802019596,0.219461008906364,0.634882032871246,0.58260440826416,0.0328967049717903,0.577149212360382,1.8813169002533,0.0633776858448982,0.554144144058228,0.0913191941861168,0.092643067240715,0.101306930184364,0.106872673787764,0.100144021213055,0.145570086081898,0.886661112308502,0.14141757786274,0.105433344841003,0.127892225980759,1.68031641966833,9285.1064453125,11925.1083984375,11491.890625,13928.5283203125,11700.8349609375,0.431155532598496,74729.9453125,1.3402978181839,0.950047135353088,0.714286015960059
JAM,Jamaica,1965,,8265.095703125,10044.548828125,11114.4091796875,11403.2060546875,0.0021355205681175,42199.34375,0.657639384269714,0.0671651884913445,0.156048506498337,-0.163848102092743,0.0487987771630287,0.234196200966835,0.625138163566589,0.552430093288422,0.0327921956777573,0.586237668991089,1.89956951141357,0.0707643330097199,0.554144144058228,0.0993654658107119,0.100306242704391,0.108032017946243,0.109517703081148,0.10529600828886,0.143916252824265,0.887701034545898,0.148645609617233,0.103275626897812,0.125333607196808,1.71742070556525,9095.1845703125,11975.548828125,11670.7861328125,14496.44140625,12073.765625,0.442828148603439,76637.0078125,1.35153126716614,0.924372255802155,0.714286015960059
JAM,Jamaica,1966,,8080.779296875,9997.130859375,11685.20703125,11670.3154296875,0.0020989365875721,43458.015625,0.622394025325775,0.070027656853199,0.164207354187965,-0.166070327162743,0.0558337867259979,0.253607571125031,0.608359336853027,0.52112752199173,0.0328666269779205,0.596578419208527,1.91799926757813,0.070418156683445,0.554144144058228,0.104862916957504,0.105677619576454,0.115962572395802,0.112918578922962,0.116110526025295,0.159331624027615,0.938812673091888,0.157294020056725,0.113305322825909,0.143578588962555,1.75866526226643,8877.8984375,12003.34375,12266.5224609375,14722.0126953125,12297.1875,0.457242846488953,78846.4296875,1.32960760593414,0.897522389888763,0.714286015960059
JAM,Jamaica,1967,,8203.3017578125,10303.5712890625,11774.974609375,11794.3115234375,0.0020807282999157,44877.28515625,0.615092635154724,0.0804377123713493,0.178074777126312,-0.168311521410942,0.0539608858525753,0.240745484828949,0.600667834281921,0.523770868778229,0.0330115258693695,0.606190085411072,1.936607837677,0.0717916041612625,0.554144144058228,0.110374129998768,0.110583454370499,0.120452672243118,0.112184143761473,0.120255187153816,0.159000197077442,0.955739796161652,0.164939612150192,0.113048657774925,0.150778636336327,1.79829536215722,9010.07421875,12434.087890625,12353.6259765625,14838.197265625,12415.3994140625,0.473804622888565,81413.484375,1.30879724025726,0.908012866973877,0.724206970478521
JAM,Jamaica,1968,,8003.72265625,10587.208984375,11638.779296875,11936.857421875,0.0020964620634913,46915.34375,0.581532657146454,0.0889723673462868,0.216429322957993,-0.1873829215765,0.0457905158400536,0.254658043384552,0.57907497882843,0.510462462902069,0.0333755277097225,0.612844526767731,1.95539689064026,0.070243775844574,0.554144144058228,0.105823095667686,0.105263188481331,0.115052111446857,0.101603576863395,0.1121791228652,0.145378482567329,0.828064978122711,0.15797820687294,0.102902062237263,0.135872885584831,1.82958364111422,8770.791015625,12963.9140625,12202.6328125,15105.3046875,12539.1240234375,0.499150782823563,85074.578125,1.28827905654907,0.91538417339325,0.833334013112275
JAM,Jamaica,1969,,8321.771484375,11165.689453125,12108.4697265625,12446.8720703125,0.0021383704151958,49189.6015625,0.574169397354126,0.0944139137864113,0.22848454117775,-0.197121858596802,0.0426327362656593,0.257421255111694,0.582012832164764,0.518888592720032,0.0340195707976818,0.617349982261658,1.97436833381653,0.0730221047997475,0.554144144058228,0.113532610044614,0.113078705966473,0.121545359492302,0.110318314433291,0.118240810930729,0.146320181330877,0.846894145011902,0.163500428199768,0.104218684136868,0.14138288795948,1.8548397076923,9156.6865234375,13727.197265625,12712.404296875,15694.3603515625,13092.4794921875,0.527585506439209,89130.640625,1.29320824146271,0.936469256877899,0.833333655484413
JOR,Jordan,1955,,1946.21154785156,2237.18139648438,1656.54870605469,1660.28039550781,,4455.34375,0.712973356246948,0.459245204925537,0.175253376364708,-0.343041598796845,-0.0201767589896917,0.0157463941723108,,,0.0394834876060486,0.14229416847229,1.17565715312958,0.294925034046173,0.483733803033829,0.0849841203511321,0.0749750956892967,0.0716231539845467,0.059436186053246,0.0714621767401695,0.049202989236203,,0.0732729136943817,0.04079769551754,0.0971343815326691,0.715386447965035,3467.68701171875,4103.33251953125,1723.03381347656,3536.27026367188,1858.07202148438,,14222.7392578125,,,0.357143029159467
JOR,Jordan,1956,,2450.99096679688,2805.58374023438,2305.55249023438,2290.12841796875,,4695.8916015625,0.67400449514389,0.396237194538116,0.154835373163223,-0.233051508665085,-0.006579112727195,0.0145535971969366,,,0.0388525649905205,0.148408353328705,1.18232691287994,0.110726125538349,0.483733803033829,0.0714648102041309,0.0660670101642609,0.0773817077279091,0.0568852873973679,0.0779028683900833,0.155590302481703,,0.07636608928442,0.130635291337967,0.0971638113260269,0.745624227587923,4414.75048828125,5173.2294921875,2403.07446289063,4955.94482421875,2560.02709960938,,14977.0908203125,,,0.357143029159467
JOR,Jordan,1957,,2649.23217773438,3021.69189453125,2416.51416015625,2434.45971679688,,4924.990234375,0.648172557353973,0.440049260854721,0.152994766831398,-0.263178944587708,0.0078141782432794,0.0141481552273035,,,0.0384452305734158,0.154843732714653,1.18903458118439,0.158894047141075,0.483733803033829,0.0771877383961017,0.0690338239073753,0.0742799937725067,0.0570234695188706,0.0737324506044388,0.111595016477459,,0.0788436681032181,0.0947787091135979,0.120773233473301,0.777457370002651,4730.99609375,5509.74560546875,2513.7431640625,5098.509765625,2715.6044921875,,15763.0771484375,,,0.357043072166123
JOR,Jordan,1958,,3161.9033203125,3505.29125976563,2765.27001953125,2817.78198242188,0.0003194513265043,5129.27001953125,0.635413527488709,0.486711382865906,0.121864587068558,-0.248017817735672,-0.0068237115629017,0.0108519988134503,1.01693904399872,1.26192510128021,0.0380000621080399,0.161603152751923,1.19578015804291,0.166843309998512,0.483733803033829,0.0779034847641603,0.069260336458683,0.0741338059306145,0.0579764932857742,0.0727522522211075,0.119008499597503,1.89209008216858,0.0818111672997475,0.100117780268192,0.121419973671436,0.810910890040946,5563.40185546875,6226.24169921875,2857.806640625,5762.1005859375,3072.15405273438,0.0241954810917377,16433.119140625,1.98926711082459,2.0089545249939,0.357043072166123
JOR,Jordan,1959,,3756.755859375,4222.80712890625,3171.28564453125,3220.44384765625,0.0003231152368243,5480.73876953125,0.743771433830261,0.422762155532837,0.144716486334801,-0.285690724849701,-0.0369870029389858,0.0114276809617877,1.08357322216034,1.41776013374329,0.0377718545496464,0.168747276067734,1.20256412029266,0.212987393140793,0.483733803033829,0.068735161507006,0.0647963285446167,0.0683150887489319,0.0578666742509051,0.0672722980380058,0.0966791926517488,1.79173016548157,0.0734415203332901,0.0807152464985848,0.101848550140858,0.846173298978151,6722.28173828125,7669.5029296875,3282.44165039063,6804.4296875,3496.55297851563,0.0258396659046412,17546.94921875,2.20357656478882,2.32132267951965,0.357043072166123
JOR,Jordan,1960,,3963.12719726563,4604.33544921875,3540.89404296875,3346.93359375,0.0003418736741878,6039.69287109375,0.750525236129761,0.433581650257111,0.191580846905708,-0.35243034362793,-0.035735446959734,0.0124780312180519,1.05159366130829,1.4480128288269,0.0380881875753403,0.176326721906662,1.20938658714294,0.243288040161133,0.483733803033829,0.0778159076973752,0.0703578889369965,0.0738314166665077,0.0574481293909486,0.0781100615859032,0.0953003091191626,2.00519442558289,0.0620861612260342,0.0786707326769829,0.0972463265061379,0.883633040528814,7048.92138671875,8430.017578125,3650.81884765625,7210.76123046875,3759.71435546875,0.0284584313631058,19285.408203125,2.17879199981689,2.3806471824646,0.357143029159467
JOR,Jordan,1961,,4385.09375,5079.17724609375,4085.28564453125,4004.09692382813,0.0003590138803701,6622.16748046875,0.716391921043396,0.378759801387787,0.173343360424042,-0.277835309505463,-0.0039143436588347,0.0132545698434114,1.17680990695953,1.49541318416595,0.0385797135531902,0.183794498443604,1.22119307518005,0.230988800525665,0.483733803033829,0.0677096344584405,0.0641325861215591,0.0687058642506599,0.0573669061126792,0.0700989738106728,0.0975990048975022,1.9609078168869,0.065246045589447,0.0804458856582642,0.101698204874992,0.923502585583778,7810.8349609375,9303.65625,4193.9130859375,8478.146484375,4430.11279296875,0.031256627291441,21150.65234375,2.38966965675354,2.45088243484497,0.357143029159467
JOR,Jordan,1962,,4589.9228515625,5352.732421875,4296.1103515625,4242.53271484375,0.000375547184376,7275.9375,0.697633028030396,0.384249776601791,0.179800480604172,-0.272125035524368,-0.0037300642579793,0.0141718229278922,1.13580060005188,1.43531000614166,0.0388237833976746,0.192979350686073,1.23311495780945,0.24343566596508,0.483733803033829,0.0750453485464018,0.0679802894592285,0.07173091173172,0.0551531764745718,0.072636790573597,0.0942988994404128,1.89218604564667,0.0699038952589035,0.0768023207783699,0.1008076146245,0.972196841871942,8144.7509765625,9820.8271484375,4410.32470703125,8669.029296875,4560.40380859375,0.0343409441411495,23229.982421875,2.25160789489746,2.38397812843323,0.357143029159467
JOR,Jordan,1963,,5085.1015625,5818.00537109375,4455.4072265625,4466.494140625,0.0003863757010549,7863.6640625,0.734088063240051,0.404411524534225,0.164089247584343,-0.330008327960968,0.0105558084324002,0.0168636180460453,1.11611950397491,1.45999598503113,0.0386021882295609,0.200925141572952,1.24515306949615,0.217968016862869,0.483733803033829,0.0715396969771541,0.0662870928645134,0.0702404826879501,0.0567525702188007,0.0700661391019821,0.0976702676376552,1.75685572624207,0.0723666474223137,0.0794944539666176,0.101618066430092,1.01488331768012,9028.6552734375,10610.5908203125,4575.28759765625,9234.1884765625,4795.638671875,0.0370769649744034,25124.12890625,2.25657105445862,2.42338109016418,0.357143029159467
JOR,Jordan,1964,,5338.728515625,6277.1689453125,5244.22265625,5136.67236328125,0.000399309588829,8683.5,0.684434235095978,0.354901731014252,0.182694226503372,-0.404992520809174,0.135882914066315,0.0470794290304184,1.17038929462433,1.44176733493805,0.0384660288691521,0.209152296185493,1.25730884075165,0.246590062975883,0.483733803033829,0.0743681236112343,0.067675955593586,0.0719103217124939,0.0547699922641595,0.0734159573912621,0.0959993868190375,1.89731013774872,0.0720850229263306,0.0779479444026947,0.10104838758707,1.05927868513184,9513.7255859375,11601.1328125,5383.69873046875,10606.2216796875,5481.296875,0.0409682206809521,27739.154296875,2.39740037918091,2.45082426071167,0.357143029159467
JOR,Jordan,1965,,5995.78662109375,7012.1044921875,5862.08935546875,5852.53955078125,0.000417942617787,9560.1982421875,0.664644420146942,0.359831631183624,0.173654139041901,-0.358135163784027,0.114883027970791,0.0451219230890274,1.22339904308319,1.47051703929901,0.0380482152104378,0.217681884765625,1.26958322525024,0.24502332508564,0.483733803033829,0.072976373829372,0.066301204264164,0.070834144949913,0.0539715146868086,0.0709497258067131,0.0975762847623631,1.81630682945251,0.0748634412884712,0.0786359682679176,0.105082221329212,1.10539448953404,10595.4599609375,12872.5380859375,5985.76171875,11814.26953125,6150.31103515625,0.0450521372258663,30599.609375,2.46991729736328,2.51519465446472,0.357143029159467
JOR,Jordan,1966,,6568.50732421875,7534.3525390625,5981.7802734375,6121.4853515625,0.0004290161305107,10374.44921875,0.694715976715088,0.378309100866318,0.157779559493065,-0.411681771278381,0.134986475110054,0.0458906888961792,1.17721724510193,1.44889438152313,0.0372988805174828,0.22649222612381,1.28557753562927,0.222211733460426,0.483733803033829,0.0708487820239994,0.0643176659941673,0.0685859844088554,0.0523241118084442,0.0670207068324089,0.0976138916523094,1.6102579832077,0.0757830739021301,0.0780550539493561,0.10364592820406,1.1532160199311,11527.9453125,13668.8525390625,6064.49755859375,12152.1201171875,6340.5849609375,0.0488070510327816,33210.54296875,2.37178587913513,2.49337387084961,0.357143029159467
JOR,Jordan,1967,,7050.720703125,7966.4267578125,7053.04248046875,7033.06787109375,0.0004371415125206,11088.1494140625,0.619846522808075,0.382663488388062,0.130200058221817,-0.272682934999466,0.0985020697116852,0.0414708331227303,1.23268234729767,1.39367580413818,0.0366666577756405,0.256014347076416,1.30177342891693,0.270775735378265,0.483733803033829,0.0851076154368215,0.0729352980852127,0.0761233642697334,0.0532183165382341,0.0763395577669144,0.100670762882151,1.99402332305908,0.0803680941462517,0.0806267559528351,0.108733400702477,1.30700199139433,12189.0234375,14192.177734375,7103.634765625,13641.3466796875,7171.58837890625,0.0521205849945545,35550.1328125,2.42450332641602,2.35747170448303,0.357143029159467
JOR,Jordan,1968,,7707.35546875,9041.3408203125,7785.46240234375,7361.68408203125,0.0004622885317076,12264.294921875,0.574526846408844,0.472428679466248,0.181206613779068,-0.310697078704834,0.0348431579768658,0.047691848129034,1.14829969406128,1.40167760848999,0.0360404588282108,0.281257778406143,1.3181734085083,0.360789984464645,0.483733803033829,0.107739443996778,0.082768514752388,0.0830697864294052,0.0524010396313637,0.0878517329692841,0.0848104231734879,2.10011458396912,0.070364236831665,0.0679397135972977,0.0970710888504982,1.43975911731751,12766.423828125,15639.474609375,7794.28857421875,13571.51953125,7425.01171875,0.0577846951782703,39469.7109375,2.1739718914032,2.34142088890076,0.357143029159467
JOR,Jordan,1969,,7913.0078125,10042.6533203125,7822.4482421875,7918.1376953125,0.0005263545899651,14383.0361328125,0.528159976005554,0.47119215130806,0.268957853317261,-0.278715342283249,-0.0310013331472874,0.0414066575467587,1.10368359088898,1.39119029045105,0.036305658519268,0.294910788536072,1.33477985858917,0.318918406963348,0.483733803033829,0.101221199192629,0.0798648521304131,0.0792011544108391,0.0559264872084544,0.0782440230250359,0.0767350901184508,1.67710196971893,0.0860818102955818,0.0618920214474201,0.101684041321278,1.51369973218962,12955.0283203125,17176.857421875,7801.72119140625,14699.17578125,7908.71826171875,0.0679277330636978,46284.30859375,2.10352230072022,2.29736351966858,0.357143029159467
JPN,Japan,1955,2080.22,318252.78125,384265.40625,398665.375,391874.9375,0.0737807601690292,1000642.1875,0.547107100486755,0.265021294355392,0.168453320860863,-0.080349937081337,0.0458131097257137,0.0539551265537739,0.468021363019943,0.458698123693466,0.0278505738824606,41.8603096008301,2.45727729797363,0.1502356082201,0.508122503757477,0.0661976695117333,0.0561043210327625,0.0621767789125443,0.035267718841013,0.063254177570343,0.0914526252120311,1.04158878326416,0.0772461667656899,0.0635723546147347,0.103671737015247,91.8528036480368,382704.90625,405832.15625,405605.9375,437435.6875,389106.5,0.0239759255200624,1122651.75,0.608387589454651,0.565993547439575,360.000000359
JPN,Japan,1956,2131.8,335521.40625,413031.6875,424555.96875,418023.53125,0.0754381194710732,1057819.625,0.553364217281342,0.249273419380188,0.185420826077461,-0.0945382937788963,0.0474948920309544,0.0589849948883057,0.468922823667526,0.465002626180649,0.0281527154147625,42.8568305969238,2.48412108421326,0.143744513392448,0.508122503757477,0.0675933326369369,0.0578868314623833,0.0657286271452904,0.0363392882614221,0.0667557716369629,0.0996737019838846,1.12696433067322,0.0823004469275475,0.0694461539387703,0.108875580132008,92.8255324726273,409609.53125,443688.53125,432569.96875,470216.1875,415421.46875,0.0254589207470417,1186485.125,0.616238236427307,0.583080112934113,360.000000359
JPN,Japan,1957,2155.4,353667.25,448315.875,452856.96875,447310.09375,0.0786362662911415,1130631.375,0.556396245956421,0.234257206320763,0.211595118045807,-0.10836685448885,0.0452992357313633,0.0608190856873989,0.46917861700058,0.473397165536881,0.0286953244358301,44.3096313476563,2.5112578868866,0.139173522591591,0.508122503757477,0.0703597714583225,0.0610775537788868,0.071013018488884,0.0390308798594243,0.0718936175107956,0.108138214859222,1.17515242099762,0.0860962644219399,0.0760580971837044,0.111711263656616,93.6404090897702,435907.4375,491068.96875,460860.4375,506968.21875,444202.09375,0.0274741183966398,1269719.5,0.622264325618744,0.604415476322174,360.000000359
JPN,Japan,1958,2181.06,376344.40625,471747.40625,494545.90625,483582.96875,0.0806463211774826,1201906.25,0.548322558403015,0.229919075965881,0.197283625602722,-0.0809326097369194,0.0477180629968643,0.0576892718672752,0.484603375196457,0.471570640802383,0.0292270835489035,45.1014022827148,2.53869128227234,0.158189594745636,0.508122503757477,0.0707750969285511,0.0616276748478413,0.0690799131989479,0.0398124377368575,0.0706459656357765,0.0984774121185761,1.1900075674057,0.0785564333200455,0.0685356855392456,0.108225598931313,94.4849039650056,461980.1875,514188.6875,502133.90625,538460.8125,476643.0625,0.0293464418500662,1349985.125,0.626826405525208,0.600225746631622,360.100006462615
JPN,Japan,1959,2204.68,406510.09375,518853.6875,541911.8125,528010.75,0.0829271823167801,1290994.625,0.543329536914825,0.226560279726982,0.212767630815506,-0.089121513068676,0.0473875179886818,0.059076551347971,0.498682826757431,0.488973557949066,0.02972611784935,45.6220855712891,2.56431722640991,0.161059752106667,0.508122503757477,0.0733102476591177,0.0636414363980293,0.0721080750226975,0.040454009191943,0.0740064829587936,0.102744210005864,1.19971179962158,0.0789066925644875,0.0717236995697022,0.112976245582104,95.4132912298647,499855.96875,571757,551325.3125,589157.8125,520894.0625,0.0317477136850357,1450255.75,0.649078786373138,0.631649553775787,359.899994255385
JPN,Japan,1960,2221.71,445924.96875,593121,613383.5,589970.1875,0.0891805812716484,1420796.25,0.544606029987335,0.211237162351608,0.24949736893177,-0.107296265661716,0.0431175231933594,0.0588381439447403,0.515663206577301,0.518900334835053,0.0305130165070295,47.02001953125,2.58314394950867,0.168563857674599,0.508122503757477,0.075431481670644,0.0668018311262131,0.0773015692830086,0.0445531050234903,0.0803693234920502,0.109110144685535,1.32831609249115,0.0719709023833275,0.0755843594670296,0.117471463978291,96.2264044839072,548718.5,667186.5,622744.3125,666101.9375,586323.625,0.0353202112019062,1594797.875,0.680541515350342,0.68353396654129,360.000000359
JPN,Japan,1961,2224.18,487216.46875,673005.8125,680302.6875,656030.625,0.0986535325646401,1587814.875,0.538800299167633,0.203873053193092,0.283202201128006,-0.118171833455563,0.0380770638585091,0.0542192496359348,0.526496350765228,0.541073262691498,0.0316273905336857,48.1582870483398,2.60400795936584,0.164651125669479,0.508122503757477,0.0805024105157191,0.0716001093387604,0.0841807648539543,0.0480729172725089,0.0872953161597252,0.117172462939463,1.38719606399536,0.075186237692833,0.0826356261968613,0.119833260774612,97.0973810156143,600574.75,769968.25,689743.5,745055.9375,649700.125,0.0400567203760147,1780165,0.703593373298645,0.729129433631897,360.000000359
JPN,Japan,1962,2201.06,524824.9375,724056.1875,745375.625,723527.8125,0.106342144310474,1761539.75,0.525665163993835,0.199704259634018,0.275360882282257,-0.0968847125768662,0.0396880879998207,0.0564663000404835,0.534656226634979,0.535901784896851,0.0326567478477955,49.3443870544434,2.62504005432129,0.173438295722008,0.508122503757477,0.0858208323386626,0.0766108632087708,0.0871870666742325,0.0523682138150671,0.0898197889328003,0.11504743222944,1.34261524677277,0.0804146677255631,0.0806451514363289,0.12034122645855,98.0060045692646,645912.0625,830780.25,757239.9375,809106,712042,0.0450063310563564,1975239.875,0.713529050350189,0.734668374061585,360.000000359
JPN,Japan,1963,2194.54,568711.375,792276.5625,807735.875,782487.1875,0.113482311367989,1952154.5,0.527078568935394,0.199721053242683,0.285710990428925,-0.105158716440201,0.0364071913063526,0.056240975856781,0.537680864334106,0.546710908412933,0.0333456434309483,50.1327743530273,2.64624238014221,0.17717944085598,0.508122503757477,0.0923949802308613,0.0827715322375298,0.0920809656381607,0.0573745559011788,0.0950521677732468,0.115762564050895,1.35445725917816,0.0818718448281288,0.0817093104124069,0.123898342251778,99.0084296768636,701148.75,913075.5,821343.5,880205.1875,770893.375,0.0504213869571686,2191594.25,0.726276278495789,0.755481064319611,360.000000359
JPN,Japan,1964,2201.91,617499.25,877420.8125,900010.625,870347.625,0.117174811661243,2175722.75,0.522887885570526,0.186597898602486,0.298641055822372,-0.107685975730419,0.0395513810217381,0.0600077360868454,0.554136276245117,0.563137531280518,0.033788688480854,51.1521949768066,2.66761589050293,0.180364415049553,0.508122503757477,0.0965194232104296,0.0876326262950897,0.0972118452191353,0.0627298751852087,0.100524991750717,0.119969334990457,1.42919504642487,0.0846971347928047,0.0848443061113358,0.12778215110302,100.045763131856,766051.1875,1021002.4375,916018.75,978661.9375,857327.1875,0.0566221997141838,2445867.25,0.750613629817963,0.785252809524536,360.000000359
JPN,Japan,1965,2183.09,652080.5,919985.0625,960104,927135,0.122538097202778,2398778,0.519057393074036,0.184271112084389,0.288959562778473,-0.1017896682024,0.0389660894870758,0.0705354958772659,0.554183065891266,0.551682054996491,0.0338320657610893,52.0738410949707,2.68916201591492,0.185827657580376,0.508122503757477,0.103128454661929,0.0939797013998032,0.101383149623871,0.0682093729553544,0.104988344013691,0.119403165536086,1.38358867168427,0.0866778790950775,0.0838656574487686,0.129282101988792,101.125994685635,806275.9375,1070254.375,976342.875,1034181.625,910594.6875,0.0625074580311775,2701312.25,0.748919606208801,0.777184963226318,360.000000359
JPN,Japan,1966,2191.09,712134.0625,1013151.25,1059155.375,1025292.25,0.128798976540566,2647647.75,0.516417682170868,0.178149223327637,0.29359158873558,-0.102722361683846,0.0411906689405441,0.0733731612563133,0.564227342605591,0.557534277439117,0.0337140150368214,53.2485618591309,2.71088218688965,0.185536712408066,0.508122503757477,0.107874774024769,0.0987858474254608,0.106733240187168,0.0724389415787943,0.110258400440216,0.125534829479286,1.40810000896454,0.0904236435890198,0.0886082723736763,0.129965230822563,102.054366345511,878521.6875,1181853.75,1075186.375,1140168.875,1003625.625,0.0695132836699486,2993805.25,0.770209908485413,0.800576090812683,360.000000359
JPN,Japan,1967,2205.02,776326.3125,1138536.625,1172918.125,1136263,0.137116238474846,2962262,0.513665199279785,0.169562503695488,0.318773359060288,-0.110002227127552,0.0385341569781303,0.0694670006632805,0.582965731620789,0.583045840263367,0.0337720923125744,54.6046981811523,2.73277759552002,0.180304288864136,0.508122503757477,0.112282425697039,0.103445835411549,0.11294662207365,0.0766766546831215,0.116590209305286,0.133309694073713,1.49449038505554,0.0933184921741486,0.0948980674147606,0.132294654846191,103.11282114525,958131.0625,1335725.875,1187611,1266544.375,1106735.25,0.078309141099453,3355750.75,0.790833055973053,0.836335778236389,360.000000359
JPN,Japan,1968,2208.87,838477.9375,1274235,1321796.5,1281715.75,0.148502141237259,3351099.25,0.494347631931305,0.159836336970329,0.339979469776154,-0.105718024075031,0.0360819734632969,0.0754726007580757,0.605003237724304,0.59779566526413,0.0339403972029686,55.1676368713379,2.75485014915466,0.184146776795387,0.508122503757477,0.117958203030394,0.109463781118393,0.118697814643383,0.0831919282047929,0.122409634292126,0.1364658119609,1.51107656955719,0.0958541184663773,0.0975800007581711,0.13410609960556,104.273972339355,1033004.8125,1504350.25,1336570.25,1417376.25,1245202.75,0.0891578495502472,3800411.75,0.821883261203766,0.874727666378021,360.000000359
JPN,Japan,1969,2195.24,910189.3125,1424140.875,1482665.375,1440611.5,0.163100630044937,3809248.25,0.481882274150848,0.149925336241722,0.356759279966354,-0.103202931582928,0.0342282019555569,0.0804078429937363,0.633106172084808,0.622012376785278,0.0341659151017666,56.0072250366211,2.77710056304932,0.184777155518532,0.508122503757477,0.123738166371178,0.116071261465549,0.124304302036762,0.0914286941024622,0.127932950854301,0.138884716195602,1.53398311138153,0.101057305932045,0.100376792252064,0.138050392270088,105.512610077485,1127422,1688663.25,1497767.75,1586797.5,1396143.5,0.102022141218185,4324171,0.853713393211365,0.911029756069183,360.000000359
KEN,Kenya,1955,,15089.009765625,17272.794921875,15865.66015625,14434.0986328125,0.0023411400616169,29486.150390625,0.973023176193237,0.0723492875695229,0.151293501257896,-0.283654242753983,0.0242090169340372,0.0627792105078697,0.444746047258377,0.531939923763275,0.051411297172308,3.25150871276855,1.17182898521423,0.169423758983612,0.659813404083252,0.0714982083513945,0.0719389319419861,0.0737208053469658,0.0778662221236589,0.0810323730111122,0.0860327687044986,1.07123255729675,0.0594659708440304,0.0580946207046509,0.122958719730377,7.11005342549047,22821.185546875,26324.533203125,16035.0859375,22011.27734375,14826.251953125,0.0598374865949154,44890.06640625,0.991286814212799,1.11130976676941,7.14286000614286
KEN,Kenya,1956,,14330.7275390625,16583.455078125,16095.458984375,14835.1669921875,0.0023971982300281,31304.09765625,0.897923231124878,0.0680738314986229,0.151850476861,-0.241883859038353,0.0465300269424915,0.0775062739849091,0.441210985183716,0.494994312524796,0.0520852692425251,3.31175684928894,1.17681038379669,0.158262223005295,0.659813404083252,0.0728962408544036,0.0733164474368095,0.0751582458615303,0.0788591840733371,0.0815431699156761,0.0868748403712488,1.06328046321869,0.0628851130604744,0.0595573112368584,0.115402214229107,7.31853126725546,21857.919921875,25447.546875,16363.1142578125,23148.55078125,15315.470703125,0.063817210495472,47742.83203125,1.00975799560547,1.04054236412048,7.14286000614286
KEN,Kenya,1957,,15029.0673828125,17233.76171875,16701.478515625,15484.4228515625,0.0024313870817422,32858.13671875,0.901877105236054,0.0687155723571777,0.142381444573402,-0.232446223497391,0.0446434691548348,0.0748285725712776,0.446996539831162,0.500842571258545,0.0523087605834007,3.37374567985535,1.18181300163269,0.155083432793617,0.659813404083252,0.075373637679179,0.0757268071174622,0.0773950889706612,0.0803621032565306,0.083478257060051,0.0887675385379378,1.056556224823,0.0643443837761879,0.0615768060088158,0.114519901573658,7.53538325393616,23008.009765625,26459.994140625,17017.78125,24194.66796875,16041.7548828125,0.0672660619020462,50306.81640625,1.0306214094162,1.05654883384705,7.14286000614286
KEN,Kenya,1958,,14739.67578125,16581.68359375,16876.63671875,15842.669921875,0.0024004334118217,33985.6328125,0.861136019229889,0.0692422315478325,0.116268761456013,-0.189987242221832,0.062343455851078,0.0809967592358589,0.453416109085083,0.47339004278183,0.0518120154738426,3.43788266181946,1.18683695793152,0.143762841820717,0.659813404083252,0.0753075181736404,0.0755966454744339,0.0775879546999931,0.0791923528039733,0.08265171200037,0.0935223678783114,1.05980694293976,0.0663088709115982,0.0641907006502152,0.109752006828785,7.76176472255127,22498.212890625,25346.21875,17170.3125,24272.814453125,16200.1083984375,0.0693111643195152,52033.15625,1.01964831352234,0.998076319694519,7.14086062791881
KEN,Kenya,1959,,14002.0224609375,15779.3974609375,16653.853515625,15446.0908203125,0.0023415368050336,35083.86328125,0.832171201705933,0.074337936937809,0.115069568157196,-0.189828634262085,0.0772963240742683,0.0909536257386208,0.425062537193298,0.433294892311096,0.050885621458292,3.50423955917358,1.19188213348389,0.13125567138195,0.659813404083252,0.0745535672351552,0.0749896243214607,0.0774571523070335,0.0798710764903008,0.0835136920213699,0.096896090565593,0.970056116580963,0.0623783655464649,0.0659131705760956,0.107428565621376,7.99814513420059,21412.306640625,24191.51953125,16977,23490.833984375,15766.669921875,0.0711237713694572,53608.8984375,0.954900205135346,0.921813428401947,7.14286000614286
KEN,Kenya,1960,,15530.494140625,17356.84375,18170.7578125,16493.0078125,0.0023130548652261,36265.5390625,0.861746430397034,0.0798946470022202,0.110734775662422,-0.222030326724052,0.0755698978900909,0.0940846130251885,0.443629592657089,0.467300206422806,0.0499898940324783,3.57286190986633,1.19694888591766,0.141800940036774,0.659813404083252,0.0744184420189201,0.0749595165252686,0.0773551687598229,0.0807955618300009,0.0852241143584251,0.0977267838484116,1.04999685287476,0.0577299818396568,0.0657615661621094,0.108358182013035,8.24502190557302,23575.8046875,26416.48046875,18420.369140625,25433.267578125,17116.28515625,0.0730909034609795,55298.98046875,1.01468908786774,0.987929821014404,7.14286000614286
KEN,Kenya,1961,,15772.7177734375,16954.341796875,18312.287109375,16442.337890625,0.0021959103178232,36420.6953125,0.872126996517181,0.0871476456522942,0.0718647763133049,-0.219636455178261,0.0873447060585022,0.101152345538139,0.435903966426849,0.450271219015121,0.0486176498234272,3.66599369049072,1.20565319061279,0.113549001514912,0.659813404083252,0.0731929561428448,0.0739680379629135,0.0769407227635384,0.0817246348236374,0.0856910198926926,0.116621105838803,1.06042504310608,0.0542385838925839,0.0783436074852943,0.106596805155277,8.50291992695365,23991.833984375,25469.88671875,18591.83984375,24524.33203125,17018.642578125,0.0727620869874954,55560.4453125,0.963622212409973,0.938116848468781,7.14286000614286
KEN,Kenya,1962,,16971.7734375,18052.453125,19521.521484375,18004.5,0.0020784486550837,36609.9375,0.860510408878326,0.0821302682161331,0.0600227266550064,-0.18510876595974,0.0865474045276642,0.0958979204297066,0.459322363138199,0.461281508207321,0.0467719472944737,3.76296424865723,1.21442079544067,0.109673127532005,0.659813404083252,0.0749368282738592,0.0756925269961357,0.0791673958301544,0.0836102615998037,0.0858378708362579,0.133739202323888,1.12982368469238,0.0622649379074574,0.0885558277368546,0.110079132020473,8.77239349019543,25782.26171875,26949.763671875,19819.0390625,26548.1171875,18366.4921875,0.0722858905792236,55707.40234375,1.01590192317963,0.966703534126282,7.14286000614286
KEN,Kenya,1963,,17015.798828125,18305.197265625,19946.904296875,18435.4609375,0.0020098285749554,37084.28515625,0.838761031627655,0.0842318683862686,0.0699412226676941,-0.189571887254715,0.085015244781971,0.111622527241707,0.456886887550354,0.455577909946442,0.0451011173427105,3.86394238471985,1.22325229644775,0.159806117415428,0.659813404083252,0.0807924541874498,0.0810883566737175,0.0828696340322495,0.0840348923377981,0.0896637514233589,0.106376531841941,1.17550992965698,0.0660352557897568,0.0703335031867027,0.109971612691879,9.05402677071207,25918.158203125,27546.974609375,20294.505859375,27695.8671875,18769.505859375,0.0727082043886185,56393.7109375,1.03846001625061,0.968208849430084,7.14286000614286
KEN,Kenya,1964,,18481.484375,19564.40234375,21629.7890625,20173.34765625,0.0018549665110185,37345.609375,0.816239237785339,0.0998944863677025,0.0536806210875511,-0.174653068184853,0.119258917868137,0.0855797305703163,0.492037087678909,0.481026768684387,0.0435602329671383,3.96870827674866,1.23214781284332,0.126102045178413,0.659813404083252,0.0777079425639665,0.0784234255552292,0.0817122533917427,0.0842696741022521,0.0876115709543228,0.13784048961436,1.26131224632263,0.0671979412436485,0.0906789302825928,0.112803906202316,9.34750550912259,28253.970703125,29317.232421875,22059.126953125,29346.58203125,20553.37109375,0.072630763053894,56671.609375,1.07288479804993,1.00470566749573,7.14286000614286
KEN,Kenya,1965,,19723.9140625,20878.587890625,22543.037109375,21386.673828125,0.0017696596914902,37693.16015625,0.833888173103333,0.0883643999695778,0.0539903752505779,-0.164089515805244,0.12453805655241,0.0633085668087006,0.501363515853882,0.491030335426331,0.0420533642172813,4.07703304290772,1.24110817909241,0.123020976781845,0.659813404083252,0.0728863913742362,0.075122781097889,0.0788386836647987,0.0962274457210575,0.0831014364957809,0.142312868088855,1.20980763435364,0.0712515115737915,0.0927081257104874,0.118120953440666,9.65242868732122,30005.6015625,31175.40625,22963.259765625,30771.921875,21710.185546875,0.0728683993220329,57194.203125,1.09125888347626,1.03634798526764,7.14286000614286
KEN,Kenya,1966,,21255.671875,22965.09375,24949.744140625,23682.271484375,0.0017310073599219,38945.29296875,0.812123537063599,0.0854116827249527,0.0721815377473831,-0.16423574090004,0.129443019628525,0.0650759413838387,0.525774776935577,0.509841918945313,0.0409986935555935,4.18945455551148,1.25013363361359,0.138976469635963,0.659813404083252,0.0744331222093617,0.076584629714489,0.0816799104213715,0.0970419116932964,0.0860514119267464,0.145036686795926,1.30625879764557,0.072579450905323,0.0936381816864014,0.117192640900612,9.97028855537467,32240.21875,34790.6640625,25379.2578125,34433.49609375,23920.29296875,0.0751616433262825,59038.77734375,1.17767822742462,1.11539459228516,7.14286000614286
KEN,Kenya,1967,,22454.8828125,24279.62109375,25943.34375,24736.544921875,0.0017094964860007,40649.66015625,0.818741261959076,0.0890202075242996,0.0737668722867966,-0.159970670938492,0.117073014378548,0.0613693594932556,0.534015536308289,0.523176550865173,0.0404549688100815,4.30614614486694,1.25922465324402,0.129178941249847,0.659813404083252,0.0753628315790406,0.0774946659803391,0.0833859518170357,0.0971016469960738,0.0874540209770203,0.155883066166859,1.35379207134247,0.0741220563650131,0.101850658655167,0.117765635251999,10.3017068841441,34049.24609375,36796.64453125,26376.53125,35892.60546875,24886.53515625,0.0777842700481415,61094.9921875,1.19498407840729,1.14838016033173,7.14286000614286
KEN,Kenya,1968,,21351.06640625,23903.3125,25804.017578125,24627.111328125,0.0017413758905604,42948.6171875,0.737434089183807,0.129539996385574,0.103635631501675,-0.151596799492836,0.122978903353214,0.0580082163214684,0.499861389398575,0.482204675674439,0.0400279350578785,4.42685270309448,1.26838195323944,0.182357236742973,0.659813404083252,0.0895531976993666,0.0880064964294434,0.0915950164198875,0.0792015785393921,0.0959722548723221,0.121615127464142,1.34257555007935,0.0769429132342339,0.0793405324220657,0.119482725858688,10.646269159722,32435.625,37039.7578125,26197.380859375,35883.98828125,24678.162109375,0.0823532938957214,64729.33984375,1.14641010761261,1.10924565792084,7.14286000614286
KEN,Kenya,1969,,22383.8828125,25018.48046875,27365.603515625,26282.23046875,0.0017618899000808,45459.8359375,0.712522983551025,0.139150634407997,0.100242577493191,-0.137472748756409,0.133098393678665,0.0524581894278526,0.510838508605957,0.483279675245285,0.0396673753857613,4.55218935012817,1.27760565280914,0.18183322250843,0.659813404083252,0.0908586576390759,0.0891599804162979,0.0926895290613174,0.0804618870452483,0.0965102463960648,0.122676991344077,1.35164940357208,0.0795319154858589,0.080783061683178,0.121348202228546,11.0056585013697,34092.58203125,38795.14453125,27853.294921875,38170.98828125,26351.341796875,0.0869816094636917,68390.5546875,1.16909408569336,1.11381673812866,7.14286000614286
KOR,Republic of Korea,1955,2557.31,29199.810546875,33094.53515625,30851.404296875,30596.361328125,,217438.234375,0.776615619659424,0.177740037441254,0.127293661236763,-0.0946763679385185,0.001746458816342,0.0112805748358369,,,0.0282368864864111,6.39553070068359,1.85749673843384,0.0992883965373039,0.422018796205521,0.0852671719521091,0.0769705027341843,0.077399879693985,0.0407191114827291,0.0780450701713562,0.0806190491100062,,0.0722276493906975,0.0471099056303501,0.0910847410559654,21.7531716336547,44393.328125,44178.21484375,29181.66796875,39984.89453125,29483.58984375,,183347.09375,,,49.4968582991652
KOR,Republic of Korea,1956,2594.52,30636.162109375,34315.07421875,31029.208984375,31267.248046875,,216341.078125,0.79153311252594,0.188283324241638,0.117660231888294,-0.106409452855587,-0.000792693987023,0.0097255185246467,,,0.0277981124818325,6.47955656051636,1.80692088603973,0.12448363751173,0.422018796205521,0.115885227851334,0.10348355025053,0.101938098669052,0.0513475556267175,0.101162046194077,0.0890683382814378,,0.110301919281483,0.0532851591706276,0.113589562475681,22.2370431349991,46784.84375,45946.08203125,29490.7265625,41829.5625,30243.361328125,,181791.921875,,,49.5067803263111
KOR,Republic of Korea,1957,2632.27,31971.513671875,37700.59375,34363.59375,34038.83984375,0.0136606283485889,215572.5625,0.76297914981842,0.1762865036726,0.168310046195984,-0.116416193544865,-0.0030038247350603,0.0118443230167031,0.247519508004189,0.275991052389145,0.0275901835411787,6.59046649932861,1.75772225856781,0.114208579063416,0.422018796205521,0.128966981603978,0.119277060031891,0.119446098804474,0.0773384739241395,0.120585702359676,0.120389439124509,1.01455295085907,0.109744600951672,0.0742908865213394,0.120595157146454,22.8227887042858,49096.72265625,50527.73046875,32687.55859375,44618.83984375,32951.5546875,0.0092603471130132,183034.5,0.391713052988052,0.476960778236389,49.5067803263111
KOR,Republic of Korea,1958,2670.57,33305.63671875,38294.5703125,35519.609375,35600.29296875,0.0132473660632968,216289,0.753801941871643,0.181741982698441,0.140137419104576,-0.0898120775818825,0.0002200038288719,0.0139106996357441,0.258711814880371,0.277601629495621,0.0274888165295124,6.71614646911621,1.70986318588257,0.121510401368141,0.422018796205521,0.128548773665144,0.120642237365246,0.120841860771179,0.0878487067893285,0.120567977428436,0.122174505668827,1.06951951980591,0.126831442117691,0.0738208070397377,0.139828652143478,23.470857708414,50822.0859375,51109.45703125,33699.83203125,46175.03515625,34157.4453125,0.0092612244188785,183336.578125,0.404373735189438,0.481260418891907,49.5067803263111
KOR,Republic of Korea,1959,2709.42,34534.703125,38219.82421875,35852.6640625,36322.984375,0.0124370902776718,213904.125,0.774471402168274,0.176295787096024,0.101454205811024,-0.0706263184547424,0.0027130576781928,0.0156918708235025,0.264277398586273,0.27747642993927,0.0272579248994589,6.86294221878052,1.64859485626221,0.109423823654652,0.422018796205521,0.130470942699789,0.125695645809174,0.127725332975388,0.104717685673966,0.126071512699127,0.146746287252553,1.10153365135193,0.160222247242928,0.0860406532883644,0.168880492448807,24.2053474640952,52888.38671875,51062.9140625,34080.2109375,46993.40234375,34862.09375,0.0091618979349732,181973.59375,0.41418781876564,0.483915060758591,49.5067803263111
KOR,Republic of Korea,1960,2748.84,35196.2578125,39072.83984375,36059.01953125,36544.25390625,0.011778230778873,211290.328125,0.787470459938049,0.175642848014832,0.106079071760178,-0.088435485959053,0.0010072320001199,0.0182358436286449,0.267843037843704,0.286642670631409,0.0269683636724949,7.02718734741211,1.58930730819702,0.119656965136528,0.422018796205521,0.112595184643189,0.1089953109622,0.110277518630028,0.0928557928846174,0.108813256025314,0.121918895108917,0.991126239299774,0.136256128549576,0.0706111714243889,0.156047150492668,25.0156734025605,53564.484375,51982.17578125,34090.42578125,47547.40625,35214.7265625,0.0090955570340156,181026.734375,0.420573711395264,0.494393557310104,63.1258554947553
KOR,Republic of Korea,1961,2788.84,36260.66015625,41163.76171875,37885.65234375,39246.79296875,0.0111020775511861,209890.109375,0.758134722709656,0.165779203176498,0.124929942190647,-0.0727357193827629,0.0009286632994189,0.0229631997644901,0.279101610183716,0.293250948190689,0.0268260072916746,7.31147336959839,1.6320868730545,0.137279450893402,0.422018796205521,0.0652472131220881,0.0630420818924904,0.0636687353253365,0.0529576809840771,0.0614606030285358,0.0683031022316172,0.610082983970642,0.110753022134304,0.038408350199461,0.116737380623817,25.8531268707681,55224.546875,54919.4765625,35809.890625,49691.703125,37728.671875,0.0091253668069839,181622.078125,0.424026757478714,0.503893673419952,124.7933904368
KOR,Republic of Korea,1962,2829.41,37652.89453125,42399.3515625,38333.48828125,39894.6953125,0.0107596255838871,212899.421875,0.776563584804535,0.167243510484695,0.118974603712559,-0.0862693786621094,-0.0014789677225053,0.0249666888266802,0.267355889081955,0.284594923257828,0.0268040262162685,7.5922589302063,1.67601799964905,0.128381997346878,0.422018796205521,0.0742059957447614,0.0720368921756744,0.0731673166155815,0.0619650512505193,0.0703040510416031,0.0821348378733217,0.672953188419342,0.118242748081684,0.04683992639184,0.114066794514656,26.6671260280787,57306.1015625,56573.0234375,36244.515625,50846.296875,38063.1796875,0.0091500869020819,182051.1875,0.419051736593246,0.501326739788055,130.001764228215
KOR,Republic of Korea,1963,2870.58,38000.43359375,47880.4765625,43411.55859375,44463.7421875,0.0109210619702935,218743.0625,0.697569310665131,0.157069385051727,0.222204491496086,-0.0980002731084824,-0.0033057727850973,0.0244628675282002,0.275520235300064,0.297947317361832,0.0272181313484907,7.87166786193848,1.71817469596863,0.202657863497734,0.422018796205521,0.100961412114136,0.0943742617964745,0.0909548178315163,0.0651197323284372,0.0888024866580963,0.0778030156656197,0.877965033054352,0.125051185488701,0.043482918292284,0.139272943139076,27.4655236311325,57843.65234375,63774.9453125,41116.86328125,54808.1796875,42478.2109375,0.0096040749922394,189762.984375,0.425475001335144,0.532331168651581,130.001764228215
KOR,Republic of Korea,1964,2779.93,42695.78515625,50119.05859375,46993.34765625,48385.20703125,0.0101885516196489,221765.296875,0.738011121749878,0.144402906298637,0.153420269489288,-0.0668942481279373,0.0036614986602217,0.0273984652012587,0.29328978061676,0.306245744228363,0.0276443883776665,8.0064001083374,1.75291919708252,0.197777524590492,0.422018796205521,0.0797058635268959,0.0738441795110703,0.0731933116912842,0.0438864159984643,0.0710878074169159,0.0694497708778402,0.75929582118988,0.124366126954556,0.0379202552139759,0.121567539870739,28.2454261537637,65723.2890625,67884.4765625,44594.98046875,59139.61328125,46259.72265625,0.0098066460341215,193574.0625,0.452656924724579,0.558681428432465,213.849584589644
KOR,Republic of Korea,1965,2900.8,45050.265625,52640.9140625,49388.48046875,51062.1640625,0.0098803117871284,226579.546875,0.735871136188507,0.146392032504082,0.14865505695343,-0.0697117075324059,0.0043438500724732,0.0344496667385101,0.287887364625931,0.297745138406754,0.0276931691914797,8.40908241271973,1.78836631774902,0.181253522634506,0.422018796205521,0.0661603229283058,0.0619346536695957,0.0624971129000187,0.040693413010501,0.0604486241936684,0.0658352932187182,0.639389932155609,0.120417326688766,0.0358917936682701,0.120498351752758,28.9731624232241,69142.515625,71218.296875,46800.58984375,62101.00390625,48688.89453125,0.0100203454494476,197572.375,0.447831362485886,0.552218019962311,266.404376559957
KOR,Republic of Korea,1966,2882.67,47966.640625,61145.625,55818.125,58144.796875,0.0101349884644151,240619.75,0.680732905864716,0.144218668341637,0.22665798664093,-0.0935920849442482,-0.0014769501285627,0.0434594564139843,0.304290592670441,0.319988250732422,0.0282941646873951,8.62733173370361,1.8245302438736,0.20434607565403,0.422018796205521,0.0744229302698767,0.0699565187096596,0.0697983130812645,0.0488744011711968,0.0670053213834763,0.0692224952672352,0.724669814109802,0.126434892416,0.0383459366858006,0.127406492829323,29.7109923438406,73172.6171875,82588.90625,52793.92578125,69185.953125,55262.6484375,0.0107948845252395,209710.359375,0.470032900571823,0.603302538394928,271.341174435736
KOR,Republic of Korea,1967,2918.93,50382.92578125,65365.34375,59265.6328125,61593.390625,0.0103442100808024,254852.140625,0.667710602283478,0.150281772017479,0.243247151374817,-0.112347714602947,-0.0019987649284303,0.053106926381588,0.302802503108978,0.320748388767242,0.0295642241835594,8.91526222229004,1.86142551898956,0.207096576690674,0.422018796205521,0.0886218555923635,0.0826148018240929,0.081206813454628,0.0559250994719481,0.0781378149986267,0.0764720258080712,0.845660209655762,0.133621826767921,0.0438718236982822,0.134186327457428,30.4124847352621,76510.03125,87923.1796875,55943.453125,73039.8046875,58299.51171875,0.0116829127073288,222999.515625,0.461156904697418,0.596891760826111,270.520343173474
KOR,Republic of Korea,1968,2973.32,54356.8359375,74671.3984375,66308.6953125,69039.453125,0.0108780674636364,276122.875,0.638355851173401,0.148974239826202,0.294245719909668,-0.141210943460464,-0.0058901510201394,0.0655252858996391,0.306028693914413,0.328969955444336,0.0310702808201313,9.3493709564209,1.89906668663025,0.215972393751144,0.422018796205521,0.101797274630786,0.0950251445174217,0.0920314714312553,0.0660065254205717,0.0883912965655327,0.0840211038778004,0.942808985710144,0.138778582215309,0.0491200499236584,0.136893346905708,31.1260883529705,82192.015625,99785.6640625,62500.390625,80798.703125,65142.19921875,0.0129529507830739,242367.09375,0.463471263647079,0.615445673465729,276.648730351639
KOR,Republic of Korea,1969,3039.79,63763.16796875,85203.3984375,76089.9609375,78713.9609375,0.011331926099956,296768.96875,0.665465831756592,0.144595950841904,0.272381514310837,-0.153368264436722,-0.0062516606412828,0.0771766901016235,0.324172884225845,0.348736941814423,0.0325212180614471,9.60801410675049,1.9374692440033,0.178490683436394,0.422018796205521,0.102617461669902,0.0973306819796562,0.100797355175018,0.0729996323665379,0.0974371731281281,0.111107231990527,1.07963359355927,0.139898404479027,0.06667859852314,0.134689390659332,31.8386851082805,97191.9921875,114306.09375,71772.34375,92374.953125,74140.0390625,0.0141899976879358,261327.828125,0.48815056681633,0.649489402770996,288.164690531985
LBR,Liberia,1964,,2307.91918945313,2967.65454101563,3104.03295898438,2256.478515625,,6066.3427734375,0.944761753082275,0.0780351161956787,0.292373836040497,-0.758507013320923,-7.55328102286512e-8,0.443336457014084,,,0.0437575951218605,,1.10332024097443,,,0.0531889780918883,0.0605981163680553,0.0688592791557312,0.150299658864681,0.0947234556078911,0.0977588906329053,,0.0560016818344593,0.0829405784606934,0.10520101338625,1.22667447272727,2341.4775390625,2850.89990234375,3154.50170898438,2946.55859375,2162.45874023438,,9630.828125,,,1
LBR,Liberia,1965,,2298.361328125,2816.28784179688,3110.8154296875,2435.61279296875,,6305.802734375,0.870300114154816,0.0733479857444763,0.212647318840027,-0.631002366542816,-7.02394515883498e-8,0.474707037210465,,,0.048181813210249,,1.10932052135468,,,0.053126970811889,0.061018954962492,0.0722019895911217,0.154660165901597,0.0922178775072098,0.121828049893937,,0.0589832328259945,0.102508559823036,0.0967957377433777,1.26462343216783,2328.44067382813,2640.28930664063,3163.75732421875,3085.88061523438,2322.02856445313,,10031.3955078125,,,1
LBR,Liberia,1966,,2548.67797851563,3016.43432617188,3414.47412109375,2697.11791992188,,6459.2138671875,0.868395209312439,0.0765682384371758,0.173428192734718,-0.609426319599152,-1.3954815081263e-8,0.491034716367722,,,0.0507211536169052,,1.11580646038055,,,0.0521238266688062,0.0599287301301956,0.0698040872812271,0.148447683257577,0.0883699730038643,0.123612262574667,,0.0615717358887196,0.103461772203445,0.0973965898156166,1.30359803916084,2584.30981445313,2765.4599609375,3472.09545898438,3328.13427734375,2533.431640625,,10305.85546875,,,1
LBR,Liberia,1967,,2736.029296875,3228.67211914063,3619.759765625,2884.69702148438,,6622.3681640625,0.871906101703644,0.0765572041273117,0.170778006315231,-0.624059975147247,-3.29439870938586e-8,0.504818618297577,,,0.0527095422148705,,1.12233030796051,,,0.052981626098209,0.0604487918317318,0.0706481114029884,0.145491957300586,0.0886502712965012,0.127292882867111,,0.0639351308345795,0.106714516878128,0.0980101376771927,1.34359829370629,2765.38623046875,2946.38598632813,3680.13916015625,3553.75317382813,2688.27026367188,,10586.16796875,,,1
LBR,Liberia,1968,,2630.5224609375,3146.03930664063,3891.82446289063,3000.21459960938,,6779.654296875,0.801455140113831,0.0753229707479477,0.171826660633087,-0.558322608470917,-2.91128170459842e-8,0.509717881679535,,,0.0544808730483055,,1.12889218330383,,,0.0563233928392687,0.0640239715576172,0.0700367763638496,0.145960073983259,0.0908504575490952,0.100718248037248,,0.0628734305500984,0.0844789668917656,0.103024080395699,1.3846241958042,2670.46557617188,2907.224609375,3954.68920898438,3723.22680664063,2776.2578125,,10869.775390625,,,1
LBR,Liberia,1969,,2782.28271484375,3332.0146484375,4392.35595703125,3211.61767578125,,6947.783203125,0.791919112205505,0.0743990316987038,0.171169802546501,-0.552401840686798,1.71452736452693e-8,0.51491391658783,,,0.055907104164362,,1.13549256324768,,,0.0568808599800992,0.064632311463356,0.0683637857437134,0.147140422252684,0.0934974476695061,0.0872493853431041,,0.0628203526139259,0.0739922672510147,0.111228168010712,1.4256500979021,2833.22778320313,3083.12817382813,4474.87841796875,3994.59326171875,2968.99340820313,,11170.7138671875,,,1
LKA,Sri Lanka,1955,,24774.23828125,27486.67578125,31162.060546875,28202.580078125,0.0019605543930083,30001.8828125,0.785512089729309,0.092926636338234,0.0961769074201584,-0.0760286673903465,0.0256069749593735,0.0758060291409493,1.02235865592957,0.995896697044373,0.0783125460147858,2.78582096099854,1.53107964992523,0.559762477874756,0.383190482854843,0.0532142037540706,0.0502248257398605,0.054267268627882,0.0249555124159313,0.0599618889391422,0.0911892216375687,3.35337424278259,0.124752938747406,0.0569030866026878,0.198157235980034,8.46531330628362,13387.1162109375,16867.2421875,31019.3828125,16100.8349609375,28161.41015625,0.0254311412572861,28496.439453125,0.801656544208527,0.815886557102203,4.76189981865906
LKA,Sri Lanka,1956,,24135.33203125,26741.837890625,27852.046875,26125.701171875,0.001949721481651,31218.568359375,0.791802048683167,0.132013663649559,0.0997678712010384,-0.0876385569572449,-0.0124171450734138,0.076472133398056,0.919132113456726,0.944218754768372,0.079795315861702,2.83716726303101,1.54292035102844,0.45552396774292,0.383190482854843,0.0541126213150834,0.0498656295239925,0.0540146678686142,0.0243926720820782,0.0575838796794415,0.0924333544928256,2.94782638549805,0.130602478981018,0.0586426295340061,0.189038634300232,8.6826782782067,12873.9326171875,16182.302734375,27866.171875,14154.720703125,26249.384765625,0.026573684066534,29743.48046875,0.681057810783386,0.756429970264435,4.76189981865906
LKA,Sri Lanka,1957,,26462.853515625,28862.70703125,27997.392578125,27137.36328125,0.0019112343434244,32044.287109375,0.851044297218323,0.124100260436535,0.0884335264563561,-0.0881736576557159,-0.0489421747624874,0.0735377222299576,0.943164169788361,1.00987768173218,0.0803288742899895,2.89080166816711,1.55485272407532,0.358639925718308,0.383190482854843,0.0527785172866137,0.0496301725506783,0.0548373945057392,0.0280397241086682,0.0565752908587456,0.112256727866426,2.89462757110596,0.139454141259193,0.0721502676606178,0.181084394454956,8.91025427322608,14289.849609375,17379.861328125,28063.826171875,14600.0498046875,27344.78515625,0.0274195801466703,30684.8984375,0.685744524002075,0.793049037456513,4.76389919680905
LKA,Sri Lanka,1958,,27287.1015625,29955.8671875,29396.896484375,28604.291015625,0.0019027111120522,33220.26953125,0.809252202510834,0.144699171185493,0.0932994931936264,-0.0817356556653976,-0.0373197197914124,0.0718045458197594,0.978199064731598,1.02187979221344,0.0806483253836632,2.94442677497864,1.5668773651123,0.42669489979744,0.383190482854843,0.0540701538548096,0.0498880632221699,0.0540687181055546,0.0264990948240209,0.0555669218301773,0.0968142904205283,2.94269132614136,0.139498427510262,0.061698455363512,0.172957733273506,9.14105441086008,14501.00390625,17936.345703125,29386.41015625,15634.3955078125,28649.896484375,0.0285048130899668,31874.44921875,0.714573681354523,0.796426355838776,4.76289879247833
LKA,Sri Lanka,1959,,29044.84375,31909.55078125,30843.294921875,30090.46875,0.0018946378258988,34625.31640625,0.82160234451294,0.143648222088814,0.0952031388878822,-0.0837913304567337,-0.047742921859026,0.0710805431008339,0.984455943107605,1.04171025753021,0.0812290608882904,3.00157904624939,1.57899498939514,0.419400095939636,0.383190482854843,0.0547821116538162,0.0505692511796951,0.0551500096917152,0.0264736167493127,0.0565297976136208,0.101593650990584,2.86639213562012,0.145309031009674,0.064277358353138,0.181769803166389,9.38626754317193,15481.6416015625,19187.763671875,30887.00390625,15926.01171875,30153.8515625,0.0297281108796597,33212.66796875,0.698473751544952,0.817547738552094,4.76289879247833
LKA,Sri Lanka,1960,,31340.984375,34176.453125,32851.66796875,31833.98046875,0.0018685813993215,35890.82421875,0.840020537376404,0.144493013620377,0.0890705585479736,-0.0909340903162956,-0.0491428300738335,0.0664928257465363,1.02087903022766,1.09702146053314,0.0816939994692802,3.06441450119019,1.59120631217957,0.422971427440643,0.383190482854843,0.0539937144924661,0.0499352291226387,0.054318331182003,0.0263409239076,0.0560548081994057,0.10276558206074,2.99183225631714,0.128466621041298,0.0645318925380707,0.183120548725128,9.65297062605622,16596.423828125,20334.998046875,32707.916015625,16959.904296875,32070.615234375,0.0308642908930779,34466.19140625,0.721510648727417,0.84044486284256,4.76189981865906
LKA,Sri Lanka,1961,,29772.033203125,32931.53125,32527.94140625,31551.4453125,0.0018423058791086,37298.19140625,0.793229162693024,0.150373667478561,0.10013797134161,-0.0797916427254677,-0.0318461246788502,0.0678969994187355,0.987147092819214,1.03214526176453,0.0821583345532417,3.13989472389221,1.60141181945801,0.408131003379822,0.383190482854843,0.0559621813364421,0.0511771813035011,0.0562757812440395,0.0259360412376355,0.0580174773931503,0.104320037147306,2.97745990753174,0.131879642605782,0.0657035410404205,0.171593397855759,9.92278920389214,15680.6015625,19756.138671875,32396.18359375,18941.81640625,31756.263671875,0.032256368547678,35987.8828125,0.777259528636932,0.787575542926788,4.76189981865906
LKA,Sri Lanka,1962,,32410.89453125,35447.5625,34869.953125,33980.6796875,0.001822312711738,38745.3359375,0.805786430835724,0.148017153143883,0.0893645733594894,-0.0744234547019005,-0.033327754586935,0.0645830184221268,1.01080441474915,1.05612432956696,0.0824465900659561,3.21411657333374,1.61168277263641,0.401116400957108,0.383190482854843,0.053027976584059,0.0488163270056248,0.0536857582628727,0.0258886410834585,0.0550907105207443,0.105658044860241,2.83016276359558,0.137814059853554,0.0656848177313805,0.173111841082573,10.1903651825304,17097.51171875,21117.966796875,34730.3359375,19009.755859375,33992.83984375,0.0334614664316177,37330.57421875,0.751029372215271,0.81054699420929,4.76189981865906
LKA,Sri Lanka,1963,,30870.72265625,34286.78125,33533.828125,32817.10546875,0.0018170666880905,40426.04296875,0.782459497451782,0.158230483531952,0.104093872010708,-0.0627652928233147,-0.0473219081759453,0.0653034076094627,0.934268116950989,0.980237901210785,0.0826823338866234,3.2862663269043,1.62201976776123,0.418423056602478,0.383190482854843,0.0589669536127462,0.0534019507467747,0.0582048371434212,0.0258826648454118,0.0594760179519653,0.101608226001265,2.78368186950684,0.152883023023605,0.0631668344140053,0.169590175151825,10.4531207336593,16200.798828125,20612.955078125,33458.515625,20684.4296875,32834.9609375,0.0349877551198006,39002.671875,0.788123190402985,0.763021171092987,4.76189981865906
LKA,Sri Lanka,1964,,32435.435546875,35684.21484375,34778.41015625,34791.12109375,0.0017907241126522,41915.69921875,0.771137952804565,0.161152645945549,0.0933795124292374,-0.0743111222982407,-0.0160602480173111,0.0647012367844582,0.926490604877472,0.957925617694855,0.0822033137083054,3.35498714447022,1.63242292404175,0.428891509771347,0.383190482854843,0.0615777051051018,0.0554020330309868,0.0596763789653778,0.025850574377782,0.0596545748412609,0.102351027132597,2.78186845779419,0.160379156470299,0.0634643882513046,0.174993887543678,10.7066598056839,17021.017578125,21311.724609375,34762.91015625,21405.541015625,34863.4140625,0.0362086929380894,40426.4765625,0.788806438446045,0.762971937656403,4.76189981865906
LKA,Sri Lanka,1965,,32353.05859375,35341.99609375,35866.21875,34592.74609375,0.0017534889047965,43044.9453125,0.759927153587341,0.175328388810158,0.0864035785198212,-0.0540210977196693,-0.0321556553244591,0.064517617225647,0.884587645530701,0.906660735607147,0.081094540655613,3.4246199131012,1.64289283752441,0.437142312526703,0.383190482854843,0.0624330378596231,0.0554843544960022,0.0593751519918442,0.0253666319441862,0.0615609437227249,0.101490163305708,2.65262246131897,0.165672823786736,0.062401507049799,0.183347418904305,10.9647537220416,16789.984375,20832.984375,35764.96484375,21910.576171875,34575.890625,0.0371830314397812,41557.56640625,0.783052623271942,0.723326504230499,4.76189981865906
LKA,Sri Lanka,1966,,35367.19921875,38731.74609375,37012.22265625,37686.63671875,0.0017314024735242,44578.2109375,0.773465991020203,0.164988681674004,0.0892769694328308,-0.0671288818120956,-0.0154885891824961,0.0548857897520065,0.900725781917572,0.925685107707977,0.0809638798236847,3.49606418609619,1.71424806118011,0.42497992515564,0.383190482854843,0.0624265356543395,0.0558053143322468,0.0601451806724072,0.0247650758426483,0.0590688660740852,0.105764610061006,2.58659625053406,0.168364211916924,0.0645602643489838,0.172590270638466,11.2303907577711,18464.052734375,23016.79296875,36792.09765625,23095.849609375,37495.65625,0.0385584533214569,43067.19140625,0.786478519439697,0.761453628540039,4.76189981865906
LKA,Sri Lanka,1967,,35676.75,39319.3203125,37857.1171875,38150.85546875,0.0017213198589161,46323.2578125,0.762955486774445,0.172193914651871,0.0954780578613281,-0.0542111620306969,-0.0326317586004734,0.0562154948711395,0.879010379314423,0.904248058795929,0.0810240879654884,3.5671181678772,1.77136886119843,0.413923621177673,0.383190482854843,0.0649714725144345,0.0575327016413212,0.0624490976333618,0.0245730620608781,0.061968270689249,0.110602202455714,2.66408014297485,0.173676908016205,0.0675747916102409,0.160878777503967,11.4965078861652,18515.251953125,23362.587890625,37548.1953125,25275.787109375,37845.7421875,0.0400959588587284,44797.44140625,0.827014029026032,0.742634057998657,4.86110578672612
LKA,Sri Lanka,1968,,39003.70703125,43178.3671875,41379.26171875,41622.20703125,0.0017284712521359,48600.09765625,0.776684582233429,0.16040426492691,0.100298881530762,-0.0561817213892937,-0.0331959053874016,0.0519899129867554,0.901203393936157,0.92918211221695,0.0803111493587494,3.63918423652649,1.83039307594299,0.431536555290222,0.383190482854843,0.0556037885701893,0.0499258600175381,0.0545021295547485,0.0224330808364336,0.0541840083897114,0.0972580854121531,2.34013032913208,0.1561219394207,0.0592504180967808,0.15799318253994,11.7676896671573,20393.63671875,25922.48046875,40944.15625,26579.63671875,41167.2109375,0.0420700050890446,47048.40234375,0.827938139438629,0.784460544586182,5.95237000495237
LKA,Sri Lanka,1969,,42076.48828125,47238.296875,43101.625,44370.6875,0.001779640559107,51585.25390625,0.795394241809845,0.152900442481041,0.116333723068237,-0.0568398609757423,-0.0539268776774406,0.0461383499205112,0.90579754114151,0.958396852016449,0.0814941599965096,3.70850968360901,1.89138388633728,0.414035558700562,0.383190482854843,0.0581648706260031,0.0525052659213543,0.0581293143332005,0.0230637727752061,0.0564667284488678,0.103973753602415,2.3966109752655,0.169409886002541,0.0640904679894447,0.157242804765701,12.0317415613421,22270.1484375,28924.392578125,42767.64453125,29132.25,43983.71875,0.0450543947517872,50179.609375,0.852649927139282,0.82244485616684,5.95237000495237
LSO,Lesotho,1960,,804.711303710938,812.910034179688,738.661437988281,792.277465820313,,1302.81201171875,0.911549031734467,0.104144707322121,0.0103483134880662,-0.232736602425575,0.1352658867836,0.0714286044239998,,,0.0397093780338764,,1.4274423122406,,,0.04633205400531,0.0503203310072422,0.0506115853786469,0.0852285796887202,0.0471865385770798,0.0791986796736361,,0.067220039665699,0.0903228297829628,0.0632624998688698,0.820043404869598,607.879821777344,564.103149414063,798.309448242188,453.564727783203,922.141540527344,,1317.42724609375,,,0.714285999714286
LSO,Lesotho,1961,,846.23974609375,863.631591796875,740.085083007813,808.912475585938,,1264.87243652344,0.91146057844162,0.134684398770332,0.021500276401639,-0.26459601521492,0.122937493026257,0.0740132257342339,,,0.037951298058033,,1.43231594562531,,,0.0467434645618685,0.0516705587506294,0.0521337352693081,0.0850140690883037,0.0476978681981564,0.0746705268486196,,0.0707115456461906,0.0853079408407211,0.0659837350249291,0.836023953992812,651.605834960938,613.753051757813,800.749328613281,458.411773681641,935.691162109375,,1283.54382324219,,,0.714285999714286
LSO,Lesotho,1962,,957.026733398438,991.915100097656,850.325805664063,957.273498535156,,1249.42248535156,0.880187571048737,0.119554594159126,0.0364455841481686,-0.24596931040287,0.128788232803345,0.080993264913559,,,0.0369061678647995,,1.43720614910126,,,0.0477442830765432,0.0522504299879074,0.0531620495021343,0.0854256741871431,0.047222726047039,0.0781687454723938,,0.0792384967207909,0.0883466303348541,0.0684669986367226,0.853083862967066,731.049194335938,704.765380859375,919.35546875,530.779418945313,1080.02160644531,,1268.91955566406,,,0.714285999714286
LSO,Lesotho,1963,,1065.07165527344,1113.04125976563,941.354125976563,1071.94165039063,,1250.21594238281,0.888241827487946,0.105349287390709,0.044750239700079,-0.256754726171494,0.135443150997162,0.0829702019691467,,,0.0367483049631119,,1.44211316108704,,,0.0488313994849998,0.0528332144021988,0.053939837962389,0.0865741005625164,0.0473687052726746,0.07851022774909,,0.0810631886124611,0.0884427204728127,0.0694023966789246,0.871100843435377,806.966918945313,787.82666015625,1020.36187744141,591.186767578125,1209.76867675781,,1267.39807128906,,,0.714285999714286
LSO,Lesotho,1964,,1121.06042480469,1179.501953125,1013.8525390625,1152.65942382813,,1262.27294921875,0.876226842403412,0.0963592007756233,0.0507014282047749,-0.247396796941757,0.139383137226105,0.0847262069582939,,,0.037314984947443,,1.44703686237335,,,0.0502533579704411,0.0539954006671906,0.0552837364375591,0.0880230744134813,0.0486262924969196,0.0799974402003205,,0.084186002612114,0.0895901620388031,0.0720532909035683,0.890031855361489,846.699401855469,835.074462890625,1102.28283691406,642.149597167969,1301.11340332031,,1275.11376953125,,,0.714285999714286
LSO,Lesotho,1965,,1163.69689941406,1233.56616210938,1027.63342285156,1186.64562988281,,1286.84912109375,0.86829549074173,0.112365372478962,0.0588796846568584,-0.256532162427902,0.133005529642105,0.0839860588312149,,,0.0385248884558678,,1.45197737216949,,,0.0518141797401209,0.0560473427176476,0.0576102621853352,0.0887588041588527,0.0498904101550579,0.0836413103901309,,0.0895778387784958,0.0922306254506111,0.0755612924695015,0.909739409740693,885.249328613281,882.778991699219,1115.4111328125,654.000610351563,1330.322265625,,1292.31018066406,,,0.714285999714286
LSO,Lesotho,1966,,1266.51098632813,1326.91748046875,1061.41516113281,1270.24816894531,,1295.76110839844,0.920103490352631,0.0769544392824173,0.0475548878312111,-0.248818829655647,0.149444043636322,0.054761990904808,,,0.0395518504083157,,1.46737909317017,,,0.0533988271055711,0.0561842285096645,0.0576391853392124,0.08948779332042,0.0481631048023701,0.0881444387977244,,0.0945324450731278,0.096228763461113,0.0780877023935318,0.93029802959873,937.044982910156,920.759643554688,1149.74011230469,667.99951171875,1414.49865722656,,1298.88830566406,,,0.714285999714286
LSO,Lesotho,1967,,1344.63732910156,1423.85461425781,1172.17150878906,1377.1337890625,,1323.95703125,0.886617124080658,0.0897856652736664,0.0575232990086079,-0.223879635334015,0.141439259052277,0.0485142879188061,,,0.0404795072972775,,1.48294413089752,,,0.055117522171246,0.0587231628596783,0.0599252097308636,0.094328224433362,0.0510063841938973,0.0803287421219988,,0.101563505828381,0.0873318389058113,0.0942371636629105,0.951690464762339,1003.11059570313,1000.25183105469,1269.21325683594,740.846923828125,1524.44909667969,,1321.84729003906,,,0.714285999714286
LSO,Lesotho,1968,,1346.39685058594,1421.84997558594,1180.80651855469,1387.693359375,,1345.76281738281,0.88877809047699,0.0814628154039383,0.0543730892241001,-0.218040153384209,0.145536303520203,0.0478898361325264,,,0.0416412353515625,,1.49867427349091,,,0.0555812245030972,0.0588128603994846,0.0606239773333073,0.0940707530228795,0.051585741341114,0.092941795070996,,0.104352429509163,0.100263208150864,0.0984547808766365,0.973672309311349,996.769714355469,990.955688476563,1276.64416503906,740.052978515625,1529.12707519531,,1338.98767089844,,,0.714285999714286
LSO,Lesotho,1969,,1321.70227050781,1397.68310546875,1195.07104492188,1389.19934082031,,1363.95983886719,0.871256589889526,0.0801563709974289,0.0546939745545387,-0.205974370241165,0.147589772939682,0.0522776283323765,,,0.0424488633871079,,1.51457130908966,,,0.0579835797124998,0.0610145889222622,0.0628080368041992,0.0939600166643072,0.0540311709046364,0.0940055394931509,,0.11080152541399,0.101879321038723,0.108792096376419,0.996261496594199,982.977172851563,978.352111816406,1299.29541015625,749.72314453125,1532.41259765625,,1354.125,,,0.714285999714286
LUX,Luxembourg,1955,,3494.857421875,4756.60009765625,5544.34716796875,5014.58447265625,0.0013667336897924,17433.001953125,0.578366219997406,0.118572391569614,0.251614570617676,-0.618607819080353,0.217010900378227,0.453043699264526,1.09293246269226,1.03617382049561,0.0377012975513935,0.134501293301582,1.58724367618561,0.189967393875122,0.477970361709595,0.0893657195173238,0.0928182303905487,0.0955597832798958,0.109658719218551,0.105655141174793,0.103153520929268,1.27550625801086,0.050116341561079,0.0673852860927582,0.050956767052412,0.304918970791046,3761.2978515625,6194.39306640625,5401.90087890625,6709.4892578125,5317.669921875,0.0692059695720673,28052.126953125,0.949032604694367,1.03766989707947,1.23921978896705
LUX,Luxembourg,1956,,3634.4423828125,4976.5302734375,6179.7451171875,5534.048828125,0.0013845073990523,18480.322265625,0.555138766765595,0.101603269577026,0.24251464009285,-0.603158175945282,0.259809911251068,0.444091647863388,1.16889619827271,1.05494785308838,0.037934809923172,0.134100243449211,1.61751055717468,0.22160005569458,0.477970361709595,0.0912213610297975,0.094075620174408,0.0936239659786224,0.109670671825182,0.104547724127769,0.0924008694784302,1.35117614269257,0.0525744818150997,0.0611978359520435,0.0560783967375755,0.30675782561546,3925.00708007813,6474.0908203125,6028.7724609375,6996.21875,5858.14794921875,0.0733494162559509,29740.265625,0.956122100353241,1.04784631729126,1.23946762508088
LUX,Luxembourg,1957,,3767.630859375,5340.9931640625,6324.5576171875,5692.6455078125,0.0014404648682102,19812.81640625,0.559007167816162,0.102834649384022,0.276385098695755,-0.597464382648468,0.232270389795303,0.426967114210129,1.15331339836121,1.08934938907623,0.0382321551442146,0.133683547377586,1.64835453033447,0.20264108479023,0.477970361709595,0.0959077778253776,0.0986980646848679,0.0989328622817993,0.113866008442026,0.109914906322956,0.0994951181416134,1.32472085952759,0.0566091015934944,0.0663021802902222,0.0594551078975201,0.308596680439874,4078.36669921875,6943.537109375,6167.97021484375,7352.5048828125,6047.2255859375,0.0786839351058006,31829.94921875,0.967799723148346,1.08242988586426,1.23946762508088
LUX,Luxembourg,1958,,3941.86010742188,5498.7900390625,6142.78564453125,5647.08544921875,0.0014810219872742,21060.306640625,0.580889999866486,0.11714444309473,0.27570503950119,-0.57730895280838,0.190406113862991,0.413163334131241,1.11737883090973,1.08533835411072,0.0387181527912617,0.13325247168541,1.6797868013382,0.179676994681358,0.477970361709595,0.0965503610505105,0.0994176715612412,0.100293152034283,0.113635956386383,0.109096862375736,0.102509696256828,1.24019289016724,0.0559821948409081,0.0675317123532295,0.0556287914514542,0.310435535264289,4257.44677734375,7157.78662109375,5991.0771484375,7448.1240234375,5857.39892578125,0.0837367996573448,33804.51171875,0.949836552143097,1.08105933666229,1.23946762508088
LUX,Luxembourg,1959,,4022.22802734375,5486.50732421875,6178.6416015625,5713.38525390625,0.001480656908825,22084.001953125,0.596015930175781,0.107984937727451,0.256289213895798,-0.587054550647736,0.196910262107849,0.429854243993759,1.06664001941681,1.02206707000732,0.0389784686267376,0.133561745285988,1.71116244792938,0.160487666726112,0.477970361709595,0.0969538984477493,0.0995306819677353,0.102411575615406,0.113753053498397,0.11075122654438,0.110325121522329,1.15474784374237,0.056506834924221,0.0722625777125359,0.055300023406744,0.312274390088703,4338.43701171875,7141.40234375,6040.9365234375,7459.50830078125,5887.857421875,0.0879503935575485,35492.36328125,0.912290632724762,1.03436863422394,1.23946762508088
LUX,Luxembourg,1960,,4167.4248046875,5714.57470703125,7170.470703125,5692.31396484375,0.0014709584647789,23165.328125,0.618408977985382,0.113705359399319,0.271796256303787,-0.724844753742218,0.264913320541382,0.45602086186409,1.03785085678101,1.04288029670715,0.0388327687978745,0.133761838078499,1.73569929599762,0.22057731449604,0.477970361709595,0.0965154491997919,0.0978726968169212,0.09541105479002,0.10525434897441,0.120186999440193,0.0887803359717943,1.2332056760788,0.0498231537640095,0.0578141249716282,0.0628869161009789,0.314115242598867,4466.203125,7420.83984375,6994.7529296875,7778.10400390625,6427.74462890625,0.09228515625,37323.16015625,0.924827933311462,1.04498255252838,1.23946762508088
LUX,Luxembourg,1961,,4367.84619140625,6089.052734375,7103.51611328125,5763.69140625,0.0014997995458543,24518.630859375,0.641973674297333,0.115847311913967,0.298629224300385,-0.741059362888336,0.23076143860817,0.453847736120224,1.0093320608139,1.06819200515747,0.0386612825095654,0.135160803794861,1.76599407196045,0.200874149799347,0.477970361709595,0.0971118914389917,0.0981580838561058,0.0960019081830978,0.103955628391826,0.118318453431129,0.0905302445991161,1.15317070484161,0.052403025329113,0.0588046126067638,0.0626369491219521,0.316992595851026,4679.74755859375,7900.9150390625,6932.8544921875,8051.337890625,6425.11669921875,0.0976299419999123,39481.6171875,0.920674443244934,1.07000112533569,1.23946762508088
LUX,Luxembourg,1962,,4547.2724609375,6360.1796875,6892.501953125,6046.091796875,0.0015400175470858,25955.935546875,0.638503611087799,0.113597474992275,0.299847781658173,-0.651859164237976,0.181006342172623,0.418903917074204,0.992668509483337,1.0459052324295,0.0388901345431805,0.135563120245934,1.79681754112244,0.160881906747818,0.477970361709595,0.0993813546029492,0.101988650858402,0.103706248104572,0.116643646247338,0.118224382400513,0.108014427384802,1.0822411775589,0.0590467341244221,0.0693122074007988,0.0625955238938332,0.320899413220751,4865.33544921875,8271.3857421875,6741.982421875,8152.04052734375,6309.64697265625,0.103670068085194,41788.875,0.89039421081543,1.06994891166687,1.23946762508088
LUX,Luxembourg,1963,,4733.71044921875,6538.82958984375,7038.4306640625,6145.2822265625,0.0015498374123126,27292.546875,0.651396572589874,0.118903361260891,0.293740689754486,-0.664404571056366,0.173927545547485,0.426436424255371,0.968392431735992,1.03476858139038,0.0391769036650658,0.135062888264656,1.82817900180817,0.159627035260201,0.477970361709595,0.103088553469528,0.1075649112463,0.108290798962116,0.132088040359584,0.124029666185379,0.110194359221296,1.07863295078278,0.0594925470650196,0.0706298276782036,0.0627497956156731,0.324250963400699,5076.61181640625,8517.9853515625,6895.6259765625,8310.8388671875,6382.001953125,0.109298937022686,43956.01171875,0.879767119884491,1.06789493560791,1.23946762508088
LUX,Luxembourg,1964,,5092.15771484375,7077.2275390625,7606.78662109375,6676.18408203125,0.0015268946299329,28820.34375,0.653150796890259,0.109583973884583,0.297335982322693,-0.677302420139313,0.1746965944767,0.442535132169724,0.987054705619812,1.05477333068848,0.0394396670162678,0.137363955378532,1.86008787155151,0.15155802667141,0.477970361709595,0.107017979379979,0.110613524913788,0.114334650337696,0.132043990132647,0.130271896719933,0.123880179526227,1.15709006786346,0.0623110011219978,0.0792125687003136,0.0644342750310898,0.327902673318577,5455.17138671875,9221.2802734375,7466.7666015625,9059.1806640625,6913.45068359375,0.115938104689121,46429,0.912712097167969,1.10028433799744,1.23946762508088
LUX,Luxembourg,1965,,5256.49365234375,7144.36181640625,7763.41259765625,6851.81640625,0.001525076222606,30158.251953125,0.655493378639221,0.111674562096596,0.275528132915497,-0.672499120235443,0.184142634272575,0.445660471916199,0.962526142597199,1.00685715675354,0.0395968817174435,0.138564512133598,1.89255368709564,0.149737909436226,0.477970361709595,0.110706714844563,0.114093013107777,0.117319859564304,0.133969480009194,0.132928624749184,0.126304534149901,1.10398948192596,0.0649809986352921,0.0799865201115608,0.0669152960181236,0.331654416604962,5614.806640625,9298.8134765625,7624.375,9216.8095703125,7037.43896484375,0.121518045663834,48583.46484375,0.890503287315369,1.06402361392975,1.23946762508088
LUX,Luxembourg,1966,,5363.55419921875,7108.37744140625,7814.08740234375,7039.21923828125,0.0014961318811401,31157.498046875,0.644300818443298,0.11765218526125,0.247871682047844,-0.626037061214447,0.184960752725601,0.431251615285873,0.944676220417023,0.953937649726868,0.0394222736358643,0.13926275074482,1.92493796348572,0.140951693058014,0.477970361709595,0.11461198491532,0.117902457714081,0.122105814516544,0.135922129072859,0.135547071695328,0.135026859791131,1.08584916591644,0.067139282822609,0.0850444063544273,0.0677154287695885,0.334050536304902,5716.22119140625,9236.001953125,7670.47607421875,9326.7275390625,7139.990234375,0.125945851206779,50347.26953125,0.873330175876617,1.02424073219299,1.23946762508088
LUX,Luxembourg,1967,,5321.0068359375,6763.76220703125,7958.70849609375,7366.51123046875,0.0014250950189307,31656.669921875,0.602851510047913,0.11947238445282,0.195853307843208,-0.554709076881409,0.222514972090721,0.414016932249069,0.995168507099152,0.912041187286377,0.0387901552021503,0.13776496052742,1.95787620544434,0.160306826233864,0.477970361709595,0.117332253347327,0.120460100471973,0.120659835636616,0.136243037447206,0.130359724164009,0.121396480420629,1.10621798038483,0.0684711784124374,0.0767788216471672,0.068951815366745,0.335168047676475,5667.736328125,8763.7470703125,7802.31884765625,9399.7724609375,7394.3759765625,0.127772703766823,51346.05859375,0.875860393047333,0.967110693454742,1.23946762508088
LUX,Luxembourg,1968,,5605.67333984375,7000.34326171875,8460.2412109375,7825.35302734375,0.0013661549892276,32102.3984375,0.595699608325958,0.12064802646637,0.178224518895149,-0.561315715312958,0.238438323140144,0.428305208683014,1.03549134731293,0.920660078525543,0.0378520414233208,0.137262672185898,1.99137830734253,0.160443499684334,0.477970361709595,0.119619306595726,0.122855611145496,0.124735176563263,0.138834850169204,0.134855225682259,0.132289820608636,1.17252421379089,0.0695440247654915,0.0836135447025299,0.0703986212611198,0.336023444787976,5955.25537109375,9053.8212890625,8284.392578125,9890.8232421875,7802.48095703125,0.129435405135155,52264.015625,0.910388827323914,0.986950159072876,1.23946762508088
LUX,Luxembourg,1969,,5923.5888671875,7539.4462890625,9633.146484375,8939.59765625,0.0013338688295334,32886.69140625,0.552104473114014,0.110519178211689,0.180752798914909,-0.534218609333038,0.269387513399124,0.421454578638077,1.15543651580811,0.968464851379395,0.0370640568435192,0.139164790511131,2.02545356750488,0.178181678056717,0.477970361709595,0.122320940378255,0.125300496816635,0.12803053855896,0.140185044912678,0.137963354587555,0.138038668457486,1.33215177059174,0.0733261480927467,0.0880877375602722,0.0759085342288017,0.337657223752901,6312.013671875,9771.869140625,9444.1630859375,10954.5849609375,8875.7998046875,0.132586598396301,53687.45703125,0.980926275253296,1.03630328178406,1.23946762508088
MAR,Morocco,1955,,16073.177734375,17733.126953125,17673.521484375,16285.3818359375,0.0019508799305185,24552.81640625,0.864087522029877,0.122882157564163,0.101928822696209,-0.287148714065552,0.0356664583086968,0.16258379817009,0.597173869609833,0.649928689002991,0.0341251716017723,3.24665832519531,1.04084002971649,0.192277491092682,0.523455262184143,0.139133806098569,0.134487897157669,0.14195828139782,0.101818608751045,0.154058575630188,0.214293401346371,3.8628044128418,0.102312408387661,0.202694714069366,0.143707931041718,10.2531910137961,13520.705078125,16501.599609375,17991.205078125,17407.90234375,16740.0546875,0.0505478158593178,82971.5546875,0.575397729873657,0.510611772537231,3.50033870473532
MAR,Morocco,1956,,15933.3125,17359.52734375,17899.033203125,16592.072265625,0.0018500641454011,24515.966796875,0.828376889228821,0.131919875741005,0.0859575942158699,-0.240643218159676,0.0455369018018246,0.148851990699768,0.604771614074707,0.635038554668427,0.0334405265748501,3.32589030265808,1.04188394546509,0.205343380570412,0.523455262184143,0.149425292564991,0.143710449337959,0.149434849619865,0.107824669046521,0.161205872893333,0.213386547150003,4.26729726791382,0.109097272157669,0.205627202987671,0.159700304269791,10.5449833062287,13461.3212890625,16091.861328125,18322.916015625,17745.625,17145.583984375,0.0505269430577755,83271.2109375,0.581270694732666,0.493442416191101,3.50033870473532
MAR,Morocco,1957,,15959.06640625,16924.951171875,17635.77734375,16405.728515625,0.0017416321206837,24105.1875,0.825926303863525,0.146847665309906,0.0588748268783093,-0.235411033034325,0.0495391301810741,0.154223039746284,0.600104629993439,0.623262465000153,0.0326110385358334,3.4076874256134,1.04292893409729,0.188600361347199,0.523455262184143,0.151569403087553,0.144940629601479,0.149666011333466,0.10765793691342,0.160887509584427,0.227742211725763,4.21916198730469,0.11155678331852,0.222862541675568,0.160651758313179,10.8472442685114,13472.30078125,15466.0869140625,18087.728515625,17071.314453125,17014.88671875,0.0497891791164875,82488.8359375,0.559775292873383,0.474755764007568,3.61634984454729
MAR,Morocco,1958,,16637.62109375,18421.404296875,18947.302734375,17689.974609375,0.0016903607174754,24463.076171875,0.789763569831848,0.150747701525688,0.10083582252264,-0.219163417816162,0.0443579852581024,0.133458375930786,0.645109236240387,0.670116901397705,0.0320157557725906,3.49189567565918,1.0439749956131,0.187170475721359,0.523455262184143,0.134406640849504,0.127895966172218,0.137280583381653,0.0937867386064534,0.147037878632545,0.224812164542179,4.18793296813965,0.104960210621357,0.218112915754318,0.154072776436806,11.1596573827737,13953.9638671875,17184.80859375,19377.34375,19035.279296875,18099.65234375,0.050555732101202,83878.6171875,0.617054402828217,0.521497189998627,4.1974066631956
MAR,Morocco,1959,,17341.408203125,18400.96484375,19500.388671875,18615.978515625,0.0015660509234294,24196.3125,0.784095406532288,0.147438108921051,0.0569165609776974,-0.176002755761147,0.053153321146965,0.134399399161339,0.670494735240936,0.661316156387329,0.0315360799431801,3.57859420776367,1.04502213001251,0.192506387829781,0.523455262184143,0.115563718546495,0.110011845827103,0.114725150167942,0.0804862417834005,0.120175532996655,0.191866238046356,3.52374196052551,0.0939624086022377,0.186006143689156,0.125933304429054,11.4825246560382,14572.6123046875,16737.296875,19974.23046875,19538.75390625,19010.783203125,0.0501045547425747,83478.4375,0.623344004154205,0.49987256526947,4.87147175930431
MAR,Morocco,1960,,17956.46875,19381.642578125,20501.24609375,18608.39453125,0.0015023733722046,24279.482421875,0.805203914642334,0.1597620844841,0.0765877142548561,-0.246815904974937,0.0547121651470661,0.150550007820129,0.664929509162903,0.693205296993256,0.0310010407119989,3.66730189323425,1.04607033729553,0.198443427681923,0.523455262184143,0.114943179071415,0.109613709151745,0.116246789693832,0.0827530650664268,0.128071442246437,0.19982025495168,3.83955955505371,0.0849612504243851,0.192832171916962,0.13920222222805,11.8144739062479,14947.2734375,17707.591796875,20885.21484375,19976.98828125,19415.408203125,0.0503830015659332,84109.6953125,0.630291700363159,0.523014962673187,5.06049000406049
MAR,Morocco,1961,,23945.04296875,25278.806640625,25667.39453125,23983.1796875,0.0014372185105457,24373.16015625,0.636267840862274,0.362142026424408,0.0556124821305275,-0.187163963913918,0.0428546965122223,0.0902869179844856,0.915971398353577,0.967159271240234,0.0306362081319094,3.25395011901855,1.04996526241303,0.196523308753967,0.523455262184143,0.118158536633763,0.0863324254751205,0.0923387557268143,0.0304153281692352,0.0988232344388962,0.200170348445396,3.81790542602539,0.0943608358502388,0.193043425679207,0.165273368358612,12.1120442369387,17655.275390625,20362.705078125,26096.865234375,24020.734375,24859.5546875,0.0505324974656105,84536.46875,0.807312309741974,0.640669167041779,5.06049000406049
MAR,Morocco,1962,,26987.02734375,28818.126953125,29107.248046875,27880.51953125,0.0014079500688239,24950.41796875,0.637146830558777,0.330806046724319,0.0656766444444656,-0.144137129187584,0.0369832627475262,0.0735244080424309,0.94439047574997,0.977709352970123,0.0305692255496979,3.82000374794006,1.05387485027313,0.231034517288208,0.523455262184143,0.117849510122906,0.0884082242846489,0.0956578701734543,0.0317030172440195,0.0998667702078819,0.202504410292933,4.20931196212769,0.105400837957859,0.192456603050232,0.169885739684105,12.4166078894015,20297.7265625,23966.50390625,29561.931640625,27646.919921875,28430.87890625,0.0516554303467274,86277.3359375,0.839352250099182,0.681153893470764,5.06049000406049
MAR,Morocco,1963,,31158.6484375,33309.1015625,34001.79296875,32690.40625,0.0013990112347528,25834.15625,0.585087239742279,0.368056297302246,0.0657824203372002,-0.126826450228691,0.0390315651893616,0.0688689425587654,1.06895589828491,1.09379518032074,0.0309807043522596,3.88833618164063,1.05779886245728,0.253042697906494,0.523455262184143,0.118430930600439,0.0837656930088997,0.0914492756128311,0.028659487664711,0.0951177850365639,0.202779235144748,4.45001792907715,0.106587111949921,0.191152036190033,0.170515432953835,12.7292486425906,22442.53125,26726.681640625,34535.80859375,32042.296875,33275.4921875,0.053301252424717,88735.0546875,0.950580298900604,0.74225515127182,5.06049000406049
MAR,Morocco,1964,,32562.423828125,34532.87890625,36396.85546875,34873.34375,0.0013408482773229,26409.806640625,0.563761293888092,0.369972676038742,0.0565032288432121,-0.121298462152481,0.0588989742100239,0.0721622928977013,1.1139223575592,1.11192846298218,0.0313177704811096,3.86721396446228,1.06173753738403,0.261935263872147,0.523455262184143,0.118685258502321,0.0831154510378838,0.0899696350097656,0.0289144797609307,0.093900129199028,0.203237194174315,4.52882862091064,0.108054757118225,0.190912440419197,0.171628594398499,13.0498467820108,23251.201171875,27239.685546875,36933.3671875,33690.5625,35414.24609375,0.0544683486223221,90601.3828125,0.98759263753891,0.747506141662598,5.06049000406049
MAR,Morocco,1965,,31866.462890625,33948.51171875,36065.1796875,34593.01953125,0.0013179435627535,27110.34765625,0.60029548406601,0.320886373519897,0.060186967253685,-0.11683165282011,0.0646188259124756,0.0708440318703651,1.06115520000458,1.04474186897278,0.031435139477253,3.92586874961853,1.06569075584412,0.270503103733063,0.523455262184143,0.118445629349779,0.0885133296251297,0.0956676602363586,0.0325177244068914,0.0997389480471611,0.205167166526354,4.41771030426025,0.111463464796543,0.190327182412148,0.175471901893616,13.3766718890469,23836.013671875,28069.380859375,36375.10546875,33580.6796875,34854.62109375,0.0557929091155529,92718.578125,0.958476603031158,0.750011503696442,5.06049000406049
MAR,Morocco,1966,,31661.46875,33641.046875,35122.32421875,33723.46875,0.001279356656596,27625.041015625,0.609973847866058,0.328881829977036,0.0587003491818905,-0.124554589390755,0.0564909353852272,0.0705076456069946,0.99828165769577,0.995820879936218,0.0314630083739758,3.95897936820984,1.06830418109894,0.257433533668518,0.523455262184143,0.118712556777231,0.088910236954689,0.0958471372723579,0.033636167221018,0.0998228937387466,0.206796152861459,4.08981847763062,0.113462269306183,0.190402925014496,0.180167257785797,13.7080724478194,23568.173828125,27642.08203125,35190.28125,32349.974609375,33656.6875,0.0568832382559776,94526.0234375,0.907569229602814,0.725971579551697,5.06049000406049
MAR,Morocco,1967,,32785.55859375,35539.60546875,36366.4296875,35021.5625,0.0012878919951617,28885.66796875,0.613179862499237,0.322973698377609,0.0786385610699654,-0.126766189932823,0.0488028079271317,0.0631712526082993,1.00703644752502,1.0200320482254,0.031705267727375,4.04227304458618,1.07092392444611,0.262155473232269,0.523455262184143,0.117712967746918,0.088911235332489,0.0980473011732101,0.0342298843916139,0.101812414824963,0.206807580558516,4.14901113510132,0.11645719408989,0.189289957284927,0.191683769226074,14.0462994536128,24494.53515625,29965.796875,36243.96484375,33822.421875,34669.42578125,0.0593296326696873,98266.671875,0.92436945438385,0.766672313213348,5.06049000406049
MAR,Morocco,1968,,35661.10546875,38304.29296875,38996.484375,37628.7890625,0.0013010556576773,30026.048828125,0.605997443199158,0.341710537672043,0.0702437162399292,-0.122379884123802,0.0427220799028873,0.0617060735821724,1.02912437915802,1.04119575023651,0.0322424322366715,4.11695909500122,1.07355010509491,0.18676920235157,0.523455262184143,0.119161193186734,0.0881838425993919,0.102931216359138,0.0332478939813976,0.10667247325182,0.301898453310718,4.27499198913574,0.119516901671886,0.273323774337769,0.193865090608597,14.3952817185027,26189.900390625,31433.154296875,38676.96875,36064.06640625,36999.2890625,0.0615689754486084,101551.6953125,0.958818435668945,0.782334923744202,5.06049000406049
MAR,Morocco,1969,,39104.6484375,42010.90625,43453.59375,42054.69921875,0.0013003853382542,31244.533203125,0.587120831012726,0.342731237411499,0.0691065713763237,-0.107518143951893,0.0512258745729923,0.0573336146771908,1.11746799945831,1.10942709445953,0.0326963998377323,4.19030141830444,1.07618272304535,0.28852978348732,0.523455262184143,0.120378252770904,0.0878690034151077,0.0960538312792778,0.0321785550383766,0.0992489382624626,0.206183450956477,4.22145318984985,0.123923294246197,0.187414050102234,0.201191231608391,14.7565492300173,28615.544921875,34340.3984375,43066.14453125,39690.25,41250.59765625,0.0639378055930138,105224.5390625,1.02524495124817,0.830409228801727,5.06049000406049
MDG,Madagascar,1960,,10259.9189453125,10793.025390625,9087.3076171875,8587.181640625,,12686.5048828125,0.875999510288239,0.318795144557953,0.062081653624773,-0.227538049221039,-0.127007976174355,0.097669705748558,,,0.0401042550802231,2.69492721557617,1.22185003757477,,,0.0670839996289413,0.0667614415287972,0.0678671151399612,0.0658750941241099,0.0718197524547577,0.0891464238726608,,0.0512087382376194,0.104284517467022,0.0746680945158005,5.40585021253749,15799.9140625,14603.9365234375,9764.720703125,14477.15234375,9511.7294921875,,44536.2421875,,,49.3705973244897
MDG,Madagascar,1961,,10681.349609375,11144.2978515625,9487.04296875,9048.3427734375,,12545.984375,0.820853233337402,0.359622567892075,0.0511638708412647,-0.256650149822235,-0.132374957203865,0.157385408878326,,,0.038924302905798,2.74105000495911,1.22187173366547,,,0.0688990234380734,0.066856324672699,0.0677923262119293,0.0621937795212239,0.0710791721940041,0.0893882101719605,,0.0525058768689632,0.104677803814411,0.0665131136775017,5.51273987833712,16372.1044921875,14975.6982421875,10164.2451171875,15379.4541015625,9945.2861328125,,44166.88671875,,,49.3705973244897
MDG,Madagascar,1962,,11417.28515625,11809.890625,9965.177734375,9668.8125,,12338.6220703125,0.789889097213745,0.390947252511978,0.0406053364276886,-0.215859532356262,-0.145321324467659,0.139739185571671,,,0.0377752780914307,2.78924489021301,1.22189331054688,,,0.0697970639558178,0.0676319301128388,0.0685864686965942,0.063257384720152,0.0706887617707253,0.0963452981514758,,0.0582276433706284,0.112120322883129,0.069815531373024,5.6243859955448,17425.5390625,15766.080078125,10660.708984375,15517.4228515625,10408.4990234375,,43669.37890625,,,49.3705973244897
MDG,Madagascar,1963,,11552.6220703125,12073.677734375,10040.0869140625,9710.9365234375,,12297.7529296875,0.805151104927063,0.384499549865723,0.0536566190421581,-0.226066887378693,-0.138054892420769,0.120814472436905,,,0.0367933660745621,2.83940815925598,1.22191488742828,,,0.0713585931568609,0.0687038898468018,0.070049986243248,0.0631448701793643,0.0724243149161339,0.0998950413793754,,0.0580491274595261,0.116344518959522,0.0699599757790566,5.74058918349844,17656.419921875,16209.7265625,10745.44140625,14659.353515625,10406.4443359375,,43619.53515625,,,49.3705973244897
MDG,Madagascar,1964,,11606.0703125,12172.8271484375,10215.70703125,9895.6064453125,,12321.236328125,0.807719588279724,0.365131229162216,0.0572735778987408,-0.226323246955872,-0.133021920919418,0.129220739006996,,,0.0360990054905415,2.89157891273499,1.22193658351898,,,0.0733611355831262,0.0714701041579247,0.0728700160980225,0.0672868867379123,0.0752271860837936,0.101537373539414,,0.0604652650654316,0.118093982338905,0.071811780333519,5.86147875748595,17760.865234375,16388.703125,10931.919921875,15489.4423828125,10578.4462890625,,43741.9765625,,,49.3705973244897
MDG,Madagascar,1965,,11570.669921875,12077.21875,10085.1484375,9881.9423828125,,12314.916015625,0.801794409751892,0.369095802307129,0.0512600615620613,-0.220759481191635,-0.137125074863434,0.135734274983406,,,0.0355193354189396,2.94521617889404,1.22195816040039,,,0.0775935955856544,0.0747807398438454,0.0761950016021729,0.06867031502369,0.0777618363499641,0.10849974202041,,0.0633025094866753,0.124998204410076,0.0683527737855911,5.98599104048459,17597.736328125,16143.775390625,10721.1767578125,15502.546875,10461.4140625,,43719.0546875,,,49.3705973244897
MDG,Madagascar,1966,,11909.927734375,12429.23828125,10665.1015625,10488.66015625,,12319.2001953125,0.774954855442047,0.360550284385681,0.0495116375386715,-0.17142342031002,-0.113383755087852,0.0997903570532799,,,0.0349045470356941,3.00034022331238,1.2219797372818,,,0.0795719673324468,0.0762894675135613,0.0793706327676773,0.0692341678116574,0.0807058215141296,0.150034418850376,,0.0788641571998596,0.171626418828964,0.0933975875377655,6.11418763359515,17990.095703125,16516.0078125,11250.3291015625,15962.927734375,10970.62109375,,43776.85546875,,,49.3705973244897
MDG,Madagascar,1967,,12148.7900390625,12730.888671875,11205.728515625,11082.7216796875,,12405.884765625,0.732360363006592,0.363831579685211,0.0525230802595615,-0.15335601568222,-0.0907751396298409,0.0954161360859871,,,0.0343997776508331,3.05732870101929,1.2220014333725,,,0.0818757855456151,0.0774066224694252,0.0809270441532135,0.0684105931393194,0.0818252339959145,0.154400551739185,,0.085468977689743,0.176437258720398,0.0984950512647629,6.24688157730053,18224.42578125,16872.400390625,11750.5693359375,17846.4140625,11487.3408203125,,44045.08203125,,,49.3705973244897
MDG,Madagascar,1968,,13279.1103515625,13988.2275390625,12237.3173828125,12086.130859375,,12628.2978515625,0.728116571903229,0.370589911937714,0.0586719736456871,-0.167250230908394,-0.0881782546639442,0.098050057888031,,,0.0341957695782185,3.11593747138977,1.22202301025391,,,0.0811695210957841,0.0767775475978851,0.0806048214435577,0.0681484219178012,0.08161311596632,0.152275348853594,,0.0841218233108521,0.172826632857323,0.0977941825985909,6.38358570564335,19806.685546875,18536.357421875,12760.4990234375,18829.220703125,12431.513671875,,44707.1484375,,,49.3705973244897
MDG,Madagascar,1969,,13694.6298828125,14459.1103515625,12706.564453125,12569.826171875,,12904.61328125,0.722119688987732,0.36736473441124,0.0608186684548855,-0.170622155070305,-0.0689349249005318,0.0892539694905281,,,0.0342125073075295,3.17614459991455,1.22204458713532,,,0.0803804298154097,0.0756674855947495,0.0796577259898186,0.0664033616590536,0.0805242583155632,0.151137485302874,,0.0852241814136505,0.17201355099678,0.100676812231541,6.52430472099774,20448.53515625,19205.283203125,13248.1298828125,19448.244140625,12899.4765625,,45497.328125,,,51.9419779129082
MEX,Mexico,1955,1815.4,190141.53125,226780,213818.34375,214043.453125,0.0337158627808094,468861.0625,0.856429219245911,0.0319022387266159,0.171173021197319,-0.0622463040053844,-0.0409616604447365,0.0437034703791142,1.17194747924805,1.24104773998261,0.0338416248559952,8.24021339416504,1.53378331661224,0.416481226682663,0.395217776298523,0.0446059889716586,0.0448829047381878,0.0450687929987907,0.0523168187436371,0.0450213961303234,0.0460334954248242,1.08951044082642,0.0619488805532455,0.0269462373107672,0.0679818764328957,31.7068110276686,216515.46875,257188.609375,213215.328125,228525.203125,219004,0.0464994162321091,579527.6875,1.48904526233673,1.62155306339264,0.0125000000125
MEX,Mexico,1956,1815.06,197340.078125,243424.203125,226599.703125,227145.953125,0.0353920385241509,510189.96875,0.836270451545715,0.0325105004012585,0.202883288264275,-0.066391721367836,-0.0481523126363754,0.0428797788918018,1.17380261421204,1.26248097419739,0.0341059379279614,8.36039924621582,1.54237365722656,0.406379580497742,0.395217776298523,0.0484343003314654,0.0487173274159431,0.0487166009843349,0.0559976246855436,0.0485994480550289,0.048713494047396,1.16838049888611,0.0650421306490898,0.0289552118629217,0.0711300596594811,32.6850473502177,226756.765625,277562.90625,227162.125,246876.265625,233822.203125,0.050774484872818,631771.375,1.51335144042969,1.64637017250061,0.0125000000125
MEX,Mexico,1957,1814.72,213864.515625,263757.375,242515.484375,243394.546875,0.0370049215853214,552059.9375,0.845150351524353,0.0335238464176655,0.204987540841103,-0.0655781775712967,-0.0551063530147076,0.037022776901722,1.19334447383881,1.30188250541687,0.0343124940991402,8.48048210144043,1.55101203918457,0.408035933971405,0.395217776298523,0.0526219920984458,0.0528987497091293,0.0525502227246761,0.0598759560235454,0.0523604340851307,0.0510562672155943,1.21678757667542,0.0670737773180008,0.0307399593293667,0.0728668123483658,33.7149812830332,246787.515625,301339.40625,243618.203125,266786.0625,251451.03125,0.0552820451557636,686973,1.54137945175171,1.68464338779449,0.0125000000125
MEX,Mexico,1958,1814.39,228075.703125,274042.40625,254717.328125,256313.921875,0.0377849601209164,589373.4375,0.855538547039032,0.0342910513281822,0.179337531328201,-0.0559997409582138,-0.0488317050039768,0.0356643088161945,1.21559703350067,1.29645442962646,0.0343532562255859,8.6017484664917,1.55969893932343,0.40052655339241,0.395217776298523,0.0558059101555611,0.0560835190117359,0.0558868497610092,0.0630096590676557,0.0555387251079083,0.0549110311018546,1.30126917362213,0.072920523583889,0.0327230952680111,0.0723952203989029,34.7995512338036,262466.28125,313142.71875,255772.34375,278705.03125,264326.34375,0.0589974969625473,733574.9375,1.53617966175079,1.67011034488678,0.0125000000125
MEX,Mexico,1959,1814.05,231974.015625,277622.84375,261654.171875,262821.25,0.0380350463092327,626663.3125,0.848830819129944,0.0337995029985905,0.173687741160393,-0.0530304424464703,-0.0410596020519733,0.0377719402313232,1.18534338474274,1.24938869476318,0.0342496819794178,8.72589778900147,1.56843435764313,0.390179306268692,0.395217776298523,0.0583449810155972,0.0586211495101452,0.0584091581404209,0.065556798684761,0.0581497922539711,0.0573318721916291,1.25784766674042,0.0712348148226738,0.0338520556688309,0.0692672356963158,35.9419894509859,267350.375,318012.09375,263421.34375,284479.6875,271421.15625,0.0625381022691727,778208.5,1.5019474029541,1.62462329864502,0.0125000000125
MEX,Mexico,1960,1813.71,250795.609375,301497.9375,282128.34375,282996.25,0.0388969257473946,669954,0.848080456256867,0.0381348729133606,0.179162561893463,-0.0583582483232021,-0.0446296371519566,0.0376100577414036,1.22200572490692,1.30311048030853,0.0340899527072907,8.85681915283203,1.57721865177155,0.346608906984329,0.395217776298523,0.0597958798627899,0.060218021273613,0.0616266056895256,0.0696060455949511,0.0614375993609428,0.0685940613911488,1.37307119369507,0.0688082650303841,0.040090698748827,0.0675205662846565,37.1456016432295,286922.9375,343858.875,282432.6875,309941.28125,292304.21875,0.0666643679141998,830701.125,1.56177377700806,1.6765810251236,0.0125000000125
MEX,Mexico,1961,1806.5,253373.234375,306078.40625,289558.25,290303.59375,0.039366077631712,705242.4375,0.832089245319367,0.0406978949904442,0.181551888585091,-0.0541144423186779,-0.0384387485682964,0.0382142029702663,1.20033514499664,1.26779448986053,0.0339193493127823,9.10601902008057,1.59282803535461,0.361253261566162,0.395217776298523,0.0642017008371573,0.0644652619957924,0.0651625096797943,0.0698539479618097,0.064995214343071,0.068514448780668,1.40828037261963,0.0714889168739319,0.0396532453596592,0.0695749148726463,38.3566112768284,290700.375,350148.84375,290607.78125,318761.5,300460.59375,0.0709370002150536,884701.9375,1.52657723426819,1.62259900569916,0.0125000000125
MEX,Mexico,1962,1799.31,263731.28125,315415.59375,300825.6875,301160.28125,0.039458941668272,752071.9375,0.830281436443329,0.0454359464347363,0.171617314219475,-0.0471166782081127,-0.0335080549120903,0.0332900397479534,1.17949986457825,1.2373046875,0.0337558388710022,9.35822868347168,1.60859179496765,0.359192609786987,0.395217776298523,0.0666375524686617,0.0668657943606377,0.0674227252602577,0.0710366363722107,0.0673478245735169,0.0702645975560675,1.38850557804108,0.0809055641293526,0.0403773114085197,0.0841800644993782,39.5941290207857,302498.8125,361313.09375,302357.96875,331232.71875,312075.5,0.0749382972717285,935840.625,1.51453197002411,1.59858071804047,0.0125000000125
MEX,Mexico,1963,1792.16,284393.59375,344678.9375,328597.375,328824.8125,0.0402943752706051,808238.5,0.817853629589081,0.047025091946125,0.183335736393929,-0.0465076826512814,-0.0364649929106236,0.0347581952810288,1.20884191989899,1.27248597145081,0.033596221357584,9.62547969818115,1.62451148033142,0.347393572330475,0.395217776298523,0.0670814194914703,0.0673937723040581,0.0687331110239029,0.072826179936865,0.0686855763196945,0.0750514177532021,1.42423593997955,0.0810623466968536,0.0432630144059658,0.0838125050067902,40.8581475290821,327136.90625,396216.1875,331133.84375,363111.71875,340855.6875,0.0800529196858406,1000840.375,1.57399904727936,1.66188895702362,0.0125000000125
MEX,Mexico,1964,1785.03,319238.625,391335.59375,370943.375,371758.15625,0.0406078472733498,868993,0.811616480350494,0.0471101850271225,0.193935170769691,-0.0471065491437912,-0.0338574424386025,0.0283021684736013,1.26045405864716,1.33751511573792,0.0335588455200195,9.90282726287842,1.64058887958527,0.382355242967606,0.395217776298523,0.0710652822358593,0.0712709128856659,0.0721950531005859,0.0748134671226368,0.0720368102192879,0.0762870759441292,1.55205130577087,0.0843613371253014,0.0436150431632996,0.086664691567421,42.1486741477367,368403.53125,451597,375011.15625,412760.96875,386499.28125,0.0867771506309509,1084370.25,1.68111145496368,1.77973175048828,0.0125000000125
MEX,Mexico,1965,1777.93,330260.625,410657.90625,390653,390814.8125,0.0420044437050819,947811.625,0.797748506069183,0.0473080389201641,0.20571705698967,-0.0459145046770573,-0.0322177186608315,0.0273585729300976,1.23700404167175,1.30400097370148,0.0337292551994324,10.2033271789551,1.65682518482208,0.36198952794075,0.395217776298523,0.073233944598421,0.0733733102679253,0.074653871357441,0.0757234022060642,0.0746229663491249,0.0799142224794981,1.48690903186798,0.0869166627526283,0.045788262039423,0.09406778216362,43.4656941847112,380755.28125,474865.5,395358.09375,435792.21875,407046.28125,0.0946236476302147,1179670.5,1.66074812412262,1.75105810165405,0.0125000000125
MEX,Mexico,1966,1770.86,347903.8125,434146.09375,414869.5625,414961.71875,0.0434607490897179,1023726.75,0.788536131381989,0.0498636066913605,0.207831889390945,-0.0446840226650238,-0.0291880518198013,0.0276403948664665,1.21509921550751,1.27124834060669,0.0339113213121891,10.5249328613281,1.6732223033905,0.380620390176773,0.395217776298523,0.0780698269192799,0.0780646726489067,0.0783823803067207,0.0779831534239073,0.0783649682998657,0.0796640049409676,1.47591507434845,0.0865675210952759,0.0450492613017559,0.0909665077924728,44.8092957922363,400584.15625,502412.125,420088.84375,462774.125,431770.03125,0.102893844246864,1281582.75,1.65216159820557,1.73559832572937,0.0125000000125
MEX,Mexico,1967,1763.81,369399.125,459280.46875,436355.25,437435.25,0.0446704626083374,1106801.875,0.79304051399231,0.0514252670109272,0.205473467707634,-0.0407124571502209,-0.0322460420429707,0.0230192020535469,1.21573114395142,1.27407038211823,0.0339885726571083,10.8569936752319,1.68978178501129,0.349656790494919,0.395217776298523,0.0801547689415065,0.0800914168357849,0.0813421607017517,0.0791144069817874,0.0811413303017616,0.0864825357976675,1.5111882686615,0.0980338454246521,0.0490699969232082,0.101858079433441,46.2128813197088,425406.25,531498.625,441913.4375,489038.375,455300.6875,0.111274875700474,1385075,1.64105045795441,1.72578525543213,0.0125000000125
MEX,Mexico,1968,1756.8,394634.75,498276.65625,472542.65625,474709.3125,0.0464766398072243,1215492.875,0.77837610244751,0.0529426150023937,0.21832711994648,-0.038401834666729,-0.0327248722314835,0.0214808955788612,1.22528076171875,1.27824914455414,0.0341161079704762,11.193302154541,1.70650506019592,0.381606131792069,0.395217776298523,0.0839532822516432,0.0837979018688202,0.0829562321305275,0.0815134611654905,0.082577608525753,0.0797514196421797,1.48323249816895,0.10763294249773,0.0458821356296539,0.108868271112442,47.6795471142305,453932.125,576656.375,478504.71875,533368.5625,493617.59375,0.121443890035152,1508512.125,1.67338061332703,1.75061249732971,0.0125000000125
MEX,Mexico,1969,1749.81,418542.625,514787.4375,491127.125,493515.03125,0.0478481985628605,1299441.75,0.793568730354309,0.0545161180198193,0.195018991827965,-0.0349093340337276,-0.0291904415935278,0.0209959242492914,1.21059894561768,1.25499987602234,0.03415921702981,11.538106918335,1.71987664699554,0.318926095962524,0.395217776298523,0.0866992654964156,0.0865688398480415,0.088398851454258,0.0846703358461178,0.0879711285233498,0.0963570720818571,1.51448142528534,0.120607703924179,0.0558067969977856,0.120985344052315,49.2125364432873,484225.40625,597282.8125,499027.03125,552843.5625,515070.6875,0.129638090729713,1611524.25,1.6449658870697,1.71965086460114,0.0125000000125
MLI,Mali,1960,,3453.63720703125,3571.7392578125,3240.5615234375,3862.52197265625,,703.934204101563,0.697214543819428,0.196925908327103,0.0305763836950064,-0.114220216870308,0.143451914191246,0.0460514426231384,,,0.0463374070823193,1.61684811115265,1.01748526096344,,,0.0394035744712283,0.0358587987720966,0.0383070968091488,0.0233085471430266,0.032138716429472,0.109902315101273,,0.0934617072343826,0.118547089397907,0.060374990105629,5.08668733392492,1444.28747558594,1450.86608886719,3445.28125,1561.24145507813,4133.61962890625,,791.987609863281,,,245.195098717111
MLI,Mali,1961,,3452.1640625,3572.43627929688,3219.5263671875,3863.03295898438,,790.068908691406,0.676744699478149,0.216896191239357,0.0311341732740402,-0.113575227558613,0.14353834092617,0.0452618673443794,,,0.0553315654397011,1.64547479152679,1.01796305179596,,,0.0409881665137255,0.0368044748902321,0.0394507460296154,0.023750807385284,0.0328790172934532,0.115406431527006,,0.098068080842495,0.119347602128983,0.0621860176324844,5.18900767549659,1429.21997070313,1439.96179199219,3417.56616210938,1533.41918945313,4115.85595703125,,854.094177246094,,,245.260101158475
MLI,Mali,1962,,3493.513671875,3629.7861328125,3203.9765625,3903.71997070313,,871.30126953125,0.645966410636902,0.248952746391296,0.0349083878099918,-0.10444899648428,0.134258762001991,0.0403627306222916,,,0.0612342245876789,1.67500269412994,1.01844096183777,,,0.0438091697498131,0.0386318750679493,0.0417009182274342,0.0251981693525361,0.0342260114848614,0.120379588511698,,0.112138174474239,0.120512001216412,0.0636459887027741,5.29468185348442,1420.53234863281,1452.46618652344,3397.03784179688,1503.45202636719,4105.36474609375,,922.532104492188,,,245.013900597112
MLI,Mali,1963,,3601.751953125,3762.43090820313,3392.32299804688,3831.83422851563,,961.537719726563,0.682530760765076,0.2574243247509,0.0419326797127724,-0.0765063464641571,0.0535252466797829,0.041093323379755,,,0.0648042559623718,1.70546805858612,1.01891911029816,,,0.0445919705929791,0.0393556244671345,0.0429503619670868,0.025472059550914,0.0380239598453045,0.123529344984946,,0.11683239787817,0.121889665722847,0.0670352503657341,5.40383182557628,1469.974609375,1526.08435058594,3599.91821289063,1601.83544921875,4027.49340820313,,1005.04516601563,,,245.016403038517
MLI,Mali,1964,,2992.06103515625,3216.50415039063,2846.69165039063,3092.93994140625,,1099.02197265625,0.698163211345673,0.269220888614655,0.0725662633776665,-0.0951814502477646,-0.0099754109978675,0.0652064681053162,,,0.06782316416502,1.73690485954285,1.01939749717712,,,0.0590840008517596,0.0518903210759163,0.0581605695188046,0.0332351420401699,0.0535300374031067,0.141749541439818,,0.123802185058594,0.13799275457859,0.0822555124759674,5.5165844061821,1220.45141601563,1367.52551269531,3022.34399414063,1352.05102539063,3249.55615234375,,1135.44274902344,,,245.027206261166
MLI,Mali,1965,,3216.46655273438,3402.5,3069.18920898438,3389.8046875,,1191.55041503906,0.687106251716614,0.261758595705032,0.0548802502453327,-0.105679340660572,0.0472644455730915,0.0546698272228241,,,0.0699570849537849,1.76934480667114,1.01987612247467,,,0.0594773256219417,0.0521182231605053,0.0569023080170155,0.0328008640944863,0.0515203587710857,0.139617835486862,,0.11982960999012,0.133603319525719,0.0847520679235458,5.63306910789075,1309.11022949219,1412.70642089844,3242.00219726563,1403.71630859375,3540.76879882813,,1221.5322265625,,,245.060897667394
MLI,Mali,1966,,3228.74609375,3459.83129882813,3147.27319335938,3411.00268554688,,1309.55627441406,0.657901108264923,0.288666933774948,0.0677470266819,-0.0838684514164925,0.0188111625611782,0.0507422164082527,,,0.0709544867277145,1.80282211303711,1.02123212814331,,,0.0644293720321084,0.0552491396665573,0.0614031776785851,0.0343264569408601,0.0566556490957737,0.147388046257453,,0.125673189759254,0.139838382601738,0.0758291408419609,5.7534251567353,1288.74096679688,1440.75158691406,3303.60717773438,1456.61437988281,3535.119140625,,1342.10107421875,,,245.678405601562
MLI,Mali,1967,,3347.89428710938,3587.96875,3282.51977539063,3557.78076171875,,1433.6767578125,0.65600049495697,0.285005867481232,0.0674787238240242,-0.10331766307354,0.0522307567298412,0.0426018014550209,,,0.0719922035932541,1.83737134933472,1.02259004116058,,,0.0783065963222606,0.0669793412089348,0.0738414824008942,0.0409072949040678,0.0681284591555595,0.16953562533214,,0.140688627958298,0.160028681159019,0.108860373497009,5.8777906994772,1334.48840332031,1492.67626953125,3428.12060546875,1433.4765625,3663.4560546875,,1459.59582519531,,,246.000900108188
MLI,Mali,1968,,3671.46923828125,3915.08349609375,3740.05981445313,3876.34765625,,1537.88720703125,0.618891537189484,0.328255027532578,0.0628463104367256,-0.0618489384651184,0.0309091787785292,0.0209468696266413,,,0.0719466581940651,1.87303185462952,1.0239497423172,,,0.0903054051036182,0.0728760808706284,0.0810821279883385,0.0400148693729069,0.0782313793897629,0.204754109107969,,0.143058180809021,0.193255767226219,0.132188364863396,6.00631629450102,1419.76318359375,1577.41735839844,3886.68798828125,1527.19421386719,3968.48803710938,,1572.70434570313,,,247.564697104238
MLI,Mali,1969,,3757.3046875,4007.13720703125,3844.31005859375,3983.1640625,,1642.87475585938,0.598058819770813,0.345237642526627,0.0627221018075943,-0.0692133754491806,0.0292937643826008,0.0339010208845139,,,0.071088932454586,1.90983879566193,1.02531123161316,,,0.08919303585129,0.0703146159648895,0.0784260109066963,0.0376113359122405,0.0756920576095581,0.200415609409471,,0.141144275665283,0.190748274326324,0.128191024065018,6.13915519837028,1437.56201171875,1598.65344238281,3992.74877929688,1542.5693359375,4071.7021484375,,1682.59448242188,,,259.960601637173
MLT,Malta,1955,,584.157775878906,686.579772949219,676.854187011719,300.352294921875,,1249.55419921875,1.6334536075592,0.311455011367798,0.341006219387054,-2.15440607070923,0.569482028484345,0.299009203910828,,,0.054943174123764,0.0925297439098358,1.57461249828339,0.214513912796974,0.633094072341919,0.164706884784052,0.16342405974865,0.157484546303749,0.156696179060267,0.35489684343338,0.12360889380668,,0.10720082372427,0.12319191545248,0.0794199258089066,0.337846382838284,614.288452148438,759.559143066406,689.976440429688,790.571105957031,449.561614990234,,1360.04516601563,,,0.831919398096904
MLT,Malta,1956,,661.478210449219,813.736694335938,752.917785644531,368.470001220703,,1320.90771484375,1.51497900485992,0.280223250389099,0.413218140602112,-2.0113308429718,0.54796713590622,0.254943311214447,,,0.0563502162694931,0.0917252898216248,1.59639275074005,0.194217547774315,0.633094072341919,0.166181482348452,0.164958164095879,0.16076397895813,0.158344515372127,0.328499048948288,0.142542590231763,,0.113115333020687,0.144152075052261,0.0822548121213913,0.337846382838284,700.76708984375,897.559509277344,770.449462890625,885.148559570313,545.244384765625,,1439.48474121094,,,0.831919398096904
MLT,Malta,1957,,659.642944335938,843.346069335938,776.308837890625,356.684478759766,,1414.02087402344,1.54675400257111,0.302619904279709,0.515029728412628,-2.15457940101624,0.536388993263245,0.253786772489548,,,0.0581041723489761,0.0909211412072182,1.61847412586212,0.21505431830883,0.633094072341919,0.176933870064667,0.175331220030785,0.165018767118454,0.167139698924347,0.359156429767609,0.127988737606145,,0.114077113568783,0.130572810769081,0.0871838182210922,0.337846382838284,700.361145019531,924.611145019531,794.710754394531,882.723510742188,529.029968261719,,1542.07897949219,,,0.831919398096904
MLT,Malta,1958,,693.506103515625,902.903442382813,836.128356933594,460.659362792969,0.0001053017622325,1530.9228515625,1.26378619670868,0.241677731275558,0.454559981822968,-1.68773782253265,0.526663482189179,0.201050385832787,0.334746450185776,0.654484450817108,0.061508271843195,0.0898361429572105,1.64086091518402,0.204099044203758,0.633094072341919,0.174890614614356,0.173235476016998,0.16396452486515,0.164580408283746,0.29760679602623,0.133259918637291,2.72810339927673,0.117697045207024,0.134008586406708,0.0902042239904404,0.336770438943894,733.452697753906,984.906921386719,855.145202636719,928.799743652344,606.414611816406,0.0177780278027058,1663.18762207031,0.528539061546326,0.535693407058716,0.831919398096904
MLT,Malta,1959,,704.457458496094,894.12548828125,855.318725585938,503.936676025391,0.0001059296700987,1621.72644042969,1.18421685695648,0.213691860437393,0.376372694969177,-1.46899008750916,0.519399404525757,0.17530931532383,0.35155862569809,0.622413992881775,0.063941054046154,0.0890341252088547,1.66355752944946,0.198953181505203,0.633094072341919,0.177654462055226,0.175706908106804,0.16704249382019,0.164914152488312,0.283516943454742,0.134861505071817,2.56151247024536,0.120420627295971,0.134661704301834,0.0956863984465599,0.336770438943894,746.322998046875,982.670471191406,877.073059082031,923.949584960938,645.640747070313,0.0188288018107414,1761.51879882813,0.509015560150147,0.517436146736145,0.831919398096904
MLT,Malta,1960,,753.7607421875,959.145751953125,912.366149902344,303.598052978516,0.0001085210533346,1721.30285644531,2.04876518249512,0.433993518352509,0.67650306224823,-3.00403785705566,0.530903697013855,0.313872337341309,0.206677407026291,0.65355658531189,0.0648907572031021,0.08794966340065,1.686567902565,0.198040053248405,0.633094072341919,0.177588204526665,0.177637919783592,0.169357925653458,0.177872634370208,0.508950650691986,0.138970462419767,2.65344309806824,0.108852177858353,0.137659579515457,0.0978007763624191,0.335694495049505,792.510498046875,1048.60876464844,932.167541503906,977.810302734375,493.142700195313,0.0200154222548008,1871.19860839844,0.529368281364441,0.542603850364685,0.831919398096904
MLT,Malta,1961,,771.345458984375,956.786804199219,934.752197265625,318.564392089844,0.0001089890356524,1799.2724609375,2.01157426834106,0.409743010997772,0.582115769386292,-2.81208872795105,0.512023270130158,0.296632528305054,0.210133641958237,0.632236659526825,0.0656148642301559,0.0887397974729538,1.71328008174896,0.203470230102539,0.633094072341919,0.181029628224384,0.180698648095131,0.171886503696442,0.179073709293648,0.504360496997833,0.135232333835667,2.62777805328369,0.106565341353416,0.133884578943253,0.0995770022273064,0.334618551155116,810.840148925781,1051.41076660156,955.206787109375,970.02587890625,471.137390136719,0.0209508910775185,1958.37390136719,0.510861873626709,0.529247283935547,0.831919398096904
MLT,Malta,1962,,778.1015625,963.640930175781,909.821472167969,478.082641601563,0.0001087326963897,1877.89685058594,1.35328722000122,0.27425891160965,0.38809061050415,-1.66677618026733,0.479261249303818,0.171878188848495,0.300074994564056,0.60580837726593,0.0658901482820511,0.089227706193924,1.73472225666046,0.180716127157211,0.633094072341919,0.179159124515959,0.178882405161858,0.171483129262924,0.17751697208367,0.326343208551407,0.14045258546076,2.3514997959137,0.116078577935696,0.137439519166946,0.103380739688873,0.332466663366337,817.009765625,1060.15734863281,930.998779296875,928.799743652344,570.078674316406,0.02185701392591,2044.07653808594,0.473131239414215,0.516173779964447,0.831919398096904
MLT,Malta,1963,,788.470336914063,984.540710449219,909.299987792969,257.670532226563,0.0001087306227418,1963.18371582031,2.53436779975891,0.525626480579376,0.760934412479401,-3.78410220146179,0.592019617557526,0.371153950691223,0.156094297766685,0.59894871711731,0.0659247562289238,0.089988149702549,1.75643265247345,0.16326978802681,0.633094072341919,0.176836392246609,0.176441878080368,0.170176178216934,0.17453968623596,0.600538969039917,0.144979478045743,2.19384551048279,0.117244049906731,0.141616657376289,0.103570386767387,0.331390719471947,829.281799316406,1083.44067382813,932.088256835938,927.053771972656,304.649261474609,0.0228407140821219,2136.384765625,0.460267722606659,0.514134526252747,0.831919398096904
MLT,Malta,1964,,804.218872070313,1049.98522949219,925.594421386719,480.653289794922,0.0001092793390853,2092.79052734375,1.39550960063934,0.277669221162796,0.511317253112793,-1.94539093971252,0.526530086994171,0.234364882111549,0.278791904449463,0.613923311233521,0.0679804161190987,0.0904620811343193,1.7784149646759,0.163319185376167,0.633094072341919,0.180187008491834,0.180491834878922,0.170576259493828,0.182023798248273,0.328478783369064,0.138129625375297,2.06280398368835,0.124627478420734,0.134065821766853,0.108168564736843,0.329238831683168,847.318481445313,1148.86291503906,950.732360839844,945.653930664063,546.539794921875,0.0245174467563629,2268.03393554688,0.450970232486725,0.523660659790039,0.831919398096904
MLT,Malta,1965,,839.118774414063,1079.96960449219,977.246765136719,824.460815429688,0.0001124822447309,2212.25708007813,0.846999883651733,0.170778930187225,0.292131304740906,-0.89833402633667,0.330604821443558,0.25781911611557,0.449613332748413,0.590851724147797,0.0721316933631897,0.0912123322486877,1.80067229270935,0.157404124736786,0.633094072341919,0.181522522642364,0.181519880890846,0.173256546258926,0.181506739979396,0.205363810062408,0.144467314386866,1.95569801330566,0.132318958640099,0.138179838657379,0.113977797329426,0.328162887788779,881.225952148438,1183.67504882813,1003.40789794922,1012.29467773438,904.870361328125,0.0261477660387754,2385.68432617188,0.46232345700264,0.516698896884918,0.831919398096904
MLT,Malta,1966,,889.975219726563,1159.64074707031,1082.07971191406,953.633422851563,0.0001136501596192,2340.16943359375,0.773987531661987,0.15925920009613,0.282776951789856,-0.83500999212265,0.341217368841171,0.277768909931183,0.489593982696533,0.595345616340637,0.0750944465398789,0.0919506996870041,1.82798039913178,0.165089279413223,0.633094072341919,0.18340937470779,0.182698056101799,0.174431294202805,0.179241085902299,0.197925701737404,0.147148565150043,1.98745787143707,0.13525578379631,0.139469087123871,0.11238607019186,0.327086943894389,931.053588867188,1266.44995117188,1109.63720703125,1120.25866699219,1028.18115234375,0.0278317797929049,2521.34106445313,0.491393595933914,0.530964195728302,0.831919398096904
MLT,Malta,1967,,968.95068359375,1291.26623535156,1157.70031738281,1061.93994140625,0.0001158509621745,2504.12231445313,0.751652479171753,0.16078208386898,0.30351585149765,-0.736866176128388,0.302141785621643,0.218774020671844,0.5261070728302,0.638530433177948,0.075877383351326,0.0930016487836838,1.8557026386261,0.164328888058662,0.633094072341919,0.183346048879852,0.183037653565407,0.174141496419907,0.181595903795998,0.189844697713852,0.147397767537652,2.00787949562073,0.142197474837303,0.13963794708252,0.116639874875546,0.327086943894389,1011.38842773438,1402.78356933594,1185.01940917969,1199.14587402344,1121.74914550781,0.0298079568892717,2697.39038085938,0.508138716220856,0.568155229091644,0.843473924814215
MLT,Malta,1968,,1076.95483398438,1469.36157226563,1265.53442382813,1218.1904296875,0.0001202922867378,2720.85791015625,0.739908933639526,0.14415217936039,0.322122633457184,-0.765700280666351,0.292389392852783,0.267127126455307,0.56707489490509,0.679815828800201,0.076162114739418,0.0937339067459106,1.88384544849396,0.168083429336548,0.633094072341919,0.163474535437813,0.164201498031616,0.155042707920074,0.16793287767817,0.161068320274353,0.129906543875986,1.74019193649292,0.131778612732887,0.122533455491066,0.104319505393505,0.326011,1120.81579589844,1588.0361328125,1293.83227539063,1319.38061523438,1270.60668945313,0.0324918329715729,2930.15795898438,0.534491002559662,0.614889085292816,0.970573024497244
MLT,Malta,1969,,1229.310546875,1668.41589355469,1396.18566894531,1313.94213867188,0.000126620841911,2964.11059570313,0.79525351524353,0.140336066484451,0.334189295768738,-0.809019505977631,0.287663519382477,0.251577109098434,0.57944267988205,0.731231331825256,0.0770752802491188,0.0947679355740547,1.91241490840912,0.16883510351181,0.633094072341919,0.169654635133855,0.171063438057899,0.161620885133743,0.179046837021066,0.171737194061279,0.135185685255192,1.80459630489349,0.138482958078384,0.12828004360199,0.115858353674412,0.326011,1283.55017089844,1806.50036621094,1429.12707519531,1404.1123046875,1353.22387695313,0.0355505049228668,3189.25317382813,0.541153073310852,0.665460705757141,0.970573024497244
MMR,Myanmar,1962,,15053.0634765625,15724.1650390625,15667.36328125,16393.01171875,,4682.2333984375,0.768192827701569,0.150068163871765,0.040938276797533,-0.159497484564781,0.0862082168459892,0.114089965820313,,,0.0435632206499577,8.9944658279419,1.15889418125153,,,0.10650353070342,0.103866770863533,0.111518546938896,0.0903693085640996,0.106582097709179,0.283150737607691,,0.153146848082542,0.211620911955833,0.130176827311516,22.6634214702875,20627.28515625,18851.025390625,16218.4482421875,18084.740234375,17335.509765625,,4938.474609375,,,4.7619000037619
MMR,Myanmar,1963,,17168.216796875,17832.3515625,17529.015625,18570.333984375,,5114.58203125,0.772299408912659,0.15219746530056,0.0357631631195545,-0.132414609193802,0.0724762380123138,0.0996783152222633,,,0.0483366250991821,9.17463207244873,1.15760338306427,,,0.109154604107253,0.10629940032959,0.113627500832081,0.091811183168953,0.107255920767784,0.303062812028477,,0.170952349901199,0.228646591305733,0.13049028813839,23.1608735298262,23566.826171875,21221.5078125,18177.359375,20422.4453125,19600.814453125,,5464.88427734375,,,4.7619000037619
MMR,Myanmar,1964,,16159.6650390625,16845.724609375,16325.615234375,17436.513671875,,5510.68994140625,0.772514641284943,0.154256895184517,0.0393461845815182,-0.135127112269402,0.0763101205229759,0.0926992297172546,,,0.0529588013887405,9.36057090759277,1.15631401538849,,,0.108482588655404,0.105415038764477,0.112149767577648,0.0900528427708107,0.105004586279392,0.270781476290539,,0.176785975694656,0.206767976284027,0.13517239689827,23.674804332538,22221.763671875,20196.3125,16960.56640625,19184.01953125,18414.333984375,,5954.458984375,,,4.7619000037619
MMR,Myanmar,1965,,17263.05078125,18432.154296875,17115.537109375,18822.927734375,,6349.12353515625,0.761866807937622,0.155262097716331,0.0621105693280697,-0.143205299973488,0.0874897912144661,0.0764760226011276,,,0.0564985759556294,9.55347442626953,1.15502619743347,,,0.109609423652044,0.106146350502968,0.118703052401543,0.0891531593416228,0.107935726642609,0.304116040098011,,0.201055526733398,0.232570171356201,0.144436866044998,24.2083036427679,23661.84375,22865.609375,17732.66796875,21118.189453125,19796.93359375,,6976.4111328125,,,4.7619000037619
MMR,Myanmar,1966,,18419.693359375,18603.8515625,18083.21484375,18931.49609375,,6161.81494140625,0.805124342441559,0.167841240763664,0.0097275590524077,-0.0836265832185745,0.0361850336194038,0.0647484511137009,,,0.0561635680496693,9.75287055969238,1.15640985965729,,,0.111296821870077,0.107363522052765,0.110682085156441,0.088495709344783,0.105722643435001,0.442610000015037,,0.194538876414299,0.331589043140411,0.145164340734482,24.7603415390675,25149.43359375,20380.66015625,18667.44921875,20211.40234375,19803.939453125,,6792.083984375,,,4.7619000037619
MMR,Myanmar,1967,,16917.677734375,17520.611328125,16577.515625,17400.173828125,,6455.41650390625,0.801603138446808,0.170667499303818,0.034650981426239,-0.0824961662292481,0.0288337804377079,0.0467407926917076,,,0.0550444386899471,9.95914268493652,1.15779519081116,,,0.124504017898538,0.119664162397385,0.129774004220963,0.0969319861788456,0.123638436198235,0.413445669000504,,0.218033358454704,0.312169194221497,0.158066466450691,25.3319479428853,23047.212890625,20428.0625,17074.275390625,19376.5078125,18139.8046875,,7115.01806640625,,,4.7619000037619
MMR,Myanmar,1968,,17642.578125,18677.283203125,17592.712890625,18335.53515625,,7160.6875,0.7911297082901,0.171077132225037,0.0564317293465138,-0.0673995316028595,0.0163478422909975,0.0324131064116955,,,0.0561927855014801,10.173056602478,1.15918231010437,,,0.132115332232835,0.126631274819374,0.139334857463837,0.101270780614642,0.133690029382706,0.355941161587999,,0.23494465649128,0.271250069141388,0.166839450597763,25.9251826971178,23964.708984375,22637.1953125,18069.8671875,21336.19140625,19048.36328125,,7904.421875,,,4.7619000037619
MMR,Myanmar,1969,,18664.548828125,19582.857421875,18496.740234375,19105.0859375,,7640.158203125,0.80034863948822,0.176592707633972,0.0480662100017071,-0.0718139037489891,0.0115135116502643,0.0352928899228573,,,0.0580497905611992,10.3965654373169,1.16057097911835,,,0.136724367838661,0.13057653605938,0.140668466687202,0.102713519051586,0.136189267039299,0.345785872995942,,0.210502654314041,0.267986208200455,0.15731355547905,26.5451954090066,25440.416015625,23465.728515625,19057.1796875,22038.892578125,19888.583984375,,8482.87890625,,,4.7619000037619
MOZ,Mozambique,1960,,4934.47119140625,5419.35009765625,5103.3076171875,4623.5654296875,,7164.3671875,0.999363601207733,0.0678801164031029,0.104871205985546,-0.262506723403931,0.0452620126307011,0.0451297946274281,,,0.0410815663635731,2.10952615737915,1.08072650432587,0.197807341814041,0.432852417230606,0.361458586127279,0.392168670892715,0.388554513454437,0.844297038985039,0.428870975971222,0.351774205423948,,0.210991188883781,0.505030274391174,0.208632200956345,6.62588084857463,3106.033203125,3732.98999023438,5049.78662109375,3369.31201171875,5308.37744140625,,9775.5888671875,,,0.02875000002875
MOZ,Mozambique,1961,,5005.48583984375,5489.5166015625,5179.41162109375,4725.4755859375,,7201.517578125,0.987936437129974,0.0713189765810967,0.102430075407028,-0.251675426959991,0.0431968718767166,0.0467930883169174,,,0.0417737327516079,2.14628767967224,1.08570635318756,0.202401414513588,0.432852417230606,0.36797559265262,0.399898797273636,0.395951628684998,0.842110753670273,0.433987349271774,0.355132846916411,,0.219566017389297,0.508546888828278,0.22500205039978,6.76369013794768,3166.44311523438,3799.73071289063,5136.22119140625,3428.45751953125,5393.123046875,,9818.3798828125,,,0.02875000002875
MOZ,Mozambique,1962,,5442.8310546875,5904.568359375,5609.81298828125,5252.75048828125,,7217.513671875,0.965316295623779,0.070870541036129,0.0879039242863655,-0.20703387260437,0.0434662103652954,0.0394768975675106,,,0.0423044748604298,2.1844220161438,1.09070909023285,0.224999040365219,0.432852417230606,0.379575996558839,0.412674486637116,0.409065961837769,0.86350371790866,0.436872780323029,0.36652978757512,,0.244754686951637,0.518707811832428,0.221111625432968,6.90672177288408,3443.82958984375,4095.9619140625,5564.67822265625,3719.16186523438,5850.2275390625,,9838.2490234375,,,0.02875000002875
MOZ,Mozambique,1963,,5662.45458984375,6144.43115234375,5768.6171875,5358.521484375,,7240.11572265625,0.981936633586884,0.0747829601168633,0.0899457931518555,-0.237149745225906,0.0449707955121994,0.0455135330557823,,,0.042764063924551,2.22414946556091,1.09573495388031,0.234058022499084,0.432852417230606,0.383923807202868,0.41812589764595,0.414167493581772,0.867216164232444,0.445864379405975,0.367662648929338,,0.250023603439331,0.519763290882111,0.223998948931694,7.05575164230853,3599.58935546875,4281.22265625,5737.24365234375,3795.37182617188,5969.6533203125,,9872.267578125,,,0.02875000002875
MOZ,Mozambique,1964,,5855.67333984375,6361.544921875,5994.416015625,5579.06982421875,0.0004770619561895,7274.400390625,0.976405799388886,0.0731729865074158,0.0906731337308884,-0.22701495885849,0.044997114688158,0.0417659245431423,0.490057826042175,0.563288688659668,0.0432866998016834,2.2641613483429,1.10078394412994,0.241499215364456,0.432852417230606,0.391275295944433,0.425074815750122,0.421214938163757,0.876088786739733,0.452573120594025,0.376535203627841,11.6808347702026,0.257054626941681,0.531308352947235,0.245961710810661,7.20670241820973,3725.51708984375,4436.06787109375,5980.64892578125,3951.25805664063,6214.82666015625,0.0381609760224819,9922.9775390625,1.01209855079651,0.967796444892883,0.02875000002875
MOZ,Mozambique,1965,,5952.52001953125,6519.623046875,6091.26220703125,5680.13134765625,0.0004629805043805,7354.44287109375,0.9700608253479,0.0778937637805939,0.0998398140072823,-0.230250984430313,0.0421357676386833,0.0403207838535309,0.481907278299332,0.554913699626923,0.0440002009272575,2.30494785308838,1.10585618019104,0.242685362696648,0.432852417230606,0.398374492910577,0.43395608663559,0.429904133081436,0.877076475164598,0.461020857095718,0.387373539422754,11.3592443466187,0.269926965236664,0.541165113449097,0.255568593740463,7.36117492645626,3796.0107421875,4555.57568359375,6074.62060546875,4009.24462890625,6290.01953125,0.0386803522706032,10027.046875,1.00476980209351,0.972401678562164,0.02875000002875
MOZ,Mozambique,1966,,6149.28076171875,6830.58203125,6281.13232421875,5788.9970703125,0.0004519446229096,7502.75390625,0.979252874851227,0.0829831212759018,0.117688976228237,-0.26267671585083,0.0410502552986145,0.0417015440762043,0.470466911792755,0.555103898048401,0.0451088175177574,2.34839200973511,1.10966420173645,0.246282801032066,0.432852417230606,0.412466769015,0.449473172426224,0.444673120975494,0.886171896878422,0.482475727796555,0.401349011300542,11.4319219589233,0.276008516550064,0.55622786283493,0.25155183672905,7.5251627504309,3923.97387695313,4772.2119140625,6258.35009765625,4062.615234375,6374.24462890625,0.039649773389101,10229.0634765625,0.992469787597656,0.992955386638641,0.02875000002875
MOZ,Mozambique,1967,,6707.658203125,7360.27978515625,6904.1708984375,6484.873046875,0.0004396091680973,7614.3837890625,0.953603684902191,0.0807508751749992,0.100637555122375,-0.21772038936615,0.0406721830368042,0.0420560762286186,0.520932495594025,0.590154528617859,0.0462498143315315,2.39413571357727,1.11348521709442,0.273546308279038,0.432852417230606,0.426980952153805,0.463589012622833,0.458732455968857,0.895900985470047,0.488393098115921,0.408816706434041,12.8494472503662,0.286154299974442,0.566555976867676,0.241891503334045,7.69765786877318,4272.466796875,5140.18603515625,6877.7783203125,4526.1767578125,7095.4921875,0.0403725616633892,10381.9814453125,1.08919036388397,1.05353629589081,0.02875000002875
MOZ,Mozambique,1968,,7183.6025390625,7955.92041015625,7388.1875,6844.08740234375,0.0004322858876548,7796.1572265625,0.966273069381714,0.0833339840173721,0.112844571471214,-0.252314001321793,0.0415934696793556,0.0482688993215561,0.5294029712677,0.611643731594086,0.0474201664328575,2.4417667388916,1.11731946468353,0.293418616056442,0.432852417230606,0.44737048954994,0.484818905591965,0.47846457362175,0.919040427300775,0.516502201557159,0.419360683996213,13.4855184555054,0.290747970342636,0.57903379201889,0.252479881048203,7.87741378527059,4570.1396484375,5545.87646484375,7352.85400390625,4730.54345703125,7453.634765625,0.0415261350572109,10632.6767578125,1.11002171039581,1.10838091373444,0.02875000002875
MOZ,Mozambique,1969,,7551.23681640625,8472.59765625,7823.58154296875,7258.83154296875,0.0004330070514697,8057.55126953125,0.948044955730438,0.0922377705574036,0.126929685473442,-0.243541285395622,0.0343129262328148,0.0420159660279751,0.544270217418671,0.631365060806274,0.0489177145063877,2.49079203605652,1.12116694450378,0.304952591657639,0.432852417230606,0.457656204729144,0.499340325593948,0.490864127874374,0.927780999177325,0.529054224491119,0.42139566759433,13.8821897506714,0.298274338245392,0.586031019687653,0.252291083335876,8.06289309821733,4865.69091796875,5961.03857421875,7820.68798828125,5059.17919921875,7906.19384765625,0.0431332066655159,10991.927734375,1.14988529682159,1.15397083759308,0.02875000002875
MRT,Mauritania,1960,,1646.46032714844,2139.685546875,2066.38232421875,2081.68530273438,,7515.0810546875,0.34753406047821,0.443392544984818,0.236935570836067,-0.107693955302238,0.0702293962240219,0.0096024069935083,,,0.0409586727619171,,1.19939970970154,,,0.121730514203176,0.096729539334774,0.0894318148493767,0.0771336102907566,0.0887743756175041,0.0650709002831783,,0.0980001240968704,0.108542166650295,0.121870875358582,0.953061677098535,1727.23937988281,2053.34033203125,2227.58813476563,2565.88403320313,2272.20971679688,,8628.751953125,,,4.93699106781002
MRT,Mauritania,1961,,1219.876953125,2113.74975585938,2104.07666015625,2073.72705078125,,8916.400390625,0.117889896035194,0.470363527536392,0.431046515703201,-0.142500787973404,0.113047644495964,0.010153197683394,,,0.0423226170241833,,1.20232057571411,,,0.414667289824915,0.143947705626488,0.110700353980064,0.0760957013038942,0.112320505082607,0.0653273835958902,,0.101738162338734,0.109577551484108,0.126445710659027,0.965382542796016,959.760192871094,1440.31457519531,2252.66943359375,2375.6640625,2237.88549804688,,10312.8232421875,,,4.93699106781002
MRT,Mauritania,1962,,1247.5859375,2345.5302734375,2348.39453125,2384.0009765625,,10664.01171875,0.0973785296082497,0.425937503576279,0.460546940565109,-0.129243791103363,0.136591702699661,0.0087891081348061,,,0.0447400659322739,,1.20524871349335,,,0.388504528925257,0.135429576039314,0.103392481803894,0.0775711591404807,0.101848252117634,0.0669889733965064,,0.115713432431221,0.111612230539322,0.132872700691223,0.978122123110018,947.246948242188,1514.81323242188,2522.06103515625,2603.13500976563,2541.845703125,,12395.0615234375,,,4.93699106781002
MRT,Mauritania,1963,,1535.185546875,2206.3671875,2230.29663085938,2244.71508789063,,11493.251953125,0.254553437232971,0.429357677698135,0.299005329608917,-0.11295959353447,0.0711176097393036,0.0589255914092064,,,0.0452565178275108,,1.20818388462067,,,0.175830726143825,0.118726842105389,0.103419259190559,0.084871642932119,0.102754957973957,0.0684064074214547,,0.118436217308044,0.114083774387836,0.121734850108624,0.991293331288791,1502.56579589844,1910.42785644531,2392.06372070313,2686.2431640625,2386.52685546875,,13390.025390625,,,4.93699106781002
MRT,Mauritania,1964,,2103.47338867188,2493.15161132813,3119.66625976563,3058.53515625,,11773.9580078125,0.387443870306015,0.3002949655056,0.127406850457191,-0.0418107323348522,0.104853458702564,0.121811583638191,,,0.0433794930577278,,1.21112620830536,,,0.118634212707321,0.106440924108028,0.100710645318031,0.0907090121591748,0.102723553776741,0.0697787638788024,,0.122844412922859,0.116092599928379,0.123099952936172,1.00500699757323,2258.3291015625,2492.17944335938,3340.55834960938,4135.78515625,3245.89916992188,,13715.107421875,,,4.93699106781002
MRT,Mauritania,1965,,2618.77270507813,2991.91821289063,3659.9208984375,3565.24072265625,,12035.2294921875,0.465443253517151,0.269085735082626,0.104662090539932,-0.0541696436703205,0.0924864187836647,0.122492142021656,,,0.0410921797156334,,1.21407580375671,,,0.111854459870145,0.103270076215267,0.0993297025561333,0.0884214792986968,0.101967550814152,0.0716758166894488,,0.128782093524933,0.118202917277813,0.131897553801537,1.01928101748847,2840.80029296875,3054.36328125,3901.5166015625,4836.16259765625,3775.40747070313,,14028.287109375,,,4.93699106781002
MRT,Mauritania,1966,,2577.4013671875,2943.31811523438,3665.32446289063,3571.9287109375,,12311.830078125,0.461305469274521,0.2602658867836,0.102442368865013,-0.0483251251280308,0.0760020688176155,0.148309290409088,,,0.0390848591923714,,1.21658885478973,,,0.118016537738696,0.108360849320889,0.104244858026505,0.0912467248897566,0.106970563530922,0.0752531369783376,,0.133256614208221,0.123099185526371,0.130679771304131,1.03413420167173,2780.11987304688,2991.7919921875,3887.576171875,4895.1826171875,3755.78271484375,,14347.525390625,,,4.93699106781002
MRT,Mauritania,1967,,2712.83544921875,3304.55541992188,4058.3349609375,3985.734375,,13040.3720703125,0.472244650125504,0.208391606807709,0.1484594643116,-0.0710388273000717,0.101592436432838,0.14035065472126,,,0.0377594493329525,,1.21910715103149,,,0.115801828941658,0.108537189662457,0.102897450327873,0.0920745072608444,0.104771733283997,0.0770411546463035,,0.130271092057228,0.126130238175392,0.128750309348106,1.04958617419319,2950.22778320313,3326.11303710938,4287.9208984375,5306.3037109375,4179.236328125,,15210.2490234375,,,4.93699106781002
MRT,Mauritania,1968,,2948.3720703125,3781.74365234375,4678.5283203125,4614.5341796875,,14231.05859375,0.468670159578323,0.17026150226593,0.180597126483917,-0.0578452907502651,0.115091890096664,0.123224578797817,,,0.0374026000499725,,1.22163069248199,,,0.114700980873912,0.10865706205368,0.101749829947948,0.0920202828408986,0.10316090285778,0.0773128394007293,,0.132239058613777,0.126292079687119,0.126195639371872,1.06565655912302,3220.939453125,3775.1484375,4931.49609375,6127.564453125,4826.1640625,,16627.623046875,,,4.93699106781002
MRT,Mauritania,1969,,3008.23681640625,3701.6259765625,4396.3955078125,4326.7021484375,,15099.951171875,0.489637643098831,0.20563480257988,0.160258129239082,-0.0631731748580933,0.0274820495396853,0.180160522460938,,,0.037289023399353,,1.22415935993195,,,0.113074025331459,0.105621784925461,0.0993017256259918,0.087877233721805,0.100901246070862,0.0718824384227333,,0.138813108205795,0.118280000984669,0.121790736913681,1.08238887512461,3272.42358398438,3717.6181640625,4632.90185546875,5988.986328125,4531.42236328125,,17648.537109375,,,5.19415697393699
MUS,Mauritius,1955,,2560.423828125,2801.85766601563,3027.5966796875,2866.39404296875,0.0002163058088626,2667.28393554688,0.736784100532532,0.156471952795982,0.0842291489243507,-0.0952593982219696,-0.0096073308959603,0.127381518483162,1.52132844924927,1.48631370067596,0.050639420747757,0.125115394592285,1.35031950473785,0.291310876607895,0.505826890468597,0.0454776263661999,0.0432381480932236,0.0456883609294891,0.0326930535198256,0.0482578240334988,0.0716730231152566,1.99186670780182,0.0927427709102631,0.0765427425503731,0.101242117583752,0.57041815921767,2331.59594726563,2796.49365234375,3205.06762695313,2609.369140625,3009.50439453125,0.0577504076063633,7020.85009765625,0.984951376914978,1.00909698009491,4.75990048949501
MUS,Mauritius,1956,,2470.6650390625,2686.58740234375,3187.82153320313,2947.7939453125,0.0002139448188245,2739.2236328125,0.678486466407776,0.159653887152672,0.0732487812638283,-0.0827276408672333,0.0419126637279987,0.129425868391991,1.52002704143524,1.39035844802856,0.0505932793021202,0.128683939576149,1.35584473609924,0.282584667205811,0.505826890468597,0.0523578789034451,0.0486095771193504,0.051436111330986,0.0326802940224055,0.0556243546307087,0.0837783792498068,2.34581613540649,0.0920981168746948,0.090790331363678,0.108430720865726,0.590469181702083,2254.71606445313,2671.51904296875,3389.84301757813,2643.35034179688,3115.31030273438,0.0593343786895275,7218.87890625,0.97226357460022,0.939349889755249,4.76189986766557
MUS,Mauritius,1957,,2700.22412109375,2946.888671875,3283.26977539063,3077.75610351563,0.0002149577630916,2843.52685546875,0.70224392414093,0.175091370940208,0.0801443159580231,-0.0928671360015869,0.012706570327282,0.122680969536304,1.54232716560364,1.48668134212494,0.0503508374094963,0.131749466061592,1.36139261722565,0.27584844827652,0.505826890468597,0.0528595173272764,0.0487931594252586,0.0518299490213394,0.0324840957166543,0.055290836840868,0.0850735385353289,2.2854642868042,0.0918012335896492,0.0927229225635529,0.109939441084862,0.608481725000961,2462.15844726563,2931.88110351563,3494.92797851563,2740.37768554688,3261.4150390625,0.0614389106631279,7477.33154296875,0.983899116516113,1.00629734992981,4.76089994016171
MUS,Mauritius,1958,,2813.66772460938,3105.13818359375,3138.36181640625,3016.7939453125,0.0002188203361583,3002.21875,0.730530381202698,0.202137798070908,0.0966159328818321,-0.0989291593432427,-0.041999164968729,0.111644186079502,1.47437393665314,1.51378643512726,0.0510596595704556,0.134723201394081,1.36696314811707,0.191882967948914,0.505826890468597,0.0462314141419433,0.0435815006494522,0.0488767959177494,0.0340046568346379,0.050846379250288,0.0999941399732413,1.97840893268585,0.0999481976032257,0.106948219239712,0.112514346837997,0.626286643767768,2540.01513671875,3097.86352539063,3330.15161132813,2727.79418945313,3177.9599609375,0.064684197306633,7832.16015625,0.950447142124176,1.03185451030731,4.76089994016171
MUS,Mauritius,1959,,2817.62866210938,3107.08325195313,3333.515625,3137.04663085938,0.0002149369393009,3143.3408203125,0.686761796474457,0.211416959762573,0.0922698080539703,-0.0946634039282799,-0.0124382255598903,0.116653069853783,1.46790838241577,1.4507417678833,0.0520365871489048,0.137602359056473,1.37255644798279,0.181338861584663,0.505826890468597,0.0460326672514302,0.0431541614234448,0.0491874888539314,0.0338036860474295,0.0522680357098579,0.107917512792145,1.95132482051849,0.0976373925805092,0.114106759428978,0.115240573883057,0.643901066580345,2533.13134765625,3091.13037109375,3542.51953125,2803.53515625,3305.724609375,0.0675492137670517,8163.8505859375,0.937764942646027,0.988428235054016,4.76189986766557
MUS,Mauritius,1960,,2877.49267578125,3342.56176757813,2844.18139648438,2796.140625,0.0002313410368515,3445.22119140625,0.787618458271027,0.241475984454155,0.166325360536575,-0.14180862903595,-0.127841249108315,0.0742301270365715,1.22853696346283,1.46998631954193,0.0535055212676525,0.14048944413662,1.3781726360321,0.150256931781769,0.505826890468597,0.0478371907472813,0.0446548871695995,0.0531571581959724,0.0342752150686983,0.0540704540908337,0.105762738806508,1.6403626203537,0.083569847047329,0.110202372074127,0.125133767724037,0.66177783021531,2570.572265625,3509.2685546875,3008.99194335938,2625.4521484375,2978.29663085938,0.0743400603532791,8895.4150390625,0.831046462059021,1.06188523769379,4.76189986766557
MUS,Mauritius,1961,,2872.39868164063,3237.31372070313,3343.75439453125,3137.64477539063,0.0002328893606318,3618.7724609375,0.691971957683563,0.22349140048027,0.116302229464054,-0.119277700781822,-0.0292593967169523,0.116771548986435,1.32517838478088,1.36968839168549,0.0543005838990212,0.144624218344688,1.39004778862,0.172915697097778,0.505826890468597,0.0507997463704806,0.0468745790421963,0.0537301488220692,0.0347215174124188,0.0572596453130245,0.107693214867142,1.85208261013031,0.0878039076924324,0.112078815698624,0.119645208120346,0.679793347225618,2557.0927734375,3290.68530273438,3532.7666015625,2891.54370117188,3329.58154296875,0.0779130831360817,9348.5751953125,0.88079959154129,0.958238303661346,4.76189986766557
MUS,Mauritius,1962,,3273.4033203125,3606.77880859375,3619.90625,3452.04296875,0.0002294258010806,3749.203125,0.730367302894592,0.217883706092834,0.0965733677148819,-0.100192613899708,-0.0408447757363319,0.0962129980325699,1.38007283210754,1.4442378282547,0.0532036423683167,0.14913372695446,1.40202510356903,0.165764167904854,0.505826890468597,0.047353511664267,0.0444265380501747,0.0505833588540554,0.0346150309361631,0.0530430860817432,0.111037003982843,1.76162981987,0.0966058745980263,0.11465509980917,0.125119149684906,0.69948217165781,2923.76684570313,3594.75073242188,3824.17602539063,2997.13500976563,3630.33740234375,0.0806104466319084,9723.990234375,0.8755744099617,1.00391137599945,4.76189986766557
MUS,Mauritius,1963,,3265.22021484375,3611.71337890625,4435.166015625,3537.05493164063,0.0002262084308313,3905.17749023438,0.695633172988892,0.227513402700424,0.0979609042406082,-0.117744714021683,-0.101919740438461,0.198556989431381,1.3614729642868,1.39609146118164,0.0519927926361561,0.152466103434563,1.41410565376282,0.208393141627312,0.505826890468597,0.0519806202394413,0.047660157084465,0.0543197877705097,0.0344501389950961,0.068112388253212,0.117077610933451,2.21123790740967,0.0971235558390617,0.120704844594002,0.156246483325958,0.713575244342969,2905.28295898438,3606.04711914063,4690.2314453125,3274.50415039063,3711.83374023438,0.0837508887052536,10124.4404296875,0.92700070142746,0.975900888442993,4.76189986766557
MUS,Mauritius,1964,,4400.41357421875,4656.0771484375,4680.75,4050.79467773438,0.0002075994998449,3972.021484375,0.879002511501312,0.207306206226349,0.0631143748760223,-0.117557279765606,-0.153378397226334,0.121512591838837,1.51599359512329,1.75654864311218,0.0511033423244953,0.157289206981659,1.42629039287567,0.137029260396957,0.505826890468597,0.0378982390169593,0.0375686101615429,0.0429114550352097,0.0361709511035548,0.0495847798883915,0.13487107562549,1.86055910587311,0.100426211953163,0.138568714261055,0.161896288394928,0.734571193371505,3966.17578125,4378.4658203125,4955.3271484375,3311.51049804688,4257.560546875,0.0850616320967674,10298.4990234375,0.909562408924103,1.14965665340424,4.76189986766557
MUS,Mauritius,1965,,3826.2001953125,4148.79638671875,4153.2021484375,3827.76977539063,0.0002047472371486,4111.9404296875,0.772844016551971,0.226745963096619,0.0842778980731964,-0.127552628517151,-0.0911520719528198,0.134836792945862,1.36105537414551,1.47995984554291,0.0503373667597771,0.161761805415154,1.43858003616333,0.132026955485344,0.505826890468597,0.0454562895532843,0.0438397042453289,0.05173659324646,0.0383297176377628,0.0561351776123047,0.145398751450221,1.83644986152649,0.108614154160023,0.147652342915535,0.141136571764946,0.753874862699232,3422.859375,4076.84130859375,4382.88134765625,3302.013671875,4007.26440429688,0.0877901315689087,10639.7158203125,0.871978342533112,1.02917790412903,4.76189986766557
MUS,Mauritius,1966,,4072.90966796875,4268.865234375,4402.4375,3963.15869140625,0.0001933318417286,4105.71044921875,0.785336434841156,0.242356389760971,0.0494443327188492,-0.117876157164574,-0.0939696505665779,0.134708642959595,1.36060011386871,1.46552193164825,0.0494235567748547,0.166103586554527,1.4509756565094,0.127818167209625,0.505826890468597,0.0439775211657546,0.0426031388342381,0.0473589263856411,0.0381495625498336,0.0526082217693329,0.146207256884784,1.73820269107819,0.112515591084957,0.147849097847939,0.14700348675251,0.772466149716693,3621.79467773438,3913.38818359375,4625.662109375,3210.48583984375,4117.3095703125,0.0876256600022316,10666.2451171875,0.83179497718811,0.969255566596985,4.76189986766557
MUS,Mauritius,1967,,4259.25244140625,4549.3515625,4489.1455078125,4299.65625,0.0001888615370262,4212.90966796875,0.744464635848999,0.246138349175453,0.0674703046679497,-0.111484885215759,-0.0415922403335571,0.0950038656592369,1.44911885261536,1.53042268753052,0.0482661910355091,0.16970856487751,1.46347796916962,0.119155161082745,0.505826890468597,0.0436674701292981,0.0419165231287479,0.0495226122438908,0.0366206516619665,0.0517051070928574,0.161195608021919,1.82930827140808,0.116677559912205,0.162769138813019,0.152255654335022,0.787582000711222,3768.59326171875,4327.83251953125,4700.60693359375,3438.76806640625,4444.4453125,0.0895656272768974,10936.681640625,0.87316906452179,1.0505234003067,4.82803813406522
MUS,Mauritius,1968,,3524.47802734375,3731.49291992188,3790.10888671875,3515.58374023438,0.0001800903119146,4241.2216796875,0.753874719142914,0.248655289411545,0.0588849484920502,-0.121056325733662,-0.0999114513397217,0.159552857279778,1.15281319618225,1.21613359451294,0.0472272336483002,0.173275575041771,1.47608816623688,0.114560559391975,0.505826890468597,0.0473288245331579,0.0446185730397701,0.0500055924057961,0.036401617694316,0.0539104342460632,0.141720827093128,1.51221632957459,0.121261700987816,0.142461806535721,0.130988046526909,0.802417430717865,3108.0654296875,3479.19995117188,3954.56884765625,2973.6884765625,3616.25122070313,0.0897713378071785,10997.421875,0.743768751621246,0.831881880760193,5.55555000455555
MUS,Mauritius,1969,,3369.10620117188,3633.10083007813,3887.52124023438,3541.3828125,0.0001758795260684,4317.5712890625,0.701257467269898,0.250095784664154,0.07454564422369,-0.108616463840008,-0.0736384466290474,0.156355991959572,1.13731682300568,1.15958476066589,0.0466008186340332,0.17620125412941,1.48880684375763,0.127752065658569,0.505826890468597,0.0501089625526995,0.0465037487447262,0.0532336793839932,0.0363948945664079,0.0584367923438549,0.139121165528818,1.60477089881897,0.11984583735466,0.140898197889328,0.135235294699669,0.814241502107404,2967.8896484375,3488.8583984375,4061.46142578125,3102.75415039063,3646.86767578125,0.0913574174046516,11197.392578125,0.759344935417175,0.816234409809113,5.55555000455555
MWI,Malawi,1955,,2824.37329101563,3113.25927734375,2800.09204101563,2804.51391601563,,1280.82238769531,0.877867639064789,0.129213511943817,0.103007480502129,-0.0014937346568331,-0.118725225329399,0.0101303225383163,,,0.0336116589605808,1.27283775806427,1.29242599010468,,,0.0838588924957004,0.0780462920665741,0.082710862159729,0.0385558670981117,0.0825804546475411,0.128315305954417,,0.0770412236452103,0.208580434322357,0.0674729198217392,3.17438798320135,2481.1181640625,2210.77172851563,2852.80419921875,1375.20593261719,2826.2109375,,700.380065917969,,,0.71428506228576
MWI,Malawi,1956,,3103.6748046875,3422.4111328125,2984.21313476563,2988.40014648438,,1343.28002929688,0.876701593399048,0.161872461438179,0.106657825410366,-0.001723178778775,-0.153777569532394,0.0102688297629356,,,0.035006444901228,1.29711639881134,1.29877018928528,,,0.087318155140201,0.079899474978447,0.0847732499241829,0.0397198655437669,0.0846544727683067,0.132231317915127,,0.0803118944168091,0.218731179833412,0.070679634809494,3.2399242802884,2705.28125,2409.9345703125,3059.0302734375,1403.42126464844,3030.3701171875,,737.468200683594,,,0.7141850456937
MWI,Malawi,1957,,3310.30908203125,3732.0732421875,3220.11791992188,3223.21630859375,,1432.84802246094,0.866544783115387,0.160475671291351,0.130851924419403,-0.0017284827772527,-0.165552645921707,0.0094087570905685,,,0.0365380756556988,1.32360887527466,1.30514550209045,,,0.0840458559170669,0.0773508995771408,0.0839806720614433,0.041199122198627,0.0838999450206757,0.136015933769419,,0.0810221135616303,0.228480517864227,0.0734365284442902,3.31118702614265,2895.16064453125,2666.68383789063,3306.42041015625,1569.77099609375,3274.36791992188,,792.546936035156,,,0.7141850456937
MWI,Malawi,1958,,3436.37646484375,3847.49291992188,3289.56616210938,3291.298828125,,1517.93994140625,0.87316244840622,0.170916721224785,0.124910123646259,-0.0015121012693271,-0.174968898296356,0.0074916831217706,,,0.0379630848765373,1.35170352458954,1.31155216693878,,,0.0878286829282353,0.0808723270893097,0.0869381427764893,0.0453343906821797,0.0868923738598824,0.137640125098021,,0.0886737108230591,0.229406267404556,0.0801105052232742,3.386697431418,2983.49633789063,2726.3056640625,3367.79296875,1578.95654296875,3334.20556640625,,841.855346679688,,,0.7141850456937
MWI,Malawi,1959,,3434.20288085938,3623.72680664063,3196.8212890625,3200.7509765625,,1521.03662109375,0.878163814544678,0.194772809743881,0.0592123307287693,-0.0013501771027222,-0.139758601784706,0.0089598335325717,,,0.0381461679935455,1.38049757480621,1.31799018383026,,,0.0951986971364613,0.086969368159771,0.0893121734261513,0.0498661419514515,0.0892025232315064,0.131764105331881,,0.0910177826881409,0.217433601617813,0.0756208151578903,3.46415864265872,2957.94409179688,2472.44116210938,3278.92895507813,1406.38513183594,3248.48510742188,,840.976135253906,,,0.71428506228576
MWI,Malawi,1960,,3766.4033203125,4179.056640625,3500.05859375,3500.38330078125,,1601.43395996094,0.890864372253418,0.185133039951324,0.117887981235981,-0.0018849654588848,-0.200671344995499,0.0086709018796682,,,0.0382740423083305,1.41123807430267,1.32445979118347,,,0.0897288761713065,0.0839353874325752,0.0866648927330971,0.0560569919698402,0.086656853556633,0.111577876545036,,0.0863641798496246,0.183315962553024,0.085487000644207,3.5467934109257,3234.41796875,2900.8232421875,3567.21630859375,1635.72521972656,3531.4677734375,,889.218383789063,,,0.71428506228576
MWI,Malawi,1961,,3695.64990234375,4250.71923828125,3582.54223632813,3584.80859375,,1727.83776855469,0.833315968513489,0.197603717446327,0.15483932197094,-0.0016381599707528,-0.192671477794647,0.0085505880415439,,,0.0395490452647209,1.43916070461273,1.32471787929535,,,0.0967493037358648,0.0887189880013466,0.0914859846234322,0.0548542968537504,0.0914281532168388,0.109908647932588,,0.097903773188591,0.181240379810333,0.0846482515335083,3.63068443941612,3149.60229492188,2957.87109375,3650.44458007813,1879.29956054688,3616.46752929688,,964.687683105469,,,0.71428506228576
MWI,Malawi,1962,,3947.15673828125,4312.2177734375,3664.07983398438,3664.12060546875,,1784.20568847656,0.869047045707703,0.208198234438896,0.0996312871575356,-0.0014615302206948,-0.183603659272194,0.0081885904073715,,,0.0401739329099655,1.47289562225342,1.32497596740723,,,0.0967178257118932,0.0890143066644669,0.0911771655082703,0.0568588029474654,0.0911761447787285,0.114562623715728,,0.1090267598629,0.186447709798813,0.0942162796854973,3.72993242813296,3358.25830078125,2965.83227539063,3734.11547851563,1715.86340332031,3697.3720703125,,994.617858886719,,,0.71428506228576
MWI,Malawi,1963,,4007.90698242188,4440.4248046875,3727.48095703125,3725.9921875,,1864.60668945313,0.869776248931885,0.205885410308838,0.116081304848194,-0.0015368226449936,-0.197965458035469,0.0077592777088284,,,0.039980310946703,1.50684058666229,1.32523417472839,,,0.0993782797774136,0.0917656272649765,0.0944059863686562,0.0596054911730268,0.094443716108799,0.118872797275162,,0.113762825727463,0.192996576428413,0.104063846170902,3.83044893087955,3419.91821289063,3073.4873046875,3805.4189453125,1751.1376953125,3765.63916015625,,1038.39453125,,,0.71428506228576
MWI,Malawi,1964,,3908.81079101563,4218.7470703125,3709.01489257813,3705.77612304688,,1894.43798828125,0.864235758781433,0.190552964806557,0.0836360529065132,-0.0010825059143826,-0.143767639994621,0.006425367668271,,,0.0396607629954815,1.53725028038025,1.32549238204956,,,0.0994615028014456,0.09212776273489,0.0950910076498985,0.0588662346937631,0.0951741114258766,0.132462512024062,,0.124890170991421,0.214218303561211,0.114904999732971,3.92275954968912,3359.03295898438,2914.28759765625,3793.48266601563,1763.49548339844,3752.28442382813,,1053.35034179688,,,0.71428506228576
MWI,Malawi,1965,,4401.46826171875,5040.02880859375,4306.32568359375,4300.701171875,,2043.36010742188,0.84131520986557,0.182115197181702,0.148478299379349,-0.0318348370492458,-0.192521780729294,0.0524479411542416,,,0.0402658060193062,1.57064533233643,1.32575070858002,,,0.103084902959071,0.0953763201832771,0.100725837051868,0.0597650942418937,0.100857570767403,0.137598967276249,,0.131945952773094,0.221353203058243,0.122670859098434,4.02339123821508,3778.85180664063,3562.41772460938,4393.2783203125,2252.2392578125,4345.14892578125,,1141.06042480469,,,0.71428506228576
MWI,Malawi,1966,,4913.75732421875,5788.431640625,4896.7578125,4990.5439453125,,2266.4541015625,0.795592665672302,0.18902088701725,0.175266340374947,-0.110836915671825,-0.12769977748394,0.0786567777395248,,,0.0425750315189362,1.60813045501709,1.32600903511047,,,0.104037597468364,0.0952831134200096,0.102361761033535,0.0584353239388409,0.100438103079796,0.142128285485176,,0.13739338517189,0.228386104106903,0.124146096408367,4.13533711118795,4180.2587890625,4111.17431640625,4980.8798828125,2657.45703125,5019.740234375,,1274.62683105469,,,0.71428506228576
MWI,Malawi,1967,,5084.3505859375,5799.28076171875,5055.287109375,5169.2099609375,,2413.669921875,0.77630877494812,0.207274928689003,0.138305515050888,-0.0977043360471726,-0.119704999029636,0.095520094037056,,,0.0444405935704708,1.62193071842194,1.32626736164093,,,0.104455884852797,0.0941182896494865,0.0997429266571999,0.0554008075051119,0.0975447222590447,0.139743522376844,,0.139197319746017,0.225089520215988,0.114331737160683,4.26750274488536,4280.26025390625,4032.46826171875,5127.71142578125,2621.015625,5177.01708984375,,1360.79284667969,,,0.724205897594935
MWI,Malawi,1968,,5182.48291015625,6140.044921875,5204.5126953125,5309.646484375,,2636.81787109375,0.771332323551178,0.204718142747879,0.180343851447105,-0.115192703902721,-0.133429154753685,0.0922275558114052,,,0.045920193195343,1.65372288227081,1.32652580738068,,,0.094785356707611,0.085516445338726,0.0898020192980766,0.0505932645389044,0.0880238860845566,0.112996204351774,,0.113961391150951,0.182254701852798,0.0981249585747719,4.39201808222409,4355.96044921875,4320.45947265625,5264.30810546875,2745.83251953125,5297.55712890625,,1494.34814453125,,,0.833332999833333
MWI,Malawi,1969,,5455.4638671875,6638.2451171875,5613.5205078125,5698.740234375,,2920.60083007813,0.762517213821411,0.194793298840523,0.20755136013031,-0.109692342579365,-0.141820803284645,0.0866512954235077,,,0.0479965023696423,1.69668400287628,1.32678437232971,,,0.0961202246818574,0.0869545787572861,0.0916252657771111,0.0510757230246503,0.0902550742030144,0.113168319675468,,0.11788585036993,0.18477863073349,0.106813587248325,4.51564771444235,4621.51220703125,4724.2744140625,5686.38037109375,3072.89428710938,5688.07958984375,,1664.21252441406,,,0.833332999833333
MYS,Malaysia,1955,,16450.484375,18313.818359375,21948.390625,19004.736328125,,83483.3671875,0.722586154937744,0.14301298558712,0.0980457589030266,-0.300866484642029,-0.166139036417007,0.503360569477081,,,0.0347308591008186,2.32291102409363,1.31336379051209,0.217109203338623,0.304948508739471,0.083293709232533,0.0834684669971466,0.0828457623720169,0.0843514418730286,0.0956777855753899,0.0773481652439353,,0.106562696397305,0.0409865081310272,0.126749783754349,6.82154659664231,15234.701171875,17333.072265625,21715.365234375,19974.095703125,19732.912109375,,50984.10546875,,,3.06122000206122
MYS,Malaysia,1956,,17289.125,19552.08203125,21953.7890625,20048.265625,,84563.078125,0.715075612068176,0.147299483418465,0.112875416874886,-0.312027722597122,-0.153214856982231,0.48999211192131,,,0.0335587412118912,2.36477065086365,1.32131266593933,0.214205175638199,0.304948508739471,0.0846978377027515,0.0846724584698677,0.0838653519749641,0.0845492336605548,0.0918364748358727,0.0776990460692938,,0.111195117235184,0.0416620001196861,0.120029330253601,7.01554918832002,16123.6796875,18575.873046875,21809.740234375,20948.96484375,21068.349609375,,51556.60546875,,,3.0622199296053
MYS,Malaysia,1957,,17123.494140625,19610.314453125,21397.166015625,20260.623046875,,85667.203125,0.697044193744659,0.148117050528526,0.122741550207138,-0.307809144258499,-0.145221740007401,0.485128164291382,,,0.0325432829558849,2.40890073776245,1.32930958271027,0.219565495848656,0.304948508739471,0.0886444420625151,0.088370144367218,0.0866982117295265,0.0870792947997658,0.0915616452693939,0.0751857905276323,,0.115795776247978,0.0407754257321358,0.116641230881214,7.22040127644303,16005.708984375,18628.7265625,21277.1796875,21269.912109375,21545.966796875,,52409.08984375,,,3.06122000206122
MYS,Malaysia,1958,,17140.72265625,19516.712890625,20734.740234375,20265.185546875,,87136.8203125,0.688572108745575,0.157249078154564,0.117244951426983,-0.276401370763779,-0.129676029086113,0.443011254072189,,,0.0316055454313755,2.45381760597229,1.33735489845276,0.199729800224304,0.304948508739471,0.0878745548712284,0.0874189957976341,0.0863597989082336,0.0854241727229921,0.0883607938885689,0.0787185918387375,,0.117547921836376,0.0421623513102531,0.110921084880829,7.43189883684337,15948.572265625,18497.701171875,20570.083984375,20982.521484375,21543.615234375,,53203.5234375,,,3.06022007451714
MYS,Malaysia,1959,,19189.775390625,21448.2109375,24881.291015625,21773.8515625,0.006793335545808,88628.90625,0.724392652511597,0.156929418444633,0.103722378611565,-0.269564598798752,-0.15783603489399,0.442356169223785,0.403415560722351,0.396522223949432,0.03083754517138,2.49821734428406,1.34544897079468,0.260551601648331,0.304948508739471,0.0826768859378234,0.0822529122233391,0.0809682086110115,0.0802958181061361,0.092523530125618,0.0700522031290383,1.06690502166748,0.117908611893654,0.0371235199272633,0.133724331855774,7.64627559771092,17879.408203125,20409.62109375,24723.484375,23126.48828125,23085.623046875,0.0092080347239971,53912.796875,1.34751510620117,1.17900061607361,3.06122000206122
MYS,Malaysia,1960,,20688.900390625,24214.4140625,27582.75,22994.0625,0.0067368722520768,92366.0234375,0.747018396854401,0.152731239795685,0.153322771191597,-0.360031813383102,-0.161037117242813,0.467996537685394,0.416613966226578,0.439133435487747,0.0303682684898376,2.54203701019287,1.3535920381546,0.261924654245377,0.304948508739471,0.0819917434159061,0.0816236287355423,0.0806166157126427,0.0798231751248728,0.096704438328743,0.0747071333505627,1.16523945331573,0.106312692165375,0.0391879715025425,0.140296459197998,7.86345148239483,19151.857421875,22823.005859375,27295.25390625,24908.861328125,25163.787109375,0.0095687955617904,56100.07421875,1.40705597400665,1.27816092967987,3.06122000206122
MYS,Malaysia,1961,,22054.13671875,25908.828125,27496.962890625,25047.380859375,0.0066187758930027,96184.4375,0.726692378520966,0.15380434691906,0.153896003961563,-0.33359158039093,-0.139232814311981,0.438431650400162,0.442919462919235,0.458961635828018,0.0300759691745043,2.61175203323364,1.36699223518372,0.23248702287674,0.304948508739471,0.081015230230941,0.0807172134518623,0.0805137827992439,0.0793091615357154,0.0883878692984581,0.0793498954129981,1.12946498394012,0.11118683218956,0.0416931137442589,0.124312363564968,8.08261148853791,20409.869140625,24416.111328125,27211.658203125,26723.14453125,27491.564453125,0.0099846264347434,58623.33203125,1.45249974727631,1.31570982933044,3.06122000206122
MYS,Malaysia,1962,,23190.513671875,27764.921875,28700.744140625,26907.220703125,0.0067173480056226,101688.3828125,0.709786951541901,0.152082607150078,0.170006722211838,-0.297689020633698,-0.130029529333115,0.39584231376648,0.444843411445618,0.459756761789322,0.0300447233021259,2.68384385108948,1.3805251121521,0.224299296736717,0.304948508739471,0.0805330917671469,0.0804933235049248,0.0807337090373039,0.080307711083452,0.0861150771379471,0.0819523819318537,1.07087790966034,0.124433450400829,0.0425423160195351,0.128960087895393,8.30930670752298,21435.900390625,26186.70703125,28425.3046875,28362.501953125,29461.0078125,0.0105664823204279,61950.19921875,1.46090757846832,1.3372551202774,3.06122000206122
MYS,Malaysia,1963,,24215.146484375,29046.4375,29755.455078125,29084.515625,0.0068116416223347,107222.3125,0.675892412662506,0.156686201691628,0.16611211001873,-0.278535395860672,-0.116023205220699,0.395867884159088,0.452940165996552,0.454260855913162,0.0302701145410538,2.75559234619141,1.39419198036194,0.231973826885223,0.304948508739471,0.0836928911957092,0.0835948213934898,0.0830575078725815,0.0831717670832004,0.08497354388237,0.0803644487225591,1.05951714515686,0.129115581512451,0.0417418479919434,0.120865918695927,8.53514421660373,22417.5,27436.318359375,29514.279296875,30242.884765625,31435.1015625,0.0111809596419334,65452.140625,1.48394417762756,1.33467435836792,3.06122000206122
MYS,Malaysia,1964,,25925.669921875,30843.421875,31517.779296875,31699.60546875,0.0068213548511266,112831.0078125,0.650288999080658,0.167565703392029,0.155136033892632,-0.238005250692368,-0.0030529424548149,0.268067479133606,0.451200753450394,0.442548841238022,0.0304586756974459,2.82936835289001,1.40799415111542,0.228182971477509,0.304948508739471,0.0843596023639143,0.0841386988759041,0.0839585587382317,0.0832814176927568,0.0834769755601883,0.083008905351266,1.04922568798065,0.138368636369705,0.0430498458445072,0.130464881658554,8.76746348569792,24030.498046875,29179.484375,31308.5078125,31753.6953125,34315.63671875,0.011790880933404,68931.3046875,1.4828850030899,1.35097086429596,3.06122000206122
MYS,Malaysia,1965,,27599.736328125,32998.15234375,34524.51953125,33791.78125,0.0068994383327662,118853.6171875,0.642653286457062,0.174105554819107,0.159755319356918,-0.229210719466209,-0.0049977856688201,0.257694333791733,0.452385932207108,0.443185210227966,0.0306343827396631,2.90342879295349,1.42193293571472,0.242728129029274,0.304948508739471,0.0844512168283445,0.0843411907553673,0.0839882716536522,0.0839350492809844,0.0858094617724419,0.0821839499832576,1.03439545631409,0.140932634472847,0.0423816256225109,0.141741022467613,9.00088069464889,25476.4140625,31153.6015625,34232.046875,34096.2265625,36686.8828125,0.0124853299930692,72890.1484375,1.50888526439667,1.36682629585266,3.06122000206122
MYS,Malaysia,1966,,29241.6171875,34922.109375,36351.25390625,36293.79296875,0.0069848247803747,125556.0625,0.621128976345062,0.184562966227531,0.156514123082161,-0.207905620336533,-0.010817926377058,0.256517469882965,0.45403316617012,0.436864346265793,0.0308343097567558,2.97801375389099,1.43693518638611,0.244060471653938,0.304948508739471,0.085748266683971,0.0852790698409081,0.0848915353417397,0.0837000303806117,0.0850259363651276,0.0828965894778627,1.00155508518219,0.145839408040047,0.0424460954964161,0.134818986058235,9.23612632046021,26851.982421875,32868.46875,35942.9453125,36537.40625,39028.46484375,0.0132256867364049,77079.6875,1.53447020053864,1.36853337287903,3.06122000206122
MYS,Malaysia,1967,,29617.26953125,35695.48828125,36612.47265625,37331.59375,0.0070564155466854,132487.90625,0.60899144411087,0.184365227818489,0.162816971540451,-0.197475090622902,-0.0153970718383789,0.256698578596115,0.450107485055923,0.429580330848694,0.0310731045901775,3.05341649055481,1.45209574699402,0.238192528486252,0.304948508739471,0.0897542512584997,0.0883231908082962,0.0873961746692658,0.0835961517895726,0.0857126489281654,0.0828791114526967,0.991147756576538,0.147376194596291,0.0425492823123932,0.126878723502159,9.4741007805833,27104.501953125,33489.22265625,36101.67578125,37804.10546875,40111.5625,0.0140226325020194,81564.65625,1.51333093643188,1.3290923833847,3.06122000206122
MYS,Malaysia,1968,,30100.185546875,36414.80859375,37713.81640625,39230.16015625,0.007145413197577,139669.328125,0.588629603385925,0.178641960024834,0.160963490605354,-0.187941744923592,-0.0241800155490637,0.283886790275574,0.446435064077377,0.411863595247269,0.0313021056354046,3.12856340408325,1.46741616725922,0.234492614865303,0.304948508739471,0.0911797522441619,0.0895189791917801,0.0884096845984459,0.0840466802134567,0.0849924311041832,0.0831219952733327,0.943072080612183,0.156137719750404,0.0425899401307106,0.12091925740242,9.71150313752332,27447.0703125,34075.44921875,37099.01953125,40558.9609375,41944.171875,0.0148394666612148,86174.859375,1.54532098770142,1.28714847564697,3.06122000206122
MYS,Malaysia,1969,,31699.396484375,37677.78125,41395.7734375,40411.59375,0.0072176340036094,146016.515625,0.604034960269928,0.180378466844559,0.147937372326851,-0.179428383708,-0.040785875171423,0.287863522768021,0.441651910543442,0.409237593412399,0.0312905684113503,3.20320510864258,1.48289835453033,0.249105572700501,0.304948508739471,0.0916844827391049,0.0900547057390213,0.0888740718364716,0.0845970491696562,0.0910384878516197,0.0826139582921773,0.977784395217896,0.161315962672234,0.0426663756370544,0.141853466629982,9.94750860177684,28989.478515625,35346.4140625,40752.953125,42603.625,43415.7109375,0.0155189679935575,90167.7578125,1.55694437026978,1.28064012527466,3.06122000206122
NAM,Namibia,1960,,2619.12524414063,3067.54174804688,3210.048828125,2630.12353515625,,3644.41235351563,0.875553727149963,0.120264641940594,0.170492559671402,-0.46897292137146,-0.0389636941254139,0.341625720262527,,,0.0327604934573174,0.175371363759041,1.50184082984924,0.257223427295685,0.60167121887207,0.0787587680022411,0.0855642706155777,0.0858750343322754,0.135109840667403,0.104809924960136,0.0876902005852998,,0.10133370757103,0.0915525704622269,0.164681628346443,0.585466311480669,2697.80004882813,2965.09375,3330.60034179688,3152.4013671875,2908.7578125,,5583.0771484375,,,0.713265500625961
NAM,Namibia,1961,,2737.63793945313,3199.42895507813,3199.96606445313,2649.65966796875,,3943.8896484375,0.900238752365112,0.132964879274368,0.174283117055893,-0.492565870285034,-0.0559064410626888,0.340985596179962,,,0.0343176536262035,0.18076379597187,1.50692927837372,0.236051633954048,0.60167121887207,0.0811033513603711,0.0880582183599472,0.0881807506084442,0.13514616977485,0.106494955718517,0.0889071519881917,,0.105898045003414,0.0926603749394417,0.170486345887184,0.600431739523396,2832.0888671875,3104.69799804688,3323.15112304688,3200.6015625,2910.826171875,,6042.1748046875,,,0.713265500625961
NAM,Namibia,1962,,3086.60180664063,3594.74584960938,3631.13061523438,3145.91918945313,,4274.55078125,0.861578226089478,0.119566433131695,0.161524787545204,-0.409188657999039,-0.0549070797860622,0.321426331996918,,,0.0354749858379364,0.186384901404381,1.51203489303589,0.246641799807549,0.60167121887207,0.081411771424723,0.0879975333809853,0.0883470252156258,0.135453587514015,0.101973235607147,0.0904699045083953,,0.120437860488892,0.0932269021868706,0.173920601606369,0.615854041521984,3175.76782226563,3477.77709960938,3773.9833984375,3646.20751953125,3317.22387695313,,6550.72021484375,,,0.713265500625961
NAM,Namibia,1963,,3367.580078125,3914.81469726563,3904.95532226563,3380.54541015625,,4621.13330078125,0.875251471996307,0.12091325968504,0.161877647042274,-0.434871107339859,-0.0657510980963707,0.34257984161377,,,0.036381408572197,0.192247480154037,1.51715791225433,0.24401818215847,0.60167121887207,0.0830262363671955,0.0895936116576195,0.0899578928947449,0.137132686400988,0.103912681341171,0.0921995833186953,,0.122281044721603,0.0949748679995537,0.174401670694351,0.631747099733952,3469.20751953125,3792.06689453125,4066.72143554688,3891.85717773438,3534.45361328125,,7089.1064453125,,,0.715287230634499
NAM,Namibia,1964,,3637.4794921875,4219.95263671875,4498.6513671875,3819.9501953125,0.0002632177493069,4979.666015625,0.836715400218964,0.115516774356365,0.152481898665428,-0.410563498735428,-0.0477878712117672,0.353637278079987,1.03798747062683,1.15591192245483,0.0370205007493496,0.198365107178688,1.52229821681976,0.259379386901855,0.60167121887207,0.0846426277038058,0.0911104381084442,0.0916844084858894,0.137958329055011,0.107974223792553,0.0952687596009406,2.42888140678406,0.12802392244339,0.0980854630470276,0.182138577103615,0.648121842745002,3752.8056640625,4093.88256835938,4695.66650390625,4368.96728515625,3996.70971679688,0.0541960634291172,7652.47265625,1.40016448497772,1.05711352825165,0.717258594716646
NAM,Namibia,1965,,3814.27001953125,4485.8359375,4768.83642578125,3981.74267578125,0.0002748376864474,5415.68798828125,0.839068293571472,0.118871539831162,0.168661251664162,-0.457927346229553,-0.0601029954850674,0.391429275274277,1.00166571140289,1.13211607933044,0.0375668294727802,0.205034270882607,1.52745592594147,0.258053600788116,0.60167121887207,0.0882871749481787,0.0946859866380692,0.095079131424427,0.13985272466199,0.113873958587646,0.097312021677893,2.32702016830444,0.13323125243187,0.0993476137518883,0.19061453640461,0.665001072901522,3927.31005859375,4352.3427734375,4974.6845703125,4574.3564453125,4151.87841796875,0.0591435618698597,8331.1015625,1.37659430503845,1.05532217025757,0.716334424670879
NAM,Namibia,1966,,3838.18212890625,4649.94189453125,5004.29052734375,4238.54296875,0.0002902883279602,5971.5849609375,0.78170770406723,0.123835071921349,0.191518619656563,-0.443392485380173,-0.0490300431847572,0.395361065864563,0.976256251335144,1.07099056243896,0.0382761619985104,0.21171110868454,1.53762078285217,0.244923546910286,0.60167121887207,0.0912123906122108,0.0981317460536957,0.0985678434371948,0.141810130365863,0.116375401616097,0.100629805375334,2.20759558677673,0.139323949813843,0.102043643593788,0.191524907946587,0.682402630381257,3961.37060546875,4529.466796875,5214.4619140625,4868.5361328125,4371.01708984375,0.0655479654669762,9197.7001953125,1.37029910087585,1.02718830108643,0.716983400063224
NAM,Namibia,1967,,3878.57421875,4754.59423828125,4821.73095703125,4256.73193359375,0.0003093589039053,6564.63623046875,0.781304359436035,0.129858061671257,0.205796331167221,-0.438820332288742,-0.0625141263008118,0.384375661611557,0.921513855457306,1.02737808227539,0.0391749516129494,0.218689888715744,1.54785323143005,0.210917443037033,0.60167121887207,0.0944775018402319,0.101518362760544,0.101686730980873,0.14388040924721,0.115183673799038,0.102432182694542,1.98531949520111,0.14528115093708,0.103845588862896,0.188765123486519,0.700342287791681,4003.52514648438,4632.66455078125,5018.3466796875,4933.73974609375,4363.49072265625,0.0724169164896011,10110.267578125,1.31274354457855,0.993162870407105,0.717049620825613
NAM,Namibia,1968,,3909.599609375,4867.22119140625,4970.2568359375,4422.44384765625,0.0003282063116785,7204.1005859375,0.749033391475678,0.135002568364143,0.216536700725555,-0.42388916015625,-0.0545429885387421,0.377859443426132,0.882553577423096,0.965377449989319,0.0401374995708466,0.225988402962685,1.55815386772156,0.195865243673325,0.60167121887207,0.0962237172171385,0.103571765124798,0.103640757501125,0.144340888760152,0.116478852927685,0.103922403657634,1.81785428524017,0.149875566363335,0.104941725730896,0.191336736083031,0.718839952880807,4041.40576171875,4751.92236328125,5166.607421875,5129.6279296875,4510.87158203125,0.0799141079187393,11095.681640625,1.28293395042419,0.957577109336853,0.716998241620231
NAM,Namibia,1969,,4036.58740234375,5080.2080078125,5257.27294921875,4737.4306640625,0.0003485000925138,7881.02490234375,0.718205153942108,0.133857414126396,0.220292538404465,-0.397536814212799,-0.0439925901591778,0.369174361228943,0.884646892547607,0.942811548709869,0.0409936346113682,0.233625650405884,1.56852293014526,0.190804377198219,0.60167121887207,0.100162089220231,0.1074498295784,0.10685920715332,0.146551840363409,0.11858494579792,0.104574786946082,1.77215301990509,0.154670059680939,0.106343202292919,0.191502586007118,0.737981813792106,4192.4208984375,4971.23681640625,5474.2451171875,5503.26123046875,4830.875,0.0878264531493187,12139.1796875,1.29370415210724,0.94159746170044,0.718057118167348
NER,Niger,1960,,6687.25537109375,7431.56201171875,7670.93212890625,7774.84521484375,,45631.1015625,0.59950864315033,0.26060563325882,0.095732644200325,-0.0194886010140181,0.0408398099243641,0.0228018462657928,,,0.0399842411279678,1.7785187959671,1.00929474830627,0.187975704669952,0.503531992435455,0.0673647412424372,0.0555309653282166,0.0527739152312279,0.0283080262639385,0.0520685724914074,0.0280030740922073,,0.0876329988241196,0.0186865087598562,0.0528976581990719,3.75890005724163,6944.0517578125,8162.02734375,8095.08837890625,8082.978515625,8276.0380859375,,69657.828125,,,245.195098717111
NER,Niger,1961,,7280.640625,8079.06787109375,8187.29052734375,8322.3291015625,,44672.61328125,0.576529920101166,0.29830214381218,0.0959379449486733,-0.0258697308599949,0.0296255853027105,0.0254741180688143,,,0.0386541225016117,1.81058645248413,1.00931179523468,0.204566538333893,0.503531992435455,0.0707568533626684,0.056407056748867,0.0537092834711075,0.0286731369907508,0.0528377927839756,0.0291090041569914,,0.0873489379882813,0.0194085724651814,0.0546740666031837,3.8356014725614,7354.544921875,8651.2138671875,8614.9716796875,8482.576171875,8832.4892578125,,68257.9921875,,,245.260101158475
NER,Niger,1962,,7779.3583984375,9011.8681640625,8990.185546875,9214.689453125,,44332.37109375,0.565656185150147,0.278578251600266,0.133754879236221,-0.0301058515906334,0.0247387178242207,0.027377812191844,,,0.0377952605485916,1.84415149688721,1.00932884216309,0.227322846651077,0.503531992435455,0.0709514030768591,0.0568256601691246,0.0530894622206688,0.0281431910525223,0.0517960079014301,0.0295073148433789,,0.0989919304847717,0.0194358695298433,0.0574898682534695,3.91582566176475,7914.31494140625,9534.857421875,9457.541015625,9291.4130859375,9755.89453125,,67698.1484375,,,245.013900597112
NER,Niger,1963,,7744.56884765625,9467.75,9825.6748046875,10008.9482421875,,44403.6796875,0.525792598724365,0.247971937060356,0.172164082527161,-0.0226632431149483,0.042113870382309,0.0346207804977894,,,0.0374180376529694,1.87907230854034,1.00934588909149,0.2603819668293,0.503531992435455,0.0740712714192201,0.0594059564173222,0.053875420242548,0.0283100411835878,0.0528889112174511,0.0290192902723033,,0.100008852779865,0.0191409345716238,0.0567803122103214,3.99932822955038,7950.47021484375,9858.125,10341.5009765625,10181.5712890625,10592.58984375,,67993.375,,,245.016403038517
NER,Niger,1964,,8243.248046875,9716.9248046875,9621.1123046875,9898.9638671875,0.0019807105418294,44297.90625,0.587200880050659,0.245537549257278,0.148871853947639,-0.0327884331345558,0.0135705005377531,0.0376076437532902,0.412036448717117,0.407715827226639,0.0371750108897686,1.91483199596405,1.00936305522919,0.250849217176437,0.503531992435455,0.0710710792899316,0.0583987683057785,0.0540275350213051,0.0280930405625941,0.0525110438466072,0.0295763474840307,0.507005512714386,0.103327080607414,0.0194811783730984,0.0572329871356487,4.08501867354771,8644.5830078125,10490.7333984375,10129.203125,10070.2998046875,10478.751953125,0.364790707826614,67890.078125,1.0913337469101,1.00643122196198,245.027206261166
NER,Niger,1965,,8891.4248046875,10098.2060546875,10036.271484375,10327.4658203125,0.001875547459349,43846.84375,0.628138720989227,0.232810601592064,0.116851665079594,-0.0337864197790623,0.0144122391939163,0.041573204100132,0.42027935385704,0.412274450063705,0.0369422808289528,1.95146477222443,1.00938010215759,0.287137299776077,0.503531992435455,0.0765111808925467,0.0636108294129372,0.0596894584596157,0.0288048215650059,0.0580064468085766,0.0307972185410701,0.561526596546173,0.107899636030197,0.0201505497097969,0.0589700676500797,4.17296341797171,9471.291015625,11263.8154296875,10528.490234375,10650.9404296875,10898.421875,0.361805975437164,67386.15625,1.14203095436096,1.06914961338043,245.060897667394
NER,Niger,1966,,8689.9052734375,9838.904296875,9904.298828125,10255.630859375,0.0017668699147179,43493.171875,0.597297072410584,0.25003308057785,0.112035878002644,-0.0391679108142853,0.0230697747319937,0.0567321255803108,0.406862825155258,0.390322268009186,0.0366316176950932,1.98898792266846,1.009397149086,0.284587204456329,0.503531992435455,0.0829915064068836,0.0675875246524811,0.0635709166526794,0.0307893731550463,0.0613931380212307,0.0331932357303665,0.577030122280121,0.112096093595028,0.0215465817600489,0.0595712400972843,4.2632270546452,9057.97265625,10774.5615234375,10341.107421875,10559.7099609375,10762.5244140625,0.358456909656525,66841.21875,1.12409341335297,1.01534354686737,245.678405601562
NER,Niger,1967,,9109.4736328125,10374.2666015625,10067.3671875,10486.8056640625,0.0016836109571158,43233.40625,0.606838822364807,0.26182159781456,0.120608061552048,-0.0383397378027439,0.0041004274971783,0.044970765709877,0.415651202201843,0.410425961017609,0.0363890714943409,2.02741670608521,1.00941431522369,0.28191751241684,0.503531992435455,0.076131003045884,0.0624892264604569,0.0587219633162022,0.0308709079288226,0.0563732720911503,0.0315888467844235,0.548214018344879,0.114338636398315,0.0205299891531467,0.0541250258684158,4.35587875637137,9435.876953125,11263.3388671875,10466.1201171875,10667.34765625,10959.43359375,0.35666298866272,66526.609375,1.13406908512115,1.06001806259155,246.000900108188
NER,Niger,1968,,9333.4140625,10679.77734375,10306.787109375,10708.5126953125,0.0016054844018071,43091.07421875,0.59349000453949,0.278098285198212,0.125728294253349,-0.03378039970994,-0.0140814650803804,0.0505452789366245,0.415195375680923,0.41155019402504,0.0363727807998657,2.06678652763367,1.0094313621521,0.268253266811371,0.503531992435455,0.0726371436827223,0.0586947724223137,0.0553349070250988,0.0289403311926278,0.0532590411603451,0.0320432532882858,0.512817203998566,0.114643357694149,0.0207625757902861,0.053324144333601,4.4509890702475,9518.93359375,11407.9462890625,10672.078125,10786.537109375,11144.8759765625,0.355880290269852,66370,1.13794445991516,1.06539225578308,247.564697104238
NER,Niger,1969,,9024.806640625,9872.2509765625,9410.421875,9893.515625,0.0015206633834168,42375.87109375,0.610211908817291,0.301982194185257,0.0856565609574318,-0.0391162671148777,-0.0051434482447803,0.046409048140049,0.382350593805313,0.379178196191788,0.0360767431557179,2.10732841491699,1.00944840908051,0.266408920288086,0.503531992435455,0.0780215140374356,0.0618035979568958,0.059230163693428,0.0290322366573648,0.0563379861414433,0.0318245334981166,0.502227067947388,0.125840321183205,0.0208037402480841,0.052733413875103,4.54908664140512,9155.5341796875,10699.1884765625,9741.0556640625,10132.2431640625,10295.6640625,0.34988734126091,65389.62890625,1.06715178489685,0.997549533843994,259.960601637173
NGA,Nigeria,1955,,20545.51953125,56672.57421875,74656.5703125,72512.390625,0.0199360605329275,237842.1875,0.247688263654709,0.0356497764587402,0.498219072818756,-0.0889641642570496,0.250111818313599,0.0572952404618263,,,0.0299362558871508,13.7992286682129,,0.0927854403853416,0.330366373062134,0.0408863055931811,0.038832101970911,0.086139902472496,0.0245598591079486,0.088687039911747,0.11304392471597,1.36149501800537,0.057793453335762,0.136993497610092,0.0754627659916878,36.1526559449454,68521.9609375,77496.0859375,71404.1328125,109524.8828125,72289.9296875,0.0499520748853684,576193.125,,,0.714386016304071
NGA,Nigeria,1956,,20170.755859375,55554.05859375,72334.7734375,69861.4609375,0.0207934584468603,259513.59375,0.252834439277649,0.0358906500041485,0.506478130817413,-0.10151781141758,0.24430251121521,0.062012080103159,,,0.0293417554348707,14.1787424087524,,0.0780188888311386,0.330366373062134,0.0442623719120027,0.0420918576419354,0.0939173623919487,0.0268015081124872,0.0972423180937767,0.123461228996525,1.35505843162537,0.0586229935288429,0.151513636112213,0.0766571611166,37.2103872931808,67873.5234375,75187.1953125,68875.9140625,107826.8203125,69426.3125,0.0542064718902111,628127.6875,,,0.714285999714286
NGA,Nigeria,1957,,20842.263671875,62106.54296875,71172.8828125,68991.6875,0.0218151248991489,284464.09375,0.260747104883194,0.0413510724902153,0.598105072975159,-0.0991829261183739,0.143287867307663,0.0556918308138847,,,0.0289122480899096,14.5693988800049,,0.067724883556366,0.330366373062134,0.0447709645649062,0.0421965643763542,0.102598682045937,0.0259631973162081,0.105842366814613,0.133107315897775,1.30947434902191,0.063013918697834,0.164939165115356,0.0819991454482079,38.3009995335212,70005.40625,85502.78125,67538.2890625,110863.75,68521.984375,0.0593099072575569,689704.1875,,,0.714386016304071
NGA,Nigeria,1958,,22791.216796875,59520.6171875,75594.2109375,72957.1875,0.0222414713352919,306070.34375,0.265069305896759,0.0473223552107811,0.503437757492065,-0.0947247818112373,0.225903406739235,0.0529919490218163,,,0.0285704899579287,14.9713735580444,,0.0630318894982338,0.330366373062134,0.0430470449814166,0.0402170978486538,0.0981399863958359,0.0243655600778559,0.101687237620354,0.134082125764226,1.27563738822937,0.0649787411093712,0.164324671030045,0.0906808003783226,39.4251946262157,75793.3203125,79039.125,72051.4453125,118375.671875,72666.3984375,0.0635384023189545,741698.8125,,,0.714386016304071
NGA,Nigeria,1959,,24351.517578125,67143.921875,83414.59375,80443.890625,0.0226461458951235,332650.34375,0.249872758984566,0.0528415553271771,0.531953454017639,-0.0928073599934578,0.203116834163666,0.0550227425992489,,,0.0282962396740913,15.3849229812622,,0.0675220191478729,0.330366373062134,0.0427619463310806,0.0395123772323132,0.0967837646603584,0.0241460864702497,0.100357882678509,0.12937472271381,1.23563969135284,0.064775712788105,0.157230138778687,0.0945586785674095,40.5837589201773,80221.7265625,91283.3515625,79809.2578125,124103.53125,80273.2265625,0.0687815621495247,804919.625,,,0.714386016304071
NGA,Nigeria,1960,,30222.26171875,72645.4921875,95091.09375,90463.359375,0.023226086050272,360017.71875,0.284624308347702,0.0494585894048214,0.468954831361771,-0.110353104770184,0.25358185172081,0.0537335351109505,0.413040459156036,0.331996262073517,0.0281037651002407,15.8104085922241,1.15172266960144,0.0677058100700378,0.330366373062134,0.0410115737579373,0.0384242832660675,0.0962643474340439,0.0235349435660863,0.101188831031322,0.137469545820291,1.34048175811768,0.0600251369178295,0.164742767810822,0.0902461037039757,41.7778431699127,100041.4375,94505.609375,91170.7421875,154294.375,91227.890625,0.0739056468009949,866532.4375,1.5411524772644,0.917833507061005,0.714285999714286
NGA,Nigeria,1961,,28676.0078125,77509.2578125,98473.6796875,95161.03125,0.0238048024475575,391162.90625,0.252322167158127,0.0490197576582432,0.513164401054382,-0.102246031165123,0.228166967630386,0.0595728047192097,0.416266530752182,0.339650452136993,0.0279752686619759,16.2026195526123,1.15172493457794,0.069951243698597,0.330366373062134,0.046173012541589,0.0426501855254173,0.0998714193701744,0.0245169507547431,0.103348039090633,0.13347303680667,1.34404110908508,0.0631439164280891,0.15933433175087,0.0818787142634392,43.0086978619858,94397.9453125,105484.1171875,94495.53125,147866.953125,95959.8125,0.0800514668226242,939486.375,1.39220345020294,0.965671479701996,0.714285999714286
NGA,Nigeria,1962,,29245.4765625,75154.90625,102959.015625,99732.40625,0.0241544432938099,420396.15625,0.24629245698452,0.046947006136179,0.460326135158539,-0.082035094499588,0.279679119586945,0.0487904027104378,0.410224795341492,0.309625267982483,0.0278806071728468,16.5991096496582,1.15172731876373,0.0675002336502075,0.330366373062134,0.0493793323935333,0.0456131994724274,0.103357434272766,0.0258553966875664,0.106701321899891,0.14014198860163,1.31770777702332,0.0686550065875053,0.164711594581604,0.0943772122263908,44.2773586754526,96318.09375,101493.40625,99308.3984375,153470.953125,101275.984375,0.0856173560023308,1005719.625,1.36579763889313,0.878231108188629,0.714285999714286
NGA,Nigeria,1963,,31265.3359375,81878.8828125,107997.59375,105523.9140625,0.0246164742857218,452820.21875,0.250519782304764,0.045766968280077,0.479640573263168,-0.074766680598259,0.246864825487137,0.0519745536148548,0.406286388635635,0.316582351922989,0.0278056170791388,17.3844985961914,1.15172958374023,0.0654518231749535,0.330366373062134,0.047759604459859,0.0443017780780792,0.10464671254158,0.0253742932194154,0.107099838554859,0.141923385360893,1.29166042804718,0.0727975219488144,0.166040822863579,0.0943776220083237,45.5845736007426,103514.703125,111544.5859375,104286.9453125,166772.921875,106836.703125,0.0919283628463745,1079838,1.396404504776,0.908123672008514,0.714285999714286
NGA,Nigeria,1964,,33001.63671875,92356.3359375,108075.765625,105278.0546875,0.0249958317726851,493688.96875,0.259827733039856,0.0536434836685658,0.56378984451294,-0.0903060659766197,0.156736731529236,0.0563082285225391,0.367375761270523,0.324879437685013,0.027806444093585,18.1794738769531,1.15173184871674,0.0594897456467152,0.330366373062134,0.0489500610169053,0.0449148751795292,0.11557449400425,0.0253700350572961,0.118645824491978,0.154861743779082,1.30215287208557,0.0754721164703369,0.179614812135696,0.0972549542784691,46.9342091729982,108626.2890625,128893.5625,104538.4921875,172167.125,106734.6640625,0.0997334271669388,1169818.375,1.34283590316772,0.977495431900024,0.714285999714286
NGA,Nigeria,1965,,31393.4296875,111404.8046875,119879.8125,117640.109375,0.026623796671629,551549.125,0.210541740059853,0.0563181713223457,0.680136859416962,-0.0827579945325851,0.0731011033058167,0.0626600906252861,0.372617363929749,0.354005008935928,0.0279097929596901,19.1183891296387,1.15173423290253,0.0680427402257919,0.330366373062134,0.0547189112415029,0.0484402067959309,0.114614605903625,0.0249676848801251,0.116796717047691,0.140578929218186,1.22374367713928,0.0791330710053444,0.160731077194214,0.100031323730946,48.3305346914394,100816.7421875,166906.859375,116502.515625,164103.984375,120246.4296875,0.111177802085876,1300463.5,1.166539311409,1.15362656116486,0.714285999714286
NGA,Nigeria,1966,,29121.875,103744.0546875,119580.9296875,118245.921875,0.0277252979576588,604442.1875,0.196710228919983,0.0495720505714417,0.631076157093048,-0.0739907175302506,0.12814337015152,0.0684889331459999,0.346658766269684,0.304137706756592,0.0280078705400229,19.5341548919678,1.15173649787903,0.0618338659405708,0.330366373062134,0.0639509413163809,0.0568202622234821,0.121969416737556,0.028524533053418,0.123346462845802,0.14739436693371,1.14895629882813,0.0820468589663506,0.166274741292,0.0963694527745247,49.7655524122445,93864.4140625,156712,116668.6875,155751,120866.4375,0.121350049972534,1417429.5,1.03519701957703,1.0127569437027,0.714285999714286
NGA,Nigeria,1967,,25923.404296875,88682.21875,103749.2421875,102197.1328125,0.0282445587217808,643863.5625,0.195555210113525,0.0581055618822575,0.614095687866211,-0.072372205555439,0.141815200448036,0.0628005713224411,0.296271473169327,0.256613314151764,0.0280280597507954,18.8917503356934,1.15173888206482,0.0445324517786503,0.330366373062134,0.0617385920980916,0.0537707954645157,0.115414068102837,0.026955042583531,0.11716690659523,0.140876678015545,0.892750859260559,0.0846290290355682,0.158551067113876,0.103890001773834,51.2311034859609,82025.046875,132480.078125,101148.671875,131262.90625,104660.625,0.129038944840431,1506524.125,0.849828600883484,0.833970487117767,0.714285999714286
NGA,Nigeria,1968,,27504.95703125,82319.7890625,103921.5,102648.609375,0.0279928036034107,674672.875,0.19771283864975,0.0702397078275681,0.534004628658295,-0.0630659759044647,0.203535199165344,0.0575736090540886,0.287051826715469,0.228796109557152,0.0279642641544342,19.1279411315918,1.15174114704132,0.0387577898800373,0.330366373062134,0.0604083879247374,0.0513762570917606,0.114413164556026,0.0259523476687367,0.115831941366196,0.146043796084109,0.827041268348694,0.0835565105080605,0.163563549518585,0.100240036845207,52.7358492581759,84976.2265625,118973.59375,101438.921875,132145.96875,105014.7890625,0.134833961725235,1577272.375,0.827831149101257,0.724684834480286,0.714285999714286
NGA,Nigeria,1969,,34076.7109375,97542.015625,128957.2578125,127369.8671875,0.0279159657657146,713119.0625,0.178517743945122,0.0890236422419548,0.49827566742897,-0.062089703977108,0.230295121669769,0.0659775286912918,0.341875195503235,0.260200887918472,0.0278619173914194,20.1353778839111,1.15174353122711,0.0485097356140614,0.330366373062134,0.0653088090275092,0.0527337267994881,0.121524713933468,0.0275171072882899,0.12303926050663,0.158460973056741,1.03749251365662,0.0880500078201294,0.178291022777557,0.107691518962383,54.2893985290204,100650.21875,137406.953125,125465.5390625,155561.671875,130248.78125,0.14200134575367,1663256.5,0.925293028354645,0.79468709230423,0.714285999714286
NIC,Nicaragua,1955,,6460.56201171875,8038.68994140625,8388.970703125,8476.3740234375,,10975.7041015625,0.711280047893524,0.0509046018123627,0.186179623007774,-0.0714177563786507,0.0618213191628456,0.0612322315573692,,,0.0331521779298782,,1.2521026134491,,,0.0537575208957887,0.0536870956420898,0.0524973273277283,0.0527030688876498,0.0519560053944588,0.0476266371692232,,0.130316808819771,0.0477554649114609,0.134967476129532,1.5078612563454,7005.2900390625,9041.064453125,8375.8896484375,8654.5224609375,8565.771484375,,18809.68359375,,,2.0600040337896203e-9
NIC,Nicaragua,1956,,6495.2978515625,7979.22216796875,8325.1376953125,8421.978515625,,11758.7578125,0.718156278133392,0.0530754998326302,0.17619663476944,-0.0645662993192673,0.0635861307382584,0.053551722317934,,,0.0325264483690262,,1.26066982746124,,,0.0542189704017797,0.0541094914078712,0.0527727380394936,0.0526281493358348,0.0521659255027771,0.0469216193396178,,0.131887599825859,0.0477789640426636,0.137549206614494,1.55519887148225,7102.4443359375,9027.7666015625,8346.052734375,8686.7861328125,8547.2138671875,,20190.408203125,,,2.0600040337896203e-9
NIC,Nicaragua,1957,,6986.76171875,8463.1015625,9087.4306640625,9115.5087890625,,12460.48046875,0.714649677276611,0.0518200285732746,0.161959126591682,-0.0642575174570084,0.0791128277778626,0.0567158386111259,,,0.0319442972540855,,1.26929557323456,,,0.0545957781399407,0.0544175915420055,0.053101722151041,0.0519602040177872,0.0529381595551968,0.0468743915655403,,0.131621748209,0.0483758486807346,0.139406979084015,1.60412066955065,7669.38134765625,9609.546875,9124.5791015625,9261.517578125,9270.923828125,,21512.623046875,,,2.0600040337896203e-9
NIC,Nicaragua,1958,,6996.57275390625,8409.4375,9204.8271484375,9210.52734375,,13158.265625,0.707075119018555,0.0525527335703373,0.153396680951118,-0.0613620318472385,0.0891771465539932,0.0591603517532349,,,0.031416080892086,,1.27798044681549,,,0.0544645758715269,0.0542494617402554,0.0530807822942734,0.0513552137830827,0.0530479326844215,0.0472934141283271,,0.140640437602997,0.0483462624251843,0.143393278121948,1.65480270214935,7656.18212890625,9546.9111328125,9236.0126953125,9221.0595703125,9340.689453125,,22739.716796875,,,2.0600040337896203e-9
NIC,Nicaragua,1959,,6313.5078125,7821.59521484375,9696.22265625,9347.2119140625,,13939.9560546875,0.624686300754547,0.0507565960288048,0.16134087741375,-0.0515175871551037,0.144594132900238,0.0701397061347961,,,0.0309633668512106,,1.28672456741333,,,0.0543606042113749,0.0541259534657002,0.0528422333300114,0.0512380048797219,0.0548152774572372,0.047468001210102,,0.14396707713604,0.0481713004410267,0.143836140632629,1.70742200597799,6916.36083984375,8869.4345703125,9749.3974609375,9039.0390625,9489.154296875,,24081.384765625,,,2.0600040337896203e-9
NIC,Nicaragua,1960,,7093.00439453125,8474.53125,9415.388671875,9364.4423828125,,14667.3955078125,0.705685198307037,0.0517549440264702,0.14752896130085,-0.0611687861382961,0.100874453783035,0.0553252846002579,,,0.0305553916841745,,1.29552865028381,,,0.0536749013217475,0.054540079087019,0.0527501590549946,0.0663368998170435,0.0530371367931366,0.0435603811823855,,0.123115576803684,0.0436483882367611,0.135211557149887,1.7621566028371,7706.15087890625,9603.0498046875,9427.8876953125,9442.890625,9557.7822265625,,25236.310546875,,,2.0600040337896203e-9
NIC,Nicaragua,1961,,7466.67431640625,8973.0869140625,10136.9462890625,10036.69921875,,15388.0087890625,0.691471815109253,0.0524654276669025,0.150090411305428,-0.0557337552309036,0.108511686325073,0.0531944669783115,,,0.0301905311644077,,1.30673229694366,,,0.0541402226725124,0.0548379607498646,0.0528174489736557,0.064033830961613,0.0533449910581112,0.042802606917459,,0.127096071839333,0.0429174564778805,0.139482885599136,1.81896441484655,8129.591796875,10178.55078125,10168.068359375,10106.4599609375,10254.7919921875,,26540.111328125,,,2.0600040337896203e-9
NIC,Nicaragua,1962,,8377.05078125,10296.0361328125,11405.8818359375,11392.396484375,,16476.173828125,0.68649023771286,0.0488292165100575,0.168444439768791,-0.0553176775574684,0.0965158417820931,0.0550379566848278,,,0.0298933275043964,,1.31803286075592,,,0.0524427858247569,0.0532662756741047,0.0513543859124184,0.0648437479759388,0.0514151751995087,0.0430083160687807,,0.146475985646248,0.0426149107515812,0.147957310080528,1.87772821500253,9105.73046875,11636.3544921875,11455.625,11465.703125,11595.7783203125,,28409.42578125,,,2.0600040337896203e-9
NIC,Nicaragua,1963,,8966.26171875,11071.14453125,12423.845703125,12433.7744140625,,17652.9921875,0.680709719657898,0.0404117666184902,0.169287532567978,-0.0558748058974743,0.101083599030972,0.0643822178244591,,,0.0296502504497767,,1.32943105697632,,,0.053316228575225,0.0542639344930649,0.0522560067474842,0.0702274450107599,0.0522142797708511,0.0437027439131079,,0.153501808643341,0.0433198101818562,0.139540642499924,1.93850837591564,9743.1552734375,12502.333984375,12504.9619140625,12440.09765625,12655.9697265625,,30491.890625,,,2.0600040337896203e-9
NIC,Nicaragua,1964,,9697.833984375,12529.3662109375,13943.3828125,13957.7060546875,,19401.0078125,0.655062615871429,0.039738766849041,0.202865138649941,-0.0598794780671597,0.0946628749370575,0.0675500854849815,,,0.0295679066330194,,1.34092783927917,,,0.0562564955228507,0.0571627654135227,0.0539192818105221,0.0721019147108831,0.0538639463484287,0.0428105332412898,,0.150235176086426,0.0423684641718864,0.138556495308876,2.00136738112694,10573.37109375,14075.2119140625,14072.2626953125,14058.1552734375,14243.2060546875,,33533.5390625,,,2.0600040337896203e-9
NIC,Nicaragua,1965,,11126.396484375,14381.5244140625,15708.408203125,15707.275390625,,21417.27734375,0.668207883834839,0.0401515550911427,0.207236960530281,-0.0643069222569466,0.0856046378612518,0.0631059035658836,,,0.0298992302268744,,1.35252416133881,,,0.053649235321781,0.0550483502447605,0.05251195281744,0.0783326138543591,0.0525157414376736,0.043842264834938,,0.145879447460175,0.0430818125605583,0.147711247205734,2.06636785490616,12111.724609375,16161.8076171875,15873.244140625,15735.59765625,16048.4365234375,,37106.4296875,,,2.0600040337896203e-9
NIC,Nicaragua,1966,,11441.6435546875,15077.9345703125,15590.8447265625,15944.7431640625,,23733.890625,0.677084505558014,0.0404964350163937,0.228055790066719,-0.0643046200275421,0.0571879595518112,0.0614799186587334,,,0.0308402385562658,,1.3670140504837,,,0.0567283093158953,0.0585346929728985,0.055556770414114,0.0887366957625573,0.0543236695230007,0.0461866996472797,,0.162028193473816,0.0450162068009377,0.148010104894638,2.13334092281804,12429.8349609375,16888.416015625,15767.2724609375,16476.880859375,16282.9423828125,,41112.0546875,,,2.0600040337896203e-9
NIC,Nicaragua,1967,,12690.44921875,16325.568359375,16654.876953125,17128.45703125,,25885.609375,0.697901248931885,0.0429972670972347,0.212226867675781,-0.0683864057064056,0.0532080233097076,0.0620529241859913,,,0.0325273312628269,,1.38165903091431,,,0.0576290844610273,0.059559553861618,0.0564735196530819,0.0908935588788715,0.0549120977520943,0.0456999702457717,,0.157792329788208,0.0446174480021,0.144309654831886,2.20224422552507,13793.2265625,18372.61328125,16846.48828125,17483.9921875,17482.583984375,,44922.48046875,,,2.0600040337896203e-9
NIC,Nicaragua,1968,,12625.3974609375,15785.287109375,17238.640625,17424.875,,27525.68359375,0.683115541934967,0.0414461977779865,0.181343600153923,-0.0562619939446449,0.0901404023170471,0.0602162629365921,,,0.0343974605202675,,1.39646100997925,,,0.0602636311144145,0.0622421279549599,0.0591982565820217,0.0948516901214985,0.0585655532777309,0.0470364053672683,,0.173143237829208,0.0458308309316635,0.156100645661354,2.27333149686624,13695.0849609375,17847.462890625,17436.869140625,17434.501953125,17776.96484375,,47861.44140625,,,2.0600040337896203e-9
NIC,Nicaragua,1969,,12775.3173828125,16435.740234375,18042.97265625,18263.5234375,,29465.224609375,0.657372891902924,0.0421261787414551,0.200422614812851,-0.0484156012535095,0.091168038547039,0.057325903326273,,,0.0359418727457523,,1.41142153739929,,,0.0626596918895585,0.064471647143364,0.0605084523558617,0.0927469196342869,0.0597777515649796,0.0466764408578066,,0.184521704912186,0.0458517298102379,0.153661698102951,2.34685534485098,13952.955078125,18552.36328125,18303.205078125,18690.271484375,18684.361328125,,51294.7890625,,,2.0600040337896203e-9
NLD,Netherlands,1955,2056.73,89743.625,125236.0234375,126958.203125,126701.078125,0.0390267260372639,498164.78125,0.526603579521179,0.181706309318542,0.280127078294754,-0.281595200300217,0.0651654005050659,0.227992877364159,0.745290875434876,0.736296057701111,0.032027080655098,4.39916515350342,2.46717715263367,0.0834194496273994,0.694092690944672,0.0749300578243686,0.0682547762989998,0.0660474523901939,0.0489091228448745,0.0661814957857132,0.0604661767083658,0.414276570081711,0.0892316251993179,0.0403499267995358,0.0952319279313088,10.767128573084,128954.4453125,179842.828125,131237.84375,180405.671875,137767,0.0901552811264992,713767.125,0.546807944774628,0.615367770195007,1.7243649218414
NLD,Netherlands,1956,2073.98,95585.2578125,135605.5,132110.21875,131548.078125,0.0407159626483917,530676.4375,0.543171942234039,0.183446496725082,0.304225236177444,-0.31259149312973,0.0570242293179035,0.224723622202873,0.737838566303253,0.763353109359741,0.0326696075499058,4.47246551513672,2.47007894515991,0.0766116827726364,0.694092690944672,0.077188666310333,0.0709982961416245,0.0688346177339554,0.0526690594542292,0.0691287666559219,0.0636668378816861,0.423177927732468,0.0909266173839569,0.0431148521602154,0.100798971951008,10.9058471971124,138478.109375,194949.34375,136584.578125,188906.921875,143208.484375,0.0968204587697983,761289.875,0.550178289413452,0.640964984893799,1.7243649218414
NLD,Netherlands,1957,2089.48,95566.859375,137497.296875,135079.4375,135871.71875,0.0423130951821804,562200.4375,0.524981379508972,0.178379535675049,0.308603137731552,-0.301147371530533,0.0592564716935158,0.229926854372025,0.727826058864594,0.741489231586456,0.0332136936485767,4.50328302383423,2.47298383712769,0.0692488104104996,0.694092690944672,0.0816219720221166,0.075275756418705,0.0732031390070915,0.0565984635738067,0.0727762803435326,0.0684792849910701,0.417633295059204,0.0988766103982925,0.0469005666673183,0.105082549154758,11.0430872968667,138686.296875,197278.703125,139432.453125,194749.078125,148317.90625,0.103423535823822,809231.25,0.549917221069336,0.628867447376251,1.72391109206421
NLD,Netherlands,1958,2093.48,95590.2578125,132879.421875,137801.84375,136916.484375,0.0431057065725327,587652.4375,0.523739397525787,0.174425303936005,0.272349685430527,-0.274221181869507,0.0704805329442024,0.233226284384727,0.72420084476471,0.701104640960693,0.0334317050874233,4.47033977508545,2.47589230537415,0.0762113779783249,0.694092690944672,0.0827484300883743,0.0760900750756264,0.0723977833986282,0.0560973043732005,0.0728659406304359,0.0629326731461177,0.404347121715546,0.0972626879811287,0.0426808223128319,0.103499084711075,11.2038223698886,138281.609375,191376.21875,142158.15625,192816.96875,147931.953125,0.108102887868881,846420.75,0.538729429244995,0.603629410266876,1.7243649218414
NLD,Netherlands,1959,2106.06,98488.25,139618.609375,144933.4375,144816.53125,0.0446304380893707,618335.3125,0.517104506492615,0.16298533976078,0.28401705622673,-0.27930474281311,0.0714107006788254,0.243787169456482,0.721218228340149,0.69382631778717,0.0334766730666161,4.52346181869507,2.47880411148071,0.0760419592261314,0.694092690944672,0.083722848330752,0.0772133842110634,0.0734166130423546,0.0565607779818094,0.0734758898615837,0.0643251114974498,0.377507925033569,0.0984242185950279,0.0432994514703751,0.102293349802494,11.364829651837,143145.671875,201639.953125,149900.34375,202326.828125,156132.03125,0.113748393952847,890123.9375,0.549281179904938,0.617980539798737,1.7243649218414
NLD,Netherlands,1960,2103.61,105328.734375,150519.484375,154233.953125,153531.03125,0.0457845218479633,652593.6875,0.523885011672974,0.162156999111176,0.294342756271362,-0.317951261997223,0.069155216217041,0.26841127872467,0.731257200241089,0.717581987380981,0.0336401052772999,4.61588191986084,2.48171925544739,0.0681580007076263,0.694092690944672,0.0846121311747552,0.078831247985363,0.0771807581186295,0.0601547842399756,0.0775341168045998,0.0733338744578693,0.40397509932518,0.09476737678051,0.0489942096173763,0.0992387384176254,11.5034002324142,152244.296875,216868.96875,159270.234375,222335.515625,170730.65625,0.120506346225739,940596.125,0.584766447544098,0.64391416311264,1.7243649218414
NLD,Netherlands,1961,2055.75,110969.671875,158628.046875,159642.78125,157663.6875,0.0463876947760582,687946.25,0.537391185760498,0.166446641087532,0.302278727293015,-0.327709257602692,0.0630500391125679,0.258542597293854,0.729334056377411,0.735090732574463,0.0338277369737625,4.72212409973145,2.50298833847046,0.0676024928689003,0.694092690944672,0.0900949229697172,0.0842162221670151,0.0819602012634277,0.0652362050080463,0.0829890221357346,0.0767071853330317,0.419196724891663,0.0972849726676941,0.0512665025889874,0.105113156139851,11.656344399426,160320.25,228581.953125,164755.71875,228976.703125,174751.875,0.127502247691154,993682.125,0.588536202907562,0.663255453109741,1.65629796544863
NLD,Netherlands,1962,2005.8,117850.3125,166641.09375,168275.828125,166859.421875,0.0464967042207718,725562.625,0.541025698184967,0.16525936126709,0.292406469583511,-0.306690633296967,0.0634327903389931,0.244566306471825,0.740473508834839,0.740686118602753,0.0338965617120266,4.85809803009033,2.52443933486938,0.0720415040850639,0.694092690944672,0.0928434565204108,0.0875236019492149,0.0843995660543442,0.0701074800910014,0.0851159989833832,0.0768536849988384,0.417351931333542,0.104496650397778,0.0507546849548817,0.11234525591135,11.8235733268017,170171.34375,241001.171875,174086,239265.953125,182504.40625,0.134481862187386,1047690.625,0.599884033203125,0.682122707366943,1.64268438343521
NLD,Netherlands,1963,1974.85,126618.3203125,175846.8125,175698.9375,169934.546875,0.0467198304831982,761608.3125,0.570020079612732,0.175080418586731,0.289690881967545,-0.671221852302551,0.123342111706734,0.513088285923004,0.726987540721893,0.755463123321533,0.0338807962834835,4.96327590942383,2.5460741519928,0.0726780369877815,0.694092690944672,0.0961094427018716,0.0910281538963318,0.0876963287591934,0.0744846980831934,0.090671107172966,0.0791266938554679,0.423873662948608,0.102591380476952,0.052208136767149,0.112264692783356,11.9840934980396,183065.1875,255073.375,181981.765625,247433.140625,183906.078125,0.141207724809647,1100300.5,0.605089008808136,0.704179704189301,1.64268438343521
NLD,Netherlands,1964,1957.16,133079.578125,191743.125,188748.90625,189540.90625,0.0488663502037525,809567.9375,0.540948748588562,0.161166623234749,0.309503346681595,-0.651012480258942,0.113942362368107,0.525451421737671,0.768207371234894,0.783390283584595,0.0339165218174458,5.0907506942749,2.5653064250946,0.0700443759560585,0.694092690944672,0.102669386064623,0.0989219918847084,0.0960585996508598,0.0863440381526249,0.0956572145223618,0.0895629110341436,0.44167485833168,0.112166658043861,0.0589761026203632,0.115338973701,12.1454914236755,192880.671875,277956.46875,195753.546875,270716.625,204580,0.150730788707733,1170027.75,0.638271450996399,0.739816904067993,1.64268438343521
NLD,Netherlands,1965,1951.68,142475.0625,203470.828125,203290.34375,197453.796875,0.0489959865808487,857995.375,0.561292111873627,0.160269424319267,0.308911561965942,-0.6561079621315,0.100399523973465,0.52523535490036,0.765863239765167,0.791745543479919,0.0340470932424068,5.17680072784424,2.58008766174316,0.0746164619922638,0.694092690944672,0.106148693515225,0.103177785873413,0.0996090993285179,0.0927731342673656,0.102553449571133,0.0912732907621382,0.44769498705864,0.11337935179472,0.0596328414976597,0.121853440999985,12.310620999401,205916.203125,295335.90625,210785.015625,285865.53125,213293.28125,0.160534530878067,1242103.5,0.652140617370606,0.760593593120575,1.64268438343521
NLD,Netherlands,1966,1947.26,147424.78125,212957.703125,211184.484375,204593.828125,0.0494356155395508,911829.4375,0.559611082077026,0.160961881279945,0.320307433605194,-0.684859335422516,0.0830307230353355,0.560948193073273,0.751360356807709,0.782059848308563,0.0341933481395245,5.26178884506226,2.59495425224304,0.0745380818843842,0.694092690944672,0.111771456038493,0.109013259410858,0.104409329593182,0.0994239197955213,0.107772715389729,0.094052188683795,0.445021390914917,0.113647535443306,0.0609960742294788,0.121186271309853,12.4736674605,212063.75,308399.1875,218724.359375,294098.25,216987.8125,0.171436622738838,1321022.125,0.648613154888153,0.767827212810516,1.64268438343521
NLD,Netherlands,1967,1929.91,155269.375,225744,225112.84375,217296.953125,0.0499638915061951,969264.6875,0.556184232234955,0.158364996314049,0.324324011802673,-0.659902811050415,0.081713929772377,0.539315640926361,0.778865814208984,0.807637751102448,0.0343185551464558,5.29259634017944,2.60990619659424,0.0769247710704804,0.694092690944672,0.11496258348868,0.113178431987762,0.107459984719753,0.106912409585058,0.111325174570084,0.094861115726727,0.465762734413147,0.115452282130718,0.0615920946002007,0.123820535838604,12.6159047430722,222733.421875,326041.40625,232628.46875,310557.15625,228746.8125,0.183152720332146,1406162.5,0.669974803924561,0.794047892093658,1.64268438343521
NLD,Netherlands,1968,1906.87,165160.890625,242831.28125,244336.25,233568.703125,0.0507308132946491,1034217.625,0.554095566272736,0.15302349627018,0.332537621259689,-0.699516594409943,0.0497314147651196,0.610128462314606,0.798723459243774,0.82532262802124,0.0344569198787212,5.38927221298218,2.62494468688965,0.0798185244202614,0.694092690944672,0.117359973565853,0.116096794605255,0.109777398407459,0.11152285280594,0.114838160574436,0.096339617954173,0.470298737287521,0.113078229129314,0.0623847097158432,0.121443890035152,12.7439565976606,236189.65625,349850.71875,252191.25,332858.15625,243186.15625,0.196424320340157,1502555.625,0.697130441665649,0.827169597148895,1.64268438343521
NLD,Netherlands,1969,,177147.75,254101.859375,256904.078125,255143.71875,0.0517186187207699,1095708.875,0.545689046382904,0.148616686463356,0.301610827445984,-0.332997798919678,0.0417504794895649,0.295330762863159,0.842929899692535,0.834315538406372,0.0344989895820618,5.52525758743286,2.64006948471069,0.0706508532166481,0.694092690944672,0.130111472509635,0.136499479413033,0.132680013775826,0.159954897032936,0.133595421910286,0.12388764302746,0.556428492069244,0.129392683506012,0.0807393863797188,0.131943643093109,12.8925014863737,253897.875,366817.625,265085.46875,357150.21875,265542.1875,0.208360895514488,1591719.75,0.726672768592835,0.842548966407776,1.64268438343521
NOR,Norway,1955,2062.29,28850.041015625,42970.30078125,42081.37109375,40785.91796875,0.0145901590585709,181580.890625,0.559831202030182,0.147521764039993,0.346204251050949,-0.333007276058197,0.0951242744922638,0.184325784444809,0.605105340480804,0.637186944484711,0.0562837533652782,1.51630091667175,2.59016084671021,0.0972748920321465,0.52678644657135,0.100657777893878,0.094211220741272,0.0937390103936195,0.0697471302234725,0.0967163667082787,0.0927742004350047,0.806404769420624,0.0817476809024811,0.0719726458191872,0.0866913795471191,3.42560471278218,35465.703125,58046.33984375,42305.28515625,73867.765625,44742.92578125,0.0971845015883446,272375.875,0.571711599826813,0.597183167934418,7.14389998799515
NOR,Norway,1956,2051.84,29502.095703125,43911.875,44409.25,42291.44140625,0.0146693205460906,188358.65625,0.550471425056458,0.147118806838989,0.340725630521774,-0.339812785387039,0.111534602940083,0.189962312579155,0.615125894546509,0.641010463237763,0.0583792589604855,1.5176614522934,2.58981609344482,0.0920706763863564,0.52678644657135,0.105410434007931,0.0991516709327698,0.0995877310633659,0.0757334016611129,0.104574747383595,0.100480519276788,0.883651494979858,0.0858549848198891,0.0809181407094002,0.0983465537428856,3.45817055905588,36499.67578125,59310.30859375,44638.484375,76024.6640625,46450.58203125,0.101576320827007,282140.96875,0.577537953853607,0.598917305469513,7.14290006046454
NOR,Norway,1957,2041.45,30473.873046875,45524.421875,46197.21484375,44077.41796875,0.0147292744368315,195604.828125,0.543594717979431,0.147776857018471,0.341457098722458,-0.331655204296112,0.114487335085869,0.184339195489883,0.62813538312912,0.65312135219574,0.0600685141980648,1.51870930194855,2.58947110176086,0.0933561623096466,0.52678644657135,0.108267896483938,0.102127149701118,0.101924635469913,0.079538513568378,0.106826461851597,0.10151458462853,0.883755087852478,0.0907452777028084,0.0814821720123291,0.105358153581619,3.49009992453085,37762.6640625,61393.85546875,46369.6875,79143.1328125,48633.94140625,0.10572837293148,291926.40625,0.591343343257904,0.609764456748962,7.14190013293394
NOR,Norway,1958,2031.11,30856.548828125,46335.26171875,45353.59765625,44148.3828125,0.0149952210485935,203062.21875,0.543965995311737,0.154962167143822,0.350606620311737,-0.321254938840866,0.094728983938694,0.176991194486618,0.622581720352173,0.651800751686096,0.0616017952561379,1.50292980670929,2.5891261100769,0.0889770090579987,0.52678644657135,0.111885378458291,0.104877859354019,0.104102253913879,0.0802792534416301,0.106944158673286,0.102556124591809,0.850932538509369,0.0935193747282028,0.080444298684597,0.0994290634989739,3.52113855049789,37987.0546875,62425.5390625,45535.76953125,80318.5,48239.8828125,0.11007995903492,301932.5625,0.593655705451965,0.613326907157898,7.14290006046454
NOR,Norway,1959,2020.83,32133.03125,46891.10546875,46653.73828125,45501.53125,0.014696747995913,209077.96875,0.547189474105835,0.159007221460342,0.324342340230942,-0.318998664617538,0.101058647036552,0.187400951981545,0.626031696796417,0.64375364780426,0.0626338198781014,1.50187933444977,2.5887815952301,0.0895661413669586,0.52678644657135,0.114156624133745,0.107147462666035,0.106544278562069,0.083026935490679,0.109242238104343,0.105230971126163,0.828432023525238,0.0935051515698433,0.0817694291472435,0.0972905308008194,3.550980706944,39563.7578125,63345.1875,46980.47265625,82730.53125,49551.2734375,0.113334879279137,310340.40625,0.604988992214203,0.615752160549164,7.14290006046454
NOR,Norway,1960,2010.6,34131.52734375,49018.3984375,48430.3515625,44975.28125,0.0144803281873465,213933.578125,0.593786895275116,0.165108293294907,0.331001162528992,-0.404432892799377,0.0994410514831543,0.215095475316048,0.60817688703537,0.663467586040497,0.0627013742923737,1.51450192928314,2.58843660354614,0.0838853046298027,0.52678644657135,0.113408053042032,0.107248552143574,0.109501644968987,0.0850968328377238,0.117913730442524,0.114667374560266,0.880260944366455,0.0813989117741585,0.0892317071557045,0.0918811485171318,3.57935378659333,41833.41796875,66174.5859375,48692.55859375,86314.1640625,50753.24609375,0.116502143442631,318720.15625,0.621979415416718,0.633863687515259,7.14290006046454
NOR,Norway,1961,2002.68,36215.35546875,52868.43359375,51546.28515625,47789.125,0.0145147135481238,221191.65625,0.589347243309021,0.168468564748764,0.348470002412796,-0.405014485120773,0.0903538018465042,0.208374857902527,0.62706583738327,0.694939136505127,0.0628718659281731,1.53469169139862,2.60643982887268,0.0877824500203133,0.52678644657135,0.117094047661097,0.110088720917702,0.112231336534023,0.0855822656414089,0.121054917573929,0.116890857343754,0.916302144527435,0.0829638168215752,0.0914468988776207,0.0938633233308792,3.60789986701387,44318.42578125,71388.984375,51807.48828125,91728.9453125,53611.63671875,0.121006175875664,329455.34375,0.643713116645813,0.665928840637207,7.14290006046454
NOR,Norway,1962,1994.79,37525.578125,53858.52734375,52893.1484375,49357.16015625,0.0143525488674641,227509.765625,0.588460803031921,0.171825587749481,0.33091351389885,-0.370439440011978,0.0910896062850952,0.188149929046631,0.625522196292877,0.683659970760346,0.0631883442401886,1.54310691356659,2.62456846237183,0.0889245271682739,0.52678644657135,0.122222888512529,0.11612431704998,0.117811098694801,0.0952382101970551,0.126251190900803,0.121686541404545,0.917670130729675,0.0904733464121819,0.0953964740037918,0.1047592908144,3.63700355322588,45823.08203125,72843.984375,53304.421875,94310.140625,54628.984375,0.125054612755775,339327.4375,0.648705244064331,0.666029393672943,7.14290006046454
NOR,Norway,1963,1985.79,39021.54296875,55350.0546875,54549.40625,51520.91796875,0.0141398040577769,233726.1875,0.580986320972443,0.176405921578407,0.31692972779274,-0.380012452602387,0.0866838842630386,0.219006568193436,0.634701192378998,0.684758245944977,0.063390351831913,1.54944384098053,2.64282298088074,0.085304468870163,0.52678644657135,0.126240892237326,0.119617559015751,0.122580178081989,0.0978038462757312,0.129785656929016,0.129660175217053,0.940202355384827,0.0930087342858315,0.102752424776554,0.10131760686636,3.66460980576539,47645.71875,74848.6953125,55042.25,97879.828125,56476.4375,0.129148200154305,348666.84375,0.660805761814117,0.671700298786163,7.14290006046454
NOR,Norway,1964,1995.79,40688.4375,57829.5234375,58227.35546875,54724,0.0134438369423151,240217.265625,0.565173029899597,0.178347885608673,0.313227951526642,-0.375605851411819,0.0899219214916229,0.228935047984123,0.655235946178436,0.697994828224182,0.0636563897132874,1.55380129814148,2.66120433807373,0.0944190695881844,0.52678644657135,0.132644420950996,0.125074967741966,0.12628473341465,0.101087884222341,0.134369298815727,0.129156365344285,1.00719571113586,0.0964406132698059,0.102890715003014,0.109458863735199,3.69239430152372,49667.03515625,78246.9375,58827.77734375,102783.265625,59917.6875,0.133500963449478,358721.09375,0.677818298339844,0.685912787914276,7.14290006046454
NOR,Norway,1965,1950.79,42575.58984375,61859.453125,61703.9609375,57531.77734375,0.0133283864706755,249335.53125,0.550728738307953,0.189307332038879,0.335186302661896,-0.377943813800812,0.0701933801174164,0.23252809047699,0.671972155570984,0.724848389625549,0.0643800497055054,1.56765568256378,2.6797137260437,0.0958526507019997,0.52678644657135,0.138270654896392,0.129475250840187,0.131458938121796,0.103887840515933,0.140992283821106,0.135838578032321,1.01981127262115,0.101441122591496,0.10814843326807,0.120789781212807,3.72119321089501,51554.8984375,83536.8984375,62307.5546875,108215.96875,63180.8984375,0.13960337638855,371674.0625,0.701289474964142,0.719606339931488,7.14290006046454
NOR,Norway,1966,1951.79,44307.484375,64814.03515625,64233.30078125,60349.9453125,0.0131610594689846,258862.984375,0.543874084949493,0.190301954746246,0.339794039726257,-0.378969639539719,0.0660267546772957,0.238972797989845,0.676403045654297,0.726421058177948,0.0655389949679375,1.57399022579193,2.69835186004639,0.0963422954082489,0.52678644657135,0.143050494183877,0.134293630719185,0.136282324790955,0.109266947364047,0.145051717758179,0.140579181581537,1.02658677101135,0.10511239618063,0.111766077578068,0.121125482022762,3.75165206981476,53352.34765625,87439.2578125,64762.21875,112313.2890625,65412.12109375,0.146436288952827,385843.21875,0.707279443740845,0.731942594051361,7.14290006046454
NOR,Norway,1967,1935.79,46843.1015625,70059.7890625,69217.5234375,64351.5078125,0.0129617340862751,270871.09375,0.528861522674561,0.199063956737518,0.360779225826263,-0.389976322650909,0.0747223570942879,0.22654926776886,0.710488677024841,0.77207362651825,0.0667998343706131,1.5833957195282,2.71711945533752,0.106042578816414,0.52678644657135,0.149741271145133,0.139318123459816,0.138363003730774,0.111626513219322,0.148825481534004,0.136435901807628,1.09954798221588,0.109434343874455,0.109002366662025,0.131297066807747,3.78402609016447,56021.16015625,94101.5390625,69590.0234375,119340.3046875,69527.109375,0.154576405882835,403052.15625,0.730741143226624,0.765920698642731,7.14290006046454
NOR,Norway,1968,1896.8,48848.52734375,70085.2890625,72277.5703125,67362.8984375,0.0126871997490525,280080.5625,0.523858547210693,0.201296225190163,0.31525906920433,-0.355225026607513,0.0758698508143425,0.238941296935081,0.730169475078583,0.755034804344177,0.0672881975769997,1.584876537323,2.73601770401001,0.112463973462582,0.52678644657135,0.154355057333573,0.143663674592972,0.141491889953613,0.115840166594398,0.151814877986908,0.136496367182341,1.10912728309631,0.109157711267471,0.107477739453316,0.13334709405899,3.81697272876927,58143.73046875,94038.625,72537.8671875,122035.484375,72122.34375,0.159987166523933,416200.75,0.740026473999023,0.75801557302475,7.14290006046454
NOR,Norway,1969,1848.8,52128.08203125,72058.9453125,74595.0234375,69908.8984375,0.0124321905896068,286550.4375,0.539690852165222,0.205966502428055,0.285097658634186,-0.348923921585083,0.0627404674887657,0.255428463220596,0.75487232208252,0.773294806480408,0.0659490749239922,1.59883666038513,2.75504755973816,0.10932557284832,0.52678644657135,0.160932243907799,0.149784922599792,0.149285525083542,0.120575771328901,0.15929239988327,0.147979355155136,1.16984140872955,0.116449914872646,0.117093227803707,0.141149878501892,3.84894975285889,62229.4765625,96779.1015625,74793.5,127533.3125,74992.9140625,0.163498625159264,426640.6875,0.76947546005249,0.776181697845459,7.14290006046454
NPL,Nepal,1960,,8585.1640625,8795.6357421875,8480.498046875,8487.79296875,,3726.85424804688,0.801376938819885,0.210094958543777,0.0247969273477793,-0.0007142741815187,-0.035759475082159,0.000204888448934,,,0.0394303984940052,,1.01067626476288,,,0.0653175847546807,0.0553441867232323,0.0596970170736313,0.0173020950174761,0.0596457086503506,0.237249941993511,,0.155785620212555,0.200351014733315,0.135320022702217,10.4704332443805,11231,10371.9951171875,8402.626953125,12939.978515625,8516.9501953125,,7710.513671875,,,7.5000000075
NPL,Nepal,1961,,8676.5,8884.7919921875,8470.4814453125,8477.3740234375,,3815.73486328125,0.836412012577057,0.187077075242996,0.0245703253895044,-0.0008311491692438,-0.0474313460290432,0.0002031073672696,,,0.037138145416975,,1.01273989677429,,,0.0785016487737983,0.0678843110799789,0.0724098309874535,0.0204147267459942,0.0723509564995766,0.260922541612307,,0.16258879005909,0.220825806260109,0.137805283069611,10.6180508328156,11622.3798828125,10692.197265625,8386.7451171875,13182.044921875,8500.2685546875,,7925.4697265625,,,7.61899996565733
NPL,Nepal,1962,,8888.5751953125,9103.41796875,8708.8125,8716.869140625,,3922.82861328125,0.82099187374115,0.198706194758415,0.0246467906981707,-0.0008383650565519,-0.0437577739357948,0.0002511967322789,,,0.0352345779538155,,1.01480782032013,,,0.0794248683434097,0.0679368749260902,0.0724462494254112,0.0204720851275149,0.0723792910575867,0.259010031956189,,0.174878790974617,0.217260196805,0.136094868183136,10.7806772592209,11774.8544921875,10859.5068359375,8614.3095703125,13410.0595703125,8731.134765625,,8169.8291015625,,,7.61899996565733
NPL,Nepal,1963,,9176.564453125,9434.0263671875,8771.232421875,8782.4580078125,,4087.36181640625,0.858380377292633,0.186493933200836,0.0293154884129763,-0.0012160539627075,-0.073113851249218,0.0001400447217747,,,0.0336651057004929,,1.0168799161911,,,0.0845786271273293,0.0733467936515808,0.0786199048161507,0.0216497668078507,0.07851941883564,0.266565995553614,,0.173970967531204,0.223575130105019,0.136592373251915,10.9562566819704,12362.7080078125,11537.162109375,8690.275390625,13699.0693359375,8811.16015625,,8523.560546875,,,7.61899996565733
NPL,Nepal,1964,,9843.3544921875,10262.5712890625,9585.123046875,9697.6884765625,,4446.60888671875,0.825494050979614,0.189526632428169,0.0432285517454147,-0.0199572183191776,-0.0453931242227554,0.0071010743267834,,,0.0324808694422245,,1.01895618438721,,,0.104664328480989,0.0893814191222191,0.0909717977046967,0.0228158480922759,0.0899158418178558,0.12831437840214,,0.158851787447929,0.107430435717106,0.126292377710342,11.1407629949558,13207.890625,12750.5458984375,9512.7041015625,14757.1103515625,9744.35546875,,9269.732421875,,,7.61899996565733
NPL,Nepal,1965,,9689.8642578125,10045.0556640625,9485.2509765625,9569.7255859375,,4725.20263671875,0.807219624519348,0.205334350466728,0.037116140127182,-0.0184151101857424,-0.0482321381568909,0.0169771313667297,,,0.0316023677587509,,1.02103674411774,,,0.113039984158124,0.0958127900958061,0.0980938151478767,0.0280884725951819,0.0972279161214829,0.160321701286248,,0.200910687446594,0.132943525910378,0.156155288219452,11.3340419603013,12803.1494140625,12270.650390625,9380.564453125,14539.1611328125,9580.0556640625,,9853.0625,,,7.61899996565733
NPL,Nepal,1966,,10204.4384765625,10504.2353515625,10185.384765625,10347.5234375,,4937.37109375,0.776528596878052,0.209643438458443,0.0289728604257107,-0.0153188481926918,-0.008128841407597,0.008302784524858,,,0.0308449696749449,,1.02356672286987,,,0.125380671491992,0.105345845222473,0.107356041669846,0.0311359690833341,0.105673842132092,0.175778545245777,,0.265247821807861,0.144546926021576,0.194417014718056,11.5375941632788,13347.37109375,12657.57421875,10027.6982421875,15512.625,10309.1552734375,,10293.9892578125,,,7.61724997328497
NPL,Nepal,1967,,9700.7373046875,10023.30859375,10011.783203125,10101.8642578125,,5169.97119140625,0.751336455345154,0.208955377340317,0.0319318436086178,-0.0121734412387013,0.0075706844218075,0.0123790865764022,,,0.0301991235464811,,1.02610301971436,,,0.113152679991753,0.0943186283111572,0.0960590243339539,0.0265974147791381,0.0952024310827255,0.148398312099615,,0.280879497528076,0.122066751122475,0.209137231111527,11.7506752817508,12632.671875,12054.2060546875,9826.791015625,15183.7568359375,10031.9716796875,,10783.3017578125,,,8.03416729776805
NPL,Nepal,1968,,9797.4453125,10130.9697265625,10061.5595703125,10186.107421875,,5414.92333984375,0.751333236694336,0.210510700941086,0.0327430367469788,-0.015530058182776,0.0053086085245013,0.0156345013529062,,,0.0295882243663073,,1.02864563465118,,,0.0994689265395526,0.0827907174825668,0.0848454982042313,0.0232645769772154,0.083808071911335,0.145205576772585,,0.241385668516159,0.118927285075188,0.174337074160576,11.971283208577,12729.4189453125,12165.6611328125,9842.7783203125,15272.6455078125,10080.9873046875,,11295.6787109375,,,10.125000010125
NPL,Nepal,1969,,10616.9970703125,10908.8935546875,10568.072265625,10713.06640625,,5604.69580078125,0.766790330410004,0.2242421656847,0.0272467453032732,-0.0153882801532745,-0.0185670461505651,0.0156761519610882,,,0.0290033165365458,,1.03119444847107,,,0.106833222981192,0.0881672278046608,0.0900190323591232,0.0243393280941472,0.0888006761670113,0.15737396958508,,0.270794451236725,0.129742428660393,0.188311696052551,12.1996925866852,13779.5107421875,13021.3505859375,10362.4345703125,16051.4267578125,10625.6923828125,,11689.5634765625,,,10.125000010125
NZL,New Zealand,1955,,22888.1640625,30702.232421875,30476.70703125,29018.125,0.0054462170228362,67251.484375,0.632481753826141,0.156272366642952,0.269282341003418,-0.178882583975792,-0.0816983357071877,0.20254448056221,0.892384111881256,0.943691313266754,0.0253293924033642,0.926570951938629,2.79691362380981,0.105526104569435,0.628498494625092,0.110585214149705,0.103785008192062,0.101858146488667,0.0762625050021877,0.106977999210358,0.09621420257766,1.33467400074005,0.0952164232730866,0.115090757608414,0.123335115611553,2.13173190840218,28401.083984375,35206.390625,31426.634765625,35522.05859375,29661.177734375,0.0726867765188217,74073.171875,0.8697469830513,0.802789568901062,0.71442239257171
NZL,New Zealand,1956,,23027.654296875,30534.84765625,30816.46875,29606.064453125,0.005537633318454,70593.171875,0.61410266160965,0.1636992841959,0.253569453954697,-0.167563304305077,-0.0746055543422699,0.2107974588871,0.881416857242584,0.912363529205322,0.0255036782473326,0.943236708641052,2.8071882724762,0.101738959550858,0.628498494625092,0.11633322691229,0.108329690992832,0.105718351900578,0.0783051856148255,0.110040508210659,0.0977082857280436,1.35370552539825,0.0988389626145363,0.11808467656374,0.122283428907394,2.17376537107637,28661.322265625,35012.26171875,31823.162109375,36023.5390625,30354.861328125,0.0761550068855286,77524.0078125,0.859255313873291,0.777752578258514,0.714322375979484
NZL,New Zealand,1957,,24254.8359375,32446.33203125,31905.513671875,30867.287109375,0.0056239813566207,74194.65625,0.622868776321411,0.162909269332886,0.265377908945084,-0.171365424990654,-0.080625593662262,0.200835108757019,0.889439225196838,0.941229522228241,0.0256822910159826,0.961897015571594,2.81750059127808,0.0994839072227478,0.628498494625092,0.119607704221866,0.111249186098576,0.108276553452015,0.0792911558047045,0.111918456852436,0.0994746546691235,1.33314692974091,0.102208353579044,0.1210917532444,0.122694611549377,2.22477735154064,30302.177734375,37217.94921875,32927.07421875,37902.109375,31699.482421875,0.0798930004239082,81362.7578125,0.882922053337097,0.807415008544922,0.714322375979484
NZL,New Zealand,1958,,23594.033203125,31582.28515625,31878.55859375,32087.603515625,0.0056230658665299,77580.4375,0.575321853160858,0.159978702664375,0.248951360583305,-0.136525809764862,-0.0640543028712273,0.216328173875809,0.914197146892548,0.897569835186005,0.0258195828646421,0.977876365184784,2.82785081863403,0.096021294593811,0.628498494625092,0.125336801733931,0.115848898887634,0.112493202090263,0.081728120672547,0.111760333180428,0.10258185666649,1.35310459136963,0.108645975589752,0.123489819467068,0.106460437178612,2.2767950344905,29247.111328125,36095.43359375,32869.796875,38153.05078125,32808.66015625,0.0833607986569405,84949.3359375,0.873344838619232,0.769474387168884,0.714322375979484
NZL,New Zealand,1959,,24534.55078125,32642.875,34488.43359375,33614.53515625,0.0055514019913971,80945.1328125,0.572334110736847,0.157545134425163,0.241214841604233,-0.125678762793541,-0.0522749722003937,0.206859603524208,0.912958145141602,0.884650051593781,0.0259054228663445,0.993822693824768,2.83823919296265,0.0989039614796639,0.628498494625092,0.121005825627052,0.113226540386677,0.11081625521183,0.0849657468198872,0.113697223365307,0.103523106194427,1.3238513469696,0.108125060796738,0.123418442904949,0.123836398124695,2.32628097385173,30467.46484375,37436.44921875,35647.30859375,39616.109375,34379.78515625,0.086880624294281,88552.421875,0.874692440032959,0.769774734973908,0.714322375979484
NZL,New Zealand,1960,,30195.69140625,38697.5390625,38452.00390625,37292.90234375,0.0055914572440087,84217.3515625,0.64710146188736,0.162588596343994,0.227974966168404,-0.172040447592735,-0.0665387958288193,0.200914278626442,0.982636451721191,1.02059805393219,0.0259413812309504,1.00962722301483,2.84866547584534,0.0915817841887474,0.628498494625092,0.111173790916246,0.104758813977242,0.106765598058701,0.0792272619622896,0.110083982348442,0.113893029651515,1.38541615009308,0.0860083699226379,0.134374603629112,0.106606833636761,2.36682075301409,37416.9765625,44398.58984375,39635.703125,45901.046875,38925.140625,0.0905445739626885,92429.6640625,0.991703987121582,0.89333438873291,0.714322375979484
NZL,New Zealand,1961,,31116.83203125,40437.53125,40540.09375,39558.54296875,0.0056060310453176,88426.6875,0.628065824508667,0.158536225557327,0.235617831349373,-0.157915532588959,-0.0648945346474648,0.200590223073959,1.01072454452515,1.03500699996948,0.025964917615056,1.03056538105011,2.86057043075562,0.0920080244541168,0.628498494625092,0.10583903642167,0.100895412266254,0.103133000433445,0.0813104970854105,0.105692006647587,0.110603123209528,1.34606492519379,0.088821604847908,0.129800513386726,0.105451531708241,2.42739868430295,38553.87890625,46455.3515625,41776.3984375,48307.7421875,41275.75,0.0949051976203919,96892.796875,1.01462662220001,0.9086794257164,0.715548622315518
NZL,New Zealand,1962,,32291.375,40940.83984375,41934.6640625,41039.2109375,0.0055641648359596,91956.21875,0.625454246997833,0.161387771368027,0.210761040449142,-0.133387997746468,-0.0527350567281246,0.188519984483719,0.994765222072601,0.99396675825119,0.0259718298912048,1.05403649806976,2.87252545356751,0.0982592254877091,0.628498494625092,0.112109074614704,0.106499999761581,0.10748989880085,0.0847621560690808,0.109835281968117,0.11118557315836,1.34423208236694,0.0960604324936867,0.128293246030808,0.112499997019768,2.48338207556361,39928.41796875,47025.18359375,43279.8515625,49313.8046875,42457.0234375,0.0984881669282913,100683.8515625,0.998223125934601,0.886492431163788,0.719228613021137
NZL,New Zealand,1963,,34158.2578125,43686.76171875,45452.65234375,43653.484375,0.0055735115893185,96122.515625,0.624939322471619,0.157547101378441,0.218275874853134,-0.184785142540932,-0.0053245923481881,0.189347445964813,1.02056300640106,1.02566206455231,0.0260049663484097,1.06991350650787,2.88453006744385,0.101620487868786,0.628498494625092,0.111313989488697,0.106128580868244,0.107539258897305,0.0855597141530817,0.111971467733383,0.112596355067639,1.36884784698486,0.0974818617105484,0.130147963762283,0.121256627142429,2.53607236814838,42350.95703125,50317.53125,46974.05078125,52450.87109375,44962.8359375,0.10291051119566,105124.3203125,1.03587698936462,0.925465404987335,0.719228613021137
NZL,New Zealand,1964,,35498.5,46569.13671875,47751.8359375,45567.3359375,0.0053983717225492,101446.03125,0.620989263057709,0.158044680953026,0.242951184511185,-0.210951626300812,0.0055312793701887,0.183435216546059,1.0251886844635,1.05616331100464,0.026129050180316,1.09971153736115,2.89658498764038,0.101736336946487,0.628498494625092,0.115188605197464,0.110233165323734,0.111781418323517,0.0907622438707156,0.117140226066113,0.116745981332371,1.42941904067993,0.100129082798958,0.134446188807488,0.127433195710182,2.5865673409237,44075.609375,53787.125,49422.484375,55171.63671875,46958.484375,0.108546398580074,110771.09375,1.04400932788849,0.947877585887909,0.719228613021137
NZL,New Zealand,1965,,37770.90234375,50778.2421875,50443.83984375,48553.7578125,0.0055312635377049,108428.078125,0.613515973091126,0.164403229951859,0.267895668745041,-0.208062455058098,0.0046553499996662,0.157592236995697,1.02071797847748,1.0709240436554,0.0263250973075628,1.13353109359741,2.9086902141571,0.098167359828949,0.628498494625092,0.115643848245646,0.112298898398876,0.115033805370331,0.0998163037917016,0.119511790573597,0.122975466338714,1.38008856773376,0.103418990969658,0.140021488070488,0.12798199057579,2.63491671989372,46663.8828125,58659.0390625,52171.48046875,59005.22265625,49928.6328125,0.115990698337555,118000.5078125,1.05916523933411,0.980603992938995,0.719228613021137
NZL,New Zealand,1966,,40118.86328125,53926.19140625,53606.796875,51991.93359375,0.0056377183645963,115787.921875,0.598704218864441,0.172932103276253,0.265566766262054,-0.198546454310417,-0.0008973808726295,0.162240758538246,1.01093447208405,1.0485223531723,0.0265620052814484,1.17517447471619,2.94110321998596,0.100817635655403,0.628498494625092,0.11293493815158,0.110577322542667,0.112545944750309,0.102415079754901,0.116041600704193,0.118265998080402,1.29669094085693,0.105464085936546,0.13342472910881,0.125444784760475,2.6819689401338,49268.53515625,62156.96875,55350.75390625,62724.69140625,53156.875,0.124011687934399,125698.7890625,1.06324338912964,0.981226801872253,0.719228613021137
NZL,New Zealand,1967,,38722.3203125,49619.94921875,50286.89453125,49878.8125,0.0055721937678754,120152.03125,0.601460218429565,0.174867793917656,0.218482151627541,-0.17009225487709,0.0110564827919006,0.164225593209267,0.940190017223358,0.933571219444275,0.0266344454139471,1.2098023891449,2.973876953125,0.0880800932645798,0.628498494625092,0.126486607094215,0.120300054550171,0.121856279671192,0.0990213091503903,0.122853241860867,0.127386002566994,1.28475773334503,0.112580269575119,0.144090294837952,0.118252471089363,2.72248445110276,47416.4140625,56938.984375,51793.71875,59368.4296875,50752.296875,0.128476962447166,130429.9609375,0.975574970245361,0.871365308761597,0.7337009185488
NZL,New Zealand,1968,,39507.41015625,48408.0078125,49977.34765625,50004.66015625,0.0054071061313152,122658.9296875,0.60878723859787,0.181287363171577,0.177995383739471,-0.167083635926247,0.0138017665594816,0.185211941599846,0.916432440280914,0.881748139858246,0.0264672785997391,1.21096003055573,3.0070161819458,0.0773567780852318,0.628498494625092,0.109453912850727,0.103696890175343,0.106645375490189,0.0843640487124057,0.106587134301662,0.119732916781452,1.06479454040527,0.107233300805092,0.134183272719383,0.106865577399731,2.75327055782682,48182.07421875,55214.64453125,51366.21484375,59163.96875,50706.80859375,0.130696475505829,133248.484375,0.959847092628479,0.834227383136749,0.892899974841007
NZL,New Zealand,1969,,41789.3203125,53177.95703125,55309.80078125,55180.8046875,0.0053637092933058,127233.1796875,0.589844346046448,0.167471915483475,0.206387653946877,-0.159864336252213,0.008207862265408,0.187952533364296,0.987812519073486,0.94609409570694,0.0263424497097731,1.21556055545807,3.04052448272705,0.0880622044205666,0.628498494625092,0.108671979587629,0.104351311922073,0.107032492756844,0.0891337236247805,0.107282698154449,0.116870768498603,1.13162636756897,0.113638110458851,0.131311997771263,0.113971270620823,2.78270930396989,51223.30859375,61047.52734375,56881.37890625,64966.0078125,55968.78515625,0.135514125227928,138185.109375,1.02984189987183,0.90123462677002,0.892899974841007
PAK,Pakistan,1955,,53549.84375,56177.03125,54065.2578125,53983.2421875,,41306.94921875,0.887887179851532,0.104084424674511,0.04866673797369,-0.0643903911113739,-0.0238616615533829,0.0476136952638626,,,0.0452398024499416,12.4803695678711,1.12151229381561,,,0.0778216473391017,0.0733984857797623,0.0750240534543991,0.0356669482021406,0.075138047337532,0.108157930398239,,0.0885796844959259,0.0613460950553417,0.0958070307970047,40.6884642464873,47185.30859375,51701.3984375,54982.92578125,45715.3046875,55423.58203125,,52454.4140625,,,3.91473917767038
PAK,Pakistan,1956,,58103.15625,60566.30078125,56882.96875,57418.4765625,,42988.8671875,0.903443455696106,0.108480930328369,0.0428981073200703,-0.0703871920704842,-0.0298296846449375,0.0453943945467472,,,0.0459644757211208,12.6403398513794,1.12167954444885,,,0.07266577713624,0.0683579966425896,0.0695074275135994,0.0324822605259811,0.0688591673970223,0.096621224146326,,0.0914033204317093,0.0558959990739822,0.0887520387768745,41.6968886854183,51575.765625,55931.921875,58272.5546875,48082.875,59380.1953125,,54933.421875,,,4.76389938198961
PAK,Pakistan,1957,,57403.51953125,60445.5078125,57173.0078125,57286.359375,,45189.15625,0.889508843421936,0.112536318600178,0.0531014390289784,-0.0645839720964432,-0.028662970289588,0.03810029104352,,,0.0466603599488735,12.8048868179321,1.12184691429138,,,0.0765860067317806,0.071783535182476,0.0732979476451874,0.0338239014908391,0.0731529146432877,0.101875388061127,,0.0898347944021225,0.0600382052361965,0.0974139496684074,42.7446594573713,51004.90625,56064.609375,58736.9296875,48699.18359375,59439.05859375,,58359.80859375,,,4.76289897762001
PAK,Pakistan,1958,,56605.43359375,59792.72265625,57465.62109375,57697.296875,,47657.625,0.870592892169952,0.1104831174016,0.0552415549755096,-0.0517479106783867,-0.0253860764205456,0.0408164337277412,,,0.0474752336740494,12.9740514755249,1.12201416492462,,,0.0750748191672671,0.0702793002128601,0.0718673318624497,0.0324912524563853,0.0715787559747696,0.100070436866522,,0.0921265259385109,0.0587194748222828,0.0903028026223183,43.8334113354158,50140.9765625,55410.671875,58860.68359375,49989.546875,59538.13671875,,61928.40625,,,4.7619000037619
PAK,Pakistan,1959,,62582.84765625,66187.7109375,61670.07421875,62188.53515625,,50651.94921875,0.901103496551514,0.105237118899822,0.0579667165875435,-0.0792750641703606,-0.0295525211840868,0.0445202924311161,,,0.0482916161417961,13.1477832794189,1.12218153476715,,,0.0779036608091085,0.0736924335360527,0.075582467019558,0.0376333769598944,0.0749523416161537,0.108394669286692,,0.0920576080679894,0.0634859204292297,0.0903469324111939,44.9644612200798,55776.265625,61748.828125,63276.5,51674.18359375,64211.203125,,66154.4765625,,,4.76289897762001
PAK,Pakistan,1960,,60323.23828125,66206.859375,62128.9765625,62003.94921875,,56614.25,0.826675891876221,0.14621764421463,0.0948910787701607,-0.090786948800087,-0.0200816374272108,0.0430839769542217,,,0.0498152561485767,13.3260059356689,1.12234890460968,,,0.08260672029813,0.0764342993497849,0.0790732875466347,0.0415370854097651,0.0792327374219894,0.106130178387879,,0.0875357612967491,0.0622818544507027,0.100680686533451,46.1391050532626,52038.3046875,60901.2421875,63337.6796875,52626.50390625,64305.6796875,,74731.2265625,,,4.7619000037619
PAK,Pakistan,1961,,63489.98828125,70202.015625,64712.6015625,64788.1484375,,63174.47265625,0.870562195777893,0.109400801360607,0.103599674999714,-0.0944157615303993,-0.0258970558643341,0.0367501117289066,,,0.0517130382359028,13.6097564697266,1.12972688674927,,,0.0841051407311425,0.0809318944811821,0.0833956971764565,0.0556806069796902,0.083298459649086,0.106701187635066,,0.0938320010900497,0.0632798299193382,0.107493363320827,47.3585235044031,55810.66015625,65817.7265625,66025.0546875,55603.58203125,67097.3515625,,84420.7109375,,,4.7619000037619
PAK,Pakistan,1962,,66340.4609375,73972.375,68412.7265625,69566.4453125,,70812.375,0.813970386981964,0.139656856656075,0.109706804156303,-0.0768548920750618,-0.0231747888028622,0.0366956628859043,,,0.053497701883316,13.9031705856323,1.13715350627899,,,0.0857753372228093,0.0796302929520607,0.0825533643364906,0.0438147491272669,0.0811842605471611,0.107962178299252,,0.11536006629467,0.063860185444355,0.113088995218277,48.6240963499167,57388.4765625,68659.9453125,69819.78125,59143.66015625,71478.859375,,95481.84375,,,4.7619000037619
PAK,Pakistan,1963,,68516.6328125,78225.9765625,72641.109375,74182.4765625,,80610.0625,0.778786778450012,0.144836068153381,0.130884572863579,-0.0819877162575722,-0.0192833170294762,0.0467636100947857,,,0.0557390153408051,14.2038011550903,1.14462876319885,,,0.0868570095950147,0.0800581723451614,0.0835322216153145,0.0435006748843932,0.0817965790629387,0.108047804387053,,0.119706608355045,0.0645782053470612,0.109123565256596,49.927866296957,59088.75,72948.5859375,74279.2265625,63626.95703125,76292.1875,,109982.09375,,,4.7619000037619
PAK,Pakistan,1964,,72833.1953125,83495.1484375,77902.390625,79724.375,,90950.2265625,0.755438208580017,0.158124253153801,0.133735209703445,-0.0790737271308899,-0.0138295199722052,0.0456055402755737,,,0.0581416785717011,14.5110626220703,1.1521532535553,,,0.0895317647567765,0.081882432103157,0.0875475779175758,0.0453377730405154,0.0855468064546585,0.126246920257123,,0.126452937722206,0.0760586336255074,0.110526241362095,51.2683662414872,62433.35546875,77621,79816.9453125,68001.1953125,82082.34375,,125374.28125,,,4.7619000037619
PAK,Pakistan,1965,,80306.1953125,93166.140625,85123.25,87629.484375,,103394.96875,0.761013388633728,0.155415594577789,0.146753594279289,-0.0895377770066261,-0.0140797644853592,0.040435004979372,,,0.0607097111642361,14.8254356384277,1.15972721576691,,,0.0931643438943932,0.0852365121245384,0.0912700071930885,0.0464168105436136,0.0886596515774727,0.128947237645028,,0.132921501994133,0.0778793469071388,0.118035800755024,52.6479156051271,68849.4296875,87220.515625,87061.390625,74208.859375,89948.5390625,,144248.203125,,,4.7619000037619
PAK,Pakistan,1966,,88099.5859375,99764.0234375,95964.3125,97228.359375,,113543.625,0.698264420032501,0.207845568656921,0.119969516992569,-0.0651786327362061,0.000889221788384,0.0382099263370037,,,0.0623277388513088,15.1472911834717,1.16606414318085,,,0.0953178633843639,0.084145613014698,0.089587077498436,0.046612058744422,0.0884223729372025,0.130685554484978,,0.126418277621269,0.0788134783506393,0.121959172189236,54.0684006644955,72847.1640625,89855.9765625,97843.0625,79880.046875,99336.6796875,,159440.984375,,,4.7619000037619
PAK,Pakistan,1967,,92284.5078125,103950.65625,97802.4375,99508.1171875,,123119.2734375,0.760664761066437,0.166742011904717,0.117238149046898,-0.0749052837491036,-0.0128843355923891,0.0431446991860867,,,0.0627738311886787,15.4763832092285,1.17243552207947,,,0.103368358269989,0.0937616229057312,0.100006803870201,0.0499364121819851,0.0982925742864609,0.14940901084729,,0.134878158569336,0.0904690399765968,0.120304353535175,55.529573409148,78440.8984375,95555.8203125,99451.8515625,83190.1953125,101262.4765625,,173612.109375,,,4.7619000037619
PAK,Pakistan,1968,,98013.3671875,108239.046875,103881.1640625,105079.25,,130286.5546875,0.775309562683106,0.157447025179863,0.0973140075802803,-0.0653198510408402,-0.0109421098604798,0.0461913608014584,,,0.0625904276967049,15.8126554489136,1.17884182929993,,,0.104993691959882,0.0957349762320519,0.101378113031387,0.0501426822527895,0.100222229957581,0.155467670115767,,0.135124057531357,0.0939126387238503,0.123800985515118,57.031863490981,83701.1875,98942.0625,105391.4453125,87779.625,106593.0546875,,184016.875,,,4.7619000037619
PAK,Pakistan,1969,,106504.90625,116330.0703125,112078.96875,113266.2109375,,136474.265625,0.781246423721314,0.159059643745422,0.0867440328001976,-0.058555144816637,-0.0106224557384849,0.0421274676918983,,,0.0619160085916519,16.1564159393311,1.18528306484222,,,0.10512717987412,0.0957466959953308,0.101514801383019,0.0496729724115451,0.100450731813908,0.164041153005318,,0.13744680583477,0.0998625904321671,0.125931993126869,58.5770908176211,91415.6171875,106026.1328125,114028.4921875,94508.9921875,115130.8671875,,192925.8125,,,4.7619000037619
PAN,Panama,1955,,2774.021484375,3145.95361328125,2960.48706054688,2684.84448242188,,3436.12451171875,0.906805038452148,0.126409903168678,0.138530269265175,-0.338289499282837,0.0858046039938927,0.0807396173477173,,,0.0382832102477551,,1.72018122673035,,,0.132703437430653,0.12887254357338,0.128395155072212,0.101391458657347,0.141577005386353,0.124834622736404,,0.0897252038121223,0.113530851900578,0.11562742292881,0.998794140890666,4164.4150390625,5168.9208984375,2961.89306640625,3943.48999023438,2769.43041992188,,7921.72265625,,,1
PAN,Panama,1956,,2883.451171875,3344.20703125,3026.04809570313,2781.57934570313,,3702.97607421875,0.908808529376984,0.127815201878548,0.165645405650139,-0.34050390124321,0.061652559787035,0.0765821784734726,,,0.0382629446685314,,1.73608922958374,,,0.135531434304837,0.132309705018997,0.131638288497925,0.109402139106158,0.143207788467407,0.127436524364644,,0.0960314646363258,0.116951808333397,0.115080133080482,1.0243852403444,4362.4580078125,5519.23095703125,3043.69702148438,4148.9970703125,2877.0556640625,,8499.8232421875,,,1
PAN,Panama,1957,,3293.45678710938,3767.6328125,3316.45336914063,3071.57470703125,,3956.21362304688,0.962784349918366,0.109452851116657,0.154375523328781,-0.332739442586899,0.0361865796148777,0.069940060377121,,,0.038340225815773,,1.75214433670044,,,0.13526726029955,0.132943674921989,0.132316142320633,0.112504650267801,0.142864942550659,0.127957474120314,,0.0987746119499207,0.118263840675354,0.118110850453377,1.05102485116728,5019.37255859375,6254.34228515625,3342.1279296875,4582.568359375,3184.6591796875,,9073.4375,,,1
PAN,Panama,1958,,3308.01318359375,3837.49658203125,3362.34765625,3171.58276367188,,4261.52685546875,0.929164230823517,0.113852232694626,0.166946113109589,-0.300356179475784,0.0279934145510197,0.0624001584947109,,,0.0384313873946667,,1.76834785938263,,,0.131561229513529,0.129960343241692,0.130134955048561,0.1168953400421,0.137962341308594,0.131225878170713,,0.102369137108326,0.119596131145954,0.118414327502251,1.0725047257616,5019.61865234375,6353.81298828125,3381.970703125,4618.908203125,3222.21533203125,,9739.8076171875,,,1
PAN,Panama,1959,,3378.53442382813,3972.17846679688,3506.29321289063,3377.70825195313,,4618.5322265625,0.891576945781708,0.10866766422987,0.175753518939018,-0.273224681615829,0.0357435420155525,0.0614830479025841,,,0.0386187732219696,,1.78470122814178,,,0.13357163220777,0.132044345140457,0.132019698619843,0.119513495619747,0.137045532464981,0.131879501849598,,0.11211621761322,0.118836045265198,0.122391894459724,1.10205884475988,5133.91015625,6591.716796875,3535.34155273438,4914.63818359375,3421.11108398438,,10509.55078125,,,1
PAN,Panama,1960,,3706.166015625,4242.48095703125,3727.37548828125,3486.93676757813,,4916.79150390625,0.939420640468597,0.12345090508461,0.153806909918785,-0.322720915079117,0.0416212268173695,0.064421221613884,,,0.0386825539171696,,1.80120587348938,,,0.129199897571099,0.126529544591904,0.127911508083344,0.10620902539504,0.136731520295143,0.137461398760712,,0.10110142827034,0.122325755655766,0.124818727374077,1.13414176112204,5583.78466796875,6990.78662109375,3736.4794921875,5210.369140625,3638.60180664063,,11147.435546875,,,1
PAN,Panama,1961,,3968.32958984375,4648.2109375,4156.30029296875,3893.21606445313,,5325.45166015625,0.899734735488892,0.119558721780777,0.174632340669632,-0.314895391464233,0.0565443336963654,0.0644252225756645,,,0.03876643627882,,1.8125638961792,,,0.12845443234355,0.125620722770691,0.127925887703896,0.104295726439968,0.136570483446121,0.141380682475943,,0.102137356996536,0.125247001647949,0.128470748662949,1.16731289091305,5985.73828125,7684.85498046875,4171.4814453125,5775.51513671875,4033.361328125,,12042.28125,,,1
PAN,Panama,1962,,4214.73388671875,4971.85791015625,4532.5478515625,4354.3759765625,,5802.0546875,0.845242738723755,0.122687891125679,0.173876583576202,-0.294348835945129,0.0856394544243813,0.0669021904468536,,,0.0390645638108254,,1.82399368286133,,,0.128486486855915,0.125129580497742,0.127704218029976,0.102002576635268,0.132929608225822,0.142036605745039,,0.113292545080185,0.123854622244835,0.135713338851929,1.20145736912337,6339.71044921875,8222.9033203125,4553.6904296875,6251.69091796875,4383.9638671875,,13066.6923828125,,,1
PAN,Panama,1963,,4658.0244140625,5507.66015625,4916.78857421875,4702.30810546875,,6337.8486328125,0.867904663085938,0.122677870094776,0.180684849619865,-0.307472109794617,0.0578478015959263,0.0783568769693375,,,0.0395054779946804,,1.83549559116364,,,0.130806580429965,0.128649562597275,0.130480855703354,0.113389326702549,0.136432334780693,0.140520769838645,,0.112579174339771,0.12196459621191,0.131794348359108,1.23659322072371,7025.841796875,9134.0791015625,4950.54736328125,6785.50927734375,4736.1005859375,,14229.130859375,,,1
PAN,Panama,1964,,4947.14111328125,5720.20068359375,5170.7861328125,4947.59033203125,,6784.98388671875,0.877034425735474,0.122874781489372,0.156249731779099,-0.311012268066406,0.0685167536139488,0.0863365978002548,,,0.0397758968174458,,1.8470698595047,,,0.135351440407415,0.131585896015167,0.13322988152504,0.104708903941628,0.139240115880966,0.143750351587006,,0.117878817021847,0.124125421047211,0.142775014042854,1.2728772511784,7482.60791015625,9495.5263671875,5219.74072265625,7086.25244140625,4979.69287109375,,15190.744140625,,,1
PAN,Panama,1965,,5375.5234375,6244.5458984375,5678.8564453125,5439.6591796875,,7301.13525390625,0.868448138237,0.119761496782303,0.159756794571877,-0.319311201572418,0.0831153020262718,0.0882294625043869,,,0.0399415232241154,,1.85871708393097,,,0.134534886455434,0.131359949707985,0.133243337273598,0.108336946049893,0.139102414250374,0.144893374312128,,0.120000533759594,0.123680472373962,0.1462042927742,1.31041348695247,8118.45751953125,10371.384765625,5728.13330078125,7735.35498046875,5432.53955078125,,16316.6826171875,,,1
PAN,Panama,1966,,5522.322265625,6670.36279296875,6100.2490234375,5895.787109375,,8060.96484375,0.810971617698669,0.125684008002281,0.194722220301628,-0.316922217607498,0.0960046052932739,0.0895398035645485,,,0.0406497605144978,,1.87043797969818,,,0.135116904499242,0.132291093468666,0.135147988796234,0.114057601337343,0.139834821224213,0.148890254226592,,0.125655695796013,0.125644534826279,0.148868829011917,1.34914761751322,8300.4296875,11090.673828125,6144.9912109375,8321.8037109375,5843.18798828125,,17962.390625,,,1
PAN,Panama,1967,,5991.259765625,7202.673828125,6707.3583984375,6502.21044921875,,8830.84765625,0.793027758598328,0.128391116857529,0.186308041214943,-0.298215717077255,0.106161780655384,0.0843269899487495,,,0.0413986071944237,,1.88223266601563,,,0.13629367861951,0.1339962631464,0.136882066726685,0.119805922177864,0.141200751066208,0.151154289710917,,0.129194900393486,0.127303808927536,0.155473813414574,1.38899140297127,8988.904296875,11952.3525390625,6747.859375,9033.560546875,6393.3193359375,,19647.291015625,,,1
PAN,Panama,1968,,6195.66650390625,7562.18017578125,7190.0595703125,7009.35595703125,,9708.94921875,0.753516376018524,0.130397439002991,0.19495564699173,-0.285700649023056,0.123069413006306,0.0837617740035057,,,0.0418039821088314,,1.89410161972046,,,0.136933331157344,0.133992731571198,0.137372747063637,0.117000143005118,0.140914276242256,0.152697542664615,,0.133070573210716,0.12786577641964,0.159775868058205,1.42977908428207,9265.380859375,12546.0859375,7223.53515625,9663.8671875,6853.03662109375,,21571.67578125,,,1
PAN,Panama,1969,,6839.25927734375,8414.6484375,7841.17724609375,7664.48193359375,0.0004492291773203,10730.0166015625,0.772734880447388,0.119596742093563,0.205544129014015,-0.279984951019287,0.0973476469516754,0.0847615525126457,0.926514625549316,1.01093113422394,0.0422289706766605,0.420300006866455,1.90604555606842,0.33062270283699,0.518643736839294,0.136078486413474,0.134687751531601,0.138249173760414,0.125702022067785,0.141436353325844,0.153710435441137,3.20577096939087,0.136831268668175,0.129324361681938,0.167506724596024,1.47132169377864,10289.5478515625,14019.83984375,7895.8095703125,10479.6318359375,7475.6015625,0.0296015441417694,23797.482421875,1.260213971138,1.74485182762146,1
PER,Peru,1955,2448.77,23351.37890625,26687.0234375,25269.263671875,25997.060546875,0.0030180707108229,35587.703125,0.777449548244476,0.120781965553761,0.128308564424515,-0.108547046780586,-0.0369414687156677,0.118948481976986,0.6753049492836,0.692872405052185,0.0562136396765709,2.78809690475464,1.43660938739777,0.167148396372795,0.64063286781311,0.0554375645397306,0.0543300211429596,0.0576533116400242,0.0472009765194185,0.0560392923653126,0.0809182084324063,1.09338116645813,0.109851770102978,0.0613188110291958,0.0912169069051743,8.87423316193481,35453.3046875,43702.21875,25382.7890625,46997.65625,26364.982421875,0.052737008780241,110074.7578125,1.41364586353302,1.29848110675812,1.88999990906779e-8
PER,Peru,1956,2436.96,23718.205078125,27734.248046875,26041.3515625,26749.98828125,0.0031702471897006,38194.421875,0.761755347251892,0.124906934797764,0.150132492184639,-0.122372895479202,-0.0372596941888332,0.122837819159031,0.661032855510712,0.687839865684509,0.0579222030937672,2.84696698188782,1.44463634490967,0.151712343096733,0.64063286781311,0.0584450997799653,0.0582386441528797,0.062438789755106,0.056979564290914,0.0607847161591053,0.0872442893800527,1.14160990715027,0.112123303115368,0.0679212510585785,0.0979680344462395,9.11308925003165,36263.35546875,45979.71484375,26286.18359375,49013.32421875,27279.462890625,0.0578527264297009,119140.578125,1.40640497207642,1.30325758457184,1.88999990906779e-8
PER,Peru,1957,2425.2,25304.669921875,29891.048828125,27790.248046875,28801.9921875,0.0033816618379205,41061.94140625,0.743054986000061,0.135518655180931,0.159238249063492,-0.124759025871754,-0.0281646586954594,0.115111775696278,0.671808421611786,0.701901137828827,0.0604818463325501,2.90747046470642,1.45270800590515,0.113454177975655,0.64063286781311,0.059241872193078,0.0590801537036896,0.0667477622628212,0.0581934394937555,0.0644030794501305,0.109052670251821,1.15159153938293,0.116998620331287,0.0875317230820656,0.100267566740513,9.35992877667938,38782.48828125,49819.52734375,28084.0078125,52322.50390625,29468.8984375,0.0637559294700623,129392.03125,1.42976760864258,1.34475862979889,1.90999990998529e-8
PER,Peru,1958,2413.51,25476.99609375,29447.916015625,27070.126953125,28609.01953125,0.0034393360838294,43129.2109375,0.75229674577713,0.138226494193077,0.138799577951431,-0.104174144566059,-0.0371148362755775,0.111966155469418,0.647407233715057,0.664738774299622,0.0619081594049931,2.97006940841675,1.46082472801209,0.106188535690308,0.64063286781311,0.0534139982812057,0.0530750378966332,0.0584470629692078,0.0512302381687935,0.0553031638264656,0.0929133891640925,0.944138407707214,0.123592622578144,0.0739015713334084,0.0899378731846809,9.61638746840752,38888.29296875,48399.23828125,27297.78515625,52025.36328125,29141.34765625,0.0674520283937454,136622.125,1.37361252307892,1.26227915287018,2.39999993246397e-8
PER,Peru,1959,2401.87,26134.583984375,29494.310546875,28192.76171875,29232.17578125,0.0034121656790375,44492.9296875,0.742284595966339,0.151750221848488,0.114932499825954,-0.0834537744522095,-0.0490578226745129,0.123544253408909,0.636819899082184,0.641139805316925,0.0621260367333889,3.03505396842957,1.46898686885834,0.112019740045071,0.64063286781311,0.0522803285953218,0.0524182543158531,0.0565131418406963,0.0530929148950661,0.0545036941766739,0.0883663807570574,0.868559718132019,0.131228178739548,0.0694957971572876,0.0899199843406677,9.88359159515343,39931.90625,47914.3828125,28487.474609375,53938.09765625,29783.375,0.069667674601078,141108.8125,1.38762962818146,1.21761965751648,2.77999994989641e-8
PER,Peru,1960,2390.28,28100.31640625,32190.306640625,31583.064453125,31960.34765625,0.0034506686497479,46282.96875,0.716467201709747,0.162757188081741,0.127970784902573,-0.105359219014645,-0.0469410382211208,0.145105063915253,0.670626521110535,0.676080942153931,0.0626579374074936,3.10287356376648,1.47719466686249,0.122547723352909,0.64063286781311,0.057910684909176,0.0579074323177338,0.0632138699293137,0.0578931094252661,0.0624676495790482,0.0996718375948145,1.05607843399048,0.115657612681389,0.0786101147532463,0.0959086790680885,10.1631788353876,42657.6796875,52550.94921875,31756.07421875,60503.796875,32849.3671875,0.0735581740736961,148237.859375,1.50427305698395,1.29060208797455,2.72999994760267e-8
PER,Peru,1961,2378.75,30485.83203125,34769.7734375,33454.55078125,34245.875,0.0034854281693697,48275.0703125,0.711472511291504,0.178731948137283,0.125093623995781,-0.115151919424534,-0.0548747926950455,0.154728651046753,0.691719233989716,0.70354151725769,0.063604399561882,3.1657600402832,1.49057984352112,0.122399635612965,0.64063286781311,0.0617841811003707,0.0620760433375835,0.0676245987415314,0.0632378541078522,0.0660619810223579,0.107109814080669,1.13323652744293,0.121918372809887,0.0853459164500237,0.0973777547478676,10.4563769599776,46253.76171875,56612.03125,33624.48828125,64969.78515625,35208.63671875,0.0775764361023903,155563.78125,1.56029856204987,1.34298992156982,2.67999994530893e-8
PER,Peru,1962,2367.28,33372.78125,38023.25,36429.25390625,37431.47265625,0.0035116288345307,50691.45703125,0.718986749649048,0.172583416104317,0.124239534139633,-0.105239503085613,-0.0523842126131058,0.141814038157463,0.71721738576889,0.729719698429108,0.0648042559623718,3.2373902797699,1.50408637523651,0.119254522025585,0.64063286781311,0.0637512832030734,0.0645496174693108,0.0708999559283257,0.0678754873105697,0.0690016224980354,0.116471400544461,1.18058907985687,0.136838123202324,0.0953424647450447,0.105745069682598,10.7623681056587,50552.45703125,61932.4921875,36626.17578125,70399.1796875,38342.84375,0.0824419036507607,163829.46875,1.62622284889221,1.41318416595459,2.67999994530893e-8
PER,Peru,1963,2355.86,36370.38671875,40931.07421875,38590.6796875,39683.69921875,0.0035320364404469,52715.55078125,0.743260264396668,0.173246681690216,0.114926002919674,-0.103977270424366,-0.0559906400740147,0.128535017371178,0.728618085384369,0.754700064659119,0.0662907734513283,3.30067849159241,1.51771521568298,0.122688241302967,0.64063286781311,0.0666445427466183,0.0677148401737213,0.073352538049221,0.0723066145882099,0.0713321641087532,0.118311780878645,1.21006298065186,0.133981376886368,0.098589263856411,0.105799175798893,11.0788987565857,55152.32421875,66229.3828125,38860.1953125,73001.09375,40522.7109375,0.0868706256151199,170948.8125,1.63013827800751,1.46087658405304,2.67999994530893e-8
PER,Peru,1964,2344.5,38979.0703125,43786.5625,42224.5234375,42260.26171875,0.0034315669909119,54765.58984375,0.737586677074432,0.184770867228508,0.113759189844131,-0.100430108606815,-0.0652139112353325,0.129527270793915,0.753276824951172,0.786766707897186,0.0674051195383072,3.36638188362122,1.53146767616272,0.133729055523872,0.64063286781311,0.0724907791752415,0.0743522197008133,0.0799726918339729,0.0817829087503162,0.0799050554633141,0.125543409064834,1.37611377239227,0.134503543376923,0.107577115297318,0.121697470545769,11.4040267314974,59247.46484375,70938.6171875,42585.765625,77820.125,43215.375,0.0910656973719597,178340.453125,1.6825875043869,1.51508247852325,2.67999994530893e-8
PER,Peru,1965,2333.19,42040.125,47302.43359375,44257.3671875,45100.5390625,0.0033878500107675,57196.38671875,0.743547320365906,0.188595056533813,0.116679482161999,-0.112568005919456,-0.0557426810264587,0.119488880038261,0.771947920322418,0.812245965003967,0.0683010742068291,3.4336884021759,1.54534459114075,0.146653741598129,0.64063286781311,0.084708103446166,0.0855189263820648,0.0908092483878136,0.0887156377084109,0.0891115218400955,0.133073123632847,1.5096173286438,0.141559198498726,0.115119852125645,0.12361953407526,11.7353970136183,63641.94921875,76562.8203125,44520.546875,81660.0625,46090.38671875,0.0960637405514717,186953.578125,1.70562815666199,1.57964813709259,2.67999994530893e-8
PER,Peru,1966,2321.94,45179.45703125,51468.81640625,48144.8828125,48804.96875,0.0033652523998171,60516.9375,0.747201323509216,0.178512945771217,0.128867194056511,-0.110410630702972,-0.0579401180148125,0.113769300282002,0.792427003383637,0.835661768913269,0.0697904527187347,3.50261831283569,1.56295943260193,0.163151144981384,0.64063286781311,0.0933946200837413,0.0952653512358666,0.100587502121925,0.103095681655321,0.0992270633578301,0.138819033674588,1.68672585487366,0.15152482688427,0.12100476026535,0.137370318174362,12.0721907637132,68021.890625,83472.296875,48274.03515625,88522.09375,49561.4453125,0.103130549192429,198704.25,1.77218568325043,1.65069830417633,2.67999994530893e-8
PER,Peru,1967,2310.74,48493.9375,54621.37109375,50602.6640625,51383.98828125,0.0033670219127088,63431.8125,0.764845311641693,0.178910478949547,0.119247920811176,-0.106464549899101,-0.0663499087095261,0.109810717403889,0.806037485599518,0.855226874351502,0.071304589509964,3.5700147151947,1.580775141716,0.156682953238487,0.64063286781311,0.0917659918035651,0.0924158096313477,0.0976999700069428,0.0951938048113539,0.0962143838405609,0.139520041856314,1.65937423706055,0.149864509701729,0.12015039473772,0.133848741650581,12.4158416824217,72790.2578125,87956.859375,50614.23046875,91873.890625,52051.4375,0.109017394483089,208895.671875,1.77367925643921,1.6773374080658,3.0199997832707e-8
PER,Peru,1968,2299.6,49648.96484375,54202.02734375,51883.40625,51424.8828125,0.0032550222240388,64542.9453125,0.772263109683991,0.193202704191208,0.0885381475090981,-0.0844946652650833,-0.096213199198246,0.126703888177872,0.778789222240448,0.815829515457153,0.0713525116443634,3.63387203216553,1.59879386425018,0.14229154586792,0.64063286781311,0.084432638680873,0.0838516056537628,0.0884142443537712,0.0815291204148294,0.0892025828361511,0.138167584314648,1.47261786460876,0.144921168684959,0.117267347872257,0.132917329668999,12.7676790415415,74286.4453125,85762.3984375,51757.73828125,92199.984375,51898.6015625,0.110603205859661,212690.765625,1.74348556995392,1.60196197032928,3.8699999999e-8
PER,Peru,1969,2288.51,51445.6640625,56333.61328125,54709.5,53708.0625,0.0031522593926638,65918.7421875,0.760106682777405,0.197769328951836,0.0910096168518066,-0.0751338377594948,-0.0813546925783157,0.107602953910828,0.798260509967804,0.832125902175903,0.0703921988606453,3.69861459732056,1.61701786518097,0.150690302252769,0.64063286781311,0.0905241618002462,0.0892092436552048,0.0939200147986412,0.0841554807038836,0.0956712365150452,0.143500923491317,1.61669182777405,0.148694023489952,0.124632477760315,0.149764910340309,13.1290340648115,77190.421875,89417.140625,54696.83984375,95670.8125,54388.01953125,0.112783327698708,217536.09375,1.76888203620911,1.6330817937851,3.8699999999e-8
PHL,Philippines,1955,,40394.078125,47924.6953125,48328.83203125,46688.75,0.0080660386011004,98146.7109375,0.747045040130615,0.118132919073105,0.161294043064117,-0.15763495862484,0.0160224419087172,0.115140542387962,0.489582300186157,0.502285301685333,0.042278952896595,7.57390785217285,1.44124126434326,0.318579614162445,0.440351277589798,0.109525124421714,0.10483692586422,0.107300348579884,0.0751898711331656,0.111069597303867,0.120514062645489,2.26781892776489,0.0790364742279053,0.0752991065382958,0.100816778838634,23.9287984967326,57288.6953125,65902.3984375,48427.609375,66931.734375,47691.6328125,0.0290977861732245,128645.9375,1.24620091915131,1.13428258895874,1.99845773634939
PHL,Philippines,1956,,41571.5078125,49068.82421875,50118.546875,48325.9609375,0.0082466062158346,103576.6640625,0.742460250854492,0.117771171033382,0.155140578746796,-0.139288172125816,0.0294231530278921,0.0944930389523506,0.483124703168869,0.49232941865921,0.043629877269268,7.78996849060059,1.4523618221283,0.284876257181168,0.440351277589798,0.113965057957304,0.109239883720875,0.113001421093941,0.0794511507774318,0.117193058133125,0.133858596178993,2.38054943084717,0.0811909437179565,0.0859726965427399,0.10916493088007,24.6579472610435,59424.28125,67695.890625,50428.6171875,71712.578125,49586.453125,0.0308171715587378,135774.71875,1.27693712711334,1.11429595947266,1.9994307226029
PHL,Philippines,1957,,43229.453125,52151.0703125,53123.39453125,51393.71484375,0.0084895761683583,109840.21875,0.725727319717407,0.11541548371315,0.173593565821648,-0.153571560978889,0.0480188615620136,0.0908163711428642,0.496174812316895,0.506874024868012,0.0446687452495098,7.88139820098877,1.46356809139252,0.284340888261795,0.440351277589798,0.117028859928859,0.112221620976925,0.116264216601849,0.0819939280937447,0.120177127420902,0.13585244780671,2.37860560417175,0.0838024318218231,0.0882842764258385,0.102388113737106,25.4093130566147,61994.4921875,72305.4921875,53508.08984375,75298.1953125,52848.4921875,0.0329700522124767,144740.6875,1.28797829151154,1.14329755306244,2.00040370885642
PHL,Philippines,1958,,44960.01171875,53796.51171875,54857.34375,53749.40234375,0.0086568770930171,116045.2734375,0.720176339149475,0.11629830300808,0.164401799440384,-0.12071105837822,0.0329039990901947,0.0869306102395058,0.495857179164887,0.495061248540878,0.0457033105194569,8.32201671600342,1.47486090660095,0.280776858329773,0.440351277589798,0.120208210719124,0.115114063024521,0.11893118917942,0.0835685731335811,0.121382720768452,0.138352702353218,2.40881681442261,0.0917547941207886,0.0889705941081047,0.108467511832714,26.1835743654081,64217.09765625,74397.140625,55174.69140625,78087.0234375,54834.54296875,0.0349969789385796,153184.9375,1.26665151119232,1.1155743598938,2.00040370885642
PHL,Philippines,1959,,46636.953125,56636.96484375,59845.0703125,59416.515625,0.008875411003828,123702.0234375,0.677146434783936,0.107769250869751,0.168303593993187,-0.0959979817271233,0.0670571103692055,0.0757216438651085,0.515754997730255,0.490563333034515,0.0468358770012856,8.46790790557861,1.48624086380005,0.28009894490242,0.440351277589798,0.118374090765047,0.114217899739742,0.119142346084118,0.0881032925408315,0.120001681149006,0.142108403590277,2.32715821266174,0.111182443797588,0.0912101715803146,0.119638599455357,26.9814301167873,66735.875,78758.6328125,60320.05078125,83266.2578125,60633.828125,0.0374115742743015,163164.34375,1.27945911884308,1.11871528625488,1.99553889679814
PHL,Philippines,1960,,49122.91796875,57973.0546875,61307.12890625,58999.62890625,0.0089300414547324,128784.6171875,0.714925706386566,0.117671363055706,0.150003284215927,-0.120121389627457,0.0571481510996819,0.0803728774189949,0.506080865859985,0.497738778591156,0.0476318746805191,8.30547428131104,1.49770855903625,0.263177156448364,0.440351277589798,0.122002485018369,0.117346823215485,0.12325332313776,0.0890608136662123,0.128073811531067,0.156037507524499,2.40528225898743,0.09066291898489,0.0972281694412231,0.131094291806221,27.8035959698083,69699.390625,79690.375,61534.265625,84461.4765625,60687.5078125,0.0391766466200352,170747.671875,1.27652835845947,1.11337554454803,2.01499802582195
PHL,Philippines,1961,,51648.40234375,61905.5625,63357.35546875,62199.078125,0.0090429000556469,135411.5625,0.710004150867462,0.120368301868439,0.164908587932587,-0.112261809408665,0.0403617545962334,0.0766190066933632,0.497798085212708,0.496323794126511,0.0479159317910671,8.99216842651367,1.51683616638184,0.262518107891083,0.440351277589798,0.127744421354345,0.122989989817142,0.129606917500496,0.0949455068354285,0.132020488381386,0.162925510854099,2.46894574165344,0.123655259609222,0.100200437009335,0.151115894317627,28.6627028420925,73291.875,85480.1796875,63629.171875,89242.3046875,63911.7265625,0.0414160117506981,180481.125,1.25966882705688,1.1153599023819,2.01999814042834
PHL,Philippines,1962,,54569.34375,64648.84765625,67597,67748.9609375,0.0090966438874602,141646.71875,0.691436409950256,0.114027500152588,0.148777261376381,-0.0943075716495514,0.061208713799715,0.0788576453924179,0.504561603069305,0.482242733240128,0.048067532479763,9.37831401824951,1.53620827198029,0.258836597204208,0.440351277589798,0.0711268943376013,0.0690072029829025,0.0736214742064476,0.0561538885302188,0.0734563395380974,0.0986026350673696,1.36753690242767,0.107115872204304,0.0581254176795483,0.111712262034416,29.5542504464344,77428.2421875,89166.7109375,67951.546875,93624.7421875,69168.640625,0.0435110256075859,189606.890625,1.24932742118835,1.09989798069,3.72785222946509
PHL,Philippines,1963,,57712.44140625,69578.90625,71881.625,71767.765625,0.0092867296189069,150361.453125,0.68761146068573,0.116544008255005,0.165345370769501,-0.0846659168601036,0.0244912561029196,0.0906737595796585,0.499806970357895,0.486613422632217,0.0481967926025391,9.76542663574219,1.55582761764526,0.266294211149216,0.440351277589798,0.0738898671772096,0.071904867887497,0.0768729448318481,0.0601933199164129,0.0769949108362198,0.101035141498019,1.3990763425827,0.111402869224548,0.059246726334095,0.110427126288414,30.47808263904,82007.921875,96655.53125,72386.3828125,99999.1953125,73247.96875,0.0462776012718678,201619.765625,1.26258218288422,1.12811636924744,3.9104231698028
PHL,Philippines,1964,,60052.640625,73140.1171875,72664.578125,72961.0078125,0.0093289855867624,160305.5625,0.702674210071564,0.120404347777367,0.179376304149628,-0.0985909774899483,0.0028678050730377,0.0932683199644089,0.464658886194229,0.469550043344498,0.0484754741191864,10.2828731536865,1.57569766044617,0.256377905607224,0.440351277589798,0.0795195605056676,0.0771644711494446,0.082224115729332,0.0634202665427732,0.0818900540471077,0.105440599903889,1.39477813243866,0.114130459725857,0.0619931071996689,0.112379863858223,31.4342886449344,85511.9609375,102128.28125,73324.8359375,103584.828125,74584.0078125,0.0494569018483162,215265.21875,1.22230160236359,1.114018201828,3.9100071293685
PHL,Philippines,1965,,62976.4609375,76742.5390625,76354.203125,76189.6171875,0.009452779777348,170618.40625,0.704000890254974,0.122574478387833,0.180681854486465,-0.0971735045313835,-0.0087769823148846,0.0986932888627052,0.466256707906723,0.471154570579529,0.0486526489257813,10.0397186279297,1.59582138061523,0.256797313690186,0.440351277589798,0.0829412821495617,0.0804484188556671,0.0856067761778832,0.0661307909432129,0.0857917070388794,0.109205005553286,1.37035846710205,0.12018971145153,0.063588373363018,0.121547371149063,32.421749433594,89431.375,107181.703125,76998.6171875,109162.46875,77816.234375,0.0527594089508057,229643.140625,1.24287486076355,1.12807703018188,3.90917314115121
PHL,Philippines,1966,,65836.2265625,79568.1171875,80307.0625,79411.828125,0.009537985548377,180643.546875,0.708711504936218,0.120336659252644,0.172919973731041,-0.0959941446781158,-0.0068895523436367,0.10091558098793,0.44558385014534,0.446451365947723,0.0487052612006664,10.6836080551147,1.61909878253937,0.257078737020493,0.440351277589798,0.0870783921889375,0.0845986604690552,0.0897404178977013,0.0699945269655326,0.0907520949840546,0.114392060660392,1.37920963764191,0.124235056340694,0.066121056675911,0.13264687359333,33.4320964412024,93295.9609375,110891.765625,80875.4296875,113943.3046875,80822.8828125,0.0559423007071018,243357.65625,1.21141886711121,1.08985543251038,3.90000022443528
PHL,Philippines,1967,,69929.3671875,85115.6640625,82865.703125,80886.9765625,0.0097083020955324,191699.65625,0.730666637420654,0.133865207433701,0.187747120857239,-0.112255208194256,-0.0232186932116747,0.0831949412822723,0.429850280284882,0.451481133699417,0.0490762591362,11.2107887268066,1.64271569252014,0.250881403684616,0.440351277589798,0.0916266043155109,0.0881251469254494,0.0934018567204475,0.069013382813499,0.0956867262721062,0.117699873508994,1.40309369564056,0.126109763979912,0.0680795684456825,0.16563655436039,34.4576674687256,98766.984375,118542.2109375,83333.4609375,119919.3515625,82080.1328125,0.0596790015697479,259002.5,1.20231759548187,1.09866940975189,3.90000022443528
PHL,Philippines,1968,,73785.8828125,89120.3828125,88789.6953125,86806.765625,0.0097825741395354,202093.5,0.714395582675934,0.135605961084366,0.176650986075401,-0.109203025698662,0.0142939435318112,0.0682565495371819,0.441592037677765,0.450590550899506,0.0498463697731495,11.1621580123901,1.66667723655701,0.248587727546692,0.440351277589798,0.0956460363152422,0.0916150435805321,0.0973429307341576,0.0703790981075267,0.0995665416121483,0.124904107289832,1.43775296211243,0.127596259117126,0.0724937245249748,0.177856519818306,35.4983547025915,103868.7265625,123649.9921875,89158.1171875,125895.3984375,87826.875,0.0633388832211494,273920.96875,1.21640467643738,1.10439991950989,3.90000022443528
PHL,Philippines,1969,,76572.0546875,92763.2734375,94061.9140625,91998.28125,0.0099116675555706,212511.65625,0.694975316524506,0.137345120310783,0.17599481344223,-0.104038290679455,0.0352087244391441,0.0605142898857594,0.457710683345795,0.458673536777496,0.0505286678671837,10.9277496337891,1.69098806381226,0.252741634845734,0.440351277589798,0.100580422062287,0.0958849489688873,0.101825095713139,0.0721255444803081,0.104109145700932,0.129917451124975,1.49254465103149,0.127720102667809,0.0748545527458191,0.18275985121727,36.5531171841734,108115.1484375,128914.390625,94633.265625,131871.453125,93129.859375,0.0669862106442452,289248.4375,1.23819303512573,1.11893022060394,3.90000022443528
PRT,Portugal,1955,1738.73,31795.24609375,36545.87109375,35261.75,34897.484375,0.0055022649466991,74367.3515625,0.823923945426941,0.0871803462505341,0.136130928993225,-0.15232427418232,0.0189581830054522,0.0861309394240379,0.872656226158142,0.913407981395721,0.0243622679263353,3.20216035842896,1.27225399017334,0.118512108922005,0.700506508350372,0.0650738311008643,0.0655361413955689,0.0678273588418961,0.0699053371976462,0.0685353502631187,0.0831621160824674,0.820541143417358,0.0707821696996689,0.0612173974514008,0.081117108464241,8.33248913886568,41588.21484375,48791.859375,35337.21484375,46262.4609375,35343.16796875,0.0438183173537254,190524.296875,0.763583660125732,0.722161173820496,0.143404395550473
PRT,Portugal,1956,1727.68,32868.203125,38185.671875,36870.99609375,36285.6796875,0.0055349245667457,77761.984375,0.820498287677765,0.0853191986680031,0.146544560790062,-0.160700932145119,0.0198103114962578,0.0885285437107086,0.886611521244049,0.936419010162354,0.0241697710007429,3.23665904998779,1.27751743793488,0.125182837247849,0.700506508350372,0.0678032265132431,0.0680358186364174,0.0698721706867218,0.0702725895204091,0.0709992721676827,0.0812230395205604,0.863414585590363,0.0708726048469544,0.0605952478945255,0.0841673910617828,8.39326199019258,43332.171875,51315.1015625,37147.33203125,48406.66796875,36926.3359375,0.0457133166491985,199198.078125,0.784241378307343,0.745501756668091,0.143404395550473
PRT,Portugal,1957,1716.71,33532.390625,40287.83984375,38045.234375,37727.90625,0.0056835864670574,82443.0390625,0.803959786891937,0.0848356410861015,0.179057136178017,-0.167023435235024,0.0128270396962762,0.0863437801599503,0.893239796161652,0.96026599407196,0.0240748804062605,3.24933123588562,1.28280258178711,0.125588238239288,0.700506508350372,0.0698446491138513,0.0698672086000443,0.0715316012501717,0.0700809690221534,0.0721332505345345,0.0797932175735449,0.837768912315369,0.073903352022171,0.0601449199020863,0.0829981938004494,8.45235826080476,44358.56640625,54469.74609375,38397.0703125,50766.04296875,38496.88671875,0.0486445873975754,211687.578125,0.806356549263001,0.77583259344101,0.143404395550473
PRT,Portugal,1958,1705.8,33762.03125,40239.16796875,38408.6796875,38408.73828125,0.0057732127606868,86910.21875,0.791520655155182,0.0874989032745361,0.168637096881866,-0.14983993768692,0.0154294231906533,0.0867538005113602,0.895204901695252,0.935541749000549,0.024050410836935,3.26224327087402,1.28810966014862,0.121822156012058,0.700506508350372,0.0712555306973359,0.0710730254650116,0.0725293457508087,0.0694220993491413,0.0725292339920998,0.080120388785656,0.825338184833527,0.0787747427821159,0.0597289316356182,0.0833150967955589,8.5203210288826,44508.43359375,54306.53125,38717.7421875,51162.171875,38843.8359375,0.0513039976358414,223038.09375,0.798833906650543,0.760358691215515,0.143404395550473
PRT,Portugal,1959,1694.96,35931.87109375,42570.5390625,40646.9921875,40611.9609375,0.0057937842793762,91571.6953125,0.796216607093811,0.0885441675782204,0.163465812802315,-0.140925347805023,0.0128991007804871,0.0797996893525124,0.916760265827179,0.95889288187027,0.0239198356866837,3.26582813262939,1.29343867301941,0.119799539446831,0.700506508350372,0.0707515214990824,0.0713749304413796,0.0732212066650391,0.0769807998281469,0.0732843652367592,0.0832142133204715,0.796333014965057,0.0781361907720566,0.0615021251142025,0.0826822370290756,8.59029679081747,47433.71875,57547.078125,41070.43359375,54058.41015625,41070.82421875,0.0538321100175381,234610.296875,0.832652270793915,0.794845163822174,0.143404395550473
PRT,Portugal,1960,1684.19,37399.09375,45905.57421875,43547.4921875,42921.06640625,0.0060149133205413,98517.3515625,0.781784057617188,0.089561752974987,0.198188945651054,-0.162051290273666,0.0107899913564324,0.0817265436053276,0.932079613208771,0.997820675373077,0.0238260310143232,3.29331064224243,1.29878973960876,0.119038805365562,0.700506508350372,0.0723210726873022,0.0728810131549835,0.0754213258624077,0.0777687650519277,0.0765220820903778,0.0865899005341143,0.830633938312531,0.0740492641925812,0.0632345750927925,0.0860242322087288,8.6623339974152,49019.31640625,62116.35546875,43784.8359375,58026.83203125,43962.88671875,0.0579045675694943,251600.921875,0.870718419551849,0.835821807384491,0.143404395550473
PRT,Portugal,1961,1657.94,40273.7734375,50446.8828125,45981.0390625,45390.234375,0.0063104145228862,106905.1953125,0.778036832809448,0.109241560101509,0.224125534296036,-0.184967488050461,0.0003307818260509,0.0732327327132225,0.953600883483887,1.06170630455017,0.0239348988980055,3.30175590515137,1.30788421630859,0.113815985620022,0.700506508350372,0.0738513646128698,0.0742115899920464,0.0770193561911583,0.0767771998262027,0.0780218467116356,0.088134850011808,0.816557228565216,0.0773256868124008,0.0650518536567688,0.0914776846766472,8.65706200124194,52897.07421875,68601.484375,46290.38671875,62070.7109375,46372.47265625,0.0632593110203743,272822.875,0.910979449748993,0.902847170829773,0.143404395550473
PRT,Portugal,1962,1632.11,42258.26171875,51518.671875,49430.12109375,49200.34765625,0.0064225774258375,114029.84375,0.749140083789825,0.109761647880077,0.188218384981155,-0.14080873131752,0.0152180753648281,0.0784705206751823,0.994841456413269,1.04338252544403,0.0239437837153673,3.32423424720764,1.31704235076904,0.111211270093918,0.700506508350372,0.0720989832917002,0.0727637708187103,0.075877919793129,0.0773010563066131,0.0762322843074799,0.0900888010102818,0.781192302703857,0.0844917222857475,0.06583471596241,0.0957818403840065,8.64613405911342,55462.31640625,69885.3359375,49838.41796875,65573.5,49619.73046875,0.0675022751092911,290646.71875,0.945140480995178,0.903260290622711,0.143404395550473
PRT,Portugal,1963,1606.67,44318.61328125,54941.79296875,52502.765625,52013.66796875,0.0067032882943749,122830.2734375,0.744610965251923,0.107446126639843,0.204238250851631,-0.145752087235451,0.0120649468153715,0.0773918628692627,1.01475369930267,1.07641434669495,0.024079343304038,3.32563400268555,1.32626450061798,0.10666486620903,0.700506508350372,0.0737519605314916,0.074228897690773,0.0774683207273483,0.0775340937476801,0.0781967788934708,0.0909828318736851,0.763489484786987,0.0865542218089104,0.0693209767341614,0.103878751397133,8.70537385381078,58277.59375,74888.265625,53043.70703125,69354.28125,52504.1171875,0.0737061649560928,311634.3125,0.979339957237244,0.948271811008453,0.143404395550473
PRT,Portugal,1964,1581.64,44137.13671875,55931.1640625,53840.0390625,53995.6953125,0.0068167885765433,132001.625,0.705815255641937,0.11160434782505,0.218425318598747,-0.155084624886513,0.0203175563365221,0.0989222005009651,1.0276997089386,1.0731086730957,0.0244212932884693,3.3431568145752,1.33555138111115,0.107891760766506,0.700506508350372,0.0794986354000301,0.0792647898197174,0.0818173065781593,0.0777858793033271,0.0815814360976219,0.0913696640688043,0.75311291217804,0.0927034914493561,0.0683492496609688,0.0965481773018837,8.74457969738328,58175.72265625,76658.390625,54521.453125,72941.6171875,54549.4140625,0.0801834017038345,334753.59375,1.00678110122681,0.948807835578919,0.143404395550473
PRT,Portugal,1965,1556.99,46113.90234375,59707.0546875,57294.44140625,57862.078125,0.0070684636011719,142957.296875,0.68271267414093,0.114249773323536,0.23492331802845,-0.156092599034309,0.0284817293286324,0.0957251265645027,1.0488041639328,1.08573436737061,0.024693738669157,3.39726805686951,1.34490323066711,0.109849527478218,0.700506508350372,0.0847582096048877,0.0836687609553337,0.0858253017067909,0.0771586123810419,0.084983341395855,0.0931412461544949,0.737780690193176,0.102251105010509,0.0690292790532112,0.104064680635929,8.75066621559406,60603.0234375,82015.6328125,58017.98828125,78096.34375,58331.734375,0.0878157764673233,362394.25,1.04360270500183,0.982788324356079,0.143404395550473
PRT,Portugal,1966,1532.73,47092.9140625,60811.5078125,58708.71875,59540.67578125,0.0072623109444975,153705.578125,0.671297073364258,0.119639739394188,0.230407103896141,-0.165487408638001,0.0390471890568733,0.105096273124218,1.02382409572601,1.04565441608429,0.0249063577502966,3.44513893127441,1.35505497455597,0.107689961791039,0.700506508350372,0.0922310175271624,0.0903007537126541,0.0917576923966408,0.0794700882078287,0.0904755815863609,0.0967590561292286,0.724581599235535,0.103803172707558,0.0709410458803177,0.0990017056465149,8.73144678650673,61646.69921875,83428.4296875,59401.07421875,80611.125,59779.51171875,0.0953795462846756,389382.28125,1.04661202430725,0.971323013305664,0.143404395550473
PRT,Portugal,1967,1508.84,50501.37890625,64219.21875,62829.58984375,64335.19921875,0.007308084052056,163924.25,0.660166323184967,0.124806396663189,0.213224470615387,-0.135975256562233,0.0375782549381256,0.100199788808823,1.09170019626617,1.08770549297333,0.0249925833195448,3.43087530136108,1.36528325080872,0.0960589498281479,0.700506508350372,0.0932201200455953,0.0919205322861671,0.0953946709632874,0.0850463095256178,0.0931621789932251,0.108184490473161,0.772424936294556,0.12107390910387,0.0815295949578285,0.108799412846565,8.72588682799698,65949.9609375,87817.140625,63477.95703125,86327.3984375,64324.53515625,0.102317705750465,414925.75,1.10703098773956,1.00983238220215,0.143404395550473
PRT,Portugal,1968,1485.33,62266.26953125,76624.84375,73512.8828125,73375.5390625,0.0074180108495056,174430.53125,0.728023111820221,0.120573975145817,0.195686161518097,-0.154870390892029,0.0204973388463259,0.0900898203253746,1.20551598072052,1.25120556354523,0.025077473372221,3.41955471038818,1.37558889389038,0.0991786420345306,0.700506508350372,0.0858577876200004,0.0858114138245583,0.0903186723589897,0.08553142902216,0.0904877260327339,0.109864469509311,0.779463529586792,0.103697299957275,0.0827580466866493,0.115155510604382,8.73743823143817,81180.3515625,104151.9765625,74178.3203125,97463.6171875,73132.7578125,0.10978027433157,441244.0625,1.23365128040314,1.18216001987457,0.143404395550473
PRT,Portugal,1969,1462.18,64754.609375,79330.203125,76510.7265625,75623.40625,0.0075433258898556,184637.75,0.733505964279175,0.122771374881268,0.192739203572273,-0.165201276540756,0.0238423421978951,0.0923423543572426,1.21421563625336,1.26588439941406,0.0251383651047945,3.44469833374023,1.38597226142883,0.100391864776611,0.700506508350372,0.09257670602433,0.09196487814188,0.0957294926047325,0.0883094649899175,0.096852719783783,0.112454445669165,0.802569329738617,0.103858701884747,0.0854066908359528,0.122146494686604,8.72032778365337,84780.8984375,107921.3359375,77373.078125,100259.203125,75358.390625,0.116562724113464,466646.3125,1.24720859527588,1.20387399196625,0.143404395550473
PRY,Paraguay,1955,,3626.60888671875,4003.04663085938,4113.87548828125,4456.9921875,0.0004207151650916,5051.8056640625,0.671449363231659,0.142240405082703,0.0844600275158882,-0.0665642395615578,0.0342108681797981,0.13420358300209,0.698415219783783,0.626960217952728,0.046112947165966,0.598012328147888,1.45941555500031,0.216011539101601,0.465143918991089,0.0959169670785353,0.0927855595946312,0.104152835905552,0.0780036659343898,0.096134752035141,0.21366544174332,3.43333983421326,0.132715255022049,0.167356312274933,0.0606178604066372,1.62314872252146,5097.71630859375,5334.4375,4000.88403320313,6607.41162109375,4423.0849609375,0.030736681073904,13387.39453125,1.07380020618439,0.870718896389008,37.8184242248535
PRY,Paraguay,1956,,3491.5234375,3847.74072265625,4160.11767578125,4551.39599609375,0.0004137206124141,5162.50634765625,0.623184680938721,0.143947750329971,0.0782655030488968,-0.0620085410773754,0.0635015740990639,0.153109043836594,0.697368681430817,0.591691076755524,0.0458832383155823,0.607771456241608,1.47092413902283,0.212430864572525,0.465143918991089,0.0754113991637368,0.0727499574422836,0.0813058689236641,0.0612279225405468,0.0743160992860794,0.165168052273748,2.70839405059814,0.105668723583221,0.131282597780228,0.0484194867312908,1.66482466422503,4931.00146484375,5125.2568359375,4064.6669921875,6719.357421875,4544.017578125,0.0314005650579929,13697.2255859375,1.07127344608307,0.820701897144318,61.2126846313477
PRY,Paraguay,1957,,3699.25659179688,4324.82080078125,4087.84448242188,4491.42578125,0.0004313559038564,5517.9931640625,0.695992112159729,0.127634212374687,0.139279618859291,-0.103783257305622,-0.0174151305109262,0.158292442560196,0.659558892250061,0.639366090297699,0.046442624181509,0.61759626865387,1.4825234413147,0.205113708972931,0.465143918991089,0.0716735622162846,0.0694108754396439,0.0817559137940407,0.0570724043665498,0.074409656226635,0.154757951328043,2.42089438438416,0.0998548567295075,0.124249346554279,0.0464047379791737,1.70744079352843,5273.4990234375,6129.53369140625,3998.4189453125,7077.90234375,4496.6103515625,0.0338133946061134,14671.2421875,1.07961428165436,0.939050018787384,77.6702117919922
PRY,Paraguay,1958,,3979.53955078125,4592.25341796875,4373.236328125,4807.484375,0.0004375303105916,5850.06396484375,0.684978783130646,0.142801210284233,0.127450034022331,-0.0948024392127991,-0.0103974994271994,0.149969905614853,0.689701676368713,0.657190322875977,0.0475485473871231,0.627476811408997,1.49421417713165,0.204139560461044,0.465143918991089,0.061993302835031,0.0596945285797119,0.0696794763207436,0.0486679319623394,0.0633854940533638,0.134531085722038,2.1274311542511,0.091579981148243,0.106964610517025,0.041119109839201,1.75101515559708,5629.86279296875,6413.55908203125,4267.92431640625,7455.318359375,4794.2255859375,0.0359803736209869,15566.2587890625,1.09679281711578,0.947664737701416,97.4213638305664
PRY,Paraguay,1959,,3840.09936523438,4370.16259765625,4444.68212890625,4878.2138671875,0.0004270898352842,6096.92333984375,0.660852670669556,0.126341074705124,0.108659327030182,-0.0723622366786003,0.0255656559020281,0.150943502783775,0.67645788192749,0.604695081710815,0.047878734767437,0.637409448623657,1.50599706172943,0.195414364337921,0.465143918991089,0.0590578831723698,0.0570207461714745,0.0658055320382118,0.0463650933612709,0.0599573291838169,0.129447775009892,1.89594256877899,0.089481994509697,0.102114908397198,0.0394022464752197,1.7955644163481,5454.0146484375,6051.67041015625,4346.0537109375,7477.39306640625,4866.666015625,0.0374468863010407,16207.919921875,1.05856311321259,0.860476493835449,114.90616607666
PRY,Paraguay,1960,,3788.23706054688,4416.33984375,4509.8193359375,4940.4296875,0.000434969755588,6421.875,0.645091474056244,0.121691443026066,0.127135217189789,-0.089665912091732,0.0262164063751698,0.169531345367432,0.661825180053711,0.592169046401978,0.0480152331292629,0.64739716053009,1.51787292957306,0.193790704011917,0.465143918991089,0.0631211052927674,0.0610894076526165,0.0720853134989739,0.0503192819003627,0.0658023282885552,0.138404290791222,2.03038430213928,0.0863344967365265,0.108336806297302,0.0435324646532536,1.84110868981937,5344.2265625,6238.8125,4389.14501953125,7767.447265625,4971.388671875,0.0395335331559181,17087.53515625,1.06122422218323,0.856106877326965,123.166702270508
PRY,Paraguay,1961,,4051.78247070313,4709.826171875,4760.30322265625,5247.12158203125,0.0004412549606058,6761.12109375,0.654179930686951,0.118011526763439,0.12541039288044,-0.0991606637835503,0.0239926967769861,0.177566111087799,0.675103425979614,0.607044279575348,0.0483152084052563,0.664011776447296,1.52824854850769,0.192706972360611,0.465143918991089,0.0673192510401349,0.0649764537811279,0.0765972584486008,0.0519894914685324,0.0694907158613205,0.14815024761838,2.14720606803894,0.0949936956167221,0.115832850337029,0.0478088781237602,1.88883091131378,5727.810546875,6648.57177734375,4634.5068359375,8293.4287109375,5290.9541015625,0.0416870042681694,18001.673828125,1.08886003494263,0.876725196838379,126
PRY,Paraguay,1962,,4420.93798828125,4933.32666015625,4916.337890625,5282.03466796875,0.0004292331286706,6951.70556640625,0.717002511024475,0.119973808526993,0.0970059558749199,-0.0674301013350487,0.0146636171266437,0.118784241378307,0.650063872337341,0.608118116855621,0.0477400831878185,0.681048274040222,1.5386950969696,0.191126689314842,0.465143918991089,0.0745409567298693,0.0720082148909569,0.0813297852873802,0.056871716271298,0.0756989866495132,0.161757127354968,2.22539854049683,0.114238604903221,0.125039413571358,0.0533026568591595,1.93779031854468,6258.01904296875,6721.31689453125,4788.662109375,8086.38623046875,5307.20263671875,0.0426389649510384,18512.7265625,1.02850544452667,0.85862535238266,126
PRY,Paraguay,1963,,4593.572265625,5151.22900390625,5188.61865234375,5573.4169921875,0.0004176147922407,7187.947265625,0.706058919429779,0.11813423037529,0.100056536495686,-0.0601807795464993,0.0025591747835278,0.133371934294701,0.664413213729858,0.61668187379837,0.0461512096226215,0.698516845703125,1.54921305179596,0.234252274036407,0.465143918991089,0.0771331320673568,0.0743063539266586,0.08151526004076,0.0574113891370096,0.0758873075246811,0.140896988065405,2.27587795257568,0.113955393433571,0.108841694891453,0.054063618183136,1.98801748484967,6516.74462890625,7062.228515625,5063.30126953125,8372.1318359375,5588.6328125,0.0438225083053112,19152.3203125,1.03662550449371,0.878263473510742,126
PRY,Paraguay,1964,,4919.42578125,5402.453125,5387.9365234375,5746.80322265625,0.0003824027371592,7355.14404296875,0.737507343292236,0.118520900607109,0.0840515047311783,-0.0611069649457932,-0.0261790473014116,0.147206231951714,0.668486058712006,0.633490204811096,0.0444811247289181,0.716442763805389,1.55980288982391,0.180078089237213,0.465143918991089,0.0762786817049318,0.0737295597791672,0.0835632085800171,0.0578674341404206,0.0783449858427048,0.18371464787291,2.45050454139709,0.111937962472439,0.141571149230003,0.0589655451476574,2.0395482706849,7005.34375,7285.1748046875,5268.90625,8570.1630859375,5778.23291015625,0.0445872396230698,19599.23046875,1.03342378139496,0.882320940494537,126
PRY,Paraguay,1965,,4945.77490234375,5681.66845703125,5731.65234375,6096.3544921875,0.000385198771255,7783.51611328125,0.692494511604309,0.118773125112057,0.120710410177708,-0.0798052847385407,0.0040034195408225,0.143823817372322,0.668780028820038,0.625297725200653,0.0435328893363476,0.734819650650024,1.57046520709991,0.218624114990234,0.465143918991089,0.0787093540463114,0.0758143961429596,0.0875790193676949,0.0589356235349621,0.0823397859930992,0.166646467510802,2.46813607215881,0.112802967429161,0.127243846654892,0.06529301404953,2.09241324938795,7013.80810546875,8021.4189453125,5597.18798828125,9219.9873046875,6133.48876953125,0.0471354424953461,20742.962890625,1.05813241004944,0.924608945846558,126
PRY,Paraguay,1966,,5202.7431640625,6000.44482421875,5856.24072265625,6143.6640625,0.0003898578288499,8265.5244140625,0.705316960811615,0.141529992222786,0.12984137237072,-0.0847437083721161,-0.009029533714056,0.1170848980546,0.629414260387421,0.614728629589081,0.0436502695083618,0.75430303812027,1.58634185791016,0.211934253573418,0.465143918991089,0.080884644501723,0.0772970989346504,0.0895188897848129,0.0594185174252048,0.0853308588266373,0.169231424688284,2.34581542015076,0.110488019883633,0.128149911761284,0.0686037912964821,2.14845348758157,7317.0068359375,8465.0341796875,5707.017578125,9188.39453125,6156.16357421875,0.0501464828848839,22018.73828125,1.00102639198303,0.92625766992569,126
PRY,Paraguay,1967,,5583.19482421875,6529.568359375,6291.89599609375,6645.447265625,0.0004026933747809,8867.70703125,0.7013920545578,0.138761267066002,0.142409324645996,-0.0939295217394829,0.0030460015404969,0.108320869505405,0.648614048957825,0.636118412017822,0.0447153821587563,0.774312555789948,1.60237908363342,0.224168822169304,0.465143918991089,0.0793445294403597,0.0759756490588188,0.0878332853317261,0.0589470711231573,0.0831603705883026,0.157788227611123,2.30827307701111,0.113431811332703,0.119469955563545,0.0670227035880089,2.20599388818998,7846.337890625,9315.3408203125,6120.39697265625,10003.138671875,6643.7373046875,0.0541033633053303,23619.421875,1.03448820114136,0.967576384544373,126
PRY,Paraguay,1968,,5992.79150390625,6884.56298828125,6578.28564453125,6873.75390625,0.0004086219996679,9380.07421875,0.719877779483795,0.151958987116814,0.129735708236694,-0.0922970101237297,-0.0040510329417884,0.0947755426168442,0.631652295589447,0.62877881526947,0.045831061899662,0.794848203659058,1.61857831478119,0.204574525356293,0.465143918991089,0.0796671924728186,0.0759652107954025,0.0879865139722824,0.0584277628875804,0.0842044055461884,0.168770784734381,2.20292067527771,0.113752275705338,0.127247452735901,0.0730109363794327,2.26507490916368,8382.3583984375,9648.5791015625,6386.427734375,10138.904296875,6854.2080078125,0.0573844164609909,24980.1953125,0.999876618385315,0.955687701702118,126
PRY,Paraguay,1969,,6277.955078125,7243.763671875,6937.19189453125,7229.1494140625,0.0004165771533735,9937.14453125,0.701528251171112,0.166894152760506,0.133599191904068,-0.0935147032141686,-0.0011908651795238,0.0926839560270309,0.634085714817047,0.631453454494476,0.0461814217269421,0.815924465656281,1.63494145870209,0.207706034183502,0.465143918991089,0.0828263842669915,0.0782529264688492,0.0903910174965859,0.0590287090107042,0.0867404788732529,0.169291147737848,2.22198176383972,0.115226171910763,0.128486827015877,0.0760148912668228,2.32573907732566,8772.689453125,10166.703125,6749.02685546875,10596.2451171875,7219.958984375,0.0607758425176144,26451.673828125,0.996167421340942,0.959970057010651,126
ROU,Romania,1960,,26870.095703125,29790.158203125,29601.69140625,29601.40625,,54236.1640625,0.73033595085144,0.177394434809685,0.0986460894346237,-0.0062471809796989,-0.0065525160171091,0.0064232046715915,,,0.0671988874673843,9.8729305267334,1.83277034759521,0.11050196737051,0.637220442295075,0.165358623790932,0.158346652984619,0.170275717973709,0.129478261496392,0.17027735710144,0.280045643113,,0.247709363698959,0.194729939103127,0.24584473669529,18.1844946084488,39777.28125,50406.12890625,31647.248046875,52897.51953125,31304.6171875,,92546.84375,,,0.0021897846400292
ROU,Romania,1961,,27955.6328125,32747.884765625,32537.826171875,32548.05078125,,57554.2421875,0.672085046768189,0.186818391084671,0.147236198186874,-0.006917621474713,-0.0055468901991844,0.0063248756341636,,,0.0715650767087936,9.88633537292481,1.84687197208405,0.114281184971333,0.637220442295075,0.167845073972486,0.158606320619583,0.177053093910217,0.125369635702869,0.176997497677803,0.284662518877642,,0.256253451108933,0.198405280709267,0.254834234714508,18.3460683629015,41154.66796875,57118.5234375,34763.7890625,61018.45703125,34398.9765625,,98645.6640625,,,0.0021897846400292
ROU,Romania,1962,,30679.208984375,35690.265625,35634.1015625,35660.703125,,60791.49609375,0.613712251186371,0.246596336364746,0.140520453453064,-0.0064848391339182,0.0003788592293858,0.0052769277244806,,,0.0766953751444817,9.89939022064209,1.86108207702637,0.113275408744812,0.637220442295075,0.16897117376764,0.157474100589752,0.176120787858963,0.128860979821277,0.175989404320717,0.290281371659297,,0.284273415803909,0.200661644339561,0.284142524003983,18.4585033869085,44298.15234375,61232.68359375,38086.6875,65565.4296875,37700.578125,,104558.9140625,,,0.0021897846400292
ROU,Romania,1963,,32016.86328125,38545.8671875,38554.7421875,38557.0703125,,65394.9140625,0.582952260971069,0.247423693537712,0.169333517551422,-0.0067872307263314,0.0001481095096096,0.006929665338248,,,0.0816379711031914,9.91348171234131,1.87540149688721,0.112293623387814,0.637220442295075,0.169219501823996,0.156765058636665,0.179192036390305,0.127421275752001,0.179181218147278,0.289169224859606,,0.284053295850754,0.200463399291039,0.28033646941185,18.5893383428505,46143.84375,67507.3359375,41238.7890625,73057.7890625,40784.46484375,,112968.375,,,0.0021897846400292
ROU,Romania,1964,,34958.1328125,41043.33984375,40917.28125,40949.703125,0.0039555672556161,68845.15625,0.61104679107666,0.242637902498245,0.14860200881958,-0.0073593729175627,-0.0014809045242145,0.0065535493195056,0.359179228544235,0.362899124622345,0.0856980457901955,9.92641735076904,1.88983118534088,0.108414433896542,0.637220442295075,0.171688286484061,0.159136474132538,0.178695961833,0.127526645921104,0.178554490208626,0.291060814517326,2.60950183868408,0.29279163479805,0.202225461602211,0.285201996564865,18.7019316782661,50615.140625,71051.984375,43786.0078125,76214.890625,43333.9140625,0.0526497326791287,119469.953125,0.492790967226028,0.417346179485321,0.0021897846400292
ROU,Romania,1965,,38463.08984375,45032.02734375,45110.66015625,45137.62109375,0.0040784748271107,72610.4453125,0.601667702198029,0.250461608171463,0.14553128182888,-0.007645895704627,0.0029248089995235,0.0070604779757559,0.374539792537689,0.374868363142014,0.0885880514979363,9.94033718109131,1.90437173843384,0.110923573374748,0.637220442295075,0.17169839656466,0.157389253377914,0.177360117435455,0.12301530801256,0.177254170179367,0.294295517937153,2.52009701728821,0.301585823297501,0.203117951750755,0.296924889087677,18.801025196776,55282.30859375,77561.21875,48104.8359375,83397.9765625,47604.2265625,0.0567044913768768,126366.34375,0.518482685089111,0.438046932220459,0.0021897846400292
ROU,Romania,1966,,40390.58203125,47636.1640625,47734.31640625,47779.9453125,0.0042005768045783,76614.7421875,0.582176327705383,0.263169556856155,0.151644855737686,-0.0088170003145933,0.003664618358016,0.0081616574898362,0.370777547359467,0.369653910398483,0.0912070274353027,9.95386123657227,1.9422402381897,0.107646286487579,0.637220442295075,0.172378082968491,0.156461447477341,0.177913472056389,0.121251101587996,0.177743554115295,0.297497978815511,2.39223027229309,0.306601196527481,0.20475934445858,0.296192407608032,18.9130927121558,57424.6640625,81936.5859375,50666.1875,88383.0078125,50143.5234375,0.0612043440341949,134038.8125,0.525842368602753,0.442855477333069,0.0021897846400292
ROU,Romania,1967,,44187.4921875,53196.05078125,53228.90625,53357.58203125,0.0044100498780608,82327.1796875,0.560613572597504,0.267525374889374,0.16883373260498,-0.0110401920974255,0.0047670230269432,0.0093005374073982,0.396069794893265,0.394136250019074,0.093961738049984,9.96723175048828,1.98086154460907,0.11210922151804,0.637220442295075,0.176472601478848,0.158630713820457,0.182984888553619,0.121242088865958,0.182543590664864,0.30244349852158,2.51968455314636,0.3277987241745,0.208993524312973,0.30766424536705,19.055410899203,62343.2109375,92235.6171875,56250.8828125,100116.265625,55750.69140625,0.0673798173666,144630.390625,0.571793794631958,0.478553861379623,0.0021897846400292
ROU,Romania,1968,,47580.01171875,57125.83984375,57191.9296875,57338.8515625,0.0046153622679412,88019.71875,0.556180417537689,0.273623645305634,0.166480988264084,-0.0103601738810539,0.0054971943609416,0.0085779353976249,0.3990758061409,0.395163059234619,0.0965689122676849,9.98092079162598,2.02025103569031,0.107488766312599,0.637220442295075,0.177942961463142,0.158888757228851,0.183858633041382,0.120158291139436,0.183387532830238,0.308317891345996,2.40331506729126,0.334640890359879,0.213060349225998,0.311349600553513,19.4863910933072,66700.390625,98525.109375,60215.875,106932.3828125,59677.58984375,0.0735427588224411,155264.546875,0.584415555000305,0.489166557788849,0.0021897846400292
ROU,Romania,1969,,50840.46875,61106.7109375,61267.23046875,61402.70703125,0.0048326458781957,93793.7421875,0.550276041030884,0.27770808339119,0.167195245623589,-0.0098051223903894,0.0062818247824907,0.0083438931033015,0.407054096460342,0.402596175670624,0.0986532941460609,9.9942684173584,2.06042337417603,0.104512818157673,0.637220442295075,0.179666351449028,0.159728407859802,0.184819176793098,0.120221536514749,0.184411391615868,0.309073648514347,2.3459734916687,0.343958795070648,0.215924322605133,0.323263615369797,19.7721450705602,71265.484375,105256.125,64450.67578125,114296.125,63852.88671875,0.079809658229351,166117.921875,0.598106205463409,0.50037032365799,0.0021897846400292
RWA,Rwanda,1960,,3239.48266601563,3279.25048828125,3289.67407226563,3291.55297851563,,415.927185058594,0.852695882320404,0.131484746932983,0.0120817786082625,-0.0010851692641153,0.0035081356763839,0.0013146332930773,,,0.04405876994133,1.62617111206055,1.04906594753265,0.15937727689743,0.800919651985169,0.0323932847144096,0.0351030342280865,0.0368853658437729,0.0526761304115796,0.0368643067777157,0.182073705144027,,0.0976761877536774,0.155466988682747,0.0711049363017082,3.20192650741054,3289.31298828125,3024.59716796875,3404.10717773438,2855.97509765625,3438.57495117188,,778.487121582031,,,49.99999995
RWA,Rwanda,1961,,3106.873046875,3148.04809570313,3142.92993164063,3144.87719726563,,435.637847900391,0.85273551940918,0.135179966688156,0.0130927665159106,-0.001024623052217,-0.0011649004882201,0.0011812532320618,,,0.0496937185525894,1.62527644634247,1.05432975292206,0.135955303907394,0.800919651985169,0.0348112423163917,0.0376303046941757,0.0396937280893326,0.0554133625961242,0.0396691486239433,0.195389548142887,,0.108272761106491,0.168036311864853,0.078347459435463,3.21682180284317,3157.68090820313,2917.5419921875,3254.13232421875,2748.96533203125,3287.23681640625,,823.004638671875,,,49.99999995
RWA,Rwanda,1962,,3539.10717773438,3594.38891601563,3462.1083984375,3466.94360351563,,467.709136962891,0.878334939479828,0.142479836940765,0.0159453935921192,-0.0012124931672588,-0.0364810824394226,0.0009334103669971,,,0.0549022927880287,1.61964416503906,1.05961990356445,0.138948827981949,0.800919651985169,0.0326885573842499,0.035211868584156,0.0374681390821934,0.0507671265098606,0.0374158807098866,0.181913281253237,,0.110662311315537,0.155778139829636,0.0745215937495232,3.2224552541366,3597.59423828125,3364.81079101563,3581.49829101563,2909.396484375,3620.4443359375,,890.452941894531,,,49.99999995
RWA,Rwanda,1963,,3253.30834960938,3301.92700195313,3096.8984375,3102.03784179688,,490.189361572266,0.899196147918701,0.14956870675087,0.0156731642782688,-0.0012042690068483,-0.0638575255870819,0.0006237812922336,,,0.0589839182794094,1.65222465991974,1.06493675708771,0.109137527644634,0.800919651985169,0.0378368564148201,0.0406162366271019,0.0430638305842876,0.0573256590996463,0.0429924838244915,0.206843865189519,,0.126081183552742,0.177461877465248,0.0816540345549583,3.3045805647124,3316.77685546875,3091.85375976563,3210.23681640625,2626.87182617188,3245.8837890625,,936.768127441406,,,49.99999995
RWA,Rwanda,1964,,2740.66235351563,2785.81640625,2737.8310546875,2754.23168945313,0.0000476435197924729,507.22607421875,0.848540186882019,0.146533116698265,0.0163944084197283,-0.0031474470160901,-0.00872085057199,0.0004005999071523,0.483538389205933,0.493021488189697,0.0611232332885265,1.672407746315,1.07028019428253,0.0805104672908783,0.800919651985169,0.0425119630734524,0.0459563918411732,0.0491101890802383,0.065902304987897,0.0488177463412285,0.240532635012233,2.18627500534058,0.148809552192688,0.206225395202637,0.0960714891552925,3.36265524579088,2804.02465820313,2632.80541992188,2844.09228515625,2327.53540039063,2887.99682617188,0.0112768178805709,971.204650878906,0.60860151052475,0.645233333110809,49.99999995
RWA,Rwanda,1965,,3061.27319335938,3117.80444335938,2905.80297851563,2934.48364257813,0.0000490358215756714,534.756408691406,0.846405148506165,0.196801573038101,0.0192644819617271,-0.0060020266100764,-0.0585069060325623,0.0020376907195895,0.483764350414276,0.515642642974854,0.0630933195352554,1.70569217205048,1.0756504535675,0.0819149240851402,0.800919651985169,0.045435425330884,0.0498964563012123,0.0537009797990322,0.0690824784862104,0.0531761273741722,0.259722961508767,2.24336767196655,0.163857653737068,0.220877408981323,0.105525977909565,3.44782755024777,3181.53540039063,3014.28295898438,3008.97900390625,2419.57202148438,3066.98315429688,0.0121568199247122,1025.6376953125,0.606046319007874,0.70764034986496,49.99999995
RWA,Rwanda,1966,,3361.05419921875,3420.16650390625,3118.75708007813,3193.62451171875,0.0000488234691147227,563.837646484375,0.859595477581024,0.192830771207809,0.0185095053166151,-0.0201739929616451,-0.0688772425055504,0.0181155018508434,0.496841549873352,0.532074272632599,0.0640134960412979,1.74525284767151,1.07993316650391,0.0855297520756722,0.800919651985169,0.0362694957577066,0.0393009372055531,0.0421601831912994,0.0528144080444173,0.0411718264222145,0.204733105296773,1.74869203567505,0.130501955747604,0.172695636749268,0.0822240635752678,3.54663943916424,3464.61840820313,3273.2919921875,3215.48852539063,2430.87768554688,3322.66577148438,0.012828222475946,1081.87194824219,0.587452352046967,0.741405189037323,87.4999999125
RWA,Rwanda,1967,,3505.78125,3553.61083984375,3364.55615234375,3408.27514648438,0.0000471799794468097,580.77734375,0.866536736488342,0.162071868777275,0.0140333995223045,-0.0127649726346135,-0.0448579750955105,0.0149809503927827,0.521381795406342,0.542603373527527,0.062826007604599,1.7839195728302,1.084233045578,0.0909804925322533,0.800919651985169,0.0436977465769096,0.0465831160545349,0.0492558367550373,0.0620100858946114,0.048624012619257,0.245158784255194,2.19907569885254,0.160895347595215,0.206250354647636,0.100314930081367,3.64472791568335,3564.23022460938,3307.17846679688,3460.9833984375,2719.67016601563,3537.43823242188,0.0130634345114231,1112.47985839844,0.647425174713135,0.737891137599945,99.9999999
RWA,Rwanda,1968,,3672.35473632813,3729.47705078125,3587.71533203125,3667.54345703125,0.0000467882855446078,608.141540527344,0.876614809036255,0.124697044491768,0.0155751006677747,-0.0151605540886521,-0.013986767269671,0.0122603820636868,0.535047113895416,0.540756762027741,0.0613548755645752,1.82413685321808,1.08854997158051,0.096404105424881,0.800919651985169,0.0449842122792515,0.0470489338040352,0.0501303561031818,0.0615638328929481,0.0490392185747623,0.248232941137259,2.22517919540405,0.165155947208405,0.207527846097946,0.102122776210308,3.74701560854451,3676.58129882813,3448.2529296875,3681.73974609375,2789.22216796875,3797.15576171875,0.0136002153158188,1162.47863769531,0.6458939909935,0.748408138751984,99.9999999
RWA,Rwanda,1969,,4107.0625,4158.716796875,3965.34545898438,4030.78442382813,0.0000458919166703709,628.457946777344,0.88849538564682,0.130428478121758,0.0128150070086122,-0.0129427528008819,-0.0317664928734303,0.0129703646525741,0.571169376373291,0.58566689491272,0.060127504169941,1.8699334859848,1.0928840637207,0.108715526759624,0.800919651985169,0.0450678367511425,0.0469775423407555,0.04941675812006,0.0599866966268898,0.0486144870519638,0.243359345612701,2.34605097770691,0.166821777820587,0.204310759902,0.102752938866615,3.86198832394447,4132.12158203125,3816.59765625,4087.81103515625,3136.89575195313,4191.54833984375,0.0139404004439712,1198.64416503906,0.706042408943176,0.805134415626526,99.9999999
SEN,Senegal,1960,,9157.1162109375,9404.5361328125,10273.56640625,9316.0390625,,20965.103515625,0.683107078075409,0.299833863973618,0.0265584979206324,-0.234141051769257,0.103130601346493,0.121511019766331,,,0.0401310957968235,0.775189638137817,1.05256807804108,0.323814064264298,0.487267881631851,0.129336242490213,0.0946726351976395,0.0940494537353516,0.0156990463221385,0.103716097772121,0.0709853114348579,,0.0517812855541706,0.0629564523696899,0.0839517042040825,3.38221480281171,10161.7685546875,9872.78125,10752.6328125,11583.3388671875,10229.251953125,,39896.44921875,,,245.195098717111
SEN,Senegal,1961,,9328.486328125,9615.8310546875,10548.7666015625,9394.130859375,,20744.583984375,0.706534624099731,0.286477565765381,0.0305877234786749,-0.297226428985596,0.117618761956692,0.156007781624794,,,0.0391542576253414,0.7921102643013,1.05268752574921,0.340305477380753,0.487267881631851,0.130722880523673,0.097644031047821,0.0969011038541794,0.0160622367045805,0.108811244368553,0.0727824052482746,,0.0559591464698315,0.0645099580287933,0.0862622335553169,3.46333058168135,10582.9404296875,10306.052734375,11012.3662109375,11821.7373046875,10226.8310546875,,39521.2578125,,,245.260101158475
SEN,Senegal,1962,,9364.0810546875,9595.4560546875,10496.2294921875,9688.4091796875,,20434.173828125,0.694558918476105,0.271965146064758,0.0238816291093826,-0.258931457996368,0.114708133041859,0.153817564249039,,,0.0382974147796631,0.809790790081024,1.05280697345734,0.347075134515762,0.487267881631851,0.134063348671836,0.101239405572414,0.100629940629005,0.0174118846435224,0.109020479023457,0.0759640252366737,,0.0616918727755547,0.0666306093335152,0.0833743438124657,3.54816506414361,10704.3955078125,10378.73046875,10944.8818359375,11951.640625,10274.7412109375,,38974.8359375,,,245.013900597112
SEN,Senegal,1963,,9713.76171875,10030.873046875,10709.2099609375,9836.24609375,,20333.7265625,0.705928266048431,0.281619310379028,0.0322391018271446,-0.246856227517128,0.105059787631035,0.122009716928005,,,0.0374981351196766,0.828269362449646,1.05292642116547,0.356827616691589,0.487267881631851,0.136375892064138,0.102619245648384,0.101808063685894,0.0180022774773402,0.110843501985073,0.0769598900512836,,0.064243882894516,0.0675132274627686,0.0920811742544174,3.63689605942261,11086.2431640625,10812.470703125,11174.4189453125,11784.947265625,10384.7255859375,,38841.13671875,,,245.016403038517
SEN,Senegal,1964,,10085.1630859375,10428.5888671875,11098.685546875,10151.2890625,0.0009172771824523,20323.09765625,0.709528982639313,0.283957004547119,0.0338307395577431,-0.265692889690399,0.103035770356655,0.135340377688408,0.943181097507477,0.976747512817383,0.0369148068130016,0.85473358631134,1.0530458688736,0.37200728058815,0.487267881631851,0.139246063103417,0.10468041151762,0.103820145130157,0.0183105509656725,0.113509424030781,0.0785571104906834,2.5063693523407,0.0636484920978546,0.0688078179955483,0.0891728475689888,3.76113809688718,11539.4560546875,11266.009765625,11583.650390625,12192.255859375,10690.744140625,0.134264707565308,38848.484375,1.83229792118073,1.45301330089569,245.027206261166
SEN,Senegal,1965,,9946.4150390625,10289.76171875,11069.3740234375,10372.7265625,0.00087436940521,20327.654296875,0.670206665992737,0.288694083690643,0.0331008806824684,-0.230446517467499,0.101098574697971,0.137346312403679,0.935708224773407,0.93121612071991,0.0364763326942921,0.878203809261322,1.05316531658173,0.374560832977295,0.487267881631851,0.144249015197824,0.10638827085495,0.105503365397453,0.018494111054967,0.112589128315449,0.0798684015095523,2.42505788803101,0.068727008998394,0.0693474784493446,0.0901729241013527,3.87267404996293,11169.85546875,10916.6025390625,11495.869140625,12523.0908203125,10826.8974609375,0.134285971522331,38885.8203125,1.8478022813797,1.38235282897949,245.060897667394
SEN,Senegal,1966,,10413.1650390625,10711.6162109375,11520.7666015625,11087.33203125,0.0008252206607721,20282.181640625,0.648197710514069,0.290997087955475,0.0269182305783033,-0.198832854628563,0.0802056938409805,0.152514070272446,0.970337927341461,0.937436461448669,0.0359892286360264,0.902672946453095,1.05328476428986,0.277406215667725,0.487267881631851,0.143070983127177,0.104160241782665,0.104298129677773,0.0174863405405652,0.108375437557697,0.109109282807534,2.43505048751831,0.0729911774396896,0.0938796550035477,0.0880729481577873,3.9891045656889,11558.4921875,11244.8974609375,11892.814453125,13010.0234375,11443.3994140625,0.133684650063515,38762.19140625,1.89425039291382,1.40508377552032,245.678405601562
SEN,Senegal,1967,,10562.48828125,10889.0498046875,11513.2880859375,11102.4375,0.0007884476217441,20308.20703125,0.651670873165131,0.299695730209351,0.0294134691357613,-0.194940239191055,0.0712612122297287,0.142899006605148,0.966472327709198,0.946134090423584,0.0354222767055035,0.926263868808746,1.05340421199799,0.174189418554306,0.487267881631851,0.138843206965266,0.100550815463066,0.102337755262852,0.0172862531398214,0.10612478852272,0.160135268387089,2.40955567359924,0.0727043747901917,0.137645170092583,0.0865254700183868,4.10217544887675,11654.892578125,11373.72265625,11829.537109375,12762.5751953125,11367.3212890625,0.133573576807976,38786.94140625,1.8461058139801,1.4119143486023,246.000900108188
SEN,Senegal,1968,,10482.8193359375,10839.21875,11198.9150390625,11369.7744140625,0.0007549386355094,20374.796875,0.65773618221283,0.264253914356232,0.0313461907207966,-0.141100823879242,0.055213525891304,0.132551029324532,0.963908076286316,0.913311958312988,0.0349418520927429,0.949440181255341,1.05352377891541,0.221336007118225,0.487267881631851,0.134221381164349,0.113499231636524,0.114442110061646,0.0619211630566282,0.112722329795361,0.142174886962051,2.53101992607117,0.11281032115221,0.121883995831013,0.100446969270706,4.21387244137461,11849.146484375,11600.833984375,11456.3134765625,13525.9970703125,11569.4560546875,0.133984416723251,38958.21875,1.93165242671967,1.42179298400879,247.564697104238
SEN,Senegal,1969,,9305.828125,9689.794921875,9959.7900390625,10260.1513671875,0.0007322001620195,20530.97265625,0.649237871170044,0.257749527692795,0.0374231413006783,-0.146003603935242,0.0892356485128403,0.112357378005981,0.854365766048431,0.80190122127533,0.03461554646492,0.975042700767517,1.05364322662354,0.189751967787743,0.487267881631851,0.141913396081792,0.119906723499298,0.121126174926758,0.0644747371192677,0.117580257356167,0.150681015596234,2.33151841163635,0.132604598999023,0.130025759339333,0.107298873364925,4.33685822337789,10576.787109375,10439.767578125,10198.677734375,12580.4453125,10439.6845703125,0.134905233979225,39243.671875,1.76665377616882,1.25815367698669,259.960601637173
SGP,Singapore,1960,2400.31,4621.54296875,6012.13671875,5352.94677734375,3019.54467773438,,13308.7958984375,1.37454855442047,0.155994459986687,0.460530996322632,-4.32800102233887,0.185613036155701,3.15131425857544,,,0.0266699455678463,0.474049896001816,1.4577100276947,0.325243949890137,0.402062296867371,0.152312546342116,0.148258492350578,0.132862076163292,0.112536141690237,0.235533311963081,0.0816931651824451,,0.10218707472086,0.0871786028146744,0.117266274988651,1.6599322353492,7946.84130859375,9749.5439453125,5153.4482421875,9563.205078125,5339.8876953125,,24091.14453125,,,3.06122000206122
SGP,Singapore,1961,2394.97,5121.39111328125,6501.09228515625,5729.57861328125,3585.26977539063,,13839.4443359375,1.2643426656723,0.164110749959946,0.384824961423874,-3.40743136405945,0.165376529097557,2.42877650260925,,,0.0266675911843777,0.49304461479187,1.47825813293457,0.341240435838699,0.402062296867371,0.15305431832864,0.148749560117722,0.134493663907051,0.115584874367791,0.214932784438133,0.0815763621347253,,0.105489522218704,0.0869826972484589,0.121444590389729,1.71639251055744,8791.5234375,10630.5390625,5523.998046875,10326.6025390625,6194.9052734375,,25006.4296875,,,3.06122000206122
SGP,Singapore,1962,2389.64,5354.12255859375,6832.25732421875,6238.73095703125,4467.47998046875,,14416.287109375,1.05372142791748,0.144744575023651,0.330865472555161,-2.5408627986908,0.157718136906624,1.85381317138672,,,0.0265229735523462,0.509848773479462,1.49909603595734,0.394383639097214,0.402062296867371,0.15341321158938,0.149382919073105,0.133307173848152,0.120042869732704,0.186160326004028,0.075077379633058,,0.116067990660667,0.078932598233223,0.133692800998688,1.76458545786246,9170.4052734375,11142.06640625,6026.55615234375,11046.1083984375,7166.8359375,,26030.716796875,,,3.06122000206122
SGP,Singapore,1963,2384.32,5669.73583984375,7916.42578125,6986.57373046875,5465.2216796875,,15708.8427734375,0.898983776569367,0.138437211513519,0.411088556051254,-2.20404458045959,0.160743907094002,1.59479105472565,,,0.0262688118964434,0.525932431221008,1.52022755146027,0.355452537536621,0.402062296867371,0.155796942875213,0.150967240333557,0.132117614150047,0.119604154724112,0.168895170092583,0.0845487959636062,,0.115965284407139,0.0876926258206368,0.12914876639843,1.80975360591559,9704.783203125,12451.4384765625,6763.2109375,12143.8212890625,8289.5302734375,,28196.880859375,,,3.06122000206122
SGP,Singapore,1964,2379.02,5432.05322265625,7449.609375,6775.28271484375,5653.7109375,0.0009107312653213,16609.6328125,0.823165476322174,0.137628808617592,0.356855154037476,-1.67220020294189,0.166959345340729,1.18759143352509,0.503564715385437,0.668864130973816,0.0258909165859222,0.542687833309174,1.54165697097778,0.350358903408051,0.402062296867371,0.158224973770501,0.152557209134102,0.132560685276985,0.118657971441913,0.158857792615891,0.0787221993829191,2.2946150302887,0.120080076158047,0.0813967287540436,0.13343346118927,1.85673660948203,9298.6630859375,11803.3603515625,6574.5556640625,11677.1201171875,8491.494140625,0.0078094005584716,29730.373046875,1.02977538108826,1.49037301540375,3.06122000206122
SGP,Singapore,1965,2373.72,5702.99169921875,8142.142578125,7398.53564453125,6085.21337890625,0.0009065915364772,17651.77734375,0.794482052326202,0.142706349492073,0.400832414627075,-1.66014409065247,0.1753199249506,1.14680325984955,0.514743089675903,0.690957069396973,0.0256807804107666,0.55922919511795,1.56338858604431,0.338685274124146,0.402062296867371,0.159281061898758,0.152742013335228,0.132197856903076,0.116337481751195,0.160729020833969,0.0841634468472278,2.28429126739502,0.122971341013908,0.0861031636595726,0.139358416199684,1.90240895083836,9717.7060546875,12675.5400390625,7184.56787109375,12551.099609375,9223.0458984375,0.008418520912528,31854.015625,1.04060840606689,1.50471639633179,3.06122000206122
SGP,Singapore,1966,2368.44,6187.79931640625,8888.091796875,8356.5654296875,7213.3193359375,0.0009249080903828,18910.599609375,0.717823922634125,0.140005692839623,0.374348163604736,-1.5328334569931,0.148479834198952,1.15217578411102,0.567873656749725,0.699706614017487,0.0256460849195719,0.576568841934204,1.5813649892807,0.388968855142593,0.402062296867371,0.162419661651702,0.154550835490227,0.131552666425705,0.114206559734171,0.152402564883232,0.0788516853312417,2.31800508499146,0.120016023516655,0.0797427147626877,0.131613746285439,1.95029938216145,10481.4345703125,13758.583984375,8113.88916015625,13902.470703125,10440.3076171875,0.009236991405487,34344.44140625,1.0731600522995,1.52064847946167,3.06122000206122
SGP,Singapore,1967,2363.17,6754.74072265625,10156.1826171875,9539.1748046875,8387.931640625,0.0009244241518899,20673.1640625,0.67189085483551,0.133401945233345,0.405516177415848,-1.37893462181091,0.176572695374489,0.991552889347076,0.635948419570923,0.768580079078674,0.0257250033318996,0.592788755893707,1.59954822063446,0.417610436677933,0.402062296867371,0.166526797609922,0.157570585608482,0.130011886358261,0.11246184124847,0.147855997085571,0.0752845251084349,2.52268266677856,0.124452248215675,0.0772487297654152,0.137098729610443,1.99385447221166,11420.28125,15405.751953125,9248.740234375,15601.83984375,12035.533203125,0.0102225812152028,37675.55859375,1.11678445339203,1.57891607284546,3.06122000206122
SGP,Singapore,1968,2357.91,7535.3095703125,11468.3173828125,10963.953125,9592.111328125,0.0009911006782203,22781.7890625,0.64699387550354,0.1385797560215,0.410025209188461,-1.44703733921051,0.227010980248451,1.02442753314972,0.666228473186493,0.79167377948761,0.0264434181153774,0.60649698972702,1.6179404258728,0.43461549282074,0.402062296867371,0.168565483137019,0.158378437161446,0.130211696028709,0.110817654702371,0.14883428812027,0.0762465929773197,2.50443816184998,0.119646683335304,0.0773361921310425,0.129340067505837,2.0285373225839,12665.62109375,17240.322265625,10624.158203125,17717.322265625,13396.08984375,0.0114677157253027,41615.42578125,1.16881453990936,1.62845385074615,3.06122000206122
SGP,Singapore,1969,2352.66,8326.462890625,13658.5234375,12634.9013671875,11205.765625,0.0011046676663681,25918.921875,0.595036447048187,0.148015275597572,0.475831866264343,-1.42549395561218,0.214586019515991,0.992024302482605,0.711246311664581,0.861585259437561,0.0280058644711971,0.619143903255463,1.63654410839081,0.371044456958771,0.402062296867371,0.169719731580131,0.157982602715492,0.131449684500694,0.110798154594972,0.14821420609951,0.0900163077883543,2.48110795021057,0.127682447433472,0.090234600007534,0.139309287071228,2.0592879459476,13939.58203125,19886.34375,12237.0458984375,20123.0859375,15626.9267578125,0.0132848136126995,47379.36328125,1.20125699043274,1.69972586631775,3.06122000206122
SLE,Sierra Leone,1961,,2107.29248046875,2135.43090820313,2353.71484375,2105.97290039063,,226.062240600586,0.766402006149292,0.234224602580071,0.0133611978963017,-0.594953656196594,0.0000203543986572186,0.580945551395416,,,0.040225476026535,,1.06566548347473,,,0.123613410021789,0.104512155056,0.111557677388191,0.0420113014692755,0.124681077897549,0.639200447473765,,0.071477435529232,0.6272332072258,0.0931002497673035,2.36448841430262,2428.98461914063,2532.39721679688,2497.2998046875,3065.73583984375,2363.55932617188,,1678.52172851563,,,0.00071428601596
SLE,Sierra Leone,1962,,2343.78442382813,2381.65966796875,2469.408203125,2480.95458984375,,248.038192749023,0.724554300308228,0.220156416296959,0.0152664380148053,-0.422664701938629,0.0041475999169051,0.458539932966232,,,0.039592519402504,,1.06755602359772,,,0.12235157728491,0.103766106069088,0.1123021915555,0.0425996839205437,0.111779540777206,0.640528130485418,,0.101595297455788,0.62956839799881,0.10129788517952,2.39975008876011,2701.43798828125,2864.11376953125,2617.05102539063,3496.36059570313,2682.02685546875,,1866.68688964844,,,0.00071428601596
SLE,Sierra Leone,1963,,2623.732421875,2675.19018554688,2602.08227539063,2705.92993164063,,282.821411132813,0.763216853141785,0.206406354904175,0.0190166980028152,-0.379434555768967,0.0140813691541553,0.376713246107101,,,0.0394648388028145,,1.06944978237152,,,0.117146013908053,0.101908445358276,0.111726962029934,0.0455653774008641,0.107439137995243,0.612353615934477,,0.0967309474945068,0.603938817977905,0.0854006931185722,2.43594513184418,3076.47216796875,3319.00073242188,2761.05493164063,3909.85595703125,2887.47924804688,,2139.46435546875,,,0.00071428601596
SLE,Sierra Leone,1964,,2868.88549804688,2924.48315429688,3081.46899414063,2791.33081054688,,321.997344970703,0.825003504753113,0.202780544757843,0.0199179407209158,-0.416554510593414,0.0064377295784652,0.3624147772789,,,0.0412204712629318,,1.07134687900543,,,0.118700744167015,0.104363210499287,0.114155031740665,0.0460316086631385,0.126020595431328,0.619422171567742,,0.0850704312324524,0.607175350189209,0.113255113363266,2.47291728661138,3410.14233398438,3670.03173828125,3273.82836914063,4183.3056640625,2976.71533203125,,2425.07373046875,,,0.00071428601596
SLE,Sierra Leone,1965,,2973.193359375,3033.57788085938,3142.27026367188,2866.810546875,,363.486328125,0.834802865982056,0.202305570244789,0.021063320338726,-0.421671271324158,0.0093378499150276,0.354161739349365,,,0.0439205206930637,,1.07324743270874,,,0.131942419078688,0.115583978593349,0.127117529511452,0.0480817643295111,0.139331698417664,0.695002222142448,,0.0960896983742714,0.672137141227722,0.124340772628784,2.51068394070379,3534.25610351563,3826.3642578125,3327.01440429688,4312.99853515625,3039.72314453125,,2727.54296875,,,0.00071428601596
SLE,Sierra Leone,1966,,2979.1865234375,3058.63427734375,3106.81787109375,2956.75219726563,,419.300903320313,0.809412777423859,0.198174729943275,0.0268699266016483,-0.377225905656815,0.0059470110572874,0.336821466684341,,,0.0455164387822151,,1.07477080821991,,,0.139818916303516,0.121844746172428,0.137962117791176,0.048432164276711,0.144964203238487,0.742342815840836,,0.112652666866779,0.71168464422226,0.130281642079353,2.54926526378622,3530.76049804688,3958.94287109375,3276.15356445313,4501.6845703125,3092.71948242188,,3145.74609375,,,0.00071428601596
SLE,Sierra Leone,1967,,2753.29565429688,2811.85424804688,2851.66333007813,2798.86767578125,,450.061279296875,0.770210981369019,0.213506683707237,0.0209222212433815,-0.319531500339508,0.0091645382344722,0.305727064609528,,,0.0457144007086754,,1.07629632949829,,,0.159566486362519,0.137521862983704,0.152264043688774,0.0579973603481413,0.155136227607727,0.845409917950109,,0.130462825298309,0.816009342670441,0.138786986470222,2.58868003451211,3212.859375,3507.10522460938,2998.65600585938,4065.78271484375,2907.55590820313,,3400.38427734375,,,0.0007242069108738
SLE,Sierra Leone,1968,,2914.31518554688,2971.50903320313,3074.98510742188,3105.5869140625,,477.116485595703,0.733168184757233,0.20524226129055,0.0184164512902498,-0.330874592065811,-0.0045973514206707,0.378645032644272,,,0.045097429305315,,1.07782411575317,,,0.131289665783888,0.116845093667507,0.128028988838196,0.0652460709719741,0.126767426729202,0.697904354881492,,0.127617865800858,0.677147567272186,0.124322615563869,2.6289495817224,3390.8310546875,3671.5009765625,3222.74633789063,4460.33837890625,3206.31567382813,,3637.59887695313,,,0.0008333329998333
SLE,Sierra Leone,1969,,3137.74267578125,3210.28149414063,3220.23217773438,3308.02978515625,,517.783874511719,0.740133047103882,0.208390057086945,0.021928109228611,-0.338015139102936,-0.0052815116941928,0.372845470905304,,,0.0446379743516445,,1.07935392856598,,,0.130344896630387,0.116328001022339,0.129148617386818,0.066544597462824,0.125720903277397,0.683717362742451,,0.132523700594902,0.67140132188797,0.122966475784779,2.67014368782063,3665.46630859375,4037.4697265625,3383.06860351563,4833.79833984375,3421.91064453125,,3968.04174804688,,,0.0008333329998333
SLV,El Salvador,1955,,5113.65771484375,5424.70703125,5599.1865234375,4680.56982421875,,3516.697265625,0.959039151668549,0.133489787578583,0.0664554089307785,-0.359857350587845,0.0046773203648626,0.196195721626282,,,0.0574759505689144,,1.24977326393127,,,0.0799218426744943,0.0780724361538887,0.082073912024498,0.0647856111592656,0.0981818810105324,0.147858366203809,,0.056090135127306,0.116877265274525,0.116132587194443,2.26113089643542,12184.7314453125,13965.0771484375,5821.1005859375,11458.662109375,4892.63134765625,,21194.361328125,,,1
SLV,El Salvador,1956,,5273.9248046875,5715.5380859375,5795.58056640625,4924.55712890625,,3811.3408203125,0.936205625534058,0.134738385677338,0.0896757245063782,-0.368130207061768,0.00473757321015,0.202772855758667,,,0.0593936592340469,,1.25370812416077,,,0.0824374460158182,0.0803747326135635,0.0857729017734528,0.0660423144799329,0.100943863391876,0.150240070690592,,0.0595292076468468,0.119706839323044,0.11259101331234,2.32806485938221,12657.5458984375,15030.875,6061.87890625,12199.2060546875,5187.50390625,,22844.193359375,,,1
SLV,El Salvador,1957,,5481.12158203125,5973.57666015625,6246.3564453125,5155.69384765625,,4137.0439453125,0.918098866939545,0.145021200180054,0.0955167040228844,-0.370270013809204,0.0048864539712667,0.206746831536293,,,0.0617947988212109,,1.25765526294708,,,0.0772929399937354,0.0752184763550758,0.0810710787773132,0.0620855003600649,0.0982212796807289,0.14621168890436,,0.0620517730712891,0.116714000701904,0.129556059837341,2.39822154352303,13168.86328125,15774.96875,6546.263671875,12745.5654296875,5455.39990234375,,24646.1953125,,,1
SLV,El Salvador,1958,,5519.248046875,5929.0986328125,6007.25244140625,5442.1435546875,,4328.41650390625,0.875103533267975,0.139064535498619,0.0753104835748673,-0.300570458173752,0.0047556981444358,0.206336170434952,,,0.0630944445729256,,1.2616149187088,,,0.0798056275105442,0.0782824531197548,0.083298422396183,0.0686974286482139,0.091948077082634,0.150845912632134,,0.0681968554854393,0.11917195469141,0.103020817041397,2.47160556037339,13210.7138671875,15448.5263671875,6278.671875,12916.5400390625,5653.95703125,,25791.73828125,,,1
SLV,El Salvador,1959,,5685.7919921875,5994.64208984375,6061.07373046875,5672.45068359375,,4398.1162109375,0.863740205764771,0.13861171901226,0.054447378963232,-0.277328848838806,0.0046462882310152,0.215883255004883,,,0.0628180354833603,,1.26558697223663,,,0.0782977064780638,0.0762876123189926,0.0802179127931595,0.0637619913584839,0.085713692009449,0.152572923617084,,0.067908450961113,0.119754984974861,0.0897437557578087,2.54821860891267,13624.5048828125,15398.1103515625,6344.9052734375,13167.7509765625,5868.03466796875,,26220.5390625,,,1
SLV,El Salvador,1960,,5808.07470703125,6399.95751953125,6152.36083984375,5456.86767578125,,4776.22607421875,0.917277634143829,0.147082924842834,0.108465678989887,-0.388822257518768,0.004674457013607,0.211321547627449,,,0.0635403320193291,,1.26957154273987,,,0.0801887365566841,0.0779950693249703,0.0834460705518723,0.0643143533322206,0.0940815135836601,0.136936072021821,,0.0597686134278774,0.10671891272068,0.089973583817482,2.62806481523367,13816.6142578125,16915.435546875,6402.01806640625,13760.416015625,5903.10986328125,,28515.888671875,,,1
SLV,El Salvador,1961,,5763.025390625,6288.55810546875,6324.8779296875,5821.54833984375,,5065.93408203125,0.839988708496094,0.149958521127701,0.0902736932039261,-0.309653103351593,0.0047743488103151,0.224657878279686,,,0.0650199726223946,,1.27412211894989,,,0.0806266755654372,0.0777396708726883,0.0825634151697159,0.0615681804388758,0.0897018238902092,0.135460887408185,,0.064142718911171,0.105158895254135,0.0887964591383934,2.71281888759359,13681.6826171875,16492.775390625,6584.7421875,13974.6748046875,6256.0078125,,30182.32421875,,,1
SLV,El Salvador,1962,,6371.7109375,6902.9248046875,6971.01318359375,6708.86083984375,,5335.3916015625,0.808241248130798,0.141504347324371,0.0791809484362602,-0.27139800786972,0.0047351052053272,0.237736329436302,,,0.0653968527913094,,1.27868902683258,,,0.0817451025385974,0.0787003338336945,0.0831276997923851,0.0613092878776594,0.0863759592175484,0.136232308392671,,0.0721636191010475,0.104597322642803,0.0842097699642181,2.79715962253873,15121.8876953125,18043.431640625,7256.982421875,15459.4638671875,7020.2431640625,,31808.060546875,,,1
SLV,El Salvador,1963,,6699.07958984375,7279.5458984375,7185.31201171875,7000.20458984375,,5644.34814453125,0.823994994163513,0.132988408207893,0.0829213187098503,-0.301844894886017,0.0046406043693423,0.257299542427063,,,0.0656258165836334,,1.28327226638794,,,0.083742052346179,0.0806853622198105,0.0852145031094551,0.0617461607756561,0.0874678492546082,0.137484673782767,,0.074661135673523,0.105431213974953,0.0815510824322701,2.88715431818692,15976.580078125,19148.533203125,7494.1611328125,16135.8427734375,7258.9287109375,,33658.58984375,,,1
SLV,El Salvador,1964,,7183.98046875,8017.7470703125,7781.56982421875,7481.37353515625,,6227.35009765625,0.834580421447754,0.125668451189995,0.111445687711239,-0.332645356655121,0.0047055399045348,0.256245255470276,,,0.0673101022839546,,1.28787195682526,,,0.0832633855579489,0.0805276855826378,0.0867448151111603,0.0623595296568107,0.0902255102992058,0.140313401959463,,0.0781771913170815,0.107115492224693,0.0891423299908638,2.97651480909946,17214.396484375,21533.923828125,8134.17333984375,17675.146484375,7762.1015625,,37056.96484375,,,1
SLV,El Salvador,1965,,7744.43603515625,8523.9931640625,8363.701171875,7975.466796875,,6705.61328125,0.843712151050568,0.127320170402527,0.0977444276213646,-0.315765976905823,0.0046625779941678,0.242326661944389,,,0.0692534074187279,,1.29248809814453,,,0.0836277140753231,0.080702468752861,0.0861240923404694,0.0613177442773806,0.0903164967894554,0.139984658162681,,0.0821116864681244,0.105637922883034,0.0981156602501869,3.07218895014158,18521.18359375,22693.44921875,8730.6962890625,18727.849609375,8240.4599609375,,39825.140625,,,1
SLV,El Salvador,1966,,8421.64453125,9329.408203125,8918.61328125,8567.5283203125,,7286.96337890625,0.852049052715302,0.130923435091972,0.105954028666019,-0.31834003329277,0.0046178353950381,0.224795654416084,,,0.0710824206471443,,1.29712080955505,,,0.082929987943103,0.0797600671648979,0.085525818169117,0.0591302174226107,0.0890305563807488,0.139016757660534,,0.0829910412430763,0.103977993130684,0.0974549800157547,3.18452983630145,20083.435546875,24908.30078125,9291.0234375,20253.853515625,8780.966796875,,43252.80078125,,,1
SLV,El Salvador,1967,,8870.1904296875,9664.4189453125,9427.5390625,9195.1318359375,,7681.05029296875,0.829885303974152,0.134776294231415,0.0863749012351036,-0.293627798557282,0.0046446877531707,0.237946674227715,,,0.0725483596324921,,1.30177021026611,,,0.0825579897540147,0.0792689472436905,0.0849749147891998,0.0590166611658391,0.0871226489543915,0.148700931540643,,0.0847310200333595,0.11113253980875,0.0936581641435623,3.29113642430419,21097.353515625,25453.26171875,9807.9599609375,21127.08984375,9372.2763671875,,45583.78515625,,,1
SLV,El Salvador,1968,,8994.888671875,9611.3701171875,9491.8740234375,9665.80078125,,7807.54248046875,0.794460535049439,0.136128515005112,0.0637796372175217,-0.247202232480049,0.0045827319845557,0.248250856995583,,,0.0716480314731598,,1.30643618106842,,,0.0866850051027121,0.082660011947155,0.0872872173786163,0.0591697360265352,0.0857165679335594,0.154801274670524,,0.0936622843146324,0.115798652172089,0.0873374789953232,3.40758908330245,21311.439453125,24869.875,9855.4833984375,21556.357421875,9811.8115234375,,46573.76171875,,,1
SLV,El Salvador,1969,,9284.18359375,9980.6357421875,9775.0009765625,10011.482421875,,8033.16162109375,0.773082792758942,0.154270708560944,0.0695653557777405,-0.227214485406876,0.0046536549925804,0.225641995668411,,,0.0696897283196449,,1.31111884117126,,,0.087444065964791,0.0825671479105949,0.0880971476435661,0.0581278875666719,0.0860162004828453,0.161815825367925,,0.0973046869039536,0.122320502996445,0.0881894454360008,3.53164006356149,21951.115234375,25882.138671875,10182.337890625,22361.55078125,10188.8505859375,,48110.7421875,,,1
SWE,Sweden,1955,1773.97,74282.8984375,101376.546875,98984.03125,93366.953125,0.0291776563972235,321035.8125,0.626136958599091,0.169464632868767,0.290184527635574,-0.267040699720383,-0.0041728760115802,0.185427382588387,0.782272815704346,0.848945915699005,0.0293341409415007,3.46788549423218,2.3886513710022,0.0622398741543293,0.660020232200623,0.110591415422689,0.108630448579788,0.113170489668846,0.101385090092769,0.119978971779346,0.125617935160732,0.822709918022156,0.0808320268988609,0.109260022640228,0.103469729423523,7.26236763208114,107114.6640625,139025.375,103377.734375,117630.1484375,97830.2578125,0.112456530332565,571633.375,0.581203937530518,0.6788609623909,5.17319999059316
SWE,Sweden,1956,1751.65,76382.2734375,104298.515625,102330.59375,96502.265625,0.0298598688095808,333865.8125,0.618451714515686,0.173055842518806,0.2892806828022,-0.273168921470642,-0.0019642778206616,0.194344937801361,0.778733670711517,0.844696640968323,0.0297120958566666,3.51940417289734,2.41414666175842,0.0635808780789375,0.651737809181213,0.117056807362941,0.114689506590366,0.118938878178597,0.106229439036647,0.126122280955315,0.130565702847364,0.879229605197907,0.0852688476443291,0.115373626351357,0.10864744335413,7.3145310850585,110803.453125,143074.734375,106980.65625,121569.0546875,101086.4140625,0.117156565189362,593046.1875,0.587348341941834,0.683144390583038,5.17319999059316
SWE,Sweden,1957,1751.65,77513.1171875,106367.6328125,104660.3515625,98238.8359375,0.0301801189780235,346789.1875,0.612336933612824,0.176690340042114,0.293717980384827,-0.288058131933212,-0.0001985805283766,0.205511465668678,0.767646253108978,0.836756944656372,0.0300300642848015,3.5254852771759,2.4399139881134,0.0614727661013603,0.6544588804245,0.122399825210052,0.120470926165581,0.124259255826473,0.113786158456606,0.132381647825241,0.134436021084315,0.869863033294678,0.0873840302228928,0.119935430586338,0.112103141844273,7.36378107126231,112600.4453125,145780.828125,109310.4140625,124433.7265625,103021.75,0.121848464012146,614385.5,0.588293373584747,0.681134879589081,5.17220006309944
SWE,Sweden,1958,1723.08,80220.546875,109707.953125,107641.8671875,101932.03125,0.0308067537844181,359765.65625,0.606354236602783,0.180646136403084,0.289285004138947,-0.26691535115242,-0.0016677129315212,0.1922976821661,0.780370712280273,0.837819337844849,0.0303244423121214,3.55106902122498,2.46595668792725,0.0641685426235199,0.649825930595398,0.127370425433947,0.12430178374052,0.127591714262962,0.114001635141307,0.134738892316818,0.136541957278083,0.891580700874329,0.0889017209410667,0.12014277279377,0.11111805588007,7.40912291120165,115925.46875,150220.609375,112338.703125,127477.421875,105537.0078125,0.12663346529007,636054.5625,0.594117939472199,0.69190388917923,5.17319999059316
SWE,Sweden,1959,1699.87,83324.7734375,114938.9609375,113317.0546875,107848.859375,0.0310071110725403,373567.5625,0.593165159225464,0.179441705346107,0.293134182691574,-0.255336284637451,-0.0016247135354206,0.191219910979271,0.783147871494293,0.832826972007752,0.0306054651737213,3.59701013565063,2.49227714538574,0.0714568123221397,0.635566294193268,0.129222433182956,0.126054376363754,0.129163280129433,0.115581968844435,0.135712176561356,0.137357396472355,0.890422165393829,0.0889808684587479,0.119924239814281,0.10981123894453,7.4462278894313,120501.2109375,157874.78125,118575.0390625,134280.984375,111534.6484375,0.131943315267563,660426.625,0.612793266773224,0.712014973163605,5.17319999059316
SWE,Sweden,1960,1695.41,84947.0546875,121215.0546875,118122.21875,107223.2265625,0.0322038270533085,391042.28125,0.611216902732849,0.181027978658676,0.338247627019882,-0.335585385560989,-0.0078851580619812,0.212978020310402,0.740948081016541,0.838417530059815,0.0309758372604847,3.6982147693634,2.51887845993042,0.065300464630127,0.652320921421051,0.133241036098382,0.130861178040504,0.134847581386566,0.122825900585567,0.148554503917694,0.144184522461332,0.873454332351685,0.0804280862212181,0.124425627291203,0.113965764641762,7.48037362465005,122127.7421875,166633.125,123373.703125,139294.140625,114756.453125,0.139062389731407,691773.4375,0.609694182872772,0.720804393291473,5.17319999059316
SWE,Sweden,1961,1697.19,89342.9921875,126706.578125,124837.765625,114722.9921875,0.0327110551297665,409807.5,0.600159406661987,0.178612098097801,0.325685232877731,-0.303320050239563,-0.0054562431760132,0.204319566488266,0.767185151576996,0.848819196224213,0.0314079076051712,3.72797846794128,2.54613208770752,0.0621708072721958,0.66056627035141,0.136596974758394,0.13423778116703,0.138829156756401,0.126310614622794,0.151069298386574,0.14980791529754,0.873706519603729,0.0837474837899208,0.129522308707237,0.117292076349258,7.51997674566638,128288.9453125,174053.484375,130319.5625,147171.96875,122118.6796875,0.14619405567646,723173.3125,0.625014126300812,0.730506837368012,5.17319999059316
SWE,Sweden,1962,1686.48,92994.7734375,131024.7109375,129062.0625,121824.1015625,0.0332548283040524,428415.25,0.584153175354004,0.179199650883675,0.312170922756195,-0.271888881921768,-0.0049054184928536,0.201270535588264,0.7861767411232,0.846903204917908,0.0317513681948185,3.74802494049072,2.5691967010498,0.0562993064522743,0.67603987455368,0.141950499135783,0.140528842806816,0.145688503980637,0.13589454576212,0.154344335198402,0.15830544696893,0.8181511759758,0.0941022858023644,0.134599208831787,0.119219467043877,7.56156636464975,133307.34375,180341.359375,135057.390625,153438.40625,126978.65625,0.153342723846436,754600.625,0.637947678565979,0.741008460521698,5.17319999059316
SWE,Sweden,1963,1681.12,98010.7109375,137449.828125,135287.625,128321.453125,0.0339243933558464,447261.0625,0.576420426368713,0.187370121479034,0.307346224784851,-0.27582174539566,-0.0156197771430016,0.220304802060127,0.798055350780487,0.858443319797516,0.0319563075900078,3.76711201667786,2.5878791809082,0.0545629784464836,0.680608928203583,0.14688573821377,0.144651561975479,0.150392204523087,0.137778395711584,0.158556550741196,0.164658390264132,0.804806292057037,0.0957530438899994,0.139264196157455,0.119622029364109,7.60430658843255,140582.8125,189264.203125,141739.140625,161495.265625,133609.140625,0.160555422306061,786844,0.657500982284546,0.76152116060257,5.17319999059316
SWE,Sweden,1964,1653.45,101697.34375,147241.609375,144188.28125,137678.5,0.0348345898091793,469995.125,0.557042300701141,0.181615829467773,0.330801606178284,-0.276907682418823,-0.0224600899964571,0.229907989501953,0.821523189544678,0.885660409927368,0.0321447625756264,3.82123565673828,2.60669755935669,0.0580192878842354,0.675277531147003,0.152598412857047,0.151203125715256,0.157333046197891,0.1469235790911,0.164772137999535,0.171020786397119,0.822912395000458,0.101065278053284,0.145358636975288,0.122646145522594,7.66133233612182,145989.640625,203596.609375,151245.5625,172595.84375,143302,0.170005455613136,827966.0625,0.687576174736023,0.801563501358032,5.17319999059316
SWE,Sweden,1965,1643.63,106648.1171875,155012.28125,150024.65625,142623.65625,0.0351604856550694,496015.03125,0.560557186603546,0.187201753258705,0.339103430509567,-0.289750814437866,-0.0257636718451977,0.228652089834213,0.822142541408539,0.896436393260956,0.0323860757052898,3.84736585617065,2.62565302848816,0.0551006756722927,0.681544899940491,0.160914186092821,0.159765616059303,0.166364401578903,0.156326322234781,0.174997359514236,0.180915427824828,0.800485610961914,0.105895511806011,0.152424052357674,0.128466039896011,7.73383092887405,152345.859375,214400.75,157297.015625,179041.328125,147969.890625,0.180242240428925,872368.5,0.696129262447357,0.823834121227264,5.17319999059316
SWE,Sweden,1966,1631.13,110311.34375,157578.375,153262.171875,146143.265625,0.0357984788715839,518168.15625,0.557381629943848,0.197434812784195,0.323429465293884,-0.28534984588623,-0.0170707441866398,0.224174678325653,0.813153505325317,0.876761019229889,0.0325891599059105,3.85275888442993,2.64474630355835,0.0484810397028923,0.695504248142242,0.171559283338889,0.170479521155357,0.177159160375595,0.167431221140656,0.18578889966011,0.192748052629808,0.753259897232056,0.109620630741119,0.162170425057411,0.130342766642571,7.80777481095371,156637.421875,217321.359375,160424.703125,182622.15625,150596.28125,0.18987375497818,913043.6875,0.698144793510437,0.821053206920624,5.17319999059316
SWE,Sweden,1967,1603.45,114122.703125,162103.25,158994.75,152775.625,0.0350055694580078,540044.9375,0.545563519001007,0.201431930065155,0.314058929681778,-0.270296096801758,-0.0198449976742268,0.229086741805077,0.848149597644806,0.89825838804245,0.0326942168176174,3.81171584129334,2.66397833824158,0.0507257841527462,0.689468801021576,0.180758961353732,0.179502084851265,0.185424983501434,0.176097935588488,0.192973166704178,0.199512728293002,0.822438180446625,0.113822817802429,0.168639227747917,0.134545549750328,7.8679085744253,161360.59375,222818.015625,165931.140625,189783.8125,156332.296875,0.198990762233734,952686.9375,0.725399196147919,0.841676235198975,5.17319999059316
SWE,Sweden,1968,1565.06,120056.6015625,168204.84375,165121.1875,158901.3125,0.0343494080007076,561264,0.545164406299591,0.210377514362335,0.303007155656815,-0.275756537914276,-0.0197418704628944,0.23694933950901,0.869609892368317,0.914897978305817,0.0326533056795597,3.85225486755371,2.68335008621216,0.0474101416766644,0.699899792671204,0.184250929171474,0.18337644636631,0.189395979046822,0.181110359201104,0.196809515357018,0.204405548845181,0.794466376304627,0.116866804659367,0.171704664826393,0.136893138289452,7.91219469989056,168979.15625,230522.734375,171975.09375,195155.046875,161845.171875,0.207248777151108,990989.5625,0.740013420581818,0.863874077796936,5.17319999059316
SWE,Sweden,1969,1544.53,125361.6328125,177438.046875,173848.203125,167006.796875,0.0333330444991589,585144.5625,0.537451326847076,0.213186591863632,0.311822146177292,-0.287448227405548,-0.021374199539423,0.246362403035164,0.89917665719986,0.94945353269577,0.0325438790023327,3.9246678352356,2.70286273956299,0.050330676138401,0.697112202644348,0.191988313428727,0.190438821911812,0.19533859193325,0.186532474627753,0.203340575098991,0.207133642571424,0.851637840270996,0.12286314368248,0.174826204776764,0.143951281905174,7.96799545639468,176685.765625,243052.15625,180874.046875,205897.515625,169530.09375,0.216506823897362,1033750.875,0.763742506504059,0.890988767147064,5.17319999059316
SYC,Seychelles,1960,,137.779251098633,165.38330078125,261.787139892578,241.376403808594,,470.506317138672,0.333577245473862,0.237229347229004,0.114360995590687,-0.093732550740242,0.322899758815765,0.0856652110815048,,,0.0417353808879852,,,,,0.0521008714997409,0.0561365522444248,0.0540257208049297,0.0618112769489785,0.0585941225290298,0.0434900021825182,,0.0919776484370232,0.0411126166582108,0.131660476326942,0.0417744205193498,96.5204010009766,108.600936889648,301.733581542969,139.216430664063,298.873901367188,,398.34130859375,,,4.76189502476315
SYC,Seychelles,1961,,143.556549072266,177.811660766602,260.743560791016,243.200942993164,,483.741607666016,0.304103791713715,0.286175787448883,0.140851050615311,-0.0961564183235169,0.283121943473816,0.0819038897752762,,,0.0440248064696789,,,,,0.0523954589924832,0.0565552748739719,0.0540959574282169,0.0609756902775663,0.0579980202019215,0.0437894185789857,,0.0953426510095596,0.0413785986602306,0.136673703789711,0.0431170333836433,100.980613708496,116.494918823242,299.578826904297,145.290939331055,300.097259521484,,410.133941650391,,,4.76189502476315
SYC,Seychelles,1962,,160.545364379883,200.90283203125,274.870788574219,260.234527587891,,501.966888427734,0.304709911346436,0.312215745449066,0.155081123113632,-0.086313895881176,0.246125862002373,0.0681812390685082,,,0.0466697961091995,,,,,0.0529035379046162,0.056987326592207,0.0544968657195568,0.0609729422458719,0.0575619116425514,0.0445895856976009,,0.105879977345467,0.0416737161576748,0.153435170650482,0.0439994072165811,112.987655639648,131.672058105469,315.877075195313,158.793441772461,321.060333251953,,425.900207519531,,,4.76189502476315
SYC,Seychelles,1963,,198.039108276367,244.331146240234,299.684967041016,289.249847412109,,523.396789550781,0.283955842256546,0.400708705186844,0.160041689872742,-0.0818167477846146,0.172996267676353,0.0641142651438713,,,0.0494501367211342,,,,,0.053672520449915,0.0581221282482147,0.0557110421359539,0.0612752700908065,0.0577209033071995,0.0453963377282268,,0.106775864958763,0.0424331873655319,0.14680027961731,0.0453761125527051,140.619552612305,161.791870117188,344.117218017578,190.751495361328,355.269592285156,,444.871398925781,,,4.76189502476315
SYC,Seychelles,1964,,200.622207641602,251.665237426758,330.077026367188,315.120239257813,,546.581970214844,0.277608990669251,0.359043896198273,0.161979556083679,-0.0795380100607872,0.214028641581535,0.0668768882751465,,,0.0521280355751514,,,,,0.0553708165315024,0.0595445409417152,0.0570080988109112,0.0627716181596374,0.0597139187157154,0.0470387373918964,,0.11267875880003,0.0439836978912354,0.155018523335457,0.0468811642602652,141.496978759766,165.273696899414,378.278442382813,197.593017578125,386.127014160156,,465.755554199219,,,4.76189502476315
SYC,Seychelles,1965,,152.953796386719,207.833023071289,308.979522705078,292.902313232422,,571.018127441406,0.331798434257507,0.190402284264565,0.187363564968109,-0.09298475086689,0.31206002831459,0.0713604614138603,,,0.0545588508248329,,,,,0.0575238261028243,0.0596901550889015,0.0569223687052727,0.063465239561904,0.0600467957556248,0.0492082703285171,,0.120068103075027,0.0457367822527885,0.169323652982712,0.0479139416626406,104.457389831543,131.618209838867,352.798950195313,153.546875,357.91845703125,,487.985321044922,,,4.76189502476315
SYC,Seychelles,1966,,157.091323852539,210.559432983398,295.8828125,286.311767578125,,591.787963867188,0.356409549713135,0.192262724041939,0.186747863888741,-0.0909372791647911,0.288554936647415,0.0669621825218201,,,0.0564768835902214,,,,,0.0590521089203041,0.0608902983367443,0.0582536235451698,0.0642978708217261,0.0602009706199169,0.0505069556112595,,0.125597506761551,0.0466887317597866,0.170399054884911,0.048927672553143,106.224571228027,132.801208496094,336.919952392578,150.074890136719,347.791870117188,,507.182159423828,,,4.76189502476315
SYC,Seychelles,1967,,213.963500976563,266.327545166016,310.980560302734,309.088531494141,,610.196594238281,0.33228725194931,0.359952926635742,0.16941437125206,-0.102418437600136,0.17705999314785,0.0637038871645927,,,0.0577405504882336,,,,,0.0588920038139911,0.0610075518488884,0.0590134523808956,0.0629604971045504,0.0593746900558472,0.0508654038976225,,0.129671961069107,0.0470114909112453,0.177279636263847,0.0500226172622649,145.380218505859,170.328460693359,352.402984619141,192.912811279297,373.423919677734,,523.791870117188,,,4.8280328132905
SYC,Seychelles,1968,,246.394409179688,302.208129882813,376.156463623047,367.037353515625,,630.173645019531,0.284280359745026,0.387025713920593,0.152065515518188,-0.0932778939604759,0.202122420072556,0.0677838772535324,,,0.0585240088403225,,,,,0.0530062162904326,0.0544435419142246,0.0528834983706474,0.0554992918458186,0.0541974008083344,0.045996549562907,,0.119084037840366,0.0424328856170177,0.159448370337486,0.0512639575182238,166.458587646484,192.859130859375,424.046264648438,229.057342529297,440.264801025391,,542.033874511719,,,5.55554562606844
SYC,Seychelles,1969,,242.462341308594,341.003509521484,327.336242675781,342.509704589844,,689.0498046875,0.330634742975235,0.377264469861984,0.28770324587822,-0.126991033554077,0.071578249335289,0.0598103292286396,,,0.0605548061430454,,,,,0.0553637826378475,0.0559046305716038,0.0533255971968174,0.0563786310899115,0.0509632304310799,0.0469798331487048,,0.125954911112785,0.0437809973955154,0.170863762497902,0.0526496874420484,162.87580871582,212.672607421875,367.383453369141,212.587844848633,408.967620849609,,595.232421875,,,5.55554562606844
SYR,Syrian Arab Republic,1960,,8898.5244140625,10692.591796875,10057.009765625,11895.041015625,,38893.65625,0.654238522052765,0.093848429620266,0.150824815034866,-0.232995569705963,-0.0407089442014694,0.374792724847794,,,0.0402924865484238,1.36718952655792,1.22565937042236,,,0.085549237942987,0.0890925526618958,0.0841746926307678,0.113793793701571,0.071167953312397,0.0597822422078813,,0.0558538399636745,0.0450724512338638,0.0304520260542631,4.62132149721558,68278.4453125,55924.3984375,11148.6728515625,27536.69921875,13115.5771484375,,4473.45654296875,,,3.65497380797106
SYR,Syrian Arab Republic,1961,,9159.328125,11432.1220703125,10919.248046875,12475.6162109375,,40080.88671875,0.637124836444855,0.0970535725355148,0.182178914546967,-0.175170749425888,-0.0318915769457817,0.290704995393753,,,0.039736445993185,1.39726901054382,1.23545277118683,,,0.091104961470475,0.0930503904819489,0.085432156920433,0.105821490151363,0.074774257838726,0.0547307756024224,,0.0628528892993927,0.0412951596081257,0.0339950360357761,4.77282737110579,70400.671875,59160.6640625,12115.9248046875,27972.64453125,13865.7763671875,,4621.56689453125,,,3.65497380797106
SYR,Syrian Arab Republic,1962,,10564.4296875,13628.6943359375,13539.158203125,15769.5341796875,,42295.1015625,0.581658363342285,0.0882682204246521,0.19431546330452,-0.163070440292358,-0.0219750497490168,0.320803463459015,,,0.039853859692812,1.42786610126495,1.24532437324524,,,0.0867127400304736,0.0887425988912582,0.0809114500880241,0.102118682375861,0.0694676786661148,0.0539126073564339,,0.0604586116969585,0.0402491986751556,0.0340587683022022,4.92930098544105,81107,69767.8828125,15048.6015625,38336.47265625,18084.572265625,,4881.89306640625,,,3.76727761116563
SYR,Syrian Arab Republic,1963,,8630.50390625,11127.7451171875,10937.2841796875,13962.861328125,,43602.42578125,0.517857670783997,0.100246585905552,0.178848817944527,-0.171104148030281,-0.0400811061263084,0.414232194423676,,,0.0397878251969814,1.45895302295685,1.25527489185333,,,0.127514039673689,0.123904690146446,0.108320772647858,0.105259381431191,0.0848490223288536,0.0544625136892327,,0.0625298991799355,0.0407463498413563,0.0304718315601349,5.09090423663633,66378.4765625,57071.75390625,12178.5068359375,34804.7109375,15719.6181640625,,5050.29150390625,,,3.9
SYR,Syrian Arab Republic,1964,,13162.3876953125,15978.3076171875,15592.9521484375,17493.62890625,,45315.73828125,0.65911215543747,0.0932982414960861,0.160968318581581,-0.106817275285721,-0.0441145747900009,0.23755319416523,,,0.0392406471073628,1.49054872989655,1.26530492305756,,,0.0902854536431957,0.0920223668217659,0.0847870036959648,0.104292916570372,0.0755749195814133,0.0509669109979342,,0.0677010342478752,0.0381415672600269,0.0366144441068172,5.25780582756249,101495.2109375,84422.5234375,17400.015625,40361.859375,19789.89453125,,5262.04736328125,,,3.9
SYR,Syrian Arab Republic,1965,,13396.4111328125,15762.7255859375,15756.5693359375,17278.076171875,,46451.9609375,0.672065556049347,0.103276029229164,0.136954739689827,-0.111180655658245,-0.0134565718472004,0.212340906262398,,,0.0385986343026161,1.52265596389771,1.27541506290436,,,0.0864454513655005,0.0886352583765984,0.0832837522029877,0.102885340095646,0.0759497880935669,0.0529872961861593,,0.0701813921332359,0.0393724180757999,0.0414200164377689,5.43017883666918,103166.7421875,84263.5078125,17573.453125,40465.55859375,19791.2265625,,5406.771484375,,,3.9
SYR,Syrian Arab Republic,1966,,12024.341796875,14861.7626953125,14123.103515625,15618.8369140625,,48181.66796875,0.652534663677216,0.117326855659485,0.181666612625122,-0.130395755171776,-0.0274432245641947,0.206310838460922,,,0.0381223671138287,1.55525350570679,1.28560590744019,,,0.101260184928248,0.101565442979336,0.0923364982008934,0.103263192999764,0.0834939256310463,0.0532263664712474,,0.080628789961338,0.0393296107649803,0.0409001260995865,5.60820314886192,92455.078125,77875.4765625,15730.0908203125,37233.40234375,17728.265625,,5621.1328125,,,3.9
SYR,Syrian Arab Republic,1967,,14085.6630859375,16821.875,16277,17526.2734375,,49759.98046875,0.685393631458283,0.118294790387154,0.156120553612709,-0.102379158139229,-0.0366259589791298,0.179196178913116,,,0.037928868085146,1.58835911750793,1.29587829113007,,,0.091323522367314,0.0930634513497353,0.0875288248062134,0.103144523685329,0.081289753317833,0.0590372679572936,,0.0789763554930687,0.0436798892915249,0.0465504452586174,5.79206351080045,108055.625,89107,18102.529296875,39627.9453125,19991.10546875,,5813.4775390625,,,3.9
SYR,Syrian Arab Republic,1968,,14190.9921875,17543.587890625,17014.203125,18376.53125,,51996.16796875,0.626551866531372,0.145682662725449,0.182438939809799,-0.106762900948524,-0.0437771119177341,0.195866525173187,,,0.0379633232951164,1.62196493148804,1.30623269081116,,,0.0970767057683003,0.098006084561348,0.0905749052762985,0.102003150613301,0.0838602185249329,0.0591199183118778,,0.0796302855014801,0.0436894819140434,0.0488264933228493,5.98195196177578,108938.6953125,91952.7890625,18891.455078125,41217.48828125,20856.00390625,,6091.53125,,,3.9
SYR,Syrian Arab Republic,1969,,17428.703125,21724.7734375,20789.390625,21771.337890625,,55359.29296875,0.669735908508301,0.130798384547234,0.197326838970184,-0.123159065842628,-0.0134723577648401,0.138770237565041,,,0.0386494733393192,1.65606915950775,1.31666994094849,,,0.0894410407463726,0.0912459120154381,0.0852525755763054,0.100487506847044,0.081407442688942,0.0609382396626491,,0.0770727545022965,0.0453798212110996,0.0499110780656338,6.17806588900859,133939.484375,113574.2265625,23118.51171875,49293.3125,24876.216796875,,6490.6865234375,,,3.9
TCD,Chad,1960,,6455.15966796875,6967.00537109375,6293.09619140625,6330.4873046875,,2584.95581054688,0.682316184043884,0.337377786636353,0.080854095518589,-0.0481942929327488,-0.068671427667141,0.016317643225193,,,0.0397957861423492,1.25065922737122,,0.80904746055603,0.45519956946373,0.0428102042771013,0.0337342470884323,0.0343748405575752,0.0153789467168963,0.0341718047857285,0.0424536769956153,,0.0726162195205689,0.0505963228642941,0.134023994207382,3.04278471324861,4817.36328125,4311.90283203125,7053.30322265625,4161.283203125,7089.01123046875,,3359.87231445313,,,245.195098717111
TCD,Chad,1961,,6837.619140625,7394.67041015625,6559.9365234375,6609.76220703125,,2938.51489257813,0.697586297988892,0.336886525154114,0.0842770636081696,-0.0525583289563656,-0.0816458910703659,0.015454332344234,,,0.0383666343986988,1.27041149139404,,0.694515883922577,0.45519956946373,0.0425730189001629,0.0338422656059265,0.0347007103264332,0.0157636193991341,0.0344391278922558,0.0452377682778762,,0.0739769041538239,0.0542391203343868,0.149966299533844,3.09582097637734,5125.22216796875,4598.06005859375,7325.96240234375,4242.55078125,7364.5556640625,,3849.26928710938,,,245.260101158475
TCD,Chad,1962,,7901.287109375,8364.576171875,7435.49755859375,7554.08935546875,,3206.25073242188,0.722316145896912,0.323645383119583,0.061329610645771,-0.0472462698817253,-0.0745204836130142,0.0144755998626351,,,0.0372470207512379,1.29093313217163,,0.689514875411987,0.45519956946373,0.0402957950814223,0.0327763669192791,0.0335087478160858,0.0159944003337436,0.0329826921224594,0.0459993358745486,,0.0815633311867714,0.0548564419150353,0.15130303800106,3.15091583294443,5990.181640625,5222.95361328125,8295.5380859375,4721.87255859375,8360.84375,,4226.37109375,,,245.013900597112
TCD,Chad,1963,,7311.66943359375,7895.68505859375,6941.1689453125,6930.4052734375,,3565.85131835938,0.700270354747772,0.354742854833603,0.0842685773968697,-0.0478140376508236,-0.112708821892738,0.0212410669773817,,,0.0362394787371159,1.31225693225861,,0.586637258529663,0.45519956946373,0.0453333489576212,0.0357483699917793,0.036739606410265,0.0168274105907612,0.0367966666817665,0.0491495156285083,,0.0876143649220467,0.0589048713445663,0.154248669743538,3.20814582742961,5439.951171875,4881.2041015625,7747.72705078125,4447.908203125,7669.89501953125,,4730.50439453125,,,245.016403038517
TCD,Chad,1964,,7479.20556640625,8042.986328125,6944.416015625,6944.43408203125,0.0001963141112355,3901.79077148438,0.723505020141602,0.353502184152603,0.0811845287680626,-0.0541718862950802,-0.12805600464344,0.0240361876785755,,,0.0353733710944653,1.33616030216217,,0.515560865402222,0.45519956946373,0.0469780430855583,0.0374686233699322,0.0385731384158134,0.0180059013218321,0.0385730341076851,0.0532258236910341,2.89273476600647,0.0919297263026238,0.0639248639345169,0.158821523189545,3.27187494900413,5610.23876953125,5002.65966796875,7749.330078125,4473.95068359375,7679.03466796875,0.0418483093380928,5199.15234375,,,245.027206261166
TCD,Chad,1965,,7644.2333984375,8060.2802734375,7406.36083984375,7346.0888671875,0.0001964536058949,4107.34326171875,0.6959228515625,0.344662606716156,0.0566351376473904,-0.0445864647626877,-0.0749716311693192,0.0223375130444765,,,0.0346302464604378,1.36383593082428,,0.516254663467407,0.45519956946373,0.0493769917205615,0.0392487049102783,0.0401359871029854,0.0187982505289533,0.0404652915894985,0.0564384897639816,2.91912984848022,0.095232754945755,0.0673828646540642,0.165958359837532,3.34504956399768,5703.234375,4954.31591796875,8213.19140625,4647.3388671875,8066.23828125,0.0441650524735451,5492.73388671875,,,245.060897667394
TCD,Chad,1966,,7390.578125,7870.283203125,7350.44189453125,7337.43408203125,0.0001979541557375,4367.80908203125,0.634506464004517,0.372736364603043,0.0653777718544006,-0.0405061393976212,-0.0513186827301979,0.0192041918635368,,,0.0340046249330044,1.39209866523743,,0.473434895277023,0.45519956946373,0.0539752783630911,0.041113518178463,0.0423000380396843,0.0192190343798978,0.042375024408102,0.0605801188275442,2.7909791469574,0.100008711218834,0.0719403102993965,0.168126434087753,3.4199072037205,5322.79833984375,4705.4072265625,8089.31494140625,4576.98974609375,7987.67333984375,0.0470614396035671,5856.77978515625,,,245.678405601562
TCD,Chad,1967,,7251.15478515625,7823.79443359375,7450.0361328125,7488.3369140625,0.0002032672055065,4699.3212890625,0.563311338424683,0.405015110969543,0.0764708667993546,-0.048395186662674,-0.0177281722426415,0.0213260315358639,,,0.0335537120699883,1.42083287239075,,0.442728787660599,0.45519956946373,0.0587960804207501,0.0422995015978813,0.0437988713383675,0.0193553991955375,0.0435748510062695,0.0627849078504538,2.75027132034302,0.103373430669308,0.0747427344322205,0.168300822377205,3.49618842769294,4991.5791015625,4515.93115234375,8143.48291015625,4614.333984375,8090.03662109375,0.0507509224116802,6317.83251953125,,,246.000900108188
TCD,Chad,1968,,7319.109375,7870.974609375,7595.982421875,7583.15673828125,0.0002061012783087,5002.33935546875,0.548009812831879,0.41716992855072,0.0727751404047012,-0.040020864456892,-0.018787769600749,0.0208537224680185,,,0.0331822708249092,1.44960904121399,,0.423072159290314,0.45519956946373,0.0601527822388972,0.0425831638276577,0.0440270639955998,0.0195030626909471,0.0441015362739563,0.0631768218890512,2.5704870223999,0.110278882086277,0.0751172602176666,0.17481042444706,3.5727944291776,4956.5703125,4472.31005859375,8251.083984375,4660.8388671875,8136.7109375,0.0541488341987133,6744.111328125,,,247.564697104238
TCD,Chad,1969,,7604.08447265625,8260.5107421875,8081.1572265625,8212.5166015625,0.0002131684304913,5386.55810546875,0.477944791316986,0.447969228029251,0.0799299851059914,-0.0479986555874348,0.0205318704247475,0.0216227788478136,,,0.0328824743628502,1.47848200798035,,0.42035910487175,0.45519956946373,0.0639409944964193,0.0421371906995773,0.0437014065682888,0.0188744022034024,0.043002400547266,0.0618213680900784,2.49099850654602,0.117100842297077,0.0741314962506294,0.174971401691437,3.64991263484454,4902.1201171875,4507.5673828125,8755.33984375,4867.22802734375,8784.0126953125,0.0583892017602921,7273.4287109375,,,259.960601637173
TGO,Togo,1960,,1755.70190429688,2111.42846679688,1952.89660644531,1993.14794921875,,4260.892578125,0.755059480667114,0.125809356570244,0.178474754095078,-0.11881809681654,-0.0111061604693532,0.0705806240439415,,,0.0408994518220425,,1.04760360717773,,,0.0999382587529838,0.094413124024868,0.0854383632540703,0.0612533666137436,0.0837129503488541,0.0411431404924368,,0.108372293412685,0.046985786408186,0.0993287339806557,1.66392662702803,1649.31921386719,2047.58093261719,1978.62243652344,2142.607421875,2120.20703125,,8810.3251953125,,,245.195098717111
TGO,Togo,1961,,1902.28942871094,2181.02685546875,2121.38403320313,2174.16943359375,,4252.5078125,0.768685400485992,0.106264546513557,0.128204077482224,-0.107346966862679,0.0154379345476627,0.0887549743056297,,,0.0409712493419647,,1.0497819185257,,,0.0875242851025488,0.0842937752604485,0.0787621140480042,0.0609252803186432,0.0768499001860619,0.0410103475473029,,0.10993655025959,0.0467461869120598,0.0952545404434204,1.70434365841949,1803.64770507813,2185.03564453125,2151.12744140625,2368.7998046875,2310.39086914063,,8791.8798828125,,,245.260101158475
TGO,Togo,1962,,1918.13134765625,2269.14282226563,2161.84887695313,2253.29541015625,,4291.81787109375,0.751874387264252,0.0993816554546356,0.15577694773674,-0.0913014188408852,0.0053466721437871,0.0789218172430992,,,0.0410400591790676,,1.05196487903595,,,0.0937151349690641,0.0901199355721474,0.0828357338905335,0.0629203487610513,0.0794739574193955,0.0430306115134389,,0.131328865885735,0.0484521090984345,0.0965670049190521,1.74644069660027,1820.0009765625,2242.84057617188,2194.03173828125,2456.7919921875,2377.49291992188,,8867.4072265625,,,245.013900597112
TGO,Togo,1963,,2091.3095703125,2543.61157226563,2318.50146484375,2405.78686523438,,4386.83447265625,0.750152349472046,0.119130641222,0.188005834817886,-0.086580902338028,-0.0436258316040039,0.0729178339242935,,,0.0415238291025162,,1.05415236949921,,,0.100676630221459,0.0957605466246605,0.0868298560380936,0.0648045238024054,0.0836795568466187,0.0455370162233815,,0.139364078640938,0.0511951595544815,0.104119412600994,1.79029430987916,1974.72143554688,2470.32958984375,2357.95336914063,2613.94189453125,2537.70141601563,,9062.0986328125,,,245.016403038517
TGO,Togo,1964,,2069.09741210938,2892.69458007813,2654.10986328125,2761.48193359375,,4709.39404296875,0.625071883201599,0.124198772013187,0.298244625329971,-0.107560873031616,-0.0377026274800301,0.0977481827139854,,,0.0431049801409245,,1.05634427070618,,,0.104632744955091,0.0978125259280205,0.08293766528368,0.0634874758426558,0.079712875187397,0.0455680329521863,,0.140268936753273,0.0509534887969494,0.11178969591856,1.83579945525603,1936.66455078125,2614.43139648438,2705.29663085938,2965.02270507813,2917.34692382813,,9698.216796875,,,245.027206261166
TGO,Togo,1965,,2201.18627929688,3212.92822265625,2996.7353515625,3152.705078125,,5131.94677734375,0.587515234947205,0.11067446321249,0.32091236114502,-0.0983058214187622,0.000177997542778,0.0790257602930069,,,0.0457971729338169,,1.05854082107544,,,0.105250981508052,0.0990286394953728,0.0825150460004807,0.0659973416521939,0.0784328803420067,0.0465874135540965,,0.145136222243309,0.0513908565044403,0.108767122030258,1.88321431234859,2062.24853515625,2855.67700195313,3056.60961914063,3396.42626953125,3330.9873046875,,10525.625,,,245.060897667394
TGO,Togo,1966,,2640.04858398438,3504.10180664063,3379.22802734375,3486.72290039063,,5416.06494140625,0.640003621578217,0.117168299853802,0.247812390327454,-0.0895496755838394,0.0035484035033732,0.081016980111599,,,0.0474585331976414,,1.0602365732193,,,0.10032460837393,0.094494916498661,0.0825271978974342,0.0626516410581123,0.0799828991293907,0.045960730049808,,0.151290282607079,0.0503486208617687,0.127239361405373,1.93243383815669,2471.26684570313,3248.9541015625,3445.5390625,3719.46459960938,3674.38159179688,,11119.1533203125,,,245.678405601562
TGO,Togo,1967,,2912.8017578125,3604.009765625,3551.53588867188,3673.41430664063,,5576.93994140625,0.684297502040863,0.108643792569637,0.188165009021759,-0.0754687488079071,0.0288470555096865,0.06551543623209,,,0.0473158061504364,,1.06193506717682,,,0.0981884489808145,0.0935109406709671,0.0846838131546974,0.0640494594788454,0.0818741172552109,0.0474856175640757,,0.162675604224205,0.052096962928772,0.132875606417656,1.98353460098912,2743.3525390625,3465.35205078125,3616.54345703125,3921.75854492188,3861.7470703125,,11467.4052734375,,,246.000900108188
TGO,Togo,1968,,3140.48168945313,3755.72143554688,3742.1845703125,3790.59448242188,,5687.6513671875,0.716838121414185,0.11165501922369,0.162306904792786,-0.0725800767540932,-0.0138397989794612,0.0956198051571846,,,0.0463237799704075,,1.06363618373871,,,0.0934501097980995,0.0893587470054627,0.0826809778809547,0.0630917462234505,0.0816250592470169,0.0485943757578125,,0.171139195561409,0.0532055906951427,0.138629287481308,2.03659643897568,2955.27221679688,3662.61645507813,3806.16040039063,4114.328125,3977.85375976563,,11717.8701171875,,,247.564697104238
TGO,Togo,1969,,3344.97778320313,4123.0966796875,4108.60986328125,4261.18701171875,,5904.49951171875,0.684354603290558,0.100632689893246,0.182606130838394,-0.0722467601299286,0.0318928770720959,0.0727604255080223,,,0.0456669442355633,,1.06534016132355,,,0.0933525778016472,0.0895436853170395,0.0822705179452896,0.0636412465010523,0.0793247148394585,0.0510046261382456,,0.183317735791206,0.0562344528734684,0.143409296870232,2.09191554340337,3171.04736328125,3996.36083984375,4188.9375,4547.63525390625,4481.5126953125,,12164.990234375,,,259.960601637173
THA,Thailand,1955,,20104.28125,23385.64453125,24557.71875,23863.7734375,0.0043818708509206,59474.60546875,0.704148888587952,0.138311386108398,0.137503936886787,-0.151644468307495,0.0401083901524544,0.131571844220161,0.304025620222092,0.297781646251678,0.041009608656168,9.8988561630249,1.27844655513763,0.227749273180962,0.424443364143372,0.0629943937728174,0.0625298470258713,0.0666313543915749,0.0601648157240977,0.0685689672827721,0.0917605305082746,1.35469329357147,0.0795141458511353,0.0574802905321121,0.0956154614686966,22.7327699717217,24137.765625,29301.91796875,24624.0546875,26970.775390625,24505.51953125,0.0089240865781903,81478.9296875,0.60917192697525,0.683763563632965,21.6418121852679
THA,Thailand,1956,,21159.96484375,24138.828125,25693.439453125,24983.337890625,0.0043319826945662,61162.69921875,0.714159786701202,0.13280326128006,0.119233980774879,-0.14249449968338,0.0468089953064919,0.129488453269005,0.308267027139664,0.298926293849945,0.0410402826964855,10.1654634475708,1.2917343378067,0.248279005289078,0.424443364143372,0.0707882058838212,0.0701686441898346,0.0730859413743019,0.0668368973164097,0.0751632675528526,0.0938085877604516,1.54529714584351,0.085345134139061,0.0596129968762398,0.101868070662022,23.5016252513201,25597.935546875,30167.685546875,25869.474609375,28242.283203125,25776.974609375,0.0091814277693629,83862.3046875,0.619733214378357,0.68392813205719,20.7817371559536
THA,Thailand,1957,,23157.10546875,27150.900390625,28765.61328125,28226.90625,0.0043799299746751,63936.52734375,0.713459014892578,0.106932170689106,0.141488909721375,-0.13802133500576,0.0508939139544964,0.125247359275818,0.337071418762207,0.326403588056564,0.0412110835313797,10.4294004440308,1.30516028404236,0.300618916749954,0.424443364143372,0.0750122462561103,0.0743565857410431,0.0763028860092163,0.0699819613894351,0.0777591168880463,0.0875880515045044,1.68498730659485,0.0896041691303253,0.0563511066138744,0.101995885372162,24.2746350262768,28139.34375,34214.71875,28997.474609375,32270.236328125,29200.49609375,0.0096553191542625,88045.25,0.681497514247894,0.746515095233917,20.7517345608304
THA,Thailand,1958,,24416.2890625,28498.185546875,29669.74609375,29280.736328125,0.0044015278108418,66939.4453125,0.730111300945282,0.103757344186306,0.139405503869057,-0.125124275684357,0.0549349151551724,0.09691521525383,0.340916484594345,0.330982506275177,0.0416256077587605,10.6913785934448,1.31872570514679,0.319249451160431,0.424443364143372,0.0756420736949024,0.075221449136734,0.0762618109583855,0.0722616295958015,0.0772749856114388,0.0824848495456093,1.68975806236267,0.0923483371734619,0.052562702447176,0.106910593807697,25.0535409675429,29569.974609375,35853.83984375,29860.732421875,32904.92578125,30084.728515625,0.0101280994713306,92259.5625,0.670969843864441,0.75533789396286,20.9917553218159
THA,Thailand,1959,,26581.310546875,31465.763671875,32890.171875,32404.330078125,0.0044404109939932,71080.140625,0.722981095314026,0.0973201021552086,0.15073461830616,-0.123675085604191,0.0536485984921455,0.0989907160401344,0.357698321342468,0.346586167812347,0.0421383157372475,10.9563322067261,1.33243215084076,0.333330243825913,0.424443364143372,0.0721775866061691,0.071708120405674,0.0729600414633751,0.068220526479278,0.0740539357066155,0.0797730126666015,1.60997986793518,0.0921607241034508,0.0504359640181065,0.107406251132488,25.8501594435363,32243.578125,39734.21875,33169.81640625,36626.0703125,33294.0078125,0.0107647385448217,97877.5546875,0.706570029258728,0.791941404342651,21.1717689852063
THA,Thailand,1960,,29736.966796875,35161.49609375,36979.19140625,35551.80859375,0.0045533278025686,75815.21875,0.720946550369263,0.115493766963482,0.152580961585045,-0.131267011165619,0.048184659332037,0.094061054289341,0.375964820384979,0.37218388915062,0.0428203418850899,11.2263441085815,1.34628105163574,0.326356768608093,0.424443364143372,0.0697004064224784,0.0694515556097031,0.0718533545732498,0.0678981500949197,0.0747382193803787,0.0850198999547089,1.70591747760773,0.083731010556221,0.0532504022121429,0.117621600627899,26.6697616898003,35784.4609375,44170.27734375,37126.72265625,41091.31640625,36950.4609375,0.0114977927878499,104339.8671875,0.755048036575317,0.838529109954834,21.1817711218132
THA,Thailand,1961,,31242.60546875,36870.65625,39487.2734375,37834,0.0046285912394523,80372.84375,0.71079683303833,0.114984340965748,0.148756474256516,-0.122497089207172,0.0506586357951164,0.0973008722066879,0.383671343326569,0.374562412500381,0.0433573797345161,11.5306234359741,1.35476744174957,0.330842852592468,0.424443364143372,0.0721961007231153,0.0715961456298828,0.0739348977804184,0.067887395983324,0.0771657079458237,0.0869178704379725,1.76369833946228,0.0903192162513733,0.0544716976583004,0.126084208488464,27.5066549198606,37616.91015625,46336.80078125,39670.2421875,43260.609375,39284.7734375,0.0122322114184499,110877.921875,0.758828103542328,0.839731156826019,21.0584400472257
THA,Thailand,1962,,33379.72265625,40563.69140625,41198.99609375,40400.37890625,0.0048087234608829,87194.8828125,0.707901835441589,0.118321195244789,0.177819296717644,-0.13357213139534,0.0428711511194706,0.0866586118936539,0.379050463438034,0.381190896034241,0.0440615303814411,11.8458766937256,1.36330735683441,0.321804344654083,0.424443364143372,0.0753302537837813,0.0745029002428055,0.0773134902119637,0.0695529310749204,0.0788417980074883,0.0903726874312991,1.70283675193787,0.101085424423218,0.0559844113886356,0.130834445357323,28.3667685803634,40138.58984375,51297.671875,41431.44921875,46752.00390625,41544.30859375,0.0133118983358145,120306.8671875,0.766848027706146,0.869301080703735,20.8801105727415
THA,Thailand,1963,,35693.2890625,44741,43777.9921875,43198.76171875,0.0051018977537751,96117.953125,0.704545795917511,0.121711410582066,0.209443747997284,-0.140530914068222,0.0199510268867016,0.0848789364099503,0.375492483377457,0.390543341636658,0.0454452782869339,12.1617546081543,1.37190103530884,0.312095731496811,0.424443364143372,0.0757094841253564,0.074851892888546,0.0778337717056274,0.069887593053975,0.078877404332161,0.089597304500496,1.61501848697662,0.100028537213802,0.0555390939116478,0.126631066203117,29.249241080371,42992.69140625,56953.0078125,44104.84375,50659.671875,44414.046875,0.0147854378446937,132905.453125,0.77339631319046,0.898296892642975,20.8300808162201
THA,Thailand,1964,,37933.73828125,47256.23828125,47673.68359375,46761.953125,0.0052018240094184,104802.765625,0.690909087657929,0.120300337672234,0.199360832571983,-0.138351872563362,0.0320537872612476,0.0957278162240982,0.374477028846741,0.381482362747192,0.0472006909549236,12.480016708374,1.38054895401001,0.314187288284302,0.424443364143372,0.0767633147258617,0.0758564099669457,0.0785033777356148,0.0706478949286168,0.0800339803099632,0.0892740221752586,1.61139309406281,0.104951113462448,0.0553350821137428,0.132203921675682,30.1535103519755,45785.52734375,60227.78125,48129.16015625,54007.421875,48114.0625,0.0162475537508726,145235.1875,0.768784999847412,0.885751247406006,20.8000000198
THA,Thailand,1965,,40910.546875,51267.23046875,52873.68359375,52264.02734375,0.0054531223140657,114417.140625,0.661379814147949,0.121387019753456,0.198160827159882,-0.130190551280975,0.0656181871891022,0.0836446732282639,0.386996626853943,0.380839645862579,0.0488032661378384,12.7952718734741,1.38925135135651,0.319670051336288,0.424443364143372,0.0783877553539717,0.0770584121346474,0.0799174904823303,0.0698154644631679,0.0808497220277786,0.0912112854157873,1.57928800582886,0.113125339150429,0.0561472438275814,0.142018407583237,31.0796004309756,49214.453125,65366.12109375,53354.94140625,58253.6796875,53664.22265625,0.0178652387112379,158981.296875,0.771431386470795,0.894314169883728,20.8000000198
THA,Thailand,1966,,44607.98046875,58186.2421875,60277.30859375,61346.94921875,0.0058536664582788,128131.953125,0.613034784793854,0.114107809960842,0.221335589885712,-0.160069495439529,0.137804806232452,0.0737865567207336,0.412837356328964,0.391558974981308,0.0506334044039249,13.1078319549561,1.3980085849762,0.320241957902908,0.424443364143372,0.0819981295231166,0.0801962688565254,0.0842976346611977,0.0705159076336955,0.0828278288245201,0.0977716465269997,1.62951707839966,0.123250193893909,0.0598435513675213,0.151625007390976,32.0235786909241,53480.32421875,74595.515625,60764.19140625,65364.71875,62757.31640625,0.020193113014102,178497.21875,0.794824361801148,0.937138855457306,20.8000000198
THA,Thailand,1967,,48222.4140625,63086.1171875,62751.77734375,63194.8671875,0.006272641941905,142607.046875,0.641387522220612,0.121687337756157,0.23520427942276,-0.133256867527962,0.064581610262394,0.0703961625695229,0.398709893226624,0.397283494472504,0.0526817962527275,13.4191522598267,1.40682101249695,0.30918562412262,0.424443364143372,0.0858601601087683,0.0835859030485153,0.0865001231431961,0.0715988108407506,0.0858936235308647,0.0959547428261964,1.56626212596893,0.125848636031151,0.0588776133954525,0.152926072478294,32.9817491655454,57706.5625,80800.375,63169.078125,70455.234375,64357.046875,0.0226739663630724,199210.65625,0.795301795005798,0.942313849925995,20.8000000198
THA,Thailand,1968,,52694.98046875,69246.3125,66960.125,67932.234375,0.0067066210322082,158526.78125,0.636367321014404,0.139331877231598,0.243644788861275,-0.132658153772354,0.0506994873285294,0.0626147016882896,0.394193261861801,0.399362474679947,0.054461907595396,13.7360239028931,1.41568899154663,0.287350416183472,0.424443364143372,0.0865507105889303,0.0838494673371315,0.0874114334583283,0.071512159373296,0.0861605852842331,0.0987517748810439,1.46057462692261,0.127637356519699,0.0604824535548687,0.153671517968178,33.955169429982,62684.63671875,88443.5390625,67322.609375,76218.53125,68975.390625,0.0254035294055939,222006.5625,0.796408414840698,0.954783320426941,20.8000000198
THA,Thailand,1969,,55868.91796875,75775.03125,73652.3125,75142.515625,0.0072788950055837,177826.15625,0.604800462722778,0.138705626130104,0.264911502599716,-0.129266545176506,0.0618006139993668,0.0590483136475086,0.40437525510788,0.405266851186752,0.0560316517949104,14.0612783432007,1.42461287975311,0.291200429201126,0.424443364143372,0.0880512459724824,0.0849976763129234,0.0874939635396004,0.0716831334831554,0.085758812725544,0.0945001035467149,1.40629708766937,0.132403358817101,0.0584485232830048,0.158238872885704,34.9453888687955,66635.96875,97100.0546875,74110.4140625,82814.3671875,76196.8671875,0.0287141222506762,249718.03125,0.796122610569,0.964399993419647,20.8000000198
TTO,Trinidad and Tobago,1955,,4551.4755859375,5139.38525390625,4897.16259765625,5972.24169921875,0.0005785884568467,5984.4794921875,0.705262899398804,0.0568421706557274,0.0984403789043427,-0.182331562042236,0.0108115896582603,0.310974597930908,1.37870609760284,1.18583226203918,0.050714410841465,0.232323840260506,1.89296388626099,0.183847919106483,0.587395310401917,0.0499785964102989,0.0544881373643875,0.0621734336018562,0.110439747934902,0.0509814321994782,0.121671446840091,1.36854636669159,0.212323859333992,0.0792897716164589,0.114609092473984,0.748327007314832,4303.84326171875,5315.037109375,4901.85791015625,4901.07421875,6493.9033203125,0.0643391087651253,14807.7158203125,0.902382791042328,1.136638879776,1.71529007043772
TTO,Trinidad and Tobago,1956,,4778.7646484375,5406.75,5606.55712890625,6554.57373046875,0.0005989135242998,6440.41064453125,0.671385586261749,0.0576877370476723,0.0958086997270584,-0.165302440524101,0.0109818624332547,0.329438537359238,1.44973182678223,1.20019316673279,0.0517309196293354,0.237196177244186,1.89974522590637,0.19793701171875,0.587395310401917,0.0511776940937682,0.0558874011039734,0.0637270137667656,0.110700234575993,0.0545099079608917,0.123383960764398,1.52455985546112,0.220160976052284,0.081291489303112,0.114549927413464,0.77085574602785,4573.82763671875,5637.83740234375,5644.77685546875,5595.87890625,7232.60107421875,0.0692881867289543,15895.765625,0.989411473274231,1.15781164169312,1.71429002370718
TTO,Trinidad and Tobago,1957,,5198.30419921875,6059.494140625,6325.61767578125,7141.0107421875,0.0006509954691864,7171.5078125,0.676945567131043,0.0510052070021629,0.12059773504734,-0.174468964338303,0.0110392523929477,0.314881235361099,1.48551106452942,1.26900947093964,0.0531483851373196,0.242158338427544,1.90655100345612,0.208755433559418,0.587395310401917,0.0525914708723646,0.0567154213786125,0.066199816763401,0.111448855077212,0.0586408227682114,0.123449409846118,1.5505188703537,0.227456107735634,0.0813895016908646,0.131807625293732,0.794111214255422,4941.38427734375,6444.27734375,6382.12255859375,6334.875,8007.09619140625,0.0771767720580101,17571.6953125,1.06484174728394,1.25816607475281,1.71529007043772
TTO,Trinidad and Tobago,1958,,5797.57958984375,6766.5732421875,6803.2060546875,7850.7646484375,0.0007029676344245,7988.36865234375,0.685501396656036,0.0529718361794949,0.123426675796509,-0.175505891442299,0.0109968008473516,0.302609145641327,1.55756235122681,1.33913481235504,0.0551545470952988,0.247410073876381,1.91338109970093,0.191280752420425,0.587395310401917,0.052084459680836,0.0566268339753151,0.0672467052936554,0.115409099874173,0.0582736991345882,0.130786350847542,1.53356564044952,0.235189005732536,0.0848543047904968,0.135323107242584,0.81871630532976,5499.28466796875,7213.82470703125,6856.1513671875,7050.53857421875,8889.734375,0.0861703455448151,19466.07421875,1.12738442420959,1.33977544307709,1.71429002370718
TTO,Trinidad and Tobago,1959,,6319.12939453125,7410.30029296875,7260.02880859375,8528.263671875,0.0007468676194548,8896.615234375,0.69091534614563,0.0500478744506836,0.127947628498077,-0.176315888762474,0.0110324705019593,0.296372592449188,1.55662715435028,1.34964334964752,0.0572048351168633,0.253999650478363,1.9202356338501,0.174210429191589,0.587395310401917,0.0533456075588148,0.0577304773032665,0.0698761194944382,0.118264009750358,0.0594848729670048,0.140213281280779,1.45064806938171,0.235265731811523,0.0899917706847191,0.133593916893005,0.848252748732465,5973.306640625,7932.92626953125,7333.08251953125,7632.763671875,9639.830078125,0.0964185744524002,21596.234375,1.13612878322601,1.37150025367737,1.71429002370718
TTO,Trinidad and Tobago,1960,,6915.81640625,8082.75146484375,7614.3125,9449.888671875,0.0008142588194459,9832.248046875,0.684315323829651,0.0475257560610771,0.123486652970314,-0.192356064915657,0.0109657077118754,0.326062619686127,1.61432015895844,1.38205945491791,0.0591126494109631,0.259091645479202,1.92711472511292,0.154017731547356,0.587395310401917,0.0544952551861606,0.0587836690247059,0.0720690339803696,0.120531819525484,0.0580701157450676,0.150804450383532,1.41236019134521,0.22432816028595,0.0957368537783623,0.119429759681225,0.873273122655252,6472.3134765625,8584.2451171875,7647.67626953125,8484.7080078125,10633.861328125,0.107171475887299,23815.830078125,1.19906282424927,1.40904176235199,1.71429002370718
TTO,Trinidad and Tobago,1961,,7895.62353515625,8934.6591796875,8953.1357421875,10857.5419921875,0.0008439413504675,10538.08203125,0.675114214420319,0.0520875304937363,0.0956971719861031,-0.186179935932159,0.0108606535941362,0.35242035984993,1.76820802688599,1.45762491226196,0.0599701181054115,0.265221059322357,1.93907999992371,0.157337218523026,0.587395310401917,0.0509432303398782,0.055844783782959,0.0670074597001076,0.119374552734396,0.0552543997764587,0.151832486094604,1.42494714260101,0.232829943299294,0.0961351990699768,0.121622353792191,0.894282994207614,7450.51806640625,9194.03515625,9010.708984375,9777.5732421875,12351.697265625,0.114800184965134,25504.6796875,1.32585453987122,1.44806373119354,1.71429002370718
TTO,Trinidad and Tobago,1962,,7938.83154296875,9098.2431640625,8814.89453125,10519.302734375,0.0008790497668087,11352.5693359375,0.695990741252899,0.0587010234594345,0.110217571258545,-0.180984124541283,0.0108790788799524,0.305195719003677,1.58427453041077,1.37244248390198,0.0602502524852753,0.273168832063675,1.95111954212189,0.146286889910698,0.587395310401917,0.0539522901611103,0.0592848807573319,0.0719042718410492,0.12251092894736,0.0602538585662842,0.158312919254778,1.328817486763,0.25929257273674,0.099116712808609,0.145269125699997,0.921391168461765,7538.04443359375,9583.337890625,8878.1962890625,10002.9892578125,12481.1005859375,0.124053679406643,27486.435546875,1.27881217002869,1.42301821708679,1.71429002370718
TTO,Trinidad and Tobago,1963,,9087.1025390625,10104.8408203125,10009.3232421875,11619.2802734375,0.0008753956062719,11910.048828125,0.725637376308441,0.0564336590468884,0.0875904783606529,-0.167280361056328,0.0108874021098018,0.286731392145157,1.68469679355621,1.47131478786469,0.0601721666753292,0.27826139330864,1.96323382854462,0.148899957537651,0.587395310401917,0.0539193692243544,0.0591609366238117,0.0697527155280113,0.126558263691427,0.0600878447294235,0.164323710762875,1.38258826732636,0.263380080461502,0.10305418074131,0.149375706911087,0.938917886836742,8586.1826171875,10208.3271484375,10105.86328125,10232.83984375,13551.4091796875,0.130201905965805,28924.45703125,1.26826977729797,1.46955811977386,1.71429002370718
TTO,Trinidad and Tobago,1964,,9678.078125,10706.7099609375,10374.1826171875,12466.2646484375,0.0008129206253215,12439.1826171875,0.719635844230652,0.0567055717110634,0.082513265311718,-0.170091852545738,0.010784549638629,0.300452589988709,1.76156103610992,1.52510750293732,0.0595138370990753,0.286247879266739,1.97542333602905,0.146035507321358,0.587395310401917,0.0547865778301228,0.0600220859050751,0.0702837035059929,0.126464557973515,0.0584887266159058,0.166832065303827,1.44011306762695,0.270947873592377,0.104818388819695,0.145049467682838,0.959169840891296,9171.9892578125,10770.93359375,10505.5498046875,11113.1455078125,14610.892578125,0.136168986558914,30336.009765625,1.32124638557434,1.48736262321472,1.71429002370718
TTO,Trinidad and Tobago,1965,,9359.4169921875,10537.75,9480.7607421875,12072.44921875,0.0008293665014207,13203.5654296875,0.713394403457642,0.0618764236569405,0.0976051241159439,-0.176345437765121,0.0106864329427481,0.292783081531525,1.56516897678375,1.3706032037735,0.0591895692050457,0.305017590522766,1.98768854141235,0.136247545480728,0.587395310401917,0.0620886301358115,0.0672382414340973,0.0788435935974121,0.126609899975757,0.0619176141917706,0.171024096865178,1.31684410572052,0.298278659582138,0.106311425566673,0.153818115592003,0.975124722038821,8908.56640625,10900.138671875,9598.0859375,11288.9345703125,14426.427734375,0.144467055797577,32163.609375,1.24966990947723,1.40149343013763,1.71429002370718
TTO,Trinidad and Tobago,1966,,9610.8388671875,10635.232421875,11052.9794921875,12877.244140625,0.0008148716297,13671.12109375,0.68248975276947,0.0638530924916267,0.0795506462454796,-0.146847054362297,0.0113467648625374,0.309606790542603,1.61831367015839,1.33652627468109,0.0589832961559296,0.301622986793518,1.99577701091766,0.133947491645813,0.587395310401917,0.0528331227501268,0.0581793859601021,0.0691338777542114,0.11532257941307,0.0593399778008461,0.171908713533691,1.26195788383484,0.17160639166832,0.106440089643002,0.0864623561501503,0.988911852707433,9168.15234375,10790.560546875,11179.865234375,12019.44921875,15183.537109375,0.149966761469841,33441.24609375,1.31223726272583,1.36832273006439,1.71429002370718
TTO,Trinidad and Tobago,1967,,10477.8662109375,11266.2158203125,12050.3525390625,13465.0908203125,0.0007778691360726,13817.1533203125,0.713096976280212,0.0650534555315971,0.0585476942360401,-0.135520398616791,0.0044594518840313,0.294362813234329,1.66860008239746,1.39351749420166,0.0580963753163815,0.311906754970551,2.00389838218689,0.133943304419518,0.587395310401917,0.0533719606577833,0.0582417696714401,0.0667262151837349,0.11162321359596,0.0597154833376408,0.179492005853103,1.34124457836151,0.17186364531517,0.111587941646576,0.0914195477962494,0.996822895054943,9954.712890625,10887.2294921875,12185.0986328125,12270.0283203125,16094.37109375,0.151193782687187,33940.390625,1.31488239765167,1.3551127910614,1.73809897986533
TTO,Trinidad and Tobago,1968,,10713.4013671875,11622.6328125,12562.44921875,14430.01953125,0.0007532554445788,14131.017578125,0.676261186599731,0.0661772787570953,0.0630096942186356,-0.127197816967964,0.0048522693105042,0.316897362470627,1.76552248001099,1.4133448600769,0.0568981729447842,0.30681511759758,2.0120530128479,0.135174199938774,0.587395310401917,0.0502138338612379,0.0543591380119324,0.0637749657034874,0.0967197172900094,0.0555210486054421,0.174720950904629,1.27606081962585,0.1715427339077,0.108582384884357,0.0811116695404053,0.999865827373462,10203.76171875,11436.435546875,12689.8193359375,12904.830078125,17126.5,0.15442830324173,34839.08203125,1.3823573589325,1.42290341854095,2.000000001
TTO,Trinidad and Tobago,1969,,11938.0224609375,12668.93359375,12936.326171875,15362.5068359375,0.0007279399433173,14204.541015625,0.710172653198242,0.0669155120849609,0.0475775822997093,-0.135255306959152,0.0125038828700781,0.298085719347,1.83553791046143,1.50438034534454,0.0558028146624565,0.316599994897842,2.02024078369141,0.119618371129036,0.587395310401917,0.0518004562028332,0.055607158690691,0.0635637193918228,0.0960075798675045,0.0535251758992672,0.193518779594176,1.28631925582886,0.182975605130196,0.121529810130596,0.0844908431172371,0.999700729081157,11386.826171875,11956.2177734375,13123.1474609375,13263.9931640625,18568.11328125,0.154902637004852,35154.6484375,1.38930714130402,1.45456969738007,2.000000001
TUN,Tunisia,1960,,7224.97314453125,8084.6298828125,7477.17529296875,7631.79150390625,,14697.31640625,0.748685836791992,0.198008373379707,0.112641543149948,-0.218582943081856,-0.0025689194444567,0.16181606054306,,,0.0482575632631779,1.19627833366394,1.08958303928375,0.109345927834511,0.551196694374085,0.118289246109893,0.114541053771973,0.116838328540325,0.100368825851078,0.114471241831779,0.136145713136807,,0.117117270827293,0.170563444495201,0.102549336850643,4.16808036300709,7269.15478515625,10899.267578125,7876.0380859375,9301.0341796875,8467.21875,,41821.359375,,,0.420000005580465
TUN,Tunisia,1961,,7802.48095703125,8964.7373046875,8123.21044921875,7920.7822265625,,14999.447265625,0.765053451061249,0.220011010766029,0.146735027432442,-0.263194680213928,-0.0103010702878237,0.141696244478226,,,0.0459225848317146,1.20833563804626,1.09228718280792,0.12808732688427,0.551196694374085,0.122715008585976,0.116655305027962,0.118551857769489,0.0955836304145092,0.121581636369228,0.131283817700738,,0.100997842848301,0.164802700281143,0.107548512518406,4.24312753372221,7824.791015625,12098.0625,8548.6328125,9582.1025390625,8749,,42841.1171875,,,0.420000005580465
TUN,Tunisia,1962,,7599.13427734375,9121.3388671875,8219.5361328125,8126.255859375,,15637.1640625,0.715375006198883,0.219758555293083,0.187319353222847,-0.23188054561615,-0.0089896377176046,0.11841731518507,,,0.0443901233375073,1.2189017534256,1.09499788284302,0.1163419932127,0.551196694374085,0.122596189631009,0.116204343736172,0.120406448841095,0.0953971176509233,0.121788568794727,0.141384103299712,,0.114423431456089,0.175651222467422,0.120467342436314,4.31410164970191,7590.82177734375,12369.5478515625,8655.0966796875,9738.728515625,8834.9453125,,44720.171875,,,0.420000005580465
TUN,Tunisia,1963,,8077.16796875,9804.291015625,9007.3857421875,8966.283203125,,16442.16796875,0.701346337795258,0.199491575360298,0.192624151706696,-0.207079261541367,-0.0059940442442894,0.119611233472824,,,0.043576680123806,1.23407018184662,1.09771537780762,0.129417315125465,0.551196694374085,0.132716634113982,0.125055238604546,0.128651663661003,0.0981203096172498,0.129241421818733,0.145470881948951,,0.119340479373932,0.180484905838966,0.117491699755192,4.40259170125085,8109.107421875,13375.9912109375,9497.3515625,10805.076171875,9713.4189453125,,47024.015625,,,0.420000005580465
TUN,Tunisia,1964,,8175.3154296875,10077.7080078125,9091.908203125,9218.5859375,0.0008219993324019,17382.61328125,0.681936681270599,0.204892978072166,0.206364870071411,-0.212430134415627,-0.0081292977556586,0.127364933490753,0.632587552070618,0.697109341621399,0.0431313663721085,1.2505145072937,1.10043954849243,0.128356218338013,0.551196694374085,0.132935585663624,0.124235823750496,0.126912757754326,0.095280782980891,0.12516875565052,0.138416571004645,2.45158457756043,0.123898155987263,0.171168550848961,0.108080632984638,4.49711123893618,8198.31640625,13766.279296875,9599.205078125,11219.169921875,9982.5419921875,0.0828897804021835,49663.12109375,0.666161417961121,0.773345351219177,0.446250011517179
TUN,Tunisia,1965,,8755.8193359375,10666.056640625,9450.2216796875,9621.2978515625,0.0008271945407614,18296.064453125,0.702375710010529,0.207669854164124,0.198542594909668,-0.200717613101006,-0.0164973009377718,0.108626738190651,0.62817519903183,0.698632717132568,0.0425307676196098,1.26748609542847,1.10317051410675,0.108049519360065,0.551196694374085,0.119450496302796,0.11176672577858,0.118103183805943,0.0857788651036803,0.116003200411797,0.147147192883722,2.14431762695313,0.126875475049019,0.180244326591492,0.114661298692226,4.59509086855428,8757.9248046875,14541.2607421875,9955.7958984375,11646.138671875,10393.4873046875,0.0870199427008629,52287.53125,0.666869461536408,0.787769436836243,0.524999999525
TUN,Tunisia,1966,,9004.8447265625,10862.3994140625,9910.640625,10096.30078125,0.0008203154429793,19149.193359375,0.665508329868317,0.226387143135071,0.183983728289604,-0.192778497934341,-0.0031530288979411,0.120052322745323,0.625675618648529,0.673137009143829,0.0416306853294373,1.28757834434509,1.11124467849731,0.113083340227604,0.551196694374085,0.12153390616965,0.112750321626663,0.118081651628017,0.0869293080986032,0.115910261869431,0.143926260676594,2.08828091621399,0.127954974770546,0.175011605024338,0.115791998803616,4.70606959805907,8899.55078125,14661.783203125,10404.6220703125,12006.59375,10814.81640625,0.0908556282520294,54756.8125,0.66418993473053,0.767356932163239,0.524999999525
TUN,Tunisia,1967,,9046.3837890625,10919.96484375,9992.4599609375,10182.3603515625,0.0008140487479977,19978.330078125,0.643782496452332,0.244654327630997,0.184002593159676,-0.189607203006744,-0.0016806363128125,0.118848472833633,0.617214977741242,0.66069483757019,0.0406285561621189,1.30736231803894,1.11937785148621,0.109324298799038,0.551196694374085,0.127470539667365,0.116583339869976,0.121949218213558,0.0879347895623892,0.119674861431122,0.147857823538173,2.11271619796753,0.134829267859459,0.180044963955879,0.123328924179077,4.81775186359346,8853.646484375,14628.1806640625,10451.3359375,11989.4287109375,10852.8056640625,0.0945400819182396,57210.5625,0.647599816322327,0.747543871402741,0.524999999525
TUN,Tunisia,1968,,9375.279296875,11277.626953125,10934.3359375,11096.2529296875,0.0008085229201242,20829.75390625,0.60334575176239,0.241559252142906,0.171440541744232,-0.146389871835709,0.0134533820673823,0.116590954363346,0.644546449184418,0.651077806949616,0.0396456643939018,1.32563054561615,1.12757050991058,0.115852311253548,0.551196694374085,0.12643704765535,0.115711122751236,0.121236883103848,0.0889208479591808,0.119467794895172,0.14846931313418,2.13966512680054,0.133727237582207,0.180225774645805,0.121950201690197,4.92563282701974,9111.6689453125,15024.7373046875,11398.9873046875,13010.71875,11755.3291015625,0.0983632728457451,59698.8828125,0.68303644657135,0.74625563621521,0.524999999525
TUN,Tunisia,1969,,9875.59375,11854.60546875,11326.5224609375,11553.1103515625,0.0008096856763586,21723.287109375,0.610677778720856,0.244121819734573,0.171296864748001,-0.153371840715408,0.015764057636261,0.111511290073395,0.651462554931641,0.66434508562088,0.0388009697198868,1.34205269813538,1.13582324981689,0.117003738880157,0.551196694374085,0.133921822986476,0.121586948633194,0.126713782548904,0.090730917981349,0.124228581786156,0.152297518479728,2.19558358192444,0.14400976896286,0.186224818229675,0.12856736779213,5.02841147457512,9624.865234375,15799.228515625,11806.7802734375,13570.7099609375,12240.4951171875,0.1023288667202,62279.44921875,0.692162096500397,0.762393653392792,0.524999999525
TUR,Türkiye,1955,,90697.3046875,111140.84375,116464.390625,119883.765625,0.0176479145884514,213440.6875,0.667851150035858,0.0886925458908081,0.170528024435043,-0.0313407070934773,0.0822010338306427,0.0220679603517056,0.889651656150818,0.824348449707031,0.0483140125870705,9.41637229919434,1.18123316764832,0.371988296508789,0.435904085636139,0.0823791267919859,0.0842239558696747,0.0808163955807686,0.0981154143414774,0.0785113275051117,0.0656988759525113,1.89626049995422,0.199773266911507,0.0586638301610947,0.153890445828438,24.7388167097752,104656.1015625,110908.5390625,116299.25,120461,120395.9375,0.0117385536432266,116693.03125,1.17965972423553,1.13170719146729,0.00000279897005125577
TUR,Türkiye,1956,,90072.4453125,111920.6484375,118457.3125,120181.7734375,0.0180843286216259,226929.28125,0.667705893516541,0.0817625150084496,0.181792959570885,-0.0254435390233994,0.0750295743346214,0.019152594730258,0.882649064064026,0.824956178665161,0.0490219444036484,8.98250675201416,1.18916952610016,0.382202059030533,0.435904085636139,0.0953787981603129,0.0970715284347534,0.0914653912186623,0.110895054273951,0.0901529714465141,0.0683532640429125,2.09326267242432,0.198905453085899,0.0618841163814068,0.170812651515007,25.4896772838574,104571.921875,111703.515625,118710.625,121796.28125,121123.703125,0.012495887465775,124029.5078125,1.1757003068924,1.12353920936584,0.00000279996003627634
TUR,Türkiye,1957,,109462.0390625,136465.875,146202.5625,146177.828125,0.0187813341617584,245034.984375,0.68296229839325,0.065865620970726,0.184732735157013,-0.0258651096373796,0.0766995549201965,0.0156049244105816,1.03072655200958,0.96871942281723,0.0498202480375767,9.09607982635498,1.19715905189514,0.514880955219269,0.435904085636139,0.106684499371667,0.108150117099285,0.099453367292881,0.123347111594346,0.0994701907038689,0.0642004568622093,2.55130314826965,0.15635672211647,0.0586279258131981,0.194765731692314,26.3027507969635,127062.1796875,135896.734375,146670.65625,148307.875,147516.421875,0.0134992180392146,133744.84375,1.36740446090698,1.30557131767273,0.00000279996003627634
TUR,Türkiye,1958,,114949.8359375,149887.078125,160170.5625,160997.390625,0.0201735533773899,271137.25,0.650427281856537,0.063558466732502,0.217004999518394,-0.0262630246579647,0.0737280398607254,0.0215442311018705,1.08055508136749,1.00349307060242,0.0510938167572022,9.21121501922607,1.20520234107971,0.581977784633637,0.435904085636139,0.120642571054824,0.122160077095032,0.108206629753113,0.137689485114973,0.10765091329813,0.0622972778763762,2.76774501800537,0.120051309466362,0.0562661066651344,0.0987532660365105,27.1580507024015,132993.453125,146459.265625,160632.9375,159961.109375,162262.15625,0.0149286203086376,147574.296875,1.39231061935425,1.32830381393433,0.00000279996003627634
TUR,Türkiye,1959,,114227.078125,145229.859375,152849.328125,157700.375,0.0208866242319345,291202.5625,0.651150047779083,0.0731797516345978,0.196592956781387,-0.029485734179616,0.0837120860815048,0.024850882589817,0.989243268966675,0.909044682979584,0.0520184189081192,9.32322692871094,1.21329963207245,0.435111254453659,0.435904085636139,0.152662620765322,0.154716044664383,0.14212441444397,0.172987314400309,0.137752503156662,0.095731647700122,3.03683543205261,0.256716430187225,0.085576556622982,0.116889886558056,28.0290904775039,132549.78125,143766.359375,153668.953125,156924.546875,159248.96875,0.016052508726716,158543.875,1.29297077655792,1.23428058624268,0.00000279996003627634
TUR,Türkiye,1960,,113850.21875,144330.109375,153817.90625,154982.109375,0.0212493743747473,309212.75,0.662202894687653,0.0723994597792625,0.196667194366455,-0.0332109369337559,0.079143613576889,0.0227978136390448,0.934602618217468,0.871177852153778,0.0522438436746597,9.53171062469482,1.22145140171051,0.385070025920868,0.435904085636139,0.0916902088778461,0.0929925292730331,0.0864524617791176,0.104904214927025,0.0858030393719673,0.0620236402247966,1.7930212020874,0.156189247965813,0.0550270974636078,0.161810636520386,28.9115999937363,131103.90625,142253.203125,154054.71875,154930.734375,156564.109375,0.0171043425798416,168832.375,1.22123622894287,1.16837704181671,0.00000487026018513238
TUR,Türkiye,1961,,115530.328125,147000.09375,156364.765625,157780.375,0.0216799210757017,328768.03125,0.654482364654541,0.0777400210499764,0.199453011155128,-0.03356022387743,0.0797555595636368,0.0221292581409216,0.915877521038055,0.854807019233704,0.0522698350250721,9.64138793945313,1.23432123661041,0.385085880756378,0.435904085636139,0.0516200432411308,0.05286905169487,0.0488128811120987,0.0633842666792559,0.0483749322593212,0.03392206129968,0.964821755886078,0.0905988439917564,0.0296204462647438,0.0939714014530182,29.7444607157266,133345.125,145049.75,156807.921875,157593.5,159512.8125,0.0181617755442858,179214.203125,1.1933925151825,1.14451313018799,0.00000900000066094455
TUR,Türkiye,1962,,124207.9765625,157410.703125,165531.0625,168013.578125,0.0220704097300768,349085,0.662888169288635,0.0763852521777153,0.197619259357452,-0.0342104621231556,0.0762426257133484,0.0210751239210367,0.923056066036224,0.866186201572418,0.0523703545331955,9.62427711486816,1.24732661247253,0.405506998300552,0.435904085636139,0.0575565526584071,0.0582769960165024,0.0535584017634392,0.0645291704724657,0.0527670383453369,0.0359066148891597,1.01209771633148,0.108251042664051,0.0309191830456257,0.10765215754509,30.5218527611975,143153.6875,155588.78125,166276.453125,167166,169661.65625,0.0193039868026972,190314.65625,1.21306526660919,1.17644953727722,0.00000900000066094455
TUR,Türkiye,1963,,136032.5,172917.890625,180856.515625,184088.015625,0.0222689565271139,372724.96875,0.662914752960205,0.0760388001799583,0.200368270277977,-0.0326908007264137,0.0753678530454636,0.0180010572075844,0.963492631912231,0.908858597278595,0.0522601678967476,9.76897239685059,1.26046907901764,0.420221894979477,0.435904085636139,0.0610184695321728,0.0617222227156162,0.0566715970635414,0.067857614453701,0.0556767843663693,0.0380450154375266,1.09081220626831,0.114767521619797,0.0324110947549343,0.111077457666397,31.2601120589454,157117.453125,171093.046875,182032.375,182925.5625,186147.375,0.020616676658392,203262.40625,1.26822257041931,1.23598229885101,0.00000900000066094455
TUR,Türkiye,1964,,137945.171875,175434.265625,188327.21875,189705.140625,0.02158666215837,396282.75,0.647015571594238,0.08014015853405,0.197617694735527,-0.0235299021005631,0.0800095424056053,0.0187469311058521,0.941783547401428,0.877949357032776,0.0511150248348713,9.89421081542969,1.27374994754791,0.411183446645737,0.435904085636139,0.0619456335054321,0.063165508210659,0.0581382289528847,0.0730142037358487,0.0577159412205219,0.0396398259407369,1.11338245868683,0.120352454483509,0.0332178324460983,0.115502141416073,31.9959284913989,159872.015625,174120.515625,189997.234375,190499.359375,192224.8125,0.021876621991396,216239.71875,1.26172769069672,1.2016578912735,0.00000900000066094455
TUR,Türkiye,1965,,142117.078125,179168.46875,192968.890625,194143.15625,0.0216848980635405,418556.78125,0.648284137248993,0.0837379842996597,0.19084569811821,-0.0230438895523548,0.0811683312058449,0.0190077852457762,0.916132688522339,0.848195374011993,0.0493943206965923,9.98600196838379,1.28717076778412,0.397274345159531,0.435904085636139,0.064422237855104,0.0656131133437157,0.0606853775680065,0.0748326694052666,0.0603183284401894,0.0417841841400857,1.07870841026306,0.127843856811523,0.0348499305546284,0.124361015856266,32.7370879588243,164416.25,178289.390625,194735.796875,195486.34375,196766.328125,0.023086354136467,228848.015625,1.23971951007843,1.17812490463257,0.00000899901022117662
TUR,Türkiye,1966,,155188.359375,204437.84375,219380.46875,223807.453125,0.0223882850259542,454697.4375,0.613592267036438,0.0798089727759361,0.220052942633629,-0.0383342355489731,0.103022046387196,0.0218580439686775,0.986693322658539,0.901280403137207,0.0488218441605568,10.1042451858521,1.29193711280823,0.404667586088181,0.435904085636139,0.0680449216168141,0.0693441480398178,0.0633905753493309,0.0793329628694498,0.0621366873383522,0.0446304717710822,1.14283716678619,0.131396919488907,0.0375743620097637,0.131203666329384,33.4820211645563,179025.03125,200500.21875,221337.171875,219184.28125,226629.703125,0.0251909606158733,249153.140625,1.311807513237,1.25035786628723,0.00000899901022117662
TUR,Türkiye,1967,,161166,210913.53125,228742.125,230219.65625,0.0229367204010487,490257.15625,0.614063739776611,0.0859894305467606,0.216087266802788,-0.0218523237854242,0.0884161815047264,0.017295690253377,0.985607206821442,0.901275396347046,0.0488811694085598,10.1229152679443,1.2967209815979,0.387290149927139,0.435904085636139,0.0727640898239489,0.0737701058387756,0.0677540302276611,0.0809542426001007,0.0673191919922829,0.0482638591198156,1.19863533973694,0.136093840003014,0.0403457470238209,0.131179928779602,34.2336341411491,185862.6875,207198.703125,230611.234375,227864.859375,232852.890625,0.0271802358329296,268755.03125,1.3099879026413,1.24118280410767,0.00000900099019121775
TUR,Türkiye,1968,,173163,227924.859375,244590.15625,246930.65625,0.0237571131438017,529905.3125,0.614295601844788,0.0869660526514053,0.221770197153091,-0.0218456853181124,0.0836889073252678,0.0151248946785927,0.999012172222138,0.916483700275421,0.0488228090107441,10.1680364608765,1.30152249336243,0.380179077386856,0.435904085636139,0.0755018884806536,0.0766040980815888,0.0702625215053558,0.0843896995873033,0.0695965513586998,0.0502097677266312,1.18652510643005,0.141566142439842,0.0421194992959499,0.132903456687927,35.005622568589,199269.640625,223292,246439.421875,243055.859375,249535.515625,0.0294372830539942,290708.34375,1.33214271068573,1.27519500255585,0.00000900000066094455
TUR,Türkiye,1969,,181766.3125,238450.734375,256636.421875,258474.359375,0.024339746683836,569274.75,0.61358904838562,0.0896385908126831,0.219303876161575,-0.0196758732199669,0.0818986296653748,0.0152456974610686,1.01036512851715,0.926351010799408,0.0486942306160927,10.1882638931274,1.30634188652039,0.373543918132782,0.435904085636139,0.080440244786212,0.0811350494623184,0.0742954090237618,0.0858911038545663,0.0737671107053757,0.0523631429102756,1.21957099437714,0.146935984492302,0.0442128553986549,0.136230409145355,35.812561558368,210142.421875,234455.6875,259004.875,256076.6875,261585,0.0316379070281982,312583.1875,1.34389615058899,1.28208029270172,0.00000900000066094455
TWN,Taiwan,1955,2287.41,18499.2109375,20862.88671875,20004.044921875,19761.123046875,0.0028324432205408,40627.59765625,0.617535412311554,0.31860625743866,0.119612380862236,-0.114976726472378,-1.17218467585689e-16,0.0592227131128311,0.487374275922775,0.514284014701843,0.0273011438548565,2.97623753547668,1.50639224052429,0.127546921372414,0.746274173259735,0.114739884770844,0.0951079055666924,0.096967525780201,0.0570564300269547,0.0981595441699028,0.111521797631022,1.09519982337952,0.106706134974957,0.0708664655685425,0.136001884937286,8.967001,18290.765625,19353.544921875,21136.087890625,14881.4208984375,21212.119140625,0.0036638854071497,52919.37890625,0.211049601435661,0.303857952356339,15.55
TWN,Taiwan,1956,2284.57,19766.193359375,22670.865234375,21226.654296875,21297.951171875,0.0028471059631556,42800.203125,0.573278546333313,0.354800999164581,0.136382669210434,-0.124480113387108,-1.62503456219195e-16,0.0600178837776184,0.504518091678619,0.538987219333649,0.0276876017451286,3.05800795555115,1.52202343940735,0.117102406919003,0.746274173259735,0.0807290320737448,0.0640436857938767,0.0659167915582657,0.0370839296806122,0.0656961277127266,0.078663190877883,0.772312700748444,0.0832470431923866,0.0518699139356613,0.0981839671730995,9.289545,19143.52734375,20681.064453125,22475.56640625,15799.8134765625,22905.21875,0.0038695980329066,55312.0078125,0.21510237455368,0.311699479818344,24.78
TWN,Taiwan,1957,2281.73,21332.48828125,24305.197265625,23132.296875,23103.115234375,0.0028382302261889,44803.03515625,0.564843237400055,0.358516603708267,0.12867134809494,-0.114668346941471,-1.3895088455762099e-16,0.0626371428370476,0.525706887245178,0.556780815124512,0.0282850712537766,3.13331389427185,1.53781688213348,0.109358206391335,0.746274173259735,0.0866128452963368,0.0681776404380798,0.0707391947507858,0.0391329497034038,0.0708285421133041,0.0891212004876681,0.854588449001312,0.0905600115656853,0.0610988289117813,0.108451142907143,9.59769,20608.88671875,22064.83203125,24452.318359375,17034.0703125,24829.0859375,0.0040852427482605,57552.3203125,0.223104700446129,0.319934368133545,24.78
TWN,Taiwan,1958,2278.9,23169.85546875,26406.28515625,24841.4765625,25026.21484375,0.0029022111557424,47109.734375,0.562756180763245,0.363067209720612,0.129321590065956,-0.111409887671471,-1.23836653639942e-16,0.0562649108469486,0.547863602638245,0.576642513275147,0.0290410816669464,3.21160316467285,1.55377423763275,0.105064697563648,0.746274173259735,0.0897295913028293,0.070729024708271,0.0739117711782455,0.0412780486896556,0.0733661651611328,0.0966972903845194,0.91673880815506,0.109348863363266,0.0667078346014023,0.13438355922699,9.920227,22214.86328125,23860.876953125,26129.466796875,18341.73046875,26636.896484375,0.0043678521178662,60436.1328125,0.230312615633011,0.331691086292267,24.78
TWN,Taiwan,1959,2276.08,24681.310546875,28781.443359375,26612.345703125,27298.2265625,0.0029969634488225,49759.26953125,0.543681502342224,0.36045452952385,0.150197759270668,-0.116995565593243,0,0.062661811709404,0.562265396118164,0.591532528400421,0.0299395509064198,3.30276465415955,1.56989717483521,0.113128498196602,0.746274173259735,0.06648389911439,0.0519731417298317,0.0542504899203777,0.0300862512249171,0.0528874211013317,0.0679592931998095,0.632665872573853,0.0934164375066757,0.0463016368448734,0.105624228715897,10.288327,23580.724609375,26128.900390625,28033.232421875,19957.1328125,29040.427734375,0.0047397278249263,64384.875,0.238756969571114,0.346058040857315,36.38
TWN,Taiwan,1960,2273.25,25734.73828125,30934.89453125,28798.853515625,28872.685546875,0.0031351551879197,53209.1875,0.546497285366058,0.344820469617844,0.180106431245804,-0.138819247484207,0,0.0673950240015984,0.560847103595734,0.601465344429016,0.0308884456753731,3.3955020904541,1.5861873626709,0.127771481871605,0.746274173259735,0.074551283414046,0.0587142184376717,0.0605076514184475,0.0336144543785281,0.0603529177606106,0.0693830383292769,0.716284453868866,0.081569604575634,0.0474018789827824,0.101594910025597,10.667705,24640.271484375,28349.18359375,30262.01953125,21393.849609375,31169.525390625,0.0051687797531485,69314.4140625,0.243601769208908,0.357356786727905,36.38
TWN,Taiwan,1961,2270.43,28132.69921875,33792.18359375,31587.099609375,31698.32421875,0.0032915191259235,56910.88671875,0.554766476154327,0.332747310400009,0.178542047739029,-0.141061842441559,-1.27878112529088e-16,0.0750060230493546,0.579413950443268,0.618778347969055,0.0319559164345264,3.51929068565369,1.59210324287415,0.129462689161301,0.746274173259735,0.0679123495389931,0.0546419322490692,0.0562903881072998,0.032517084547942,0.0560928732156754,0.0644846829092005,0.665872037410736,0.0825687795877457,0.0443021543323994,0.10307814180851,11.030385,27117.345703125,31142.80078125,33061.5859375,22901.609375,33979.8203125,0.0056303455494344,74500.4453125,0.247983455657959,0.373322665691376,40
TWN,Taiwan,1962,2267.62,30627.712890625,36179.35546875,34374.375,34388.328125,0.0033832234330475,60592.19140625,0.549252927303314,0.341389775276184,0.161439716815949,-0.119233585894108,-1.1599958717459e-16,0.0671512112021446,0.588857293128967,0.620516419410706,0.032906249165535,3.63865375518799,1.59804105758667,0.13554359972477,0.746274173259735,0.0692944017138506,0.0555493645370007,0.0570228546857834,0.0334353402305213,0.0569997169077396,0.0651518990459685,0.65658438205719,0.0891105532646179,0.0438328124582768,0.113653190433979,11.392513,29321.935546875,33148.61328125,35985.89453125,24946.08984375,36439.796875,0.0060520800761878,79608.4375,0.258216828107834,0.379854619503021,40
TWN,Taiwan,1963,2264.8,32570.892578125,39225.32421875,38788.6171875,37795.12109375,0.0035037738271057,65339.32421875,0.538479447364807,0.323295593261719,0.176065847277641,-0.119213670492172,0,0.0813727900385857,0.610285401344299,0.636059045791626,0.0336700156331062,3.76647138595581,1.60400104522705,0.148470535874367,0.746274173259735,0.0690586768104986,0.0559441223740578,0.0571894571185112,0.0341005904385461,0.0586927607655525,0.063284907244482,0.674910426139832,0.0923053994774818,0.0429432690143585,0.12710964679718,11.762101,31380.9765625,36222.5,40611.3671875,27625.18359375,39984.90625,0.0065797138959169,86027.8046875,0.272322535514832,0.395300000905991,40
TWN,Taiwan,1964,2261.99,36329.53515625,44086.98828125,44419.06640625,42690.01171875,0.0035564401187002,70746.921875,0.54624879360199,0.304759085178375,0.181715905666351,-0.124378092586994,0,0.0916543304920197,0.670584142208099,0.69810426235199,0.0345719829201698,3.81037759780884,1.60998320579529,0.155948802828789,0.746274173259735,0.0693232813477435,0.0569061785936356,0.058344878256321,0.034649819313154,0.0607079900801182,0.0650825617387778,0.71948766708374,0.0922650620341301,0.0446409769356251,0.130158662796021,12.137143,35407.96484375,41145.4609375,46490.828125,31114.171875,45106.6015625,0.0071751992218196,92974.265625,0.296913087368012,0.434673339128494,40
TWN,Taiwan,1965,2259.19,40000.6171875,50348.64453125,48911.0859375,48744.1640625,0.0037738655228167,77507.0078125,0.53491222858429,0.285711497068405,0.212292671203613,-0.130658179521561,0,0.0977418422698975,0.723813354969025,0.750048637390137,0.0358406230807304,3.83091473579407,1.61598765850067,0.156087696552277,0.746274173259735,0.0689790765318565,0.0570372454822063,0.0586584806442261,0.0346796193787376,0.0588593520224094,0.0649254073636326,0.683051526546478,0.0986995324492455,0.0444646067917347,0.11423921585083,12.511863,39056.42578125,47342.34375,50991.76171875,34812.4921875,51265.33984375,0.0080713825300335,102690.6640625,0.320545792579651,0.482585966587067,40
TWN,Taiwan,1966,2256.39,42901.2109375,53735.80859375,53882.41015625,52978.37890625,0.004084282554686,86407.6171875,0.525387287139893,0.284399896860123,0.204509824514389,-0.122302852571011,1.41807212004661e-16,0.108005911111832,0.722411870956421,0.732725262641907,0.0374962575733662,3.93004155158997,1.62390124797821,0.14960116147995,0.746274173259735,0.0698458162067647,0.0580426529049873,0.0595147795975208,0.0362380277381395,0.0605303533375263,0.06534390507896,0.649756073951721,0.104843705892563,0.0454169400036335,0.120246879756451,12.874153,41609.44140625,50329.98828125,55907.09765625,38164.76171875,55302.546875,0.0092914393171668,115203.8515625,0.331776022911072,0.484372228384018,40
TWN,Taiwan,1967,2253.59,47593.58203125,62021.1796875,60797.83203125,60356.4609375,0.0044664996676147,97407.6640625,0.511199653148651,0.277341991662979,0.239039823412895,-0.134940713644028,0,0.10735922306776,0.755739748477936,0.775140106678009,0.0392888486385345,4.13551092147827,1.63185358047485,0.147384971380234,0.746274173259735,0.0716263889540813,0.0596624575555325,0.0610005296766758,0.0376104103036607,0.0614466108381748,0.0654145617415074,0.662526428699493,0.108265727758408,0.0466303192079067,0.124563597142696,13.210344,45999.08984375,58130.640625,62786.48046875,42421.3515625,62633.3203125,0.0108139039948583,130748.453125,0.340681940317154,0.516820430755615,40
TWN,Taiwan,1968,2250.79,53017.765625,69800.21875,67903.7109375,67435.3515625,0.0048953448422253,110663.9453125,0.509143233299255,0.277058124542236,0.248867243528366,-0.157310426235199,0,0.122241817414761,0.766331791877747,0.788357496261597,0.0408850647509098,4.32259464263916,1.63984489440918,0.143541589379311,0.746274173259735,0.0750016331345878,0.0626987963914871,0.0636960789561272,0.040090160783821,0.0641384720802307,0.0668466158084785,0.651842296123505,0.108641512691975,0.0483134910464287,0.125154376029968,13.548537,51035.26953125,65329.609375,69882.71875,46541.3515625,69604.5703125,0.012632024474442,149622.953125,0.346704363822937,0.538766205310822,40
TWN,Taiwan,1969,2248,57929.765625,76512.1015625,75973.03125,74355.4921875,0.0054019219242036,125292.3046875,0.496043622493744,0.283048331737518,0.24991212785244,-0.164174929261208,0,0.135170876979828,0.780703723430634,0.798397898674011,0.0424076020717621,4.49592590332031,1.64787530899048,0.135773628950119,0.746274173259735,0.0782048789859617,0.0652251020073891,0.0660392194986343,0.0424779795694592,0.0674758404493332,0.0685772114656314,0.650380790233612,0.11127146333456,0.051189012825489,0.131605297327042,14.068984,55562.265625,71302.8125,78044.2890625,51005.0390625,76518.9921875,0.014702508226037,170269.1875,0.354066222906113,0.547958970069885,40
TZA,U.R. of Tanzania: Mainland,1960,,12123.8876953125,13426.939453125,12911.6552734375,12493.0869140625,,20814.208984375,0.530648589134216,0.439799100160599,0.104301854968071,-0.0835049748420715,-0.113127633929253,0.121883071959019,,,0.0442494563758373,4.25166368484497,1.30490028858185,0.182314276695251,0.476091027259827,0.0966852643364528,0.0747689306735992,0.0778060257434845,0.0483253239893002,0.0804128348827362,0.106063869758318,,0.0631609633564949,0.0928080454468727,0.0915797278285027,10.02618260337,7866.64697265625,7545.810546875,13254.1806640625,11485.4296875,12810.69921875,,21360.5625,,,7.02614981898821
TZA,U.R. of Tanzania: Mainland,1961,,12714.908203125,14229.73046875,13161.298828125,12904.0546875,,21738.41796875,0.46924164891243,0.516100466251373,0.117391191422939,-0.0815262496471405,-0.142536923289299,0.121329888701439,,,0.0424090102314949,4.46024131774902,1.30490028858185,0.186810895800591,0.476091027259827,0.109789540954542,0.0773770660161972,0.0803176984190941,0.047907445458254,0.0819188430905342,0.105000362068603,,0.0631599128246307,0.0920261144638062,0.0838663354516029,10.3151965439508,7816.0654296875,7660.4599609375,13421.875,10942.4326171875,13151.91796875,,22384.048828125,,,7.02614981898821
TZA,U.R. of Tanzania: Mainland,1962,,14259.693359375,15672.4208984375,14515.150390625,14225.5380859375,,22538.865234375,0.486026465892792,0.516374468803406,0.0993092432618141,-0.0730822235345841,-0.134221866726875,0.105593889951706,,,0.040732815861702,4.52995586395264,1.30490028858185,0.204517737030983,0.476091027259827,0.108679144665789,0.0773714408278465,0.0797857344150543,0.0479037316474406,0.0814100578427315,0.1041549277931,,0.0665753558278084,0.0905449539422989,0.0880902484059334,10.6167361927043,8810.3076171875,8440.2578125,14783.76171875,12009.0224609375,14422.796875,,23288.5390625,,,7.02614981898821
TZA,U.R. of Tanzania: Mainland,1963,,15020.689453125,16372.9912109375,15757.64453125,15353.779296875,,23268.623046875,0.449949532747269,0.528356194496155,0.0880761742591858,-0.0739337876439095,-0.0901234447956085,0.0976753830909729,,,0.0390860475599766,4.60883188247681,1.30490028858185,0.211176350712776,0.476091027259827,0.113781817740872,0.0771362110972405,0.0795702561736107,0.0459287187344959,0.0816632583737373,0.10660630744452,,0.073627308011055,0.0928299278020859,0.0984312519431114,10.9307046245076,9093.421875,8638.25390625,16028.958984375,12303.87109375,15488.296875,,24115.32421875,,,7.02614981898821
TZA,U.R. of Tanzania: Mainland,1964,,16422.798828125,18495.333984375,18125.53125,17787.880859375,0.0014414131874218,24916.736328125,0.444275438785553,0.478982239961624,0.116513893008232,-0.0628193840384483,-0.07388985902071,0.0969376116991043,0.518678665161133,0.543649613857269,0.0379697345197201,4.70653200149536,1.30490028858185,0.234514430165291,0.476091027259827,0.119743032601547,0.0815683528780937,0.0849734917283058,0.0461597941741647,0.0865864604711533,0.111955845869399,2.17842984199524,0.0814543217420578,0.0972825661301613,0.100561685860157,11.2595053960108,10131.6181640625,10029.56640625,18390.076171875,14781.0361328125,17898.83984375,0.0369767658412457,25827.90234375,1.06820249557495,0.671870052814484,7.02614981898821
TZA,U.R. of Tanzania: Mainland,1965,,16965.283203125,19365.310546875,18186.6328125,18104.02734375,0.00150011270307,26941.05078125,0.441862732172012,0.495237201452255,0.132568702101707,-0.0601711831986904,-0.113804839551449,0.104307435452938,0.492277204990387,0.528271079063416,0.0375853478908539,4.8159875869751,1.30490028858185,0.218347758054733,0.476091027259827,0.122084161122084,0.0831031054258347,0.0869389846920967,0.0483232507528226,0.0873356759548187,0.114054016546686,1.95540142059326,0.0865964144468308,0.0981107205152512,0.0909772217273712,11.600286671871,10314.341796875,10431.73828125,18295.951171875,15320.103515625,18084.212890625,0.0400252118706703,27909.953125,1.04545569419861,0.659864902496338,7.02614981898821
TZA,U.R. of Tanzania: Mainland,1966,,18098.58984375,20769.78125,19713.05078125,19693.97265625,0.0015578722814098,29254.318359375,0.435650765895844,0.483340591192246,0.13563497364521,-0.0687519237399101,-0.101686574518681,0.115812189877033,0.496203243732452,0.523298025131226,0.0375041924417019,4.94793033599854,1.30490028858185,0.219884186983109,0.476091027259827,0.129981267690182,0.0876074507832527,0.0918285772204399,0.0494145349672235,0.091917522251606,0.120428694568265,1.98557007312775,0.0888856202363968,0.102651983499527,0.0909276604652405,11.9530493840607,10953.2412109375,11179.0087890625,19633.970703125,16603.857421875,19442.9921875,0.0435012057423592,30272.0234375,1.06854569911957,0.666871011257172,7.02614981898821
TZA,U.R. of Tanzania: Mainland,1967,,19582.728515625,22709.57421875,20917.26171875,20967.037109375,0.0016449056565761,32050.845703125,0.420284330844879,0.513692617416382,0.14913147687912,-0.0608340129256249,-0.131943672895432,0.109669305384159,0.50093138217926,0.541553854942322,0.0377466045320034,5.07206106185913,1.30490028858185,0.197226494550705,0.476091027259827,0.127781628562843,0.0847282260656357,0.0903752818703651,0.0495035247912118,0.0901607275009155,0.125741560283322,1.89344823360443,0.096436008810997,0.106958389282227,0.0915227010846138,12.320417966673,11532.830078125,11997.1640625,20643.080078125,17545.876953125,20521.126953125,0.0477643124759197,33103.3125,1.06847703456879,0.677209615707398,7.02614981898821
TZA,U.R. of Tanzania: Mainland,1968,,21679.572265625,25108.41015625,22583.072265625,22588.26171875,0.0017325296066701,35104.16015625,0.437154173851013,0.522617399692535,0.151797354221344,-0.0695960149168968,-0.143714755773544,0.101741813123226,0.498324424028397,0.550536096096039,0.038204412907362,5.27207612991333,1.30490028858185,0.196917340159416,0.476091027259827,0.125857173298542,0.0848451629281044,0.0902201756834984,0.0505398217630975,0.0901994481682777,0.12420483702332,1.79149985313416,0.0920903980731964,0.105056248605251,0.091266505420208,12.6925768870835,12764.830078125,13265.279296875,22117.53515625,19055.3984375,21934.041015625,0.0524170435965061,36198.109375,1.08600509166718,0.700784802436829,7.02714974651882
TZA,U.R. of Tanzania: Mainland,1969,,22924.43359375,26031.970703125,23735.841796875,23760.546875,0.001783684710972,37581.94921875,0.409251809120178,0.555559098720551,0.130785629153252,-0.0590622872114182,-0.133627280592918,0.0970930904150009,0.497960835695267,0.54220312833786,0.0383026041090488,5.46607398986816,1.30490028858185,0.18677268922329,0.476091027259827,0.13159033278168,0.0851433277130127,0.0900808051228523,0.0509282025328757,0.0899871364235878,0.126504788134733,1.73326349258423,0.0971637740731239,0.107669286429882,0.0932957977056503,13.0848477704676,13120.109375,13316.564453125,23129.279296875,19151.998046875,22969.859375,0.056073147803545,38725.9609375,1.035364985466,0.667307496070862,7.02714974651882
UGA,Uganda,1955,,6817.27197265625,7706.36279296875,5823.6005859375,5754.8544921875,,5231.45751953125,1.04526364803314,0.139348700642586,0.154494062066078,-0.0119657963514328,-0.344622790813446,0.0174821224063635,,,0.0648475512862206,3.06703972816467,1.13104128837585,,,0.036296101969637,0.0343944914638996,0.0607328303158283,0.0201303799244188,0.0614583417773247,0.262687022179251,,0.302236258983612,0.331518411636353,0.281833708286285,6.6926713852277,7186.443359375,7287.71533203125,5787.439453125,7109.73876953125,5712.18359375,,6355.03369140625,,,0.07143000007143
UGA,Uganda,1956,,7122.119140625,8029.2109375,5843.4384765625,5789.94677734375,,5756.17333984375,1.0842262506485,0.14585742354393,0.156666696071625,-0.0111310184001923,-0.391757339239121,0.0161379892379046,,,0.0657027959823608,3.06512331962585,1.13426172733307,,,0.0345943626090921,0.0331570953130722,0.0607900023460388,0.0224732042267882,0.0613516233861446,0.277752454540722,,0.315406739711762,0.355444729328156,0.284844249486923,6.87902631156297,7567.68408203125,7500.52197265625,5848.6767578125,7497.2705078125,5790.00537109375,,6996.47216796875,,,0.07143000007143
UGA,Uganda,1957,,7556.9541015625,8303.9560546875,6843.97021484375,6721.978515625,,6092.61474609375,0.99411553144455,0.130100205540657,0.111128248274326,-0.0098723620176315,-0.241056725382805,0.0155851552262902,,,0.0657421201467514,3.10891318321228,1.13749134540558,,,0.0334852568145147,0.03242252394557,0.0540737062692642,0.0243020091391378,0.0550550483167172,0.273105349377096,,0.306310772895813,0.352693170309067,0.291997134685516,7.07198416235049,8065.80615234375,7026.7099609375,6867.49658203125,7840.314453125,6740.6005859375,,7413.9716796875,,,0.07143000007143
UGA,Uganda,1958,,7229.8291015625,7992.6826171875,6586.75146484375,6469.75,,6434.74072265625,0.988232970237732,0.129249036312103,0.117910794913769,-0.0095266895368695,-0.242986112833023,0.0171199925243855,,,0.0653012320399284,3.14346694946289,1.14073014259338,,,0.0338453622125738,0.0329092144966126,0.0555718094110489,0.0257514676441047,0.056576780974865,0.270353145430022,,0.324928164482117,0.345777928829193,0.278425395488739,7.27180913539366,7691.24609375,6948.16259765625,6590.83056640625,7669.60009765625,6467.81689453125,,7836.63037109375,,,0.07143000007143
UGA,Uganda,1959,,7526.259765625,8184.00244140625,6906.23291015625,6798.7666015625,,6670.47216796875,0.976422548294067,0.130581110715866,0.0967444181442261,-0.008339294232428,-0.212502047419548,0.0170932337641716,,,0.0646498799324036,3.10257911682129,1.14397811889648,,,0.0336485481727841,0.0327680744230747,0.053155392408371,0.026184317559089,0.0539956092834473,0.286438489198945,,0.336933195590973,0.363922208547592,0.251202583312988,7.47877553166239,8013.28466796875,6670.41845703125,6925.486328125,8046.296875,6810.59619140625,,8126.8681640625,,,0.07143000007143
UGA,Uganda,1960,,7556.02392578125,8219.7353515625,6869.45166015625,6745.62158203125,,6893.57666015625,0.990487694740295,0.129649803042412,0.0983915105462074,-0.0091024879366159,-0.227045029401779,0.0176184866577387,,,0.0638290718197823,3.17098426818848,1.14723539352417,,,0.0325033975817485,0.0321930907666683,0.054548803716898,0.0298224473284227,0.0555501580238342,0.309057245097279,,0.319767683744431,0.390228182077408,0.261312425136566,7.69317129140133,7988.04052734375,6711.4404296875,6839.64501953125,8153.619140625,6717.19775390625,,8420.375,,,0.07143000007143
UGA,Uganda,1961,,7685.49609375,8464.2841796875,6960.982421875,6872.69775390625,,7227.81591796875,1.00612211227417,0.112142689526081,0.113316170871258,-0.0093958461657166,-0.238610461354256,0.0164253115653992,,,0.0632775649428368,3.1014256477356,1.14589238166809,,,0.0344902985468026,0.034425150603056,0.0547446087002754,0.0338406668136572,0.0554478392004967,0.255267899720651,,0.314852923154831,0.321987926959991,0.256565272808075,7.91529546833825,8141.51025390625,7286.69287109375,6940.8310546875,8186.345703125,6855.09619140625,,8834.3564453125,,,0.07143000007143
UGA,Uganda,1962,,8109.8916015625,8925.662109375,7130.13525390625,7045.9248046875,,7594.34326171875,1.00449919700623,0.146505296230316,0.115779101848602,-0.0088431695476174,-0.273863613605499,0.0159231554716826,,,0.063125491142273,3.16061329841614,1.14455091953278,,,0.033460548375121,0.0328576676547527,0.0546584092080593,0.0287240667254017,0.055311668664217,0.271387978415588,,0.328832566738129,0.338220149278641,0.259186446666718,8.14546378642561,8564.5107421875,7690.2744140625,7111.39404296875,8659.162109375,7027.4970703125,,9279.8603515625,,,0.07143000007143
UGA,Uganda,1963,,8392.908203125,9419.8466796875,7392.68798828125,7180.6201171875,,8137.44482421875,1.02105462551117,0.147773161530495,0.143015280365944,-0.0087168682366609,-0.32866382598877,0.0255376137793064,,,0.0636574476957321,3.2237696647644,1.14321088790894,,,0.0358554354056811,0.0350514017045498,0.0622630976140499,0.0294958435318584,0.0641019344329834,0.284657453294591,,0.423820614814758,0.35414120554924,0.281345576047897,8.38400005214906,8884.4248046875,8753.130859375,7391.91259765625,9598.75,7174.8857421875,,9941.2890625,,,0.07143000007143
UGA,Uganda,1964,,8816.28515625,10229.1220703125,8443.9443359375,7745.5673828125,,8993.0185546875,0.996216654777527,0.142019540071487,0.182405889034271,-0.0095399059355258,-0.353037536144257,0.0419353805482388,,,0.0649723410606384,3.29106521606445,1.14187252521515,,,0.0380418340566471,0.0373124405741692,0.0629451498389244,0.0321959981810308,0.0686205700039864,0.222896575053956,,0.412020355463028,0.277137964963913,0.325473129749298,8.63124726801055,9358.9814453125,10531.7431640625,8467.1552734375,10334.3701171875,7765.24267578125,,10998.939453125,,,0.07143000007143
UGA,Uganda,1965,,9483.6044921875,10815.4296875,8447.662109375,7826.03173828125,,9732.078125,1.0562310218811,0.155571386218071,0.17017887532711,-0.015685772523284,-0.423520505428314,0.0572249926626682,,,0.0660614296793938,3.39692544937134,1.14053583145142,,,0.0427864909054825,0.0420944318175316,0.0673452243208885,0.0373958033947721,0.0726945176720619,0.247149933625372,,0.426768749952316,0.304322242736816,0.298934072256088,8.88756561189506,10041.134765625,10679.359375,8461.7080078125,10622.3134765625,7844.07861328125,,11904.7275390625,,,0.07143000007143
UGA,Uganda,1966,,10498.189453125,11797.12890625,9029.205078125,8286.732421875,,10391.80078125,1.10557675361633,0.16129045188427,0.156749352812767,-0.0172910466790199,-0.471747696399689,0.0654221624135971,,,0.0665377676486969,3.51458096504211,1.14259314537048,,,0.0406492876086838,0.0401102900505066,0.0655605494976044,0.0364156789145907,0.0714346319437027,0.271252619337346,,0.424771994352341,0.331482857465744,0.292644292116165,9.15332435453739,11087.779296875,11186.591796875,9025.009765625,11372.0966796875,8282.263671875,,12726.947265625,,,0.07143000007143
UGA,Uganda,1967,,10541.8701171875,12064.6796875,8873.216796875,8145.82177734375,,11229.2841796875,1.11463940143585,0.179505065083504,0.186943650245667,-0.0148600898683071,-0.536618530750275,0.0703905001282692,,,0.0672519654035568,3.62164330482483,1.14465415477753,,,0.0410956079992191,0.0405115857720375,0.0711350664496422,0.0368850945857056,0.0774871930480003,0.283130551676899,,0.497250497341156,0.345850497484207,0.29975837469101,9.42891650911356,11108.30859375,12083.7626953125,8854.9541015625,12158.9912109375,8133.71728515625,,13754.2666015625,,,0.07143000007143
UGA,Uganda,1968,,10874.1318359375,12469.015625,9300.0009765625,8615.55859375,,12080.435546875,1.07001876831055,0.192131757736206,0.185116708278656,-0.0160281732678413,-0.494088113307953,0.0628490522503853,,,0.0681404173374176,3.75368642807007,1.14671897888184,,,0.0433440359337697,0.0421023219823837,0.0727823600172997,0.0351869686427312,0.0785643830895424,0.28196297867133,,0.49732181429863,0.343041658401489,0.318505048751831,9.71474822291602,11410.859375,12558.091796875,9260.5595703125,12458.029296875,8585.3310546875,,14796.3134765625,,,0.07143000007143
UGA,Uganda,1969,,11719.19140625,13639.6962890625,9934.8662109375,9383.958984375,,13166.0263671875,1.07013058662415,0.178723067045212,0.204658299684525,-0.0162055883556604,-0.494425058364868,0.0571187101304531,,,0.0691196247935295,3.88478922843933,1.14878737926483,,,0.0444048193471431,0.0436001308262348,0.0772288218140602,0.0387819295982974,0.0817627236247063,0.282435828149846,,0.47941580414772,0.346003323793411,0.309959143400192,10.0112468598868,12371.126953125,14306.0107421875,9927.6572265625,13651.16015625,9393.54296875,,16127.2919921875,,,0.07143000007143
URY,Uruguay,1955,,20473.439453125,23848.7734375,22075.30078125,21161.974609375,0.002240760019049,27072.896484375,0.82737535238266,0.140088155865669,0.159499928355217,-0.101234570145607,-0.069844625890255,0.0441157072782517,1.27258801460266,1.4334260225296,0.0414100401103497,0.846365630626679,1.75828576087952,0.0951537415385246,0.516889154911041,0.0619935635881585,0.0589886382222176,0.114652283489704,0.0412412341795536,0.119600549340248,0.45228591512736,3.43943071365356,0.0452365279197693,0.285892367362976,0.0753601938486099,2.32575843176403,18033.9375,24917.345703125,22115.044921875,22733.486328125,21186.138671875,0.151495262980461,51645.9140625,0.964961409568787,1.09593451023102,0.00000352000011148645
URY,Uruguay,1956,,19999.564453125,23101.8046875,21695.357421875,21043.947265625,0.0023089083842933,29543.9375,0.809262156486511,0.141109183430672,0.147417187690735,-0.0913419649004936,-0.0628744587302208,0.0564278662204742,1.21598052978516,1.339728474617,0.0408721007406712,0.857337892055512,1.76805937290192,0.072584331035614,0.516889154911041,0.0591645088947196,0.0558890216052532,0.108813926577568,0.0371040767539071,0.112182252109051,0.450011034201512,3.05946850776672,0.0472766235470772,0.27979701757431,0.0726466700434685,2.36149182836982,17733.0859375,23420.73828125,21837.6640625,22786.29296875,21164.046875,0.164027705788612,56220.68359375,0.925494015216827,0.985687851905823,0.00000417000006747864
URY,Uruguay,1957,,21481.619140625,24959.3046875,22639.4375,21703.58203125,0.0024890864733606,32036.736328125,0.848247289657593,0.14152567088604,0.160235568881035,-0.104505926370621,-0.0812757834792137,0.0357731841504574,1.18542170524597,1.37241566181183,0.0399573519825935,0.868080973625183,1.77788722515106,0.0516155958175659,0.516889154911041,0.063925454271764,0.0614296682178974,0.137174963951111,0.0464709500038549,0.143089920282364,0.605052552347412,3.52134323120117,0.0638629943132401,0.351307302713394,0.101790092885494,2.39674568802918,19145.3828125,25728.93359375,22818.431640625,23544.16015625,21867.54296875,0.178285196423531,61226.5390625,0.9166060090065,1.03791105747223,0.00000428000026991456
URY,Uruguay,1958,,19726.29296875,22103.4375,21000.302734375,20698.89453125,0.002440545707941,33815.5703125,0.803069353103638,0.149942547082901,0.114844016730785,-0.0639254748821259,-0.0535347014665604,0.0496042594313622,1.12751615047455,1.20103967189789,0.0384987592697144,0.878677070140839,1.78776979446411,0.0471026077866554,0.516889154911041,0.042496706181336,0.0404475927352905,0.0728255733847618,0.0294728595715674,0.0738860219717026,0.341508270395979,1.7289731502533,0.0502931475639343,0.199168100953102,0.0663105249404907,2.43178534666432,17442.138671875,20074.3515625,21115.580078125,22160.697265625,20722.8515625,0.178553104400635,63108.9375,0.861999869346619,0.809103727340698,0.00000760000022003904
URY,Uruguay,1959,,19314.15625,22002.2578125,20271.265625,20027.55859375,0.0024414169602096,36106.16015625,0.812994122505188,0.151384875178337,0.134220167994499,-0.074998676776886,-0.0699983313679695,0.0463978834450245,1.03809797763824,1.13798546791077,0.0367365069687367,0.888916850090027,1.79770720005035,0.0485186763107777,0.516889154911041,0.0446184017101109,0.041399959474802,0.0800482705235481,0.0241157114140618,0.0810223519802094,0.357738433771873,1.66204226016998,0.0579167231917381,0.20567998290062,0.0667377710342407,2.4659936508292,17103.291015625,21292.16015625,20423.009765625,21663.240234375,20065.091796875,0.18554051220417,66581.46875,0.814329266548157,0.829345047473908,0.0000104000002053698
URY,Uruguay,1960,,20680.16796875,23686.734375,21484.9375,20755.673828125,0.0024744893889874,37373.28125,0.846987903118134,0.149374261498451,0.144855171442032,-0.105153866112232,-0.0795197561383247,0.043456245213747,1.04244983196259,1.19077062606812,0.0356406792998314,0.899570286273956,1.80769991874695,0.0329447761178017,0.516889154911041,0.0567106326486099,0.0534029006958008,0.123212710022926,0.0346472705455413,0.127541854977608,0.603387848629909,2.6250958442688,0.0811862349510193,0.331618219614029,0.129061415791512,2.5015222721984,18234.17578125,23462.96484375,21529.060546875,22656.427734375,20951.953125,0.195992395281792,70715.390625,0.825936257839203,0.886292040348053,0.0000112999997946302
URY,Uruguay,1961,,20232.39453125,23496.533203125,21778.080078125,21071.6484375,0.002510184654966,39176.6015625,0.807510614395142,0.152660816907883,0.154906690120697,-0.0949002206325531,-0.0713603273034096,0.0511824078857899,1.02658903598785,1.14674878120422,0.0352957807481289,0.908971428871155,1.81416642665863,0.0310645271092653,0.516889154911041,0.0655869014914839,0.0633400976657867,0.156987920403481,0.0514554466942587,0.162250995635986,0.737453261490305,3.19672679901123,0.087654285132885,0.399921983480454,0.138600006699562,2.53396536198212,17806.603515625,24540.171875,21831.359375,23038.2109375,21227.671875,0.209085270762444,75032.796875,0.811324954032898,0.895493745803833,0.0000110000002347083
URY,Uruguay,1962,,21279.2890625,24156.841796875,22236.05859375,21538.328125,0.0025460412725806,41602.671875,0.830931425094605,0.157041698694229,0.133601531386375,-0.0937488228082657,-0.0696145370602608,0.0417887344956398,0.992843866348267,1.11532771587372,0.0355421081185341,0.918960988521576,1.82065606117249,0.0245123077183962,0.516889154911041,0.0723267122615338,0.0720658749341965,0.153484910726547,0.0706857270110848,0.158457025885582,0.755572538770436,2.89252853393555,0.0934858694672585,0.455258697271347,0.146148130297661,2.56823399118792,18708.466796875,23292.654296875,22303.130859375,22936.662109375,21501.537109375,0.220271065831184,77943.4296875,0.777698636054993,0.818349719047546,0.0000110000002347083
URY,Uruguay,1963,,20414.6640625,22995.892578125,21583.1484375,21113.845703125,0.0021646218374371,42247.6328125,0.807786345481873,0.159098863601685,0.122252881526947,-0.0805597975850105,-0.0702440664172173,0.0616658069193363,1.01275324821472,1.1076945066452,0.0356313548982143,0.928530216217041,1.8271689414978,0.0192866697907448,0.516889154911041,0.0682163521200606,0.0671728253364563,0.135955393314362,0.0618745506918887,0.13897730410099,0.679949496200894,2.75152349472046,0.0923860892653465,0.387423992156982,0.131483629345894,2.60148769870907,17975.39453125,21531.4453125,21688.341796875,22585.75390625,21082.96484375,0.225527971982956,79786.453125,0.753976464271545,0.744792461395264,0.0000146000004107395
URY,Uruguay,1964,,21571.265625,23780.328125,22516.916015625,21924.08203125,0.0021228755358606,45168.796875,0.823315322399139,0.160592079162598,0.10075967758894,-0.0787118822336197,-0.0548880621790886,0.048932857811451,1.0059198141098,1.09987318515778,0.0351041406393051,0.937286734580994,1.83370506763458,0.0200885143131018,0.516889154911041,0.0845161595816022,0.0835883617401123,0.154668673872948,0.0788317521972264,0.158850938081741,0.848760235672661,3.08415007591248,0.103790625929832,0.593579113483429,0.162989094853401,2.63262013272079,19032.765625,20366.056640625,22670.93359375,23169.263671875,21920.4765625,0.219112351536751,80641.6015625,0.777122676372528,0.707820594310761,0.0000163999995892604
URY,Uruguay,1965,,20529.720703125,22595.224609375,22331.126953125,21940.130859375,0.0021138414740562,45499.5078125,0.759393990039825,0.176321566104889,0.0941427201032639,-0.0436705350875855,-0.0362986065447331,0.0501108579337597,0.964568376541138,0.996571838855743,0.0342075377702713,0.945293545722961,1.84026455879211,0.0186789873987436,0.516889154911041,0.0776451262589152,0.0760964676737785,0.142137661576271,0.0694266022729173,0.144670724868774,0.798542970190882,2.56880640983582,0.131258860230446,0.544828653335571,0.185040771961212,2.66179977917721,18016.58203125,19250.373046875,22432.123046875,22977.6640625,21876.4296875,0.211549520492554,81709.25,0.774877965450287,0.672675311565399,0.0000290000011148645
URY,Uruguay,1966,,21991.04296875,24137.3046875,23453.333984375,22905.759765625,0.002017151331529,47226.46484375,0.771874070167542,0.188192054629326,0.0936996191740036,-0.0495601519942284,-0.0555197298526764,0.0513141863048077,0.975941061973572,1.02839159965515,0.0331869535148144,0.952733814716339,1.85935521125793,0.0179365687072277,0.516889154911041,0.0690899438303053,0.0666409432888031,0.139493018388748,0.0565963205797228,0.142827659845352,0.885950795507217,2.55561208724976,0.116126239299774,0.612877190113068,0.1855179220438,2.68954694155633,19203.431640625,20325.51171875,23481.208984375,23888.49609375,22739.267578125,0.203741163015366,83122.828125,0.810827434062958,0.71485835313797,0.0000539000000586771
URY,Uruguay,1967,,21618.2890625,23936.896484375,22607.80078125,22279.994140625,0.0019226284930482,47462.82421875,0.773638427257538,0.196662053465843,0.104066751897335,-0.0488839149475098,-0.0723486617207527,0.0468653403222561,0.948700308799744,1.01735663414001,0.0324425734579563,0.959890305995941,1.8786438703537,0.0159331541508436,0.516889154911041,0.0636819115180584,0.0614288374781609,0.135025143623352,0.0525655955832142,0.137011766433716,0.821224399327324,2.41217303276062,0.107771925628185,0.553725242614746,0.152055308222771,2.71660060160949,18814.412109375,21069.26953125,22575.642578125,23232.62109375,22047.654296875,0.205940261483192,85007.5078125,0.78197968006134,0.734827876091003,0.0001049619982596
URY,Uruguay,1968,,21910.240234375,23958.80859375,23042.30859375,22731.51171875,0.001882730750367,48138.234375,0.751737296581268,0.212133511900902,0.0901202335953713,-0.0581745281815529,-0.051836933940649,0.05602041259408,0.93557620048523,0.980061233043671,0.0318626090884209,0.967213451862335,1.89813268184662,0.0193510856479406,0.516889154911041,0.0682305973671636,0.062990702688694,0.11618597060442,0.0444221074633074,0.117774538695812,0.685129931220265,1.99752962589264,0.109334953129292,0.458438128232956,0.138898238539696,2.74430252020791,18924.16015625,19784.12890625,22942.458984375,23492.8046875,22417.62890625,0.203218817710876,86255.046875,0.789228081703186,0.688689529895783,0.0002318540095514
URY,Uruguay,1969,,23261.646484375,25887.8359375,24608.541015625,24211.46875,0.0018467644695192,49665.7109375,0.758704602718353,0.202065169811249,0.108468793332577,-0.0603700652718544,-0.059264924377203,0.0503964200615883,0.978059470653534,1.0393363237381,0.0315436534583569,0.973529696464539,1.91782367229462,0.0295709576457739,0.516889154911041,0.0784154245288811,0.075143963098526,0.14108881354332,0.0628604353297167,0.143402680754662,0.725199782908916,2.50670742988586,0.113647066056728,0.490944474935532,0.156850919127464,2.76926059202296,20223.689453125,23126.908203125,24548.470703125,25102.458984375,23913.177734375,0.210247024893761,88770.34375,0.822130143642426,0.784839272499085,0.000248
USA,United States,1955,2038.46,2625117.25,3424089.5,3427429,3422335.5,1,12569526,0.636060178279877,0.13099417090416,0.233458176255226,-0.0399867743253708,-0.0032874813769012,0.0427617430686951,1,1,0.0319540724158287,67.2933807373047,2.64778447151184,0.0867874845862389,0.626844048500061,0.118664480019117,0.124427884817123,0.124049618840218,0.152412874619456,0.124234244227409,0.122806781412368,1,0.0816933810710907,0.0964623987674713,0.0887736231088638,168.15175637134,2940089.25,3496569,3368955.5,3397452,3397287.25,0.106222711503506,12568343,0.657824873924255,0.640142381191254,1
USA,United States,1956,2023.37,2666356.5,3480982.5,3497303.5,3493601.25,1,12989804,0.635256588459015,0.12795490026474,0.233176589012146,-0.0418141894042492,-0.0027926869224757,0.048218846321106,1,1,0.0320638194680214,68.8955917358398,2.66231727600098,0.0769364759325981,0.640427887439728,0.122194696050794,0.128264009952545,0.128388494253159,0.158396278055518,0.12852455675602,0.128795961188579,1,0.084093451499939,0.102206014096737,0.0928064286708832,171.163532598792,3002805.25,3558545.75,3445108.75,3469891,3475673.5,0.109992899000645,12988646,0.654314577579498,0.634484171867371,1
USA,United States,1957,1995.38,2731487.5,3544854.5,3575092,3568702.5,1,13400090,0.634268164634705,0.131132528185844,0.227916747331619,-0.0426190346479416,-0.0014231709064915,0.0507247373461723,1,1,0.0322140417993069,69.2199401855469,2.67692995071411,0.0760435909032822,0.638684749603272,0.126470583445281,0.132867470383644,0.132515087723732,0.163808224440272,0.132752358913422,0.131331747647942,1,0.0850425884127617,0.105025120079517,0.0973127484321594,174.285761083962,3084886,3625145,3521625,3542951,3552227,0.113754764199257,13398979,0.661630988121033,0.640108525753021,1
USA,United States,1958,1960.95,2770922.5,3551486.75,3555499.75,3542683.75,1,13768717,0.645918071269989,0.136235445737839,0.220331370830536,-0.0420873872935772,-0.0032816077582538,0.0428841188549995,1,1,0.0322970896959305,67.9430923461914,2.69162273406982,0.0756945759057999,0.635847270488739,0.129159682370391,0.135974049568176,0.135237395763397,0.168282286903669,0.135726630687714,0.132622332583487,1,0.0871852487325668,0.104535825550556,0.0995237976312637,177.222557191341,3117104,3629856.25,3498960.5,3516902.75,3518065.25,0.116867370903492,13767582,0.663152813911438,0.647172689437866,1
USA,United States,1959,1986.87,2897083.25,3795855,3798646,3787640.25,1,14237302,0.63736766576767,0.127510473132133,0.237290680408478,-0.0426256619393826,-0.0034227932337671,0.0438795797526836,1,1,0.032326303422451,69.4828796386719,2.70639610290527,0.0825155302882195,0.629354357719421,0.131319745578397,0.137839332222939,0.137216985225678,0.170427822157279,0.137615710496902,0.135210964610042,1,0.0897764340043068,0.10520563274622,0.100249759852886,180.210010109064,3255465.75,3880921,3747502.5,3759648.5,3768539.25,0.12101885676384,14236033,0.68196576833725,0.665621936321259,1
USA,United States,1960,1968.41,2986483.25,3881343.75,3911440.75,3884961.5,1,14693295,0.643924236297607,0.12480490654707,0.230339586734772,-0.0471039563417435,-0.0015273237368091,0.0495625138282776,1,1,0.0323872901499271,70.6460189819336,2.72125053405762,0.0803422704339027,0.636741757392883,0.132354312811133,0.139091417193413,0.138564929366112,0.173851140453718,0.139509379863739,0.136807896327537,1,0.0809819251298904,0.105418048799038,0.102922983467579,183.089036422961,3330536.75,3953527.75,3846675.5,3856027.5,3875059,0.12514728307724,14692825,0.685341119766235,0.664399027824402,1
USA,United States,1961,1953.61,3054369.75,3976224.25,4010320.75,3983244.5,1,15164270,0.638721406459808,0.128083094954491,0.231433048844337,-0.0441727340221405,-0.0012917312560603,0.0472269207239151,1,1,0.0324528887867928,70.6938095092773,2.75555515289307,0.0816702097654343,0.633704721927643,0.134221704989146,0.140990719199181,0.140123531222343,0.174746266996969,0.141076028347015,0.137250270324214,1,0.0838555842638016,0.105536833405495,0.107688948512077,186.149443806863,3407679,4052991.5,3945269.5,3954515.25,3973918.5,0.129381880164146,15163884,0.691875040531158,0.670482754707336,1
USA,United States,1962,1973.51,3219734.75,4220393,4248374.5,4227136.5,1,15694402,0.631951332092285,0.129730924963951,0.236722454428673,-0.0418459475040436,-0.0018783091800287,0.0453195534646511,1,1,0.0325563326478004,71.7677536010742,2.79029202461243,0.0868629291653633,0.629106163978577,0.135719246941773,0.142880156636238,0.142087146639824,0.177762735469716,0.142801016569138,0.139535510558168,1,0.0918623805046082,0.106318712234497,0.111493550240994,189.034547082441,3590876.25,4311590.5,4187084.75,4196393,4212671.5,0.134366244077683,15694052,0.706985890865326,0.686830520629883,1
USA,United States,1963,1961.96,3335232.75,4391906,4425009.5,4410490.5,1,16269987,0.628615319728851,0.127589210867882,0.239581778645515,-0.0412299856543541,-0.0017928279703483,0.0472365468740463,1,1,0.0326885730028153,72.7672500610352,2.8254668712616,0.0895814746618271,0.626385748386383,0.137754141455314,0.145286336541176,0.143967717885971,0.182396506668612,0.144441649317741,0.139805690678043,1,0.093562051653862,0.106494903564453,0.110022529959679,191.774746521104,3722841.25,4490662.5,4368180,4379103,4399857,0.139888271689415,16269798,0.717501699924469,0.695705890655518,1
USA,United States,1964,1971.53,3505803.5,4629163.5,4675909.5,4666435,1,16905738,0.627040565013886,0.124240323901176,0.240731969475746,-0.0409988015890121,-0.0014601470902562,0.0504460856318474,1,1,0.0328357592225075,74.4171905517578,2.8610851764679,0.0932398661971092,0.624378800392151,0.140319274953603,0.147975787520409,0.14631262421608,0.1866181784568,0.146609678864479,0.141122188293064,1,0.097219429910183,0.107465207576752,0.112310782074928,194.457176166286,3913807.5,4735866,4624444,4631648.5,4663895,0.145988464355469,16905626,0.728476285934448,0.704298496246338,1
USA,United States,1965,1991.91,3724816,4953008.5,4989395,4968977,1,17609040,0.626079201698303,0.123535051941872,0.247172102332115,-0.0423949435353279,-0.0007672246429137,0.0463758036494255,1,1,0.0330672487616539,76.191047668457,2.89715242385864,0.0974207520484924,0.619359791278839,0.142377169516676,0.150063678622246,0.14869636297226,0.189019088681545,0.149307370185852,0.144549615498837,1,0.101426303386688,0.109935320913792,0.118669174611568,196.903470234311,4140645.75,5060984,4934000.5,4932693.5,4965598,0.152983844280243,17608950,0.740550637245178,0.7184277176857,1
USA,United States,1966,2000.82,3968455,5297508.5,5321868.5,5297396.5,1,18365340,0.620535910129547,0.128597155213356,0.250888109207153,-0.0454978533089161,-0.0013088965788483,0.046785544604063,1,1,0.0334479436278343,78.5942001342773,2.92837071418762,0.0982721522450447,0.622894942760468,0.145982041916691,0.154108479619026,0.152772054076195,0.193321989668156,0.153477802872658,0.148781575932469,1,0.106008984148502,0.113340072333813,0.122400596737862,199.190680888167,4399679.5,5411833.5,5258107,5257925.5,5284562.5,0.161097094416618,18365290,0.752160251140595,0.732011437416077,1
USA,United States,1967,1977.72,4137325.75,5451778.5,5473394.5,5441638.5,1,19077536,0.621238529682159,0.139070332050324,0.241554588079453,-0.0450611226260662,-0.001539290882647,0.044736985117197,1,1,0.0338659957051277,80.5108032226563,2.95992541313171,0.0931622013449669,0.630078673362732,0.14986750347895,0.158504784107208,0.157054290175438,0.197088210599438,0.157970800995827,0.152488735193352,1,0.109359443187714,0.11678571999073,0.129532411694527,201.371490592091,4587710,5572244.5,5398569,5402184.5,5416555.5,0.168617770075798,19077508,0.748776137828827,0.730281412601471,1
USA,United States,1968,1974.18,4382764.5,5744655.5,5752088.5,5709543.5,1,19811192,0.626178920269013,0.141441941261292,0.238528922200203,-0.0512051619589329,-0.0000907508219825104,0.0451461672782898,1,1,0.0341968387365341,82.1303176879883,2.99181985855103,0.0922707468271256,0.634225606918335,0.155672624078124,0.16491137444973,0.16345801949501,0.205812340272007,0.164676040410995,0.158780909470612,1,0.113178074359894,0.122182406485081,0.133411794900894,203.392165397382,4843748,5862900.5,5665766.5,5667382,5672951,0.176181957125664,19811168,0.758990347385407,0.742410004138947,1
USA,United States,1969,1975.34,4516692.5,5925184,5932801,5888677,1,20540252,0.625396192073822,0.141616940498352,0.239186391234398,-0.0515554621815681,-0.0006452542729675,0.0460011921823025,1,1,0.0344464778900147,84.0793533325195,3.02405834197998,0.0862715318799019,0.643875360488892,0.16389602546262,0.173353895545006,0.171493723988533,0.215120906997556,0.172778725624084,0.165528626045886,1,0.118720680475235,0.129795178771019,0.140301063656807,205.389552914401,5004485.5,6049152,5848988.5,5845379,5853984,0.183685138821602,20540238,0.754191875457764,0.737974107265472,1
VEN,Venezuela (Bolivarian Republic of),1955,2100.07,27964.50390625,54762.76171875,55030.0859375,49360.7265625,0.0120907705277205,149870.8125,0.379322946071625,0.18721054494381,0.542906403541565,-0.216239303350449,-0.105779848992825,0.212579235434532,1.00296700000763,1.11216175556183,0.0496921688318253,1.98436832427979,1.27140831947327,0.117190808057785,0.521732687950134,0.129541512684579,0.132797971367836,0.124260857701302,0.139396157561588,0.138532921671867,0.115352212767133,1.70489251613617,0.0783184245228767,0.132641658186913,0.15176685154438,6.5317173283411,1803.81970214844,3134.37963867188,57260.546875,2567.1767578125,54775.3515625,0.0894569903612137,14463.30859375,5.58782911300659,7.34339809417725,3.19008911606184e-14
VEN,Venezuela (Bolivarian Republic of),1956,2084.63,30100.306640625,59472.20703125,59199.7265625,53212.23046875,0.0124789625406265,160502.296875,0.390207380056381,0.175457790493965,0.551976501941681,-0.226819798350334,-0.111035220324993,0.220213323831558,1.02869379520416,1.15387809276581,0.0502324402332306,2.04973483085632,1.27605140209198,0.115321449935436,0.521732687950134,0.138318358285373,0.138809859752655,0.129871860146523,0.139902945960825,0.144485175609589,0.120712206064879,1.82507836818695,0.0856840312480927,0.140459507703781,0.158086463809013,6.80776018907021,1948.85876464844,3387.75854492188,61339.890625,2821.47412109375,59114.7890625,0.0960337892174721,15472.8203125,5.848313331604,7.55831670761108,3.2039595441835104e-14
VEN,Venezuela (Bolivarian Republic of),1957,2069.31,38057.7578125,69705.8515625,67964.4921875,58157.31640625,0.012950437143445,171827.625,0.443826913833618,0.210566386580467,0.544180691242218,-0.290989309549332,-0.121711857616901,0.214127138257027,1.06530439853668,1.28543627262115,0.0506989881396294,2.11724734306335,1.28071141242981,0.113439410924912,0.521732687950134,0.132871860509871,0.127365052700043,0.127319484949112,0.115757923554548,0.148789614439011,0.127264717748095,1.86691415309906,0.0814551934599876,0.149023160338402,0.177463859319687,7.09504183927395,2463.5107421875,3966.951171875,70164.0546875,3092.66870117188,64986.99609375,0.10299851000309,16544.73046875,6.10728025436401,8.43197727203369,3.31293805909441e-14
VEN,Venezuela (Bolivarian Republic of),1958,2054.09,40157.19921875,71382.9140625,68073.7890625,61441.58984375,0.0132190436124802,182221.796875,0.371764540672302,0.281818807125092,0.508217811584473,-0.219742551445961,-0.123245410621166,0.18118679523468,1.08582806587219,1.25838911533356,0.0509740337729454,2.18699216842651,1.28538846969605,0.109543181955814,0.521732687950134,0.152308683600423,0.135899260640144,0.133435368537903,0.114252588445463,0.147838801145554,0.130266713425997,1.87689733505249,0.100340895354748,0.150994062423706,0.182590901851654,7.39101782832169,2526.12353515625,4017.677734375,70349.2734375,3183.32934570313,68692.0703125,0.109404712915421,17552.57421875,6.01680612564087,8.17368030548096,3.31194721556519e-14
VEN,Venezuela (Bolivarian Republic of),1959,2038.99,41634.46484375,73100.265625,70495.109375,64463.0703125,0.0132752386853099,192301.15625,0.386724293231964,0.259141087532043,0.48812136054039,-0.198852106928825,-0.118006959557533,0.182872354984283,1.0778032541275,1.21956992149353,0.0510333962738514,2.259033203125,1.29008257389069,0.103732883930206,0.521732687950134,0.104946094459658,0.0919099226593971,0.0920059978961945,0.0724556428304524,0.100615322589874,0.0921331159915632,1.20950543880463,0.0692280605435371,0.106083758175373,0.119871586561203,7.69313663906648,2645.84350585938,4151.1845703125,73100.3515625,3356.25170898438,72007.5625,0.115589201450348,18537.396484375,6.08722877502441,8.10392284393311,4.7405522763931104e-14
VEN,Venezuela (Bolivarian Republic of),1960,2024,41960.765625,63570.7578125,65545.2265625,60246.125,0.0129645597189665,195238.65625,0.421445310115814,0.27504375576973,0.35869511961937,-0.175220012664795,-0.0971103757619858,0.217146247625351,0.9788618683815,1.03384292125702,0.0505009777843952,2.33964729309082,1.29479372501373,0.0927899554371834,0.521732687950134,0.144632476932107,0.1342553794384,0.134302407503128,0.11835471930111,0.146115317940712,0.134393744444905,1.64942359924316,0.0928657650947571,0.154032826423645,0.160549834370613,7.99883867834267,2658.03857421875,3614.44970703125,68018.7578125,3167.76489257813,68166.6484375,0.117240257561207,18916.431640625,5.61401224136353,6.89478445053101,3.31194721556519e-14
VEN,Venezuela (Bolivarian Republic of),1961,2016.58,42175.9921875,63206.62890625,67119.7890625,62114.9921875,0.0125583922490478,198308.5,0.41130805015564,0.267690539360046,0.338575839996338,-0.147824287414551,-0.0904981940984726,0.220748037099838,0.987533330917358,1.00666391849518,0.049488827586174,2.40701413154602,1.30171048641205,0.0885215476155281,0.521732687950134,0.148111555206573,0.130979314446449,0.134251356124878,0.104655538156797,0.145068407058716,0.140813241500116,1.66718733310699,0.104898974299431,0.161346733570099,0.168031871318817,8.30724769812514,2662.28735351563,3586.65966796875,69468.6484375,3307.22631835938,70390.5703125,0.118856586515903,19270.0546875,5.73235750198364,6.69140958786011,3.31219446601834e-14
VEN,Venezuela (Bolivarian Republic of),1962,2009.18,42837.171875,65499.02734375,70150.5,64880.86328125,0.0122256064787507,202590.296875,0.406627893447876,0.253615647554398,0.349284112453461,-0.121433183550835,-0.0885008946061134,0.200406417250633,0.991881966590881,1.00293290615082,0.04859534278512,2.4763240814209,1.30866420269012,0.0981538370251656,0.521732687950134,0.157316139402676,0.140992730855942,0.142119109630585,0.114821033472714,0.15366205573082,0.14424827961575,1.74203288555145,0.133289158344269,0.163655072450638,0.199463829398155,8.62008792839883,2707.98754882813,3737.787109375,72781.6484375,3628.33325195313,75629.28125,0.1220743060112,19740.24609375,6.11253833770752,6.7777738571167,3.31203032302663e-14
VEN,Venezuela (Bolivarian Republic of),1963,2001.82,46306.05859375,68937.203125,74796.1171875,70706.25,0.0118788322433829,206536.0625,0.383527338504791,0.271380215883255,0.320072710514069,-0.0914247632026672,-0.0869023129343987,0.203346744179726,1.04401683807373,1.02220225334167,0.0473228618502617,2.54763126373291,1.31565499305725,0.105921536684036,0.521732687950134,0.163560013673596,0.14331379532814,0.144299238920212,0.114700872693688,0.152645945549011,0.146315567058435,1.82573306560516,0.129428699612618,0.166270345449448,0.182227194309235,8.93869292174582,2900.03051757813,3910.17016601563,77619.46875,3867.43579101563,81265.859375,0.12521630525589,20212.51171875,6.33652210235596,6.89575147628784,3.31203032302663e-14
VEN,Venezuela (Bolivarian Republic of),1964,1994.48,49572.55078125,80153.5390625,82430.4609375,78504.4921875,0.0115094156935811,215662,0.378369837999344,0.253091484308243,0.389544427394867,-0.155979409813881,-0.0583240538835526,0.193297699093819,1.10712230205536,1.139479637146,0.0455283597111702,2.62099552154541,1.3226832151413,0.110908254981041,0.521732687950134,0.126829924424984,0.110565863549709,0.113612748682499,0.0862512239447799,0.119294457137585,0.118551818663688,1.51437783241272,0.101971328258514,0.134673357009888,0.135326787829399,9.26440279251331,3118.666015625,4574.296875,85533.1640625,4372.79248046875,90359.7578125,0.131835222244263,21179.345703125,6.88144969940186,7.7482476234436,4.3493260886899604e-14
VEN,Venezuela (Bolivarian Republic of),1965,1987.16,53797.81640625,84003.0703125,84588.78125,80304.4375,0.0115036321803927,224626.75,0.39827772974968,0.271645605564117,0.376134306192398,-0.156342774629593,-0.14307165145874,0.25335681438446,1.07771933078766,1.13099122047424,0.0437851697206497,2.70195150375366,1.32974898815155,0.109526939690113,0.521732687950134,0.130328941383176,0.112046845257282,0.115519903600216,0.0852422444667783,0.121683038771153,0.121705691233106,1.4386078119278,0.113786548376083,0.137105166912079,0.142256513237953,9.59855916930202,3357.61987304688,4780.1494140625,87637.5625,4585.29736328125,93724.0625,0.13819245994091,22124.154296875,6.93808794021606,7.78523683547974,4.4e-14
VEN,Venezuela (Bolivarian Republic of),1966,1979.88,57354.34765625,84001.671875,84984.9609375,82066.2578125,0.011166830547154,230713.859375,0.402653962373734,0.296224594116211,0.3247050344944,-0.13543027639389,-0.13971608877182,0.251562774181366,1.0551153421402,1.07997703552246,0.0421022847294807,2.77173376083374,1.33973479270935,0.0950105264782906,0.521732687950134,0.132757377728935,0.1117904484272,0.120769493281841,0.0832903994708238,0.125064700841904,0.140095545942812,1.43373787403107,0.117715932428837,0.156969323754311,0.138585165143013,9.93670005179956,3526.85034179688,4718.14208984375,87738.7890625,4547.21630859375,94370.078125,0.143174305558205,22869.49609375,6.66224431991577,7.44053363800049,4.4e-14
VEN,Venezuela (Bolivarian Republic of),1967,1972.62,59758.49609375,87452.7109375,87945.015625,84348.1171875,0.0107661727815866,237774.78125,0.403754413127899,0.304720163345337,0.328332364559174,-0.143541559576988,-0.150982439517975,0.257717043161392,1.06470227241516,1.10183799266815,0.0403714552521706,2.84332251548767,1.34979557991028,0.0969707518815994,0.521732687950134,0.134242795292466,0.112461373209953,0.121184609830379,0.0836009787732483,0.126352339982986,0.140007580258145,1.48885416984558,0.118866190314293,0.157341063022614,0.142972782254219,10.2779481824784,3645.22534179688,4886.49169921875,90332.5546875,4744.400390625,97700.203125,0.148372069001198,23676.947265625,6.72989892959595,7.46074962615967,4.4e-14
VEN,Venezuela (Bolivarian Republic of),1968,1965.39,64873.734375,100986.7734375,97508.6484375,94632.859375,0.0109035894274712,250932.9375,0.384907633066177,0.300623089075089,0.381612032651901,-0.12570159137249,-0.172213554382324,0.230772405862808,1.12873792648315,1.19716143608093,0.0388806909322739,2.91675186157227,1.35993194580078,0.105354249477386,0.521732687950134,0.134740805333936,0.111960463225842,0.122242100536823,0.0827932886149611,0.125956892967224,0.140712098317261,1.52026736736298,0.121938198804855,0.157509684562683,0.140945985913277,10.6290379514029,3921.68969726563,5673.73779296875,99825.53125,5195.06396484375,108612.1015625,0.158094316720963,25011.78125,7.04035520553589,8.27620124816895,4.4e-14
VEN,Venezuela (Bolivarian Republic of),1969,1958.18,70161.359375,107227.9609375,102319.265625,99477.3125,0.0110973147675395,264273.21875,0.39449679851532,0.310803294181824,0.372613608837128,-0.121164612472057,-0.177548289299011,0.2207992374897,1.13722431659698,1.21827781200409,0.0378332287073135,2.99207472801209,1.37014448642731,0.0981285274028778,0.521732687950134,0.129774647881765,0.108513720333576,0.121833592653275,0.0815276279263607,0.125314220786095,0.14704605290326,1.48274731636047,0.124221846461296,0.164667263627052,0.141706824302673,10.9967269671909,4239.140625,5985.4990234375,104356.5625,5474.39453125,115010.125,0.16818068921566,26361.51171875,7.09339237213135,8.34788322448731,4.4e-14
ZAF,South Africa,1955,,75968.390625,98367.921875,99628.3984375,103523,0.0147600919008255,184992,0.652781188488007,0.081049844622612,0.21637250483036,-0.149733275175095,0.0626821964979172,0.136847585439682,0.689381957054138,0.654718041419983,0.0354468487203121,7.44386196136475,1.73409330844879,0.158480525016785,0.6030113697052,0.0545906838404169,0.0558565892279148,0.0577921755611897,0.0660522915577995,0.0556179955601692,0.0643567376306146,0.976083397865295,0.0691950023174286,0.0581651777029038,0.0553769581019878,15.0577069932707,67152.046875,88437.734375,101596.703125,109088.4453125,105458.3359375,0.0746710896492004,283754.9375,0.777373790740967,0.633842766284943,0.714185923519859
ZAF,South Africa,1956,,78098.8359375,100775.828125,105601.53125,109663.6875,0.0151668917387724,197150.46875,0.630624055862427,0.0815427899360657,0.20678673684597,-0.138497292995453,0.0834386572241783,0.136105060577393,0.704967737197876,0.65018105506897,0.0359917134046555,7.56964302062988,1.73502349853516,0.154840186238289,0.6030113697052,0.0556477304320899,0.0569467693567276,0.0587641298770905,0.0669931016138151,0.0565873943269253,0.0650230680494141,1.0060476064682,0.0721930414438248,0.0598437488079071,0.0577704459428787,15.4365675302323,69611.1953125,90824.7421875,107998.609375,115447.8515625,112091.4140625,0.0798510685563088,302671.125,0.79632556438446,0.630088806152344,0.714185923519859
ZAF,South Africa,1957,,81642.96875,107445.921875,111368.453125,115748.859375,0.015752486884594,211122.65625,0.623192727565765,0.0821530595421791,0.222921893000603,-0.141501769423485,0.0771688148379326,0.136065259575844,0.717067360877991,0.670108675956726,0.0364283248782158,7.69701051712036,1.73595416545868,0.158500716090202,0.6030113697052,0.0568208737508952,0.0578241087496281,0.058930329978466,0.0654343989279159,0.0567001663148403,0.0624305126353684,0.966253519058228,0.0742403939366341,0.0578201673924923,0.0597265399992466,15.8248672275268,73003.921875,97032.6796875,113955.5234375,120339.7109375,118650.0546875,0.0858844071626663,324723.625,0.804809987545013,0.652672350406647,0.714185923519859
ZAF,South Africa,1958,,83934.1484375,109392.8203125,111226.7421875,116432.71875,0.0161815080791712,224331.703125,0.635174036026001,0.0857070758938789,0.218655630946159,-0.135075658559799,0.069378525018692,0.126160383224487,0.70586884021759,0.661546051502228,0.0369124785065651,7.82608509063721,1.73688530921936,0.140276446938515,0.6030113697052,0.0580177055024383,0.0590330585837364,0.0608284249901772,0.0665578235831798,0.0581086426973343,0.0667475329571387,0.947968363761902,0.0783089995384216,0.0613749139010906,0.0594818443059921,16.223141487933,74792.5859375,98724.7265625,113776.640625,123764.015625,118940.7734375,0.0916716381907463,345383.5625,0.806674540042877,0.647176384925842,0.714185923519859
ZAF,South Africa,1959,,85348.3046875,104662.8125,113684.15625,118474.78125,0.0158307626843452,231258.765625,0.637153625488281,0.0832385495305061,0.163026303052902,-0.118356503546238,0.0942755565047264,0.140662461519241,0.691284358501434,0.609371364116669,0.0369675345718861,7.95688438415527,1.7378169298172,0.124700710177422,0.6030113697052,0.0588941161906976,0.0601763911545277,0.0630166158080101,0.06999162818247,0.0604684799909592,0.0755671813030651,0.929898500442505,0.0779332518577576,0.0688546001911163,0.059160403907299,16.6316472674092,76106.7109375,93824.3828125,116566.15625,129634.25,121023.0625,0.0942419767379761,356316.5625,0.82060843706131,0.59734433889389,0.714185923519859
ZAF,South Africa,1960,,87796.9921875,111317.8359375,118575.3984375,121850.3125,0.015888961032033,241553.984375,0.638495564460754,0.0820359811186791,0.193030625581741,-0.144489243626595,0.0875978469848633,0.143329218029976,0.692433297634125,0.6331707239151,0.036785002797842,8.09593296051025,1.73874914646149,0.136649891734123,0.6030113697052,0.0611735039769435,0.0624811947345734,0.06467704474926,0.0726590943828515,0.0629387497901917,0.0728735911547476,0.97324401140213,0.0693682879209518,0.066023014485836,0.0583406463265419,17.0643835265679,77712.5546875,99960.7109375,121114.9375,133547.734375,126370.625,0.0987161621451378,373265.9375,0.825701355934143,0.62159651517868,0.714285999714286
ZAF,South Africa,1961,,90020.9609375,113219.15625,123073.5234375,126870.765625,0.0158909633755684,251262.890625,0.624186933040619,0.0853616073727608,0.182849019765854,-0.121520318090916,0.0863313972949982,0.142791345715523,0.706452667713165,0.631549596786499,0.0367794744670391,8.1382942199707,1.74422097206116,0.137211859226227,0.6030113697052,0.0622543630229312,0.0634760037064552,0.0655959770083427,0.0724089817812611,0.0636326894164085,0.0738225513325622,0.979824244976044,0.0723017007112503,0.0664530023932457,0.0587404370307922,17.5085529242966,79814.8828125,101736.828125,125840.390625,138439.578125,131681.109375,0.102825187146664,388993.40625,0.84178751707077,0.622175931930542,0.714285999714286
ZAF,South Africa,1962,,94526.8515625,116226.7265625,127879.78125,133271.078125,0.0156565178185701,259583.875,0.615278124809265,0.0940044447779656,0.162825092673302,-0.103938423097134,0.092863641679287,0.138967096805573,0.71518862247467,0.624717831611633,0.0367422848939896,8.15425109863281,1.7497102022171,0.133712962269783,0.6030113697052,0.0631401298642246,0.0646442621946335,0.0672708749771118,0.0744890949847711,0.0645495280623436,0.078712669655401,0.974281966686249,0.0831924080848694,0.0697421357035637,0.0614150054752827,17.9853753508309,83893.375,104443.546875,130931.796875,147244.9375,137799.25,0.106315143406391,402135.59375,0.875463366508484,0.62455689907074,0.714285999714286
ZAF,South Africa,1963,,99864.8828125,127363.484375,136518.328125,145007.125,0.0159390475600958,273122.75,0.597961604595184,0.090727910399437,0.189636215567589,-0.126688197255135,0.103344485163689,0.145017996430397,0.74979829788208,0.661353409290314,0.0370202362537384,8.20078563690186,1.75521659851074,0.135512515902519,0.6030113697052,0.0646138708981627,0.0664749592542648,0.069862574338913,0.0787408410337012,0.0657727792859078,0.0821651636712927,0.998041212558746,0.0870568752288818,0.072200357913971,0.0595960952341557,18.4753128094809,88779.71875,115363.078125,140020.171875,158007.015625,149489.6875,0.112560987472534,423289.5625,0.916759848594666,0.673191845417023,0.714285999714286
ZAF,South Africa,1964,,107833.4765625,140158.9375,146046.5,154996.609375,0.0157955083996058,289963.53125,0.603355407714844,0.0923596620559692,0.208555951714516,-0.145369231700897,0.101236097514629,0.139862075448036,0.769122540950775,0.701094567775726,0.037701178342104,8.31545352935791,1.76074039936066,0.136449694633484,0.6030113697052,0.0663409962139084,0.0684957951307297,0.0718761086463928,0.0825723817825672,0.067725695669651,0.0831523759293953,1.02664947509766,0.0867766588926315,0.0746671929955483,0.0606925934553146,18.9787259729736,96065.3359375,127627.015625,150107.984375,170725.84375,160021.53125,0.120671048760414,450165.96875,0.950932681560516,0.714966833591461,0.714285999714286
ZAF,South Africa,1965,,112679.015625,149289.828125,153101.328125,163618.734375,0.0161943603307009,310230.9375,0.591637909412384,0.0970302671194077,0.223756864666939,-0.145052790641785,0.0911640673875809,0.141463682055473,0.766655921936035,0.701771378517151,0.0385006032884121,8.42011547088623,1.76628148555756,0.131998747587204,0.6030113697052,0.0690841045243016,0.0710607916116715,0.0748708099126816,0.0831135568386891,0.0700581148266792,0.0865970888061008,0.995045244693756,0.093254454433918,0.0779799893498421,0.0628016591072083,19.495781161893,100243.53125,136568.6875,157396.9375,180998.75,169179.0625,0.130234688520432,481767.03125,0.962907731533051,0.730723381042481,0.714285999714286
ZAF,South Africa,1966,,118252.8125,152202.421875,160845.03125,171731.515625,0.0162201225757599,326627.09375,0.589313328266144,0.0992778688669205,0.19768999516964,-0.123112142086029,0.0852215886116028,0.151609361171722,0.765724897384644,0.678633451461792,0.0390003882348537,8.48479175567627,1.77184009552002,0.13152477145195,0.6030113697052,0.0717706373030343,0.0739640071988106,0.0776955261826515,0.0869838641781079,0.0727702155709267,0.0906930790010028,0.997601807117462,0.0999619960784912,0.0806140676140785,0.0660584270954132,20.0270576951271,104872.9140625,138563.6875,165258.484375,189314.921875,176843.140625,0.137735143303871,507815.96875,0.975987732410431,0.718458592891693,0.714285999714286
ZAF,South Africa,1967,,124077.09375,165821.734375,173460.203125,184398.0625,0.0166187305003405,349059.5,0.574849605560303,0.098026730120182,0.22638326883316,-0.123539604246616,0.0735149756073952,0.150765046477318,0.797708094120026,0.716012835502625,0.0392552018165588,8.56845855712891,1.77741622924805,0.13412994146347,0.6030113697052,0.0744248633120611,0.0763742327690125,0.080377921462059,0.0878057680514449,0.0756101831793785,0.0922780489893043,1.04737198352814,0.10297130048275,0.0832468569278717,0.0695924982428551,20.5726284547296,109837.4375,151661.109375,178013.265625,202522.9375,189766.703125,0.148305386304855,543937.3125,1.01305735111237,0.763004064559937,0.714285999714286
ZAF,South Africa,1968,,133338.90625,172645.546875,181795.53125,191082.84375,0.0166560430079699,368024.09375,0.595081567764282,0.102725259959698,0.205704689025879,-0.11836726218462,0.0702824890613556,0.144573226571083,0.791772723197937,0.71100252866745,0.0395400822162628,8.66911220550537,1.78300976753235,0.127075269818306,0.6030113697052,0.0767074867311204,0.0784904286265373,0.0829586163163185,0.0888188984953565,0.0789265409111977,0.0981159636598888,1.04521560668945,0.104973912239075,0.08885408192873,0.075053907930851,21.1332035735308,117739.578125,156967.3125,186404.671875,211328.28125,196235.984375,0.15734601020813,574442.625,1.02447926998138,0.765327990055084,0.714285999714286
ZAF,South Africa,1969,,141662.234375,186570.734375,194858.625,204374.015625,0.0169348102062941,390974.78125,0.589833319187164,0.103318586945534,0.219736814498901,-0.121341951191425,0.0726211667060852,0.135832086205482,0.820669174194336,0.744563817977905,0.0397828444838524,8.73721408843994,1.78862106800079,0.132371634244919,0.6030113697052,0.0810743613471776,0.0831146240234375,0.0872327536344528,0.0947622453010816,0.0831713005900383,0.100223242938484,1.09973204135895,0.108222737908363,0.0911527946591377,0.0782544985413551,21.709199787376,125585.78125,170273.1875,200082.546875,221112,210325.453125,0.16795040667057,610936.25,1.03725874423981,0.803366780281067,0.714285999714286
ZMB,Zambia,1955,,5751.01416015625,6107.73876953125,8881.2744140625,4341.7041015625,,15331.0625,1.08125042915344,0.243347868323326,0.0821623951196671,-0.643196225166321,-0.450845628976822,0.68728119134903,,,0.0396283566951752,0.913320600986481,1.24153006076813,0.0637125372886658,0.445720881223679,0.0520050519383775,0.0500382781028748,0.0539479069411755,0.0412994507424022,0.110354416072369,0.116977822565362,,0.0553491078317165,0.0725562945008278,0.174332946538925,2.91630755980574,7249.83935546875,6688.9013671875,9172.5732421875,6396.41796875,4272.556640625,,95340.015625,,,0.0007142859997142
ZMB,Zambia,1956,,6423.7412109375,6842.21337890625,9397.0810546875,4891.544921875,,15808.9931640625,1.06954121589661,0.243692383170128,0.0855501368641853,-0.666258692741394,-0.390780031681061,0.658254981040955,,,0.0377052910625935,0.934260308742523,1.2487096786499,0.0594229586422443,0.445720881223679,0.0546720196084953,0.0526661016047001,0.0576534532010555,0.0438623376095049,0.110757254064083,0.134211547622889,,0.0567063502967358,0.0844740718603134,0.168894097208977,2.98949481154881,8153.15771484375,7551.4423828125,9743.2890625,7129.97021484375,4841.87451171875,,98429.046875,,,0.0007141859831245
ZMB,Zambia,1957,,6707.962890625,7176.47412109375,7950.27001953125,5534.7568359375,,16359.09765625,0.975626826286316,0.236343786120415,0.0846489667892456,-0.578824996948242,-0.321694910526276,0.603900372982025,,,0.0361593887209892,0.956056952476502,1.25593078136444,0.0463270246982574,0.445720881223679,0.0561915462987754,0.0543988198041916,0.059435848146677,0.0469984518920855,0.0853752344846726,0.131554047566778,,0.0645709112286568,0.0838219597935677,0.121128536760807,3.06573155231034,8519.8818359375,7960.47998046875,8252.7568359375,7699.3671875,5524.1943359375,,102299.5859375,,,0.0007142859997142
ZMB,Zambia,1958,,6673.9794921875,6952.25146484375,7223.09521484375,5495.41455078125,,16487.310546875,0.984865784645081,0.229597494006157,0.0506370887160301,-0.456339031457901,-0.394119322299957,0.585357904434204,,,0.034823440015316,0.978700578212738,1.26319372653961,0.0462902262806892,0.445720881223679,0.0570375135783592,0.0558225959539413,0.0583696588873863,0.0506111709275578,0.0767202526330948,0.119457564302702,,0.0588625706732273,0.0753908157348633,0.10245867818594,3.14501778209033,8447.86328125,7468.01953125,7471.9150390625,7095.8896484375,5395.06201171875,,103194.640625,,,0.0007141859831245
ZMB,Zambia,1959,,7492.79833984375,7796.08203125,9254.220703125,6241.08349609375,0.0021271482110023,16721.314453125,0.976203083992004,0.224357441067696,0.0485947132110596,-0.49297097325325,-0.454039037227631,0.69785475730896,0.371434092521668,0.462974578142166,0.0336213894188404,1.00156092643738,1.27049851417542,0.0608896687626839,0.445720881223679,0.0569662654803835,0.056331779807806,0.0592710897326469,0.05357107170757,0.0878866314888001,0.131888384086895,0.739806175231934,0.0600674711167812,0.0826324000954628,0.11945653706789,3.22532042742649,9496.9970703125,8378.46875,9584.5673828125,7930.07958984375,6091.97021484375,0.367371022701263,104619.984375,0.691724240779877,0.846903145313263,0.0007141859831245
ZMB,Zambia,1960,,7620.2431640625,7932.77880859375,9873.2841796875,6240.36669921875,0.0020470353774726,17047.220703125,0.993595004081726,0.2275260835886,0.0500828586518765,-0.569246649742127,-0.428043127059937,0.726085841655731,0.367131114006043,0.467133641242981,0.0326342917978764,1.02494311332703,1.2778457403183,0.0551896989345551,0.445720881223679,0.0576551841638675,0.0572489015758038,0.0610939897596836,0.0554746876363978,0.0966607257723808,0.154845041588306,0.829578995704651,0.0549618639051914,0.0958467349410057,0.126237988471985,3.30765590387501,9595.24609375,8487.5859375,10175.986328125,8121.67138671875,6606.94873046875,0.369857907295227,106298.0234375,0.699681341648102,0.847330331802368,0.0007142859997142
ZMB,Zambia,1961,,7688.4677734375,7990.08935546875,9596.03125,6438.26416015625,0.0019521231297403,17260.94921875,0.946787238121033,0.247396096587181,0.0468482933938503,-0.50080269575119,-0.40960893034935,0.669380009174347,0.375484019517899,0.466810286045074,0.0318053066730499,1.0476952791214,1.28917407989502,0.0505505502223969,0.445720881223679,0.0576006451056594,0.0575506798923016,0.061385590583086,0.0573594546464097,0.0914933159947395,0.159139157850279,0.812564730644226,0.0589803233742714,0.0985207334160805,0.122988186776638,3.39202445378581,9670.1513671875,8518.75,9884.7587890625,8199.3720703125,6815.68017578125,0.372089773416519,107842.4140625,0.696770370006561,0.838877618312836,0.0007142859997142
ZMB,Zambia,1962,,7935.302734375,8215.392578125,9366.1025390625,6524.9091796875,0.0018668567063286,17487.265625,0.964395999908447,0.251759260892868,0.0429262481629849,-0.464632511138916,-0.436388045549393,0.641939043998718,0.367613792419434,0.46359521150589,0.0310659594833851,1.07059502601624,1.30060291290283,0.051201805472374,0.445720881223679,0.058950302766536,0.0592272952198982,0.0626086667180061,0.0602883548907708,0.0898708626627922,0.158407223826537,0.777649223804474,0.066523402929306,0.0968143120408058,0.126443386077881,3.47740966160271,9967.4951171875,8706.1259765625,9640.9482421875,8233.0869140625,6635.8310546875,0.373544305562973,109119.765625,0.685609459877014,0.840142071247101,0.0007142859997142
ZMB,Zambia,1963,,8286.416015625,8503.265625,9893.1455078125,6907.61669921875,0.001769354683347,17530.220703125,0.944071471691132,0.255534201860428,0.0313928239047527,-0.450290590524673,-0.420928239822388,0.640220284461975,0.381746828556061,0.471918016672134,0.0303555373102427,1.09425318241119,1.31213307380676,0.0496962293982506,0.445720881223679,0.0579931697740848,0.0586572214961052,0.0614599920809269,0.0611105584171002,0.0880234986543655,0.168561533367096,0.800272166728973,0.0687894150614739,0.102881103754044,0.125571072101593,3.56584411608814,10424.328125,8895.05859375,10195.357421875,8469.76953125,6943.4296875,0.371505916118622,109394.3515625,0.699680089950562,0.851511299610138,0.0007142859997142
ZMB,Zambia,1964,,9142.6181640625,9302.091796875,11556.296875,7843.677734375,0.0016598367365077,17451.859375,0.908835589885712,0.256767839193344,0.0203315448015928,-0.374619036912918,-0.409580856561661,0.598264873027802,0.416905075311661,0.498403370380402,0.0298660583794117,1.11898505687714,1.32376539707184,0.0604401975870132,0.445720881223679,0.0601003071696954,0.0594670325517654,0.0614519454538822,0.0572255492930106,0.0905387625098229,0.175246446896343,0.922825276851654,0.0768675804138184,0.106586836278439,0.139636740088463,3.65834471749812,11514.228515625,9593.888671875,11920.4853515625,9291.73828125,7891.771484375,0.36834841966629,108767.9609375,0.758931875228882,0.908059239387512,0.0007142859997142
ZMB,Zambia,1965,,9520.603515625,9977.669921875,12440.4970703125,9430.587890625,0.0016802351456135,18119.947265625,0.717845678329468,0.291699409484863,0.0484663359820843,-0.185739323496819,-0.213102236390114,0.340830117464066,0.471793711185455,0.500772416591644,0.0300296004861593,1.14477062225342,1.33550095558167,0.0885087251663208,0.445720881223679,0.0728469876413692,0.069196455180645,0.0736383497714996,0.0602128239675401,0.0971411094069481,0.166162196845152,1.07013213634491,0.0797981917858124,0.100321039557457,0.160647571086884,3.75491122348274,11841.3779296875,10653.927734375,12785.6728515625,10441.3798828125,9495.6533203125,0.385757684707642,113148.3515625,0.815901815891266,0.964724719524384,0.0007142859997142
ZMB,Zambia,1966,,11538.8984375,12031.0693359375,15684.7900390625,10018.0302734375,0.0016863282071426,18919.779296875,0.868043661117554,0.283769398927689,0.0491285100579262,-0.412606328725815,-0.0908046141266823,0.302469313144684,0.467361152172089,0.561261713504791,0.0307552758604288,1.17938458919525,1.36001539230347,0.070907935500145,0.445720881223679,0.0627536549263905,0.0617860741913319,0.0681925788521767,0.0588262726459989,0.106766134500504,0.218392540885904,1.14665246009827,0.083357647061348,0.130557298660278,0.227988630533218,3.85656004959817,14347.02734375,12742.939453125,16050.80859375,11902.4453125,9957.9140625,0.406549572944641,117989.46875,0.882526993751526,1.09490156173706,0.0007142859997142
ZMB,Zambia,1967,,13756.015625,14338.9423828125,17358.697265625,11978.345703125,0.0017151277279481,19889.7421875,0.862586259841919,0.285820692777634,0.0486650615930557,-0.403680354356766,-0.0240165498107672,0.230624914169312,0.533654391765595,0.637634992599487,0.0315368883311749,1.21355223655701,1.38497972488403,0.0713598132133484,0.445720881223679,0.0584911130652948,0.0600902922451496,0.0666713938117027,0.0649165057628467,0.0966183841228485,0.221973403428912,1.17617726325989,0.0886966437101364,0.132697910070419,0.238194018602371,3.96430809610042,17038.62890625,15128.2705078125,17712.572265625,13907.1513671875,11778.75390625,0.432122260332108,124097.3203125,0.981395244598389,1.23711121082306,0.0007142859997142
ZMB,Zambia,1968,,14445.943359375,15050.37109375,18285.541015625,12833.169921875,0.0017435124609619,20854.158203125,0.837393462657929,0.288278728723526,0.0470988638699055,-0.219714164733887,-0.183012261986732,0.229955330491066,0.535322546958923,0.623973429203033,0.0326963365077972,1.24759614467621,1.41040253639221,0.0696649178862572,0.445720881223679,0.0671777679198007,0.0669726580381393,0.0742967128753662,0.0663768414227326,0.105862841010094,0.249343283144846,1.25584447383881,0.094982348382473,0.148600146174431,0.256453990936279,4.0751051469213,17823.625,15814.83984375,18600.36328125,14456.70703125,12522.2734375,0.461186766624451,130232.796875,0.964885413646698,1.22316443920136,0.0007142859997142
ZMB,Zambia,1969,,13315.6748046875,13760.90234375,21157.484375,12272.3095703125,0.0017356749158352,21306.025390625,0.789445161819458,0.295572698116303,0.0362790711224079,-0.370689749717712,-0.0027262868825346,0.252119123935699,0.500653028488159,0.557922303676605,0.0339831933379173,1.23849499225616,1.4362918138504,0.0955517068505287,0.445720881223679,0.0746490080178741,0.0733968690037727,0.0786007940769196,0.0700525213225752,0.135507896542549,0.234237506856921,1.46568632125855,0.0947173610329628,0.141046181321144,0.328627467155457,4.19098524492274,16449.98046875,14212.3515625,21544.416015625,13125.197265625,11963.0546875,0.475418984889984,133175.484375,0.856995284557343,1.07535588741303,0.0007142859997142
ZWE,Zimbabwe,1955,,6374.390625,8506.896484375,7006.2578125,7006.263671875,,16504.50390625,0.750269889831543,0.159543246030808,0.304371386766434,-0.00000561529850529041,-0.214188650250435,0.00000975476632447681,,,0.0381648167967796,1.16423499584198,1.18866145610809,0.113515600562096,0.660198390483856,0.113042775602275,0.110459044575691,0.112507253885269,0.0983087596018187,0.112507164478302,0.118629684458057,,0.0744148790836334,0.0991339385509491,0.0783506408333778,3.22441523477114,2620.64111328125,2223.7978515625,7414.6572265625,4414.11865234375,7280.2919921875,,66312.15625,,,0.999719997979031
ZWE,Zimbabwe,1956,,6895.50634765625,9445.353515625,7647.3701171875,7647.38134765625,,16278.767578125,0.736504316329956,0.165177702903748,0.333427429199219,-0.00000547715671928017,-0.235113829374313,0.00000984049984253943,,,0.0368951931595802,1.19821059703827,1.19926202297211,0.132477298378944,0.660198390483856,0.119072176229323,0.115920431911945,0.11702685803175,0.101867260109185,0.117026686668396,0.12001894269676,,0.0774570107460022,0.101936295628548,0.0730959922075272,3.33859983875945,2851.96142578125,2473.48803710938,8108.25390625,4901.826171875,7961.32568359375,,65584.9921875,,,0.999859998989515
ZWE,Zimbabwe,1957,,7411.35205078125,9981.5458984375,8452.8212890625,8452.830078125,,16049.8291015625,0.721571326255798,0.155218064785004,0.304063111543655,-0.00000510691597810364,-0.180856630206108,0.00000922230992728146,,,0.0358671806752682,1.23030352592468,1.20995700359344,0.152956455945969,0.660198390483856,0.122500748043336,0.120554864406586,0.121267199516296,0.111508920876077,0.121267072856426,0.123321262644757,,0.078829787671566,0.106050997972488,0.0818539559841156,3.44888676311624,3075.11206054688,2613.4658203125,8957.1220703125,5330.9228515625,8794.80859375,,64952.7421875,,,0.999859998989515
ZWE,Zimbabwe,1958,,7775.908203125,10302.4150390625,8473.267578125,8473.2783203125,0.0010285228490829,15872.75,0.746504008769989,0.171193733811378,0.298173516988754,-0.00000491222954224213,-0.215875163674355,0.00000882264157553436,0.633039832115173,0.76778656244278,0.0349853485822678,1.26232898235321,1.22074735164642,0.154121980071068,0.660198390483856,0.125951026137958,0.123650386929512,0.125153496861458,0.113618284170639,0.125153332948685,0.129779644897213,2.00089526176453,0.0852726772427559,0.11070317029953,0.0809405371546745,3.56032400359202,3209.8466796875,2693.328125,8971.796875,5444.57763671875,8809.2177734375,0.493172973394394,64389.75,0.655098736286163,0.299220383167267,0.999859998989515
ZWE,Zimbabwe,1959,,8169.4228515625,10093.0166015625,9632.1611328125,9632.16796875,0.0009522627224214,15616.9912109375,0.673923850059509,0.174215719103813,0.199705168604851,-0.00000397475287172711,-0.0478496477007866,0.00000888240447238786,0.700687229633331,0.732622265815735,0.0341249704360962,1.29551875591278,1.23163402080536,0.19042806327343,0.660198390483856,0.128970420505882,0.126284971833229,0.126659154891968,0.115896757483373,0.126659065485001,0.128248285701573,2.25337433815002,0.085059754550457,0.108900666236877,0.0972979068756104,3.67646466365088,3369.6337890625,2636.40551757813,10226.30078125,5744.77734375,10040.9833984375,0.484331756830215,63502.95703125,0.673803746700287,0.285516887903214,0.999859998989515
ZWE,Zimbabwe,1960,,8230.4111328125,10170.5751953125,10252.6923828125,10252.6923828125,0.0008930186741054,15433.4951171875,0.648974657058716,0.153781414031982,0.189234554767609,-0.00000421374716097489,0.0080049391835928,0.00000864887351781363,0.739159464836121,0.733922958374023,0.033285066485405,1.32861614227295,1.24261772632599,0.209808722138405,0.660198390483856,0.131216157321243,0.129420533776283,0.129905566573143,0.121842795030632,0.129905551671982,0.131963091110818,2.57409691810608,0.0725459083914757,0.111028872430325,0.102547630667686,3.79373669715983,3376.7607421875,2649.72216796875,10846.103515625,5947.66943359375,10649.5537109375,0.47688901424408,62723.23828125,0.689906358718872,0.283793866634369,1
ZWE,Zimbabwe,1961,,8621.96875,10586.5625,10853.1552734375,10853.15625,0.0008355554309673,15237.5234375,0.633801639080048,0.160618707537651,0.181015938520432,-0.00000393728896597168,0.0245587304234505,0.00000886208908923436,0.774015426635742,0.756335973739624,0.032574400305748,1.36459422111511,1.25463557243347,0.229314610362053,0.660198390483856,0.132812163515927,0.13150380551815,0.131814107298851,0.126341052099848,0.131814107298851,0.133175857044809,2.8264844417572,0.07990812510252,0.11204606294632,0.108648590743542,3.91592548078483,3533.12719726563,2756.08520507813,11477.9462890625,6311.1552734375,11269.9482421875,0.470496863126755,62033.8359375,0.72158408164978,0.29095783829689,1
ZWE,Zimbabwe,1962,,8734.7568359375,10120.6953125,10794.65625,10794.6640625,0.0007748414645902,14970.5205078125,0.644110023975372,0.165063545107842,0.128391057252884,-0.00000329960971612309,0.062429390847683,0.00000924768846743973,0.744986891746521,0.699589133262634,0.0318477787077427,1.40291976928711,1.26676952838898,0.214591637253761,0.660198390483856,0.134954725019471,0.134103566408157,0.136235937476158,0.130782157085963,0.13623583316803,0.149675044611273,2.88061904907227,0.0903895869851112,0.124631732702255,0.109457455575466,4.04609228512281,3574.56176757813,2628.97534179688,11424.720703125,6446.83203125,11217.6943359375,0.461462199687958,61024.46484375,0.719082295894623,0.270755976438522,1
ZWE,Zimbabwe,1963,,8878.2939453125,10106.466796875,11039.953125,11039.962890625,0.000719993317034,14687.4345703125,0.634202718734741,0.169993281364441,0.111247912049294,-0.00000303682122648752,0.0845499709248543,0.00000910476046556141,0.750988245010376,0.69039648771286,0.0310506094247103,1.43983852863312,1.27902090549469,0.269361317157745,0.660198390483856,0.139481065918129,0.139060884714127,0.137879446148872,0.137493267270216,0.137879326939583,0.129339072845823,3.0182900428772,0.0894817337393761,0.107764005661011,0.109435081481934,4.17348579253253,3637.77319335938,2627.66528320313,11699.109375,6556.3212890625,11487.109375,0.452370882034302,59986.6328125,0.721945643424988,0.267161339521408,1
ZWE,Zimbabwe,1964,,8685.0126953125,9911.529296875,10699.7900390625,10703.447265625,0.0006669125868938,14445.0302734375,0.654852449893951,0.156569615006447,0.114590786397457,-0.0067809177562594,0.0705501586198807,0.0102179143577814,0.716249942779541,0.668597042560577,0.0303095411509275,1.47311341762543,1.29139077663422,0.267538964748383,0.660198390483856,0.150566029922571,0.149882227182388,0.148492991924286,0.147022187502083,0.148442253470421,0.138655891699151,3.15021157264709,0.117072112858295,0.115323051810265,0.123026244342327,4.29156537005678,3564.56567382813,2581.06860351563,11353.3662109375,6751.63671875,11151.3994140625,0.444174915552139,59026.58203125,0.729870796203613,0.257629632949829,1
ZWE,Zimbabwe,1965,,9300.919921875,10810.10546875,11807.8525390625,11798.9921875,0.0006267460994422,14263.375,0.623799800872803,0.164481088519096,0.127907976508141,-0.109028927981853,0.0500794649124146,0.142760574817657,0.762243509292603,0.70061057806015,0.0297309961169958,1.51346302032471,1.30388033390045,0.28992235660553,0.660198390483856,0.147970962692692,0.144502639770508,0.144036933779717,0.131348933949229,0.144145101308823,0.141166803219109,3.26524448394775,0.124183833599091,0.116412132978439,0.129594504833221,4.43155981141981,3799.09448242188,2804.427734375,12504.1533203125,7246.89013671875,12274.8251953125,0.438405781984329,58337.99609375,0.762889742851257,0.27259236574173,1
ZWE,Zimbabwe,1966,,9214.357421875,10877.388671875,11338.9892578125,11566.275390625,0.0005904251593165,14146.82421875,0.615763008594513,0.180894270539284,0.143782764673233,-0.0460717305541039,-0.0225979369133711,0.128229573369026,0.718006610870361,0.675227880477905,0.029362965375185,1.55409634113312,1.31487667560577,0.284366816282272,0.660198390483856,0.145338816154889,0.141235336661339,0.140602707862854,0.127267115804175,0.137839779257774,0.137097568846497,2.99266624450684,0.132296621799469,0.112061507999897,0.11558460444212,4.57383323625634,3738.55834960938,2807.89306640625,11973.2001953125,7228.87744140625,11975.8955078125,0.434130549430847,57809.51171875,0.743949055671692,0.266816228628159,1
ZWE,Zimbabwe,1967,,9322.837890625,11424.7578125,11578.900390625,11723.654296875,0.0005651611136272,14105.6591796875,0.600130021572113,0.195086032152176,0.179288759827614,-0.0341080538928509,-0.0084665641188621,0.0680698528885841,0.715983748435974,0.696432173252106,0.0292247738689184,1.59721791744232,1.32596564292908,0.302673727273941,0.660198390483856,0.155334311435786,0.147861629724503,0.146012648940086,0.124873949679239,0.144209787249565,0.137811650396506,3.1966495513916,0.135363638401032,0.112591326236725,0.113967262208462,4.72492402244393,3760.11547851563,2930.03540039063,12191.69921875,7242.8935546875,12111.4599609375,0.432731419801712,57616.16796875,0.73440420627594,0.274318605661392,1
ZWE,Zimbabwe,1968,,8561.83984375,11150.6962890625,10872.6845703125,10887.0908203125,0.0005449818563647,14155.00390625,0.56198263168335,0.224438577890396,0.237791433930397,-0.0264723747968674,-0.0170039851218462,0.019263718277216,0.637606620788574,0.649053156375885,0.0293546821922064,1.64511394500732,1.33714818954468,0.296771913766861,0.660198390483856,0.178331311263072,0.163848087191582,0.159159436821938,0.127582826281766,0.158948823809624,0.143653207171901,3.13738250732422,0.136967450380325,0.116819880902767,0.117543935775757,4.89175751952456,3405.7333984375,2816.69311523438,11418.4951171875,6381.45703125,11216.5751953125,0.434294998645782,57772.91015625,0.631022453308106,0.257172107696533,1
ZWE,Zimbabwe,1969,,10763.9990234375,13106.38671875,13729.552734375,13751.94921875,0.00052746233996,14165.263671875,0.598519444465637,0.184205859899521,0.170331314206123,-0.0061126630753278,0.0426591858267784,0.0103968009352684,0.783729314804077,0.742336690425873,0.0295237004756928,1.69388353824615,1.34842503070831,0.361333250999451,0.660198390483856,0.168885129723024,0.160557121038437,0.158668994903564,0.133497828239604,0.15841056406498,0.149992442097659,3.8732213973999,0.143598049879074,0.122625224292278,0.126013919711113,5.06294196724221,4351.0205078125,3367.22436523438,14418.7353515625,8546.76953125,14166.396484375,0.434107959270477,57727.3984375,0.824210047721863,0.299824625253677,1
